time,species1,species1_plasmid,species2,species2_plasmid
0.0,0.5,0.3,0.5,0.0
0.004166666666666667,0.4995601479817809,0.2993768040146471,0.5004398520182192,0.0
0.008333333333333333,0.4991402736179393,0.2987699322817346,0.5008597263820608,0.0
0.012500000000000002,0.49873992996689503,0.29817899934241654,0.501260070033105,0.0
0.016666666666666666,0.4983586334348521,0.29760358981123,0.5016413665651478,0.0
0.020833333333333332,0.49799589091479207,0.2970432863240199,0.502004109085208,0.0
0.025000000000000005,0.4976511949944674,0.29649766449948817,0.5023488050055327,0.0
0.02916666666666667,0.497324028395385,0.29596629574065536,0.502675971604615,0.0
0.03333333333333333,0.4970138632817201,0.29544874687489514,0.50298613671828,0.0
0.0375,0.49672016916531775,0.2949445854356165,0.5032798308346823,0.0
0.041666666666666664,0.49644241001857503,0.294453377592014,0.5035575899814249,0.0
0.04583333333333334,0.4961800475586174,0.29397469035914064,0.5038199524413824,0.0
0.05000000000000001,0.49593254250208635,0.29350809247471926,0.5040674574979137,0.0
0.05416666666666667,0.4956993576291644,0.293053156185764,0.5043006423708357,0.0
0.05833333333333334,0.49547995620385943,0.2926094565103852,0.5045200437961406,0.0
0.0625,0.49527380674806065,0.29217657412862463,0.5047261932519393,0.0
0.06666666666666667,0.4950803847450273,0.2917540960549618,0.5049196152549726,0.0
0.07083333333333335,0.4948991718581863,0.2913416155204256,0.5051008281418137,0.0
0.075,0.49472965598972324,0.29093873232862427,0.5052703440102767,0.0
0.07916666666666668,0.49457133474102566,0.29054505430820937,0.5054286652589745,0.0
0.08333333333333333,0.494423715125617,0.29016019763268514,0.505576284874383,0.0
0.08750000000000001,0.4942863148579071,0.28978378722752024,0.5057136851420929,0.0
0.09166666666666667,0.49415866256503727,0.2894154571305894,0.5058413374349628,0.0
0.09583333333333334,0.49404029874619654,0.28905485091680055,0.5059597012538035,0.0
0.10000000000000002,0.49393077619325265,0.2887016219189003,0.5060692238067475,0.0
0.10416666666666667,0.4938296599653076,0.28835543331607016,0.5061703400346924,0.0
0.10833333333333334,0.4937365285201844,0.28801595857795154,0.5062634714798155,0.0
0.1125,0.4936509729408635,0.28768288116747814,0.5063490270591365,0.0
0.11666666666666668,0.49357259820784477,0.28735589508770987,0.5064274017921553,0.0
0.12083333333333335,0.49350102306076493,0.28703470479668414,0.506498976939235,0.0
0.125,0.4934358791703447,0.286719024731884,0.5065641208296553,0.0
0.12916666666666668,0.49337681169895115,0.28640857963807165,0.5066231883010489,0.0
0.13333333333333333,0.49332347908004837,0.2861031044024892,0.5066765209199517,0.0
0.1375,0.49327555382856547,0.28580234415977973,0.5067244461714345,0.0
0.1416666666666667,0.4932327213903646,0.2855060539066216,0.5067672786096354,0.0
0.14583333333333334,0.4931946800953911,0.28521399837932143,0.5068053199046089,0.0
0.15,0.4931611414106184,0.2849259519725521,0.5068388585893817,0.0
0.15416666666666667,0.4931318292881995,0.28464169845375925,0.5068681707118006,0.0
0.15833333333333335,0.493106479925404,0.284361030755823,0.5068935200745961,0.0
0.1625,0.493084841725974,0.2840837508265934,0.5069151582740259,0.0
0.16666666666666666,0.493066674753408,0.2838096693144352,0.5069333252465921,0.0
0.17083333333333336,0.49305175040203564,0.28353860532187297,0.5069482495979645,0.0
0.17500000000000002,0.4930398513665016,0.2832703862842592,0.5069601486334984,0.0
0.17916666666666667,0.4930307710369664,0.2830048476026046,0.5069692289630336,0.0
0.18333333333333335,0.493024313129515,0.28274183237788236,0.5069756868704851,0.0
0.1875,0.49302029158090904,0.28248119125987153,0.506979708419091,0.0
0.19166666666666668,0.4930185299840565,0.28222278209392376,0.5069814700159435,0.0
0.19583333333333333,0.4930188612072577,0.2819664696506972,0.5069811387927424,0.0
0.20000000000000004,0.4930211273455793,0.281712125515857,0.5069788726544207,0.0
0.2041666666666667,0.49302517906464915,0.28145962768667276,0.5069748209353508,0.0
0.20833333333333334,0.49303087519803357,0.2812088602942282,0.5069691248019664,0.0
0.21250000000000002,0.49303808240163755,0.2809597133545497,0.5069619175983624,0.0
0.21666666666666667,0.49304667523046314,0.2807120827373003,0.5069533247695368,0.0
0.22083333333333335,0.49305653561872953,0.2804658698265174,0.5069434643812705,0.0
0.225,0.4930675524527924,0.2802209812302907,0.5069324475472077,0.0
0.22916666666666666,0.493079621439972,0.27997732864023894,0.506920378560028,0.0
0.23333333333333336,0.493092644430349,0.279734828455966,0.506907355569651,0.0
0.23750000000000002,0.4931065291180445,0.2794934015718614,0.5068934708819555,0.0
0.2416666666666667,0.4931211892175545,0.2792529733612914,0.5068788107824456,0.0
0.24583333333333335,0.4931365440474555,0.2790134734170177,0.5068634559525446,0.0
0.25,0.4931525180835331,0.27877483528462504,0.5068474819164668,0.0
0.2541666666666667,0.4931690404310721,0.27853699616845534,0.506830959568928,0.0
0.25833333333333336,0.4931860451038199,0.2782998969646372,0.5068139548961801,0.0
0.2625,0.49320347061486075,0.2780634820191902,0.5067965293851392,0.0
0.26666666666666666,0.49322125971192216,0.2778276989470256,0.5067787402880779,0.0
0.2708333333333333,0.4932393589886724,0.27759249840313027,0.5067606410113276,0.0
0.275,0.493257718909324,0.2773578340282744,0.5067422810906759,0.0
0.2791666666666667,0.49327629355957786,0.2771236622835535,0.5067237064404222,0.0
0.2833333333333334,0.49329504043569267,0.27688994230082237,0.5067049595643073,0.0
0.28750000000000003,0.4933139200551514,0.2766566356427069,0.5066860799448486,0.0
0.2916666666666667,0.49333289597788554,0.27642370627496154,0.5066671040221143,0.0
0.29583333333333334,0.49335193460879223,0.27619112042725447,0.5066480653912079,0.0
0.3,0.49337100501336295,0.2759588464624921,0.506628994986637,0.0
0.3041666666666667,0.4933900787484229,0.27572685476152725,0.5066099212515771,0.0
0.30833333333333335,0.49340912972761786,0.27549511761743434,0.5065908702723821,0.0
0.3125,0.4934281340888512,0.2752636091351507,0.5065718659111487,0.0
0.3166666666666667,0.49344707006710115,0.2750323051374281,0.5065529299328989,0.0
0.32083333333333336,0.4934659178021749,0.27480118303587875,0.506534082197825,0.0
0.325,0.4934846592465039,0.27457022175905554,0.506515340753496,0.0
0.32916666666666666,0.4935032780858198,0.27433940168299875,0.5064967219141802,0.0
0.3333333333333333,0.4935217596168538,0.2741087045441828,0.5064782403831463,0.0
0.33749999999999997,0.4935400906021056,0.27387811333981255,0.5064599093978944,0.0
0.34166666666666673,0.4935582591649824,0.27364761225104584,0.5064417408350176,0.0
0.3458333333333334,0.49357625477229405,0.27341718661321784,0.5064237452277061,0.0
0.35000000000000003,0.4935940681230528,0.27318682283679896,0.5064059318769473,0.0
0.3541666666666667,0.4936116910764272,0.27295650834985624,0.5063883089235728,0.0
0.35833333333333334,0.4936291164835509,0.27272623149304304,0.5063708835164491,0.0
0.36250000000000004,0.4936463381129065,0.27249598146335235,0.5063536618870936,0.0
0.3666666666666667,0.49366335070992745,0.2722657483250937,0.5063366492900725,0.0
0.37083333333333335,0.4936801498790624,0.2720355229319871,0.5063198501209377,0.0
0.375,0.49369673203105535,0.271805296882634,0.5063032679689446,0.0
0.37916666666666665,0.4937130942382662,0.27157506244019575,0.5062869057617337,0.0
0.38333333333333336,0.4937292341927797,0.2713448124947505,0.5062707658072202,0.0
0.3875,0.49374515025640336,0.2711145405626927,0.5062548497435967,0.0
0.39166666666666666,0.4937608413676849,0.2708842407295758,0.5062391586323151,0.0
0.3958333333333333,0.4937763070026913,0.27065390761528235,0.5062236929973087,0.0
0.4000000000000001,0.49379154707261363,0.27042353632758975,0.5062084529273864,0.0
0.40416666666666673,0.4938065619022225,0.270193122433972,0.5061934380977776,0.0
0.4083333333333334,0.49382135225273394,0.2699626619437596,0.5061786477472662,0.0
0.41250000000000003,0.4938359192610376,0.269732151274235,0.5061640807389624,0.0
0.4166666666666667,0.49385026441251817,0.26950158722485634,0.5061497355874819,0.0
0.4208333333333334,0.49386438944752037,0.26927096693739677,0.5061356105524797,0.0
0.42500000000000004,0.49387829635894764,0.26904028787810386,0.5061217036410524,0.0
0.4291666666666667,0.49389198741746104,0.26880954782691385,0.5061080125825389,0.0
0.43333333333333335,0.49390546512216715,0.26857874485052224,0.5060945348778328,0.0
0.4375,0.493918732181678,0.2683478772832645,0.506081267818322,0.0
0.4416666666666667,0.49393179143966115,0.26811694369761363,0.5060682085603389,0.0
0.44583333333333336,0.4939446458824978,0.2678859428923895,0.5060553541175021,0.0
0.45,0.49395729865709176,0.26765487388360126,0.5060427013429082,0.0
0.45416666666666666,0.4939697530357126,0.2674237358852565,0.5060302469642874,0.0
0.4583333333333333,0.49398201240334827,0.2671925282954504,0.5060179875966517,0.0
0.4625000000000001,0.49399408019607716,0.2669612506732704,0.506005919803923,0.0
0.46666666666666673,0.49400595991629787,0.26672990273206915,0.5059940400837022,0.0
0.4708333333333334,0.4940176551467109,0.26649848433283424,0.5059823448532892,0.0
0.47500000000000003,0.494029169524715,0.26626699547012533,0.5059708304752851,0.0
0.4791666666666667,0.49404050673402783,0.2660354362619946,0.5059594932659722,0.0
0.4833333333333334,0.4940516704457578,0.2658038069290913,0.5059483295542423,0.0
0.48750000000000004,0.49406266434723267,0.2655721077941373,0.5059373356527673,0.0
0.4916666666666667,0.49407349215531465,0.26534033927799755,0.5059265078446853,0.0
0.49583333333333335,0.4940841575952789,0.2651085018884199,0.505915842404721,0.0
0.5,0.4940946643974175,0.26487659621310705,0.5059053356025824,0.0
0.5041666666666668,0.4941050162700868,0.26464462290850216,0.5058949837299132,0.0
0.5083333333333334,0.49411521684877563,0.2644125826845336,0.5058847831512244,0.0
0.5125000000000001,0.4941252697795548,0.2641804763159918,0.5058747302204453,0.0
0.5166666666666667,0.4941351786847764,0.26394830463079394,0.5058648213152235,0.0
0.5208333333333334,0.4941449471584279,0.26371606850445856,0.5058550528415721,0.0
0.525,0.4941545787629187,0.2634837688551988,0.5058454212370813,0.0
0.5291666666666667,0.4941640769874909,0.2632514066339385,0.505835923012509,0.0
0.5333333333333333,0.4941734452812368,0.2630189828254212,0.5058265547187633,0.0
0.5375,0.4941826870579728,0.26278649844524,0.5058173129420273,0.0
0.5416666666666666,0.49419180568582183,0.2625539545349787,0.5058081943141782,0.0
0.5458333333333334,0.49420080448716597,0.2623213521590481,0.505799195512834,0.0
0.55,0.4942096867224317,0.2620886923993677,0.5057903132775682,0.0
0.5541666666666667,0.49421845557141914,0.26185597635012964,0.5057815444285808,0.0
0.5583333333333333,0.4942271141762512,0.26162320512155535,0.5057728858237488,0.0
0.5625,0.4942356656238754,0.2613903798348867,0.5057643343761246,0.0
0.5666666666666668,0.49424411294591114,0.2611575016201062,0.5057558870540888,0.0
0.5708333333333334,0.49425245911733956,0.2609245716136548,0.5057475408826605,0.0
0.5750000000000001,0.49426070703005864,0.2606915909533188,0.5057392929699414,0.0
0.5791666666666667,0.4942688595207688,0.2604585607799932,0.5057311404792311,0.0
0.5833333333333334,0.49427691937093765,0.26022548223590103,0.5057230806290623,0.0
0.5875,0.49428488930244907,0.2599923564624414,0.5057151106975509,0.0
0.5916666666666667,0.49429277197859534,0.2597591845987794,0.5057072280214047,0.0
0.5958333333333333,0.4943005699964595,0.2595259677809746,0.5056994300035405,0.0
0.6,0.49430828588360687,0.259292707141198,0.5056917141163932,0.0
0.6041666666666666,0.49431592211516734,0.25905940380598824,0.5056840778848326,0.0
0.6083333333333334,0.49432348110762264,0.25882605889564697,0.5056765188923773,0.0
0.6125,0.49433096522002684,0.25859267352341636,0.505669034779973,0.0
0.6166666666666667,0.4943383767505524,0.2583592487960112,0.5056616232494476,0.0
0.6208333333333333,0.49434571793768906,0.2581257858058687,0.5056542820623109,0.0
0.625,0.494352990951535,0.25789228564333216,0.5056470090484649,0.0
0.6291666666666668,0.49436019791588737,0.2576587493855521,0.5056398020841127,0.0
0.6333333333333334,0.49436734089869927,0.2574251780996922,0.5056326591013007,0.0
0.6375000000000001,0.49437442191378944,0.257191572842298,0.5056255780862106,0.0
0.6416666666666667,0.4943814429139011,0.25695793465989136,0.5056185570860989,0.0
0.6458333333333334,0.4943884057943863,0.25672426458842446,0.5056115942056136,0.0
0.65,0.4943953124051147,0.25649056365157463,0.5056046875948853,0.0
0.6541666666666667,0.49440216454602176,0.2562568328612349,0.5055978354539782,0.0
0.6583333333333333,0.49440896396856343,0.25602307321735623,0.5055910360314365,0.0
0.6625,0.49441571237716475,0.25578928570787207,0.5055842876228352,0.0
0.6666666666666666,0.4944224114253334,0.2555554713085375,0.5055775885746667,0.0
0.6708333333333334,0.494429062699916,0.25532163098261335,0.505570937300084,0.0
0.6749999999999999,0.49443566775241854,0.2550877656821456,0.5055643322475815,0.0
0.6791666666666667,0.494442228090458,0.2548538763478836,0.505557771909542,0.0
0.6833333333333335,0.4944487451770944,0.2546199639096184,0.5055512548229056,0.0
0.6875,0.4944552204318641,0.2543860292866694,0.5055447795681359,0.0
0.6916666666666668,0.4944616552317196,0.25415207338802825,0.5055383447682805,0.0
0.6958333333333333,0.49446805090952084,0.2539180971005218,0.5055319490904793,0.0
0.7000000000000001,0.4944744087574712,0.2536841013008714,0.5055255912425287,0.0
0.7041666666666667,0.4944807300286254,0.253450086858955,0.5055192699713745,0.0
0.7083333333333334,0.4944870159370687,0.2532160546345733,0.5055129840629313,0.0
0.7125,0.49449326765888124,0.2529820054780943,0.5055067323411188,0.0
0.7166666666666667,0.49449948633310076,0.25274794023117353,0.5055005136668992,0.0
0.7208333333333333,0.4945056730638708,0.2525138597192511,0.5054943269361293,0.0
0.7250000000000001,0.4945118289221742,0.2522797647466026,0.5054881710778257,0.0
0.7291666666666666,0.4945179549439362,0.2520456561169162,0.5054820450560639,0.0
0.7333333333333334,0.4945240521323373,0.2518115346248334,0.5054759478676628,0.0
0.7374999999999999,0.4945301214588385,0.2515774010563507,0.5054698785411614,0.0
0.7416666666666667,0.4945361638641738,0.2513432561894872,0.5054638361358262,0.0
0.7458333333333335,0.49454218025852775,0.2511091007925879,0.5054578197414723,0.0
0.75,0.49454817151703306,0.2508749356085217,0.505451828482967,0.0
0.7541666666666668,0.49455413848841223,0.2506407613779809,0.5054458615115877,0.0
0.7583333333333333,0.49456008199433404,0.2504065788355672,0.505439918005666,0.0
0.7625000000000001,0.49456600282943025,0.25017238870775427,0.5054339971705698,0.0
0.7666666666666667,0.494571901762176,0.24993819171344966,0.505428098237824,0.0
0.7708333333333334,0.49457777953575416,0.24970398856454704,0.5054222204642458,0.0
0.775,0.494583636866555,0.24946977995646474,0.5054163631334451,0.0
0.7791666666666667,0.49458947444641904,0.2492355665742329,0.5054105255535809,0.0
0.7833333333333333,0.4945952929451687,0.24900134910020946,0.5054047070548313,0.0
0.7875000000000001,0.4946010930102462,0.24876712820960065,0.5053989069897538,0.0
0.7916666666666666,0.4946068752675355,0.24853290457095056,0.5053931247324646,0.0
0.7958333333333334,0.4946126403221816,0.24829867884666296,0.5053873596778183,0.0
0.8000000000000002,0.4946183887574831,0.24806445168924807,0.505381611242517,0.0
0.8041666666666667,0.49462412113220716,0.24783022373385238,0.5053758788677929,0.0
0.8083333333333335,0.49462983798963117,0.24759599561709694,0.5053701620103688,0.0
0.8125,0.49463553985503195,0.24736176797036064,0.505364460144968,0.0
0.8166666666666668,0.49464122723614595,0.24712754141960724,0.505358772763854,0.0
0.8208333333333334,0.49464690062392175,0.24689331658588914,0.5053530993760783,0.0
0.8250000000000001,0.4946525604932704,0.246659094085878,0.5053474395067297,0.0
0.8291666666666667,0.494658207303751,0.24642487453231404,0.505341792696249,0.0
0.8333333333333334,0.4946638414902885,0.2461906585177571,0.5053361585097115,0.0
0.8375,0.494669463471057,0.24595644662668747,0.505330536528943,0.0
0.8416666666666668,0.49467507365470753,0.24572223944699653,0.5053249263452924,0.0
0.8458333333333333,0.49468067243581887,0.24548803756178555,0.5053193275641811,0.0
0.8500000000000001,0.4946862601955127,0.24525384154973642,0.5053137398044872,0.0
0.8541666666666666,0.4946918373020701,0.24501965198550113,0.5053081626979299,0.0
0.8583333333333334,0.49469740411154595,0.24478546944010984,0.5053025958884542,0.0
0.8625000000000002,0.4947029609668857,0.2445512944792905,0.5052970390331143,0.0
0.8666666666666667,0.4947085081896362,0.2443171276512553,0.5052914918103638,0.0
0.8708333333333335,0.49471404609444725,0.2440829695065144,0.5052859539055528,0.0
0.875,0.49471957498626545,0.24384882059360552,0.5052804250137345,0.0
0.8791666666666668,0.4947250951593924,0.243614681457362,0.5052749048406076,0.0
0.8833333333333334,0.4947306068979905,0.243380552639221,0.5052693931020096,0.0
0.8875000000000001,0.494736110476588,0.24314643467754463,0.505263889523412,0.0
0.8916666666666667,0.49474160616058477,0.24291232810795618,0.5052583938394152,0.0
0.8958333333333334,0.4947470942019861,0.2426782334576635,0.5052529057980139,0.0
0.9,0.49475257483830837,0.24244415124363258,0.5052474251616916,0.0
0.9041666666666668,0.4947580483036236,0.24221008198620897,0.5052419516963763,0.0
0.9083333333333333,0.49476351482366865,0.24197602620272476,0.5052364851763315,0.0
0.9125000000000001,0.4947689746161659,0.24174198440762787,0.505231025383834,0.0
0.9166666666666666,0.4947744278912297,0.24150795711272735,0.5052255721087703,0.0
0.9208333333333334,0.4947798748517698,0.2412739448274482,0.5052201251482302,0.0
0.9250000000000002,0.49478531569357975,0.24103994805873027,0.5052146843064204,0.0
0.9291666666666667,0.49479075059889566,0.2408059673033352,0.5052092494011043,0.0
0.9333333333333335,0.4947961797444838,0.24057200305686824,0.5052038202555162,0.0
0.9375,0.4948016033026044,0.2403380558147491,0.5051983966973955,0.0
0.9416666666666668,0.49480702143926375,0.24010412607000906,0.5051929785607363,0.0
0.9458333333333334,0.49481243431453875,0.23987021431347574,0.5051875656854612,0.0
0.9500000000000001,0.4948178420829038,0.23963632103396576,0.5051821579170963,0.0
0.9541666666666667,0.4948232448935544,0.23940244671848313,0.5051767551064456,0.0
0.9583333333333334,0.4948286429229311,0.23916859187660805,0.5051713570770688,0.0
0.9625,0.49483403621576666,0.23893475691749014,0.5051659637842334,0.0
0.9666666666666668,0.4948394249635733,0.2387009423653709,0.5051605750364268,0.0
0.9708333333333333,0.4948448092881679,0.23846714869314248,0.5051551907118322,0.0
0.9750000000000001,0.4948501893079519,0.23823337637275765,0.5051498106920481,0.0
0.9791666666666666,0.4948555651379133,0.23799962587519768,0.5051444348620868,0.0
0.9833333333333334,0.4948609368896264,0.2377658976704406,0.5051390631103735,0.0
0.9875000000000002,0.4948663046712455,0.23753219222742047,0.5051336953287545,0.0
0.9916666666666667,0.49487166858248044,0.23729851000870084,0.5051283314175194,0.0
0.9958333333333335,0.494877028718531,0.23706485147448933,0.505122971281469,0.0
1.0,0.4948823851743683,0.23683121708713148,0.5051176148256318,0.0
1.0041666666666667,0.4948877380412949,0.23659760730747834,0.5051122619587051,0.0
1.0083333333333335,0.4948930874069462,0.23636402259484882,0.5051069125930537,0.0
1.0125,0.4948984333552913,0.23613046340699229,0.5051015666447086,0.0
1.0166666666666668,0.494903775966634,0.23589693020005065,0.505096224033366,0.0
1.0208333333333333,0.494909115317614,0.235663423428521,0.5050908846823859,0.0
1.0250000000000001,0.49491445148120816,0.23542994354521785,0.5050855485187918,0.0
1.0291666666666668,0.4949197845269983,0.23519649100128784,0.5050802154730016,0.0
1.0333333333333334,0.4949251145266335,0.2349630662472319,0.5050748854733665,0.0
1.0375,0.49493044154648447,0.23472966973142836,0.5050695584535155,0.0
1.0416666666666667,0.4949357656476083,0.23449630190009332,0.5050642343523918,0.0
1.0458333333333334,0.49494108688764016,0.23426296319761156,0.5050589131123597,0.0
1.05,0.49494640532079437,0.2340296540664986,0.5050535946792056,0.0
1.0541666666666667,0.4949517209978658,0.23379637494736233,0.5050482790021341,0.0
1.0583333333333333,0.49495703396623036,0.233563126278865,0.5050429660337696,0.0
1.0625,0.4949623442698467,0.23332990849768484,0.5050376557301532,0.0
1.0666666666666667,0.4949676519492568,0.23309672203847812,0.5050323480507433,0.0
1.0708333333333335,0.49497295704546695,0.23286356733639416,0.5050270429545329,0.0
1.075,0.49497825962117425,0.23263044484111473,0.5050217403788256,0.0
1.0791666666666668,0.49498355972158364,0.2323973549911533,0.5050164402784163,0.0
1.0833333333333333,0.4949888573853873,0.23216429822094267,0.5050111426146127,0.0
1.0875000000000001,0.49499415264886687,0.23193127496349808,0.5050058473511331,0.0
1.0916666666666668,0.4949994455458952,0.23169828565039285,0.5050005544541049,0.0
1.0958333333333334,0.49500473610793594,0.23146533071173309,0.5049952638920642,0.0
1.1,0.4950100243640448,0.23123241057613267,0.5049899756359552,0.0
1.1041666666666667,0.4950153103408706,0.23099952567068885,0.5049846896591295,0.0
1.1083333333333334,0.4950205940626551,0.23076667642095655,0.5049794059373449,0.0
1.1125,0.4950258755573449,0.23053386325490213,0.5049741244426552,0.0
1.1166666666666667,0.4950311548658878,0.23030108660903095,0.5049688451341122,0.0
1.1208333333333333,0.49503643201440306,0.23006834691029882,0.504963567985597,0.0
1.125,0.4950417070262993,0.22983564458390995,0.5049582929737007,0.0
1.1291666666666667,0.49504697992331353,0.2296029800539751,0.5049530200766865,0.0
1.1333333333333335,0.49505225072551184,0.22937035374349557,0.5049477492744882,0.0
1.1375,0.4950575194512896,0.22913776607434758,0.5049424805487105,0.0
1.1416666666666668,0.49506278611737203,0.22890521746726644,0.5049372138826279,0.0
1.1458333333333333,0.4950680507388148,0.228672708341831,0.5049319492611852,0.0
1.1500000000000001,0.49507331332900406,0.22844023911644773,0.5049266866709959,0.0
1.1541666666666668,0.495078574209411,0.22820781046576408,0.5049214257905891,0.0
1.1583333333333334,0.49508383268292305,0.22797542221283135,0.504916167317077,0.0
1.1625,0.49508908921758477,0.22774307515488945,0.5049109107824152,0.0
1.1666666666666667,0.4950943438174404,0.2275107697024465,0.5049056561825596,0.0
1.1708333333333334,0.4950995964865325,0.22727850626604362,0.5049004035134674,0.0
1.175,0.4951048472289026,0.2270462852562547,0.5048951527710974,0.0
1.1791666666666667,0.4951100960485904,0.22681410708368632,0.5048899039514096,0.0
1.1833333333333333,0.49511534294963483,0.22658197215897807,0.5048846570503651,0.0
1.1875,0.49512058793607305,0.22634988089280236,0.5048794120639268,0.0
1.1916666666666667,0.4951258310120235,0.22611783369587823,0.5048741689879765,0.0
1.1958333333333335,0.49513107218765223,0.22588583097999723,0.5048689278123477,0.0
1.2,0.49513631147194115,0.2256538731568441,0.5048636885280587,0.0
1.2041666666666668,0.49514154887052225,0.22542196063759717,0.5048584511294778,0.0
1.2083333333333333,0.4951467843890257,0.22519009383348482,0.5048532156109744,0.0
1.2125000000000001,0.4951520180330799,0.22495827315578562,0.5048479819669202,0.0
1.2166666666666668,0.4951572498083115,0.22472649901582822,0.5048427501916884,0.0
1.2208333333333334,0.49516247972034555,0.22449477182499145,0.5048375202796546,0.0
1.225,0.4951677077748049,0.224263091994704,0.5048322922251951,0.0
1.2291666666666667,0.49517293397731105,0.22403145993644494,0.5048270660226889,0.0
1.2333333333333334,0.49517815833348355,0.2237998760617431,0.5048218416665164,0.0
1.2375,0.49518338084894026,0.22356834078217747,0.5048166191510598,0.0
1.2416666666666667,0.49518860152696786,0.2233368545057846,0.504811398473032,0.0
1.2458333333333333,0.4951938203556594,0.22310541761718514,0.5048061796443406,0.0
1.25,0.4951990373340647,0.22287403051788704,0.5048009626659353,0.0
1.2541666666666667,0.495204252464178,0.22264269361396913,0.5047957475358219,0.0
1.2583333333333335,0.4952094657479929,0.22241140731154158,0.5047905342520072,0.0
1.2625,0.49521467718750123,0.22218017201674556,0.5047853228124988,0.0
1.2666666666666668,0.4952198867846939,0.2219489881357536,0.504780113215306,0.0
1.2708333333333333,0.49522509454156094,0.22171785607476943,0.5047749054584392,0.0
1.2750000000000001,0.49523030046009053,0.2214867762400279,0.5047696995399096,0.0
1.2791666666666668,0.4952355045422701,0.221255749037795,0.50476449545773,0.0
1.2833333333333334,0.4952407067900861,0.22102477487436792,0.504759293209914,0.0
1.2875,0.4952459072055232,0.220793854156075,0.5047540927944768,0.0
1.2916666666666667,0.49525110578234816,0.22056298727601867,0.5047488942176519,0.0
1.2958333333333334,0.4952563025030226,0.22033217460901863,0.5047436974969775,0.0
1.3,0.4952614973647543,0.2201014165536321,0.5047385026352458,0.0
1.3041666666666667,0.4952666903652667,0.21987071350925028,0.5047333096347333,0.0
1.3083333333333333,0.49527188150228285,0.2196400658752669,0.5047281184977173,0.0
1.3125,0.4952770707735252,0.21940947405107822,0.5047229292264748,0.0
1.3166666666666667,0.4952822581767163,0.21917893843608313,0.5047177418232838,0.0
1.3208333333333335,0.4952874437095779,0.21894845942968305,0.5047125562904221,0.0
1.325,0.49529262736983176,0.21871803743128196,0.5047073726301683,0.0
1.3291666666666668,0.49529780915519894,0.21848767284028633,0.5047021908448011,0.0
1.3333333333333333,0.49530298906340053,0.2182573660561055,0.5046970109365995,0.0
1.3375000000000001,0.4953081670920585,0.21802711747786294,0.5046918329079416,0.0
1.3416666666666668,0.49531334323094145,0.21779692748172713,0.5046866567690584,0.0
1.3458333333333334,0.4953185174712543,0.21756679644801852,0.5046814825287456,0.0
1.3499999999999999,0.49532368980862623,0.217336724769967,0.5046763101913738,0.0
1.3541666666666667,0.49532886023868605,0.2171067128407922,0.504671139761314,0.0
1.3583333333333334,0.49533402875706306,0.21687676105370413,0.504665971242937,0.0
1.3625,0.49533919535938625,0.21664686980190256,0.5046608046406137,0.0
1.366666666666667,0.49534436004128485,0.2164170394785777,0.5046556399587151,0.0
1.3708333333333333,0.4953495227983881,0.2161872704769096,0.5046504772016119,0.0
1.375,0.49535468362632507,0.21595756319006829,0.5046453163736749,0.0
1.3791666666666667,0.4953598425207251,0.2157279180112142,0.5046401574792749,0.0
1.3833333333333335,0.4953649994772174,0.21549833533349763,0.5046350005227827,0.0
1.3875000000000002,0.49537015449065186,0.21526881554621335,0.5046298455093481,0.0
1.3916666666666666,0.4953753075506741,0.2150393590129503,0.504624692449326,0.0
1.3958333333333333,0.49538045865067265,0.21480996611573838,0.5046195413493274,0.0
1.4000000000000001,0.4953856077850674,0.21458063724167606,0.5046143922149326,0.0
1.4041666666666668,0.495390754948278,0.2143513727778463,0.504609245051722,0.0
1.4083333333333334,0.4953959001347246,0.21412217311131632,0.5046040998652754,0.0
1.4124999999999999,0.4954010433388274,0.21389303862913792,0.5045989566611726,0.0
1.4166666666666667,0.4954061845550069,0.21366396971834714,0.5045938154449932,0.0
1.4208333333333334,0.4954113237776837,0.21343496676596474,0.5045886762223164,0.0
1.425,0.49541646100127873,0.21320603015899564,0.5045835389987213,0.0
1.429166666666667,0.49542159622021303,0.21297716028442965,0.504578403779787,0.0
1.4333333333333333,0.4954267294289079,0.21274835752924068,0.5045732705710921,0.0
1.4375,0.49543186062107913,0.21251962227551915,0.5045681393789209,0.0
1.4416666666666667,0.49543698978659984,0.21229095487881502,0.5045630102134002,0.0
1.4458333333333335,0.4954421169183214,0.21206235571518864,0.5045578830816786,0.0
1.4500000000000002,0.49544724200975465,0.21183382516522212,0.5045527579902453,0.0
1.4541666666666666,0.4954523650544103,0.2116053636094768,0.5045476349455897,0.0
1.4583333333333333,0.4954574860457999,0.2113769714284931,0.5045425139542,0.0
1.4625000000000001,0.49546260497743516,0.2111486490027909,0.5045373950225649,0.0
1.4666666666666668,0.49546772184282806,0.21092039671286905,0.5045322781571718,0.0
1.4708333333333334,0.49547283663549124,0.21069221493920592,0.5045271633645088,0.0
1.4749999999999999,0.49547794934893735,0.21046410406225904,0.5045220506510627,0.0
1.4791666666666667,0.49548305997667974,0.21023606446246518,0.5045169400233204,0.0
1.4833333333333334,0.4954881685122319,0.21000809652024058,0.5045118314877682,0.0
1.4875,0.4954932749486928,0.20978020061014654,0.5045067250513073,0.0
1.491666666666667,0.4954983792773076,0.20955237708064617,0.5045016207226924,0.0
1.4958333333333333,0.49550348149086487,0.20932462630186113,0.5044965185091352,0.0
1.5,0.4955085815824267,0.20909694864773173,0.5044914184175733,0.0
1.5041666666666667,0.4955136795450559,0.2088693444921746,0.5044863204549441,0.0
1.5083333333333335,0.49551877537181555,0.20864181420908293,0.5044812246281843,0.0
1.5125000000000002,0.49552386905576934,0.20841435817232642,0.5044761309442306,0.0
1.5166666666666666,0.49552896058998136,0.20818697675575132,0.5044710394100187,0.0
1.5208333333333333,0.495534049967516,0.20795967033318039,0.504465950032484,0.0
1.5250000000000001,0.49553913718143827,0.20773243927841298,0.5044608628185616,0.0
1.5291666666666668,0.49554422222481365,0.20750528396522513,0.5044557777751864,0.0
1.5333333333333334,0.495549305090708,0.20727820476736944,0.504450694909292,0.0
1.5374999999999999,0.49555438576131644,0.2070512016693847,0.5044456142386836,0.0
1.5416666666666667,0.49555946425342773,0.2068242758941924,0.5044405357465723,0.0
1.5458333333333334,0.4955645405450445,0.20659742727619662,0.5044354594549554,0.0
1.55,0.4955696146292029,0.20637065618790057,0.5044303853707972,0.0
1.554166666666667,0.49557468649892394,0.2061439630012345,0.504425313501076,0.0
1.5583333333333333,0.4955797561472139,0.20591734808755607,0.504420243852786,0.0
1.5625,0.49558482356706407,0.20569081181765003,0.5044151764329359,0.0
1.5666666666666667,0.495589888751451,0.20546435456172812,0.5044101112485491,0.0
1.5708333333333335,0.49559495169333617,0.2052379766894292,0.5044050483066639,0.0
1.5750000000000002,0.4956000123856664,0.20501167856981892,0.5043999876143336,0.0
1.5791666666666666,0.4956050708213736,0.20478546057138977,0.5043949291786264,0.0
1.5833333333333333,0.49561012699337476,0.20455932306206107,0.5043898730066253,0.0
1.5875000000000001,0.4956151808946361,0.20433326640116364,0.5043848191053639,0.0
1.5916666666666668,0.49562023251829657,0.20410729092397267,0.5043797674817033,0.0
1.5958333333333334,0.49562528185728844,0.2038813969892355,0.5043747181427115,0.0
1.6000000000000003,0.49563032890450937,0.2036555849575542,0.5043696710954906,0.0
1.6041666666666667,0.4956353736528437,0.20342985518877446,0.5043646263471563,0.0
1.6083333333333334,0.49564041609516263,0.20320420804198555,0.5043595839048375,0.0
1.6125,0.4956454562243235,0.2029786438755199,0.5043545437756766,0.0
1.616666666666667,0.4956504940331708,0.20275316304695337,0.5043495059668291,0.0
1.6208333333333336,0.4956555295145355,0.20252776591310515,0.5043444704854644,0.0
1.625,0.49566056266123504,0.20230245283003748,0.504339437338765,0.0
1.6291666666666667,0.4956655934660737,0.2020772241530557,0.5043344065339262,0.0
1.6333333333333335,0.49567062192184225,0.20185208023670817,0.5043293780781578,0.0
1.6375000000000002,0.49567564802131797,0.20162702143478617,0.504324351978682,0.0
1.6416666666666668,0.4956806717572654,0.20140204810032392,0.5043193282427347,0.0
1.6458333333333333,0.495685693122435,0.20117716058559834,0.5043143068775651,0.0
1.6500000000000001,0.49569071210956417,0.2009523592421291,0.5043092878904357,0.0
1.6541666666666668,0.4956957287113773,0.2007276444206785,0.5043042712886227,0.0
1.6583333333333334,0.4957007429205849,0.20050301647125143,0.5042992570794151,0.0
1.6625000000000003,0.4957057547298844,0.20027847574309526,0.5042942452701156,0.0
1.6666666666666667,0.49571076413196,0.20005402258469984,0.5042892358680401,0.0
1.6708333333333334,0.4957157711194822,0.1998296573437971,0.5042842288805177,0.0
1.675,0.49572077568510875,0.1996053803673617,0.5042792243148913,0.0
1.679166666666667,0.49572577782148347,0.19938119200161003,0.5042742221785165,0.0
1.6833333333333336,0.4957307775212373,0.19915709259200096,0.5042692224787626,0.0
1.6875,0.49573577477698766,0.1989330824832353,0.5042642252230123,0.0
1.6916666666666667,0.495740769581461,0.19870916201962122,0.504259230418539,0.0
1.6958333333333335,0.4957457619294026,0.19848533155078715,0.5042542380705973,0.0
1.7000000000000002,0.49575075181444966,0.19826159142233635,0.5042492481855503,0.0
1.7041666666666668,0.49575573922953137,0.19803794197704092,0.5042442607704687,0.0
1.7083333333333333,0.49576072416757705,0.19781438355695652,0.504239275832423,0.0
1.7125000000000001,0.4957657066215166,0.19759091650342236,0.5042342933784835,0.0
1.7166666666666668,0.4957706865842795,0.19736754115706093,0.5042293134157204,0.0
1.7208333333333334,0.4957756640487958,0.19714425785777853,0.5042243359512042,0.0
1.7250000000000003,0.49578063900799546,0.19692106694476463,0.5042193609920045,0.0
1.7291666666666667,0.4957856114548085,0.19669796875649237,0.5042143885451915,0.0
1.7333333333333334,0.49579058138216514,0.1964749636307182,0.5042094186178349,0.0
1.7375,0.4957955487829957,0.19625205190448208,0.5042044512170043,0.0
1.741666666666667,0.49580051365023087,0.19602923391410756,0.5041994863497692,0.0
1.7458333333333336,0.49580547597680097,0.1958065099952015,0.5041945240231991,0.0
1.75,0.49581043575563694,0.1955838804826543,0.5041895642443631,0.0
1.7541666666666667,0.4958153929796695,0.19536134571063976,0.5041846070203306,0.0
1.7583333333333335,0.4958203476418297,0.19513890601261502,0.5041796523581703,0.0
1.7625000000000002,0.4958252997350487,0.194916561721321,0.5041747002649514,0.0
1.7666666666666668,0.49583024925225766,0.19469431316878166,0.5041697507477423,0.0
1.7708333333333333,0.495835196186388,0.19447216068630474,0.504164803813612,0.0
1.7750000000000001,0.4958401405303714,0.1942501046044812,0.5041598594696287,0.0
1.7791666666666668,0.4958450822771391,0.19402814525318537,0.5041549177228608,0.0
1.7833333333333334,0.4958500214196233,0.1938062829615754,0.5041499785803767,0.0
1.7875000000000003,0.4958549579507558,0.1935845180580925,0.5041450420492443,0.0
1.7916666666666667,0.4958598918634684,0.19336285087046132,0.5041401081365315,0.0
1.7958333333333334,0.4958648231506937,0.1931412817256902,0.5041351768493063,0.0
1.8,0.49586975180757,0.19291981095504762,0.50413024819243,0.0
1.804166666666667,0.49587467783010125,0.19269843889104957,0.5041253221698988,0.0
1.8083333333333336,0.4958796012118193,0.19247716585992863,0.5041203987881808,0.0
1.8125,0.4958845219462715,0.19225599218723868,0.5041154780537285,0.0
1.8166666666666667,0.49588944002702773,0.1920349181978702,0.5041105599729723,0.0
1.8208333333333335,0.49589435544767974,0.19181394421605008,0.5041056445523202,0.0
1.8250000000000002,0.49589926820184166,0.19159307056534206,0.5041007317981584,0.0
1.8291666666666668,0.49590417828314953,0.1913722975686467,0.5040958217168504,0.0
1.8333333333333333,0.49590908568526204,0.1911516255482016,0.5040909143147381,0.0
1.8375000000000001,0.4959139904018595,0.19093105482558134,0.5040860095981405,0.0
1.8416666666666668,0.4959188924266448,0.1907105857216978,0.5040811075733551,0.0
1.8458333333333334,0.4959237917533428,0.19049021855680032,0.5040762082466572,0.0
1.8500000000000003,0.4959286883757007,0.1902699536504756,0.5040713116242993,0.0
1.8541666666666667,0.4959335822874877,0.19004979132164812,0.5040664177125124,0.0
1.8583333333333334,0.4959384734824952,0.18982973188857993,0.5040615265175048,0.0
1.8625,0.49594336195453675,0.1896097756688712,0.5040566380454632,0.0
1.866666666666667,0.4959482476974481,0.1893899229794599,0.5040517523025518,0.0
1.8708333333333336,0.49595313070508723,0.1891701741366223,0.5040468692949127,0.0
1.875,0.495958010971334,0.18895052945597288,0.5040419890286659,0.0
1.8791666666666667,0.49596288849009085,0.1887309892524645,0.504037111509909,0.0
1.8833333333333335,0.4959677632552818,0.18851155384038865,0.5040322367447182,0.0
1.8875000000000002,0.4959726352608534,0.1882922235333754,0.5040273647391466,0.0
1.8916666666666668,0.4959775045007742,0.18807299864439364,0.5040224954992258,0.0
1.8958333333333333,0.49598237096903497,0.18785387948575114,0.5040176290309649,0.0
1.9000000000000001,0.4959872346596485,0.18763486636909482,0.5040127653403514,0.0
1.9041666666666668,0.4959920955664386,0.18741595960363996,0.5040079044335615,0.0
1.9083333333333334,0.49599695368254876,0.18719715949205676,0.5040030463174513,0.0
1.9125000000000003,0.49600180900183183,0.18697846634210946,0.5039981909981681,0.0
1.9166666666666667,0.49600666151824463,0.1867598804615862,0.5039933384817553,0.0
1.9208333333333334,0.4960115112257605,0.18654140215756979,0.5039884887742395,0.0
1.925,0.49601635811836975,0.18632303173643866,0.5039836418816303,0.0
1.929166666666667,0.49602120219007956,0.18610476950386623,0.5039787978099204,0.0
1.9333333333333336,0.4960260434349141,0.1858866157648216,0.5039739565650859,0.0
1.9375,0.4960308818469141,0.18566857082356925,0.503969118153086,0.0
1.9416666666666667,0.4960357174201372,0.18545063498366923,0.5039642825798628,0.0
1.9458333333333335,0.49604055014865805,0.18523280854797758,0.5039594498513419,0.0
1.9500000000000002,0.49604538002656806,0.18501509181864603,0.503954619973432,0.0
1.9541666666666668,0.49605020704797537,0.18479748509712235,0.5039497929520247,0.0
1.9583333333333333,0.496055031207005,0.18457998868415038,0.503944968792995,0.0
1.9625000000000001,0.4960598524977987,0.18436260287977008,0.5039401475022012,0.0
1.9666666666666668,0.4960646709145155,0.184145327983318,0.5039353290854844,0.0
1.9708333333333334,0.4960694864513306,0.1839281642934267,0.5039305135486694,0.0
1.9750000000000003,0.4960742991024364,0.18371111210802557,0.5039257008975635,0.0
1.9791666666666667,0.49607910886204215,0.18349417172434063,0.5039208911379578,0.0
1.9833333333333334,0.49608391572437366,0.18327734343889446,0.5039160842756264,0.0
1.9875,0.4960887196836737,0.18306062754750657,0.5039112803163263,0.0
1.991666666666667,0.4960935207342019,0.18284402434529362,0.5039064792657981,0.0
1.9958333333333336,0.49609831887023464,0.18262753412666913,0.5039016811297653,0.0
2.0,0.4961031140860651,0.18241115718534393,0.503896885913935,0.0
2.004166666666667,0.4961079063760033,0.18219489381432608,0.5038920936239968,0.0
2.0083333333333333,0.496112695690013,0.1819787562634423,0.5038873043099871,0.0
2.0125,0.4961174821154408,0.1817627191065423,0.5038825178845591,0.0
2.016666666666667,0.4961222655938243,0.18154679659538445,0.5038777344061758,0.0
2.0208333333333335,0.49612704611922986,0.18133098900198796,0.5038729538807701,0.0
2.025,0.4961318236857253,0.1811152965983533,0.5038681763142747,0.0
2.029166666666667,0.4961365982873781,0.18089971965646195,0.5038634017126218,0.0
2.0333333333333337,0.49614136991825664,0.18068425844827657,0.5038586300817435,0.0
2.0375,0.49614613857242906,0.18046891324574094,0.5038538614275708,0.0
2.0416666666666665,0.4961509042439647,0.1802536843207803,0.5038490957560354,0.0
2.0458333333333334,0.4961556669269326,0.18003857194530073,0.5038443330730674,0.0
2.0500000000000003,0.49616042661540266,0.17982357639119007,0.5038395733845974,0.0
2.0541666666666667,0.496165183303445,0.17960869793031714,0.503834816696555,0.0
2.0583333333333336,0.49616993698512996,0.17939393683453222,0.5038300630148701,0.0
2.0625,0.4961746876545287,0.17917929337566701,0.5038253123454713,0.0
2.066666666666667,0.4961794353057123,0.17896476782553464,0.5038205646942876,0.0
2.0708333333333333,0.49618417993275277,0.17875036045592965,0.5038158200672473,0.0
2.075,0.4961889215297218,0.17853607153862802,0.5038110784702782,0.0
2.079166666666667,0.49619366009069216,0.1783219013453874,0.5038063399093078,0.0
2.0833333333333335,0.4961983956097367,0.17810785014794686,0.5038016043902633,0.0
2.0875,0.4962031280809286,0.17789391821802714,0.5037968719190714,0.0
2.091666666666667,0.49620785749834156,0.17768010582733054,0.5037921425016584,0.0
2.0958333333333337,0.49621258385604966,0.1774664132475411,0.5037874161439504,0.0
2.1,0.4962173071481272,0.17725284075032446,0.5037826928518728,0.0
2.1041666666666665,0.4962220273686491,0.1770393886073281,0.5037779726313509,0.0
2.1083333333333334,0.49622674451169063,0.1768260570901812,0.5037732554883094,0.0
2.1125000000000003,0.4962314585713271,0.1766128464704947,0.503768541428673,0.0
2.1166666666666667,0.496236169543637,0.17639975701249025,0.503763830456363,0.0
2.1208333333333336,0.49624087742579803,0.17618678897632908,0.5037591225742019,0.0
2.125,0.49624558221252507,0.1759739426312303,0.5037544177874749,0.0
2.129166666666667,0.4962502838985181,0.17576121824645063,0.503749716101482,0.0
2.1333333333333333,0.4962549824784775,0.17554861609123074,0.5037450175215225,0.0
2.1375,0.49625967794710435,0.17533613643479504,0.5037403220528958,0.0
2.141666666666667,0.4962643702990994,0.17512377954635175,0.5037356297009006,0.0
2.1458333333333335,0.49626905952916445,0.17491154569509296,0.5037309404708357,0.0
2.15,0.49627374563200105,0.17469943515019468,0.503726254367999,0.0
2.154166666666667,0.49627842860231125,0.17448744818081682,0.5037215713976888,0.0
2.1583333333333337,0.49628310843479756,0.1742755850561033,0.5037168915652025,0.0
2.1625,0.49628778512416255,0.17406384604518194,0.5037122148758375,0.0
2.1666666666666665,0.4962924586651093,0.1738522314171646,0.5037075413348907,0.0
2.1708333333333334,0.49629712905234113,0.1736407414411473,0.5037028709476589,0.0
2.1750000000000003,0.49630179628086063,0.17342937638227407,0.5036982037191394,0.0
2.1791666666666667,0.4963064603493443,0.17321813645730877,0.5036935396506558,0.0
2.1833333333333336,0.49631112125428084,0.17300702191182055,0.5036888787457192,0.0
2.1875,0.496315778991076,0.17279603300563534,0.5036842210089241,0.0
2.191666666666667,0.4963204335551354,0.17258516999856802,0.5036795664448647,0.0
2.1958333333333333,0.4963250849418651,0.17237443315042272,0.5036749150581349,0.0
2.2,0.4963297331466712,0.17216382272099268,0.5036702668533288,0.0
2.204166666666667,0.49633437816495996,0.17195333897006018,0.50366562183504,0.0
2.2083333333333335,0.4963390199921379,0.17174298215739692,0.5036609800078622,0.0
2.2125,0.49634365862361157,0.1715327525427635,0.5036563413763884,0.0
2.216666666666667,0.496348294054788,0.17132265038591005,0.503651705945212,0.0
2.2208333333333337,0.4963529262810742,0.17111267594657578,0.5036470737189258,0.0
2.225,0.4963575552978772,0.1709028294844893,0.5036424447021228,0.0
2.2291666666666665,0.4963621811006044,0.17069311125936842,0.5036378188993955,0.0
2.2333333333333334,0.4963668036846637,0.17048352153092036,0.5036331963153362,0.0
2.2375000000000003,0.49637142304508797,0.170274060533817,0.503628576954912,0.0
2.2416666666666667,0.49637603917630835,0.1700647284624548,0.5036239608236915,0.0
2.2458333333333336,0.49638065207352494,0.16985552556256645,0.503619347926475,0.0
2.25,0.49638526173197384,0.16964645208228582,0.5036147382680262,0.0
2.254166666666667,0.4963898681468915,0.16943750826973464,0.5036101318531085,0.0
2.2583333333333333,0.4963944713135146,0.1692286943730227,0.5036055286864853,0.0
2.2625,0.4963990712270801,0.16902001064024794,0.5036009287729198,0.0
2.266666666666667,0.4964036678828253,0.16881145731949623,0.5035963321171747,0.0
2.2708333333333335,0.49640826127598736,0.16860303465884158,0.5035917387240127,0.0
2.275,0.49641285140180386,0.16839474290634604,0.5035871485981961,0.0
2.279166666666667,0.4964174382555128,0.16818658231006,0.5035825617444872,0.0
2.2833333333333337,0.4964220218323519,0.16797855311802182,0.503577978167648,0.0
2.2875,0.4964266021275598,0.16777065557825824,0.5035733978724403,0.0
2.2916666666666665,0.4964311791363746,0.16756288993878413,0.5035688208636253,0.0
2.2958333333333334,0.4964357528755746,0.16735525503088727,0.5035642471244254,0.0
2.3000000000000003,0.49644032329285126,0.16714775422991293,0.5035596767071487,0.0
2.3041666666666667,0.4964448904120133,0.16694038590472274,0.5035551095879868,0.0
2.3083333333333336,0.4964494542283201,0.16673315030195343,0.5035505457716799,0.0
2.3125,0.4964540147370437,0.16652604766744014,0.5035459852629562,0.0
2.316666666666667,0.49645857193346826,0.16631907824621678,0.5035414280665317,0.0
2.3208333333333333,0.49646312581289,0.16611224228251578,0.50353687418711,0.0
2.325,0.4964676763706175,0.16590554001976812,0.5035323236293824,0.0
2.329166666666667,0.49647222360197163,0.16569897170060346,0.5035277763980283,0.0
2.3333333333333335,0.49647676750228525,0.16549253756684995,0.5035232324977147,0.0
2.3375,0.4964813080669039,0.16528623785953425,0.5035186919330962,0.0
2.341666666666667,0.49648584529118456,0.1650800728188815,0.5035141547088154,0.0
2.3458333333333337,0.49649037917049726,0.16487404268431538,0.5035096208295027,0.0
2.35,0.4964949097002239,0.16466814769445812,0.5035050902997761,0.0
2.3541666666666665,0.49649943687575854,0.16446238808713035,0.5035005631242414,0.0
2.3583333333333334,0.4965039606930321,0.16425676408572737,0.5034960393069678,0.0
2.3625000000000003,0.49650848114976126,0.1640512758667674,0.5034915188502388,0.0
2.3666666666666667,0.4965129982419153,0.16384592365168002,0.5034870017580847,0.0
2.3708333333333336,0.49651751196525823,0.16364070766675112,0.5034824880347417,0.0
2.375,0.4965220223155765,0.1634356281371962,0.5034779776844235,0.0
2.379166666666667,0.4965265292886792,0.16323068528716053,0.5034734707113208,0.0
2.3833333333333333,0.49653103288039807,0.16302587933971924,0.503468967119602,0.0
2.3875,0.49653553308658716,0.16282121051687712,0.5034644669134128,0.0
2.391666666666667,0.49654002990312346,0.16261667903956906,0.5034599700968766,0.0
2.3958333333333335,0.4965445233259064,0.1624122851276598,0.5034554766740936,0.0
2.4,0.49654901335085794,0.16220802899994405,0.5034509866491421,0.0
2.404166666666667,0.49655349997392295,0.16200391087414662,0.5034465000260772,0.0
2.4083333333333337,0.4965579831910683,0.16179993096692227,0.5034420168089316,0.0
2.4125,0.4965624629982842,0.16159608949385618,0.5034375370017159,0.0
2.4166666666666665,0.49656693939158275,0.16139238666946343,0.5034330606084172,0.0
2.4208333333333334,0.49657141236699903,0.16118882270718943,0.5034285876330009,0.0
2.4250000000000003,0.4965758819205908,0.16098539781940993,0.5034241180794091,0.0
2.4291666666666667,0.4965803480484381,0.16078211221743102,0.503419651951562,0.0
2.4333333333333336,0.4965848107466435,0.16057896611148906,0.5034151892533565,0.0
2.4375,0.4965892700113327,0.16037595971075094,0.5034107299886674,0.0
2.441666666666667,0.4965937258386533,0.160173093223314,0.5034062741613468,0.0
2.4458333333333333,0.49659817822477587,0.15997036685620608,0.5034018217752241,0.0
2.45,0.49660262716589365,0.1597677808153857,0.5033973728341063,0.0
2.454166666666667,0.4966070726582221,0.1595653353057419,0.503392927341778,0.0
2.4583333333333335,0.49661151469799963,0.1593630305310945,0.5033884853020004,0.0
2.4625,0.49661595328148694,0.15916086669419388,0.503384046718513,0.0
2.466666666666667,0.4966203884049675,0.15895884399672136,0.5033796115950325,0.0
2.4708333333333337,0.4966248200647473,0.158756962639289,0.5033751799352527,0.0
2.475,0.49662924825715477,0.1585552228214398,0.5033707517428452,0.0
2.4791666666666665,0.4966336729787113,0.15835362475438794,0.5033663270212886,0.0
2.4833333333333334,0.4966380942261222,0.15815216866038764,0.5033619057738778,0.0
2.4875000000000003,0.49664251199583975,0.157950854740032,0.5033574880041602,0.0
2.4916666666666667,0.4966469262843352,0.15774968319254196,0.5033530737156648,0.0
2.4958333333333336,0.4966513370881036,0.15754865421619813,0.5033486629118963,0.0
2.5,0.4966557444036645,0.15734776800834105,0.5033442555963356,0.0
2.504166666666667,0.4966601482275613,0.1571470247653711,0.5033398517724386,0.0
2.5083333333333333,0.4966645485563621,0.15694642468274886,0.5033354514436379,0.0
2.5125,0.49666894538665873,0.15674596795499518,0.5033310546133413,0.0
2.516666666666667,0.49667333871506747,0.15654565477569116,0.5033266612849326,0.0
2.5208333333333335,0.4966777285382286,0.1563454853374784,0.5033222714617714,0.0
2.525,0.4966821148528069,0.15614545983205919,0.5033178851471932,0.0
2.529166666666667,0.4966864976554909,0.15594557845019635,0.503313502344509,0.0
2.5333333333333337,0.4966908769429938,0.15574584138171382,0.5033091230570061,0.0
2.5375,0.4966952527120528,0.15554624881549622,0.5033047472879472,0.0
2.5416666666666665,0.49669962495942904,0.15534680093948952,0.503300375040571,0.0
2.5458333333333334,0.49670399368190804,0.1551474979407007,0.5032960063180919,0.0
2.5500000000000003,0.49670835887629966,0.1549483400051982,0.5032916411237004,0.0
2.5541666666666667,0.4967127205394375,0.15474932731811178,0.5032872794605624,0.0
2.5583333333333336,0.4967170786681798,0.15455046006363302,0.5032829213318201,0.0
2.5625,0.49672143325940876,0.154351738425015,0.5032785667405913,0.0
2.566666666666667,0.49672578431003056,0.15415316258457262,0.5032742156899694,0.0
2.5708333333333333,0.49673013181697584,0.1539547327236829,0.5032698681830242,0.0
2.575,0.4967344757771991,0.15375644902278474,0.5032655242228009,0.0
2.579166666666667,0.49673881618767946,0.15355831166137932,0.5032611838123207,0.0
2.5833333333333335,0.49674315304541955,0.15336032081803008,0.5032568469545804,0.0
2.5875,0.4967474863474468,0.15316247667036295,0.5032525136525532,0.0
2.591666666666667,0.4967518160908123,0.15296477939506642,0.5032481839091877,0.0
2.5958333333333337,0.49675614227258386,0.15276722916802138,0.5032438577274162,0.0
2.6,0.4967604648886014,0.1525698261850702,0.5032395351113986,0.0
2.6041666666666665,0.4967647839349185,0.15237257063796442,0.5032352160650815,0.0
2.6083333333333334,0.4967690994084522,0.15217546270349394,0.5032309005915478,0.0
2.6125000000000003,0.4967734113061364,0.1519785025576387,0.5032265886938636,0.0
2.6166666666666667,0.49677771962492134,0.15178169037556868,0.5032222803750785,0.0
2.6208333333333336,0.49678202436177404,0.15158502633164397,0.503217975638226,0.0
2.625,0.49678632551367785,0.15138851059941502,0.5032136744863221,0.0
2.629166666666667,0.4967906230776326,0.15119214335162265,0.5032093769223673,0.0
2.6333333333333333,0.496794917050655,0.15099592476019824,0.5032050829493451,0.0
2.6375,0.4967992074297778,0.15079985499626375,0.5032007925702223,0.0
2.641666666666667,0.4968034942120505,0.15060393423013188,0.5031965057879494,0.0
2.6458333333333335,0.49680777739453935,0.15040816263130632,0.5031922226054606,0.0
2.65,0.4968120569743268,0.15021254036848147,0.5031879430256733,0.0
2.654166666666667,0.49681633294851185,0.1500170676095431,0.5031836670514881,0.0
2.6583333333333337,0.49682060531421013,0.14982174452156796,0.5031793946857899,0.0
2.6625,0.49682487406855375,0.1496265712708242,0.5031751259314463,0.0
2.6666666666666665,0.49682913920869126,0.14943154802277142,0.5031708607913088,0.0
2.670833333333334,0.4968334007317878,0.14923667494206064,0.5031665992682122,0.0
2.6750000000000003,0.496837658635025,0.14904195219253466,0.503162341364975,0.0
2.6791666666666667,0.4968419129156009,0.14884737993722794,0.503158087084399,0.0
2.6833333333333336,0.4968461635707302,0.14865295833836678,0.5031538364292698,0.0
2.6875,0.49685041059764395,0.14845868755736952,0.5031495894023561,0.0
2.691666666666667,0.49685465399358975,0.14826456775484656,0.5031453460064103,0.0
2.6958333333333333,0.4968588937558317,0.14807059909060055,0.5031411062441684,0.0
2.6999999999999997,0.4968631298816503,0.1478767817236263,0.5031368701183496,0.0
2.704166666666667,0.49686736236834284,0.14768311581211124,0.5031326376316572,0.0
2.7083333333333335,0.49687159121322266,0.14748960151343513,0.5031284087867773,0.0
2.7125000000000004,0.49687581641362,0.14729623898417046,0.5031241835863801,0.0
2.716666666666667,0.4968800379668322,0.14710302838011918,0.5031199620331677,0.0
2.720833333333333,0.49688425586954693,0.1469099698567409,0.5031157441304531,0.0
2.725,0.4968884701188533,0.14671706356838835,0.5031115298811466,0.0
2.7291666666666665,0.49689268071204945,0.14652430966846047,0.5031073192879506,0.0
2.733333333333334,0.4968968876464463,0.14633170830954925,0.5031031123535538,0.0
2.7375000000000003,0.4969010909193683,0.14613925964344018,0.5030989090806317,0.0
2.7416666666666667,0.49690529052815313,0.14594696382111202,0.5030947094718469,0.0
2.7458333333333336,0.4969094864701518,0.14575482099273687,0.5030905135298482,0.0
2.75,0.49691367874272846,0.14556283130768022,0.5030863212572715,0.0
2.754166666666667,0.49691786734326104,0.1453709949145009,0.5030821326567391,0.0
2.7583333333333333,0.49692205226914016,0.14517931196095119,0.5030779477308599,0.0
2.7624999999999997,0.49692623351777,0.14498778259397685,0.50307376648223,0.0
2.766666666666667,0.4969304110865682,0.14479640695971696,0.5030695889134318,0.0
2.7708333333333335,0.49693458497296544,0.1446051852035042,0.5030654150270345,0.0
2.7750000000000004,0.4969387551744059,0.1444141174698647,0.5030612448255941,0.0
2.779166666666667,0.496942921688347,0.1442232039025181,0.5030570783116531,0.0
2.783333333333333,0.49694708451225916,0.1440324446443775,0.5030529154877408,0.0
2.7875,0.4969512436436267,0.14384183983754975,0.5030487563563733,0.0
2.7916666666666665,0.49695539907994674,0.14365138962333504,0.5030446009200533,0.0
2.795833333333334,0.49695955081872983,0.14346109414222732,0.5030404491812701,0.0
2.8000000000000003,0.4969636988575,0.1432709535339141,0.5030363011425,0.0
2.8041666666666667,0.4969678431937943,0.14308096793727657,0.5030321568062057,0.0
2.8083333333333336,0.4969719838251632,0.14289113749038945,0.5030280161748368,0.0
2.8125,0.4969761207491705,0.1427014623305213,0.5030238792508295,0.0
2.816666666666667,0.4969802539633933,0.1425119425941343,0.5030197460366067,0.0
2.8208333333333333,0.49698438346542195,0.14232257841688437,0.503015616534578,0.0
2.8249999999999997,0.49698850925286003,0.14213336993362116,0.50301149074714,0.0
2.829166666666667,0.4969926313233246,0.14194431727838805,0.5030073686766755,0.0
2.8333333333333335,0.4969967496744459,0.14175542058442228,0.5030032503255542,0.0
2.8375000000000004,0.4970008636876635,0.14156670073598546,0.5029991363123364,0.0
2.841666666666667,0.4970049746792264,0.14137811357299598,0.5029950253207737,0.0
2.845833333333333,0.497009081939033,0.14118968306229662,0.502990918060967,0.0
2.85,0.4970131854657076,0.14100140931325345,0.5029868145342923,0.0
2.8541666666666665,0.49701728525787414,0.14081329243523105,0.502982714742126,0.0
2.858333333333334,0.4970213813141564,0.14062533253759202,0.5029786186858437,0.0
2.8625000000000003,0.49702547363317834,0.14043752972969756,0.5029745263668216,0.0
2.8666666666666667,0.4970295622135639,0.14024988412090705,0.502970437786436,0.0
2.8708333333333336,0.4970336470539371,0.1400623958205783,0.5029663529460628,0.0
2.875,0.49703772815292174,0.13987506493806767,0.5029622718470783,0.0
2.879166666666667,0.4970418055091417,0.13968789158272962,0.5029581944908584,0.0
2.8833333333333333,0.4970458791212207,0.13950087586391732,0.5029541208787793,0.0
2.8874999999999997,0.4970499489877829,0.1393140178909823,0.5029500510122171,0.0
2.891666666666667,0.4970540151074518,0.13912731777327447,0.5029459848925482,0.0
2.8958333333333335,0.49705807747885156,0.1389407756201424,0.5029419225211484,0.0
2.9000000000000004,0.4970621361006058,0.138754391540933,0.5029378638993942,0.0
2.904166666666667,0.4970661909713384,0.13856816564499183,0.5029338090286616,0.0
2.908333333333333,0.4970702420896731,0.13838209804166293,0.5029297579103269,0.0
2.9125,0.4970742894542337,0.1381961888402889,0.5029257105457662,0.0
2.9166666666666665,0.49707833306364396,0.13801043815021097,0.502921666936356,0.0
2.920833333333334,0.49708237291652774,0.1378248460807689,0.5029176270834723,0.0
2.9250000000000003,0.49708640901150847,0.13763941274130112,0.5029135909884915,0.0
2.9291666666666667,0.49709044134721003,0.1374541382411447,0.5029095586527899,0.0
2.9333333333333336,0.49709446992225625,0.13726902268963534,0.5029055300777437,0.0
2.9375,0.4970984947352706,0.1370840661961074,0.5029015052647293,0.0
2.941666666666667,0.49710251578487696,0.136899268869894,0.5028974842151231,0.0
2.9458333333333333,0.4971065330696987,0.13671463082032692,0.5028934669303012,0.0
2.9499999999999997,0.4971105465883596,0.13653015215673664,0.5028894534116404,0.0
2.954166666666667,0.4971145563394833,0.13634583298845243,0.5028854436605166,0.0
2.9583333333333335,0.49711856232325236,0.13616167342356664,0.5028814376767478,0.0
2.9625000000000004,0.49712256454179765,0.13597767356865317,0.5028774354582024,0.0
2.966666666666667,0.4971265629946846,0.13579383353234908,0.5028734370053154,0.0
2.970833333333333,0.49713055768140546,0.13561015342335994,0.5028694423185945,0.0
2.975,0.49713454860145195,0.13542663335040214,0.502865451398548,0.0
2.9791666666666665,0.4971385357543157,0.1352432734222028,0.5028614642456842,0.0
2.983333333333334,0.49714251913948804,0.13506007374749973,0.502857480860512,0.0
2.9875000000000003,0.49714649875645966,0.13487703443504145,0.5028535012435402,0.0
2.9916666666666667,0.4971504746047214,0.1346941555935872,0.5028495253952786,0.0
2.9958333333333336,0.4971544466837634,0.1345114373319068,0.5028455533162366,0.0
3.0,0.48688350728626967,0.14135647088684344,0.5131164927137303,0.0
3.0041666666666664,0.4774972185262707,0.14843854987493108,0.5225027814737292,0.0
3.008333333333333,0.4689475862912684,0.1557509204190246,0.5310524137087316,0.0
3.0124999999999993,0.4611941350981099,0.16328595759649045,0.5388058649018902,0.0
3.0166666666666657,0.454202158614995,0.17103514518307786,0.5457978413850051,0.0
3.020833333333332,0.44794125377694244,0.17898909123453707,0.5520587462230575,0.0
3.0249999999999986,0.44238422255101373,0.18713754377901914,0.5576157774489864,0.0
3.029166666666665,0.4375061487298118,0.1954694334317013,0.562493851270188,0.0
3.0333333333333314,0.43328370672504546,0.20397291841576176,0.5667162932749545,0.0
3.037499999999998,0.42969460242916635,0.2126354448835419,0.5703053975708336,0.0
3.0416666666666643,0.4267171409334302,0.221443816162318,0.5732828590665697,0.0
3.0458333333333307,0.4243298886567834,0.23038427274531373,0.5756701113432167,0.0
3.049999999999997,0.4225114265335655,0.23944257759622958,0.5774885734664346,0.0
3.0541666666666636,0.42124017104869393,0.2486041076862655,0.5787598289513061,0.0
3.05833333333333,0.4204942549321223,0.25785394939428125,0.5795057450678778,0.0
3.0624999999999964,0.4202514559211907,0.26717699683990004,0.5797485440788094,0.0
3.066666666666663,0.42048917296901406,0.27655804843818466,0.5795108270309859,0.0
3.0708333333333293,0.42118442452021615,0.28598190760066045,0.5788155754797839,0.0
3.0749999999999957,0.4223138863582539,0.29543347666783815,0.5776861136417462,0.0
3.079166666666662,0.4238539460121971,0.3048978494819207,0.5761460539878029,0.0
3.0833333333333286,0.4257807758031078,0.31436039864088644,0.5742192241968922,0.0
3.087499999999995,0.42807041883973324,0.3238068569304705,0.5719295811602667,0.0
3.0916666666666615,0.43069888280214147,0.33322339258044936,0.5693011171978585,0.0
3.095833333333328,0.4336422407157893,0.3425966762169257,0.5663577592842106,0.0
3.0999999999999943,0.4368767337062764,0.35191393980587793,0.5631232662937237,0.0
3.1041666666666607,0.4403788696731827,0.3611630296063331,0.5596211303268174,0.0
3.108333333333327,0.4441255221249097,0.37033244924870584,0.5558744778750904,0.0
3.1124999999999936,0.4480940249851912,0.37941139364057963,0.5519059750148089,0.0
3.11666666666666,0.4522622596738149,0.38838977555691234,0.547737740326185,0.0
3.1208333333333265,0.456608733899666,0.39725824489863887,0.5433912661003341,0.0
3.124999999999993,0.4611126532776107,0.4060081996666892,0.5388873467223892,0.0
3.1291666666666593,0.465753984023837,0.4146317895894776,0.534246015976163,0.0
3.1333333333333258,0.4705135051405775,0.42312191428709667,0.5294864948594226,0.0
3.137499999999992,0.47537285268337726,0.4314722142288025,0.5246271473166226,0.0
3.1416666666666586,0.48031455520542304,0.4396770556035015,0.5196854447945769,0.0
3.145833333333325,0.4853220552478631,0.44773151546746737,0.5146779447521368,0.0
3.1499999999999915,0.4903797286995375,0.455631356622992,0.5096202713004625,0.0
3.154166666666658,0.4954728931297388,0.46337300182965896,0.5045271068702613,0.0
3.1583333333333243,0.5005878073148746,0.4709535066153919,0.4994121926851255,0.0
3.1624999999999908,0.5057116673780367,0.4783705262381034,0.4942883326219632,0.0
3.166666666666657,0.5108325922400132,0.4856222857278643,0.48916740775998674,0.0
3.1708333333333236,0.5159396083941882,0.4927075437239063,0.48406039160581193,0.0
3.17499999999999,0.5210226258674041,0.4996255601751711,0.47897737413259583,0.0
3.1791666666666565,0.5260724131525998,0.5063760601919238,0.4739275868474001,0.0
3.183333333333323,0.5310805667194615,0.5129592004223466,0.46891943328053853,0.0
3.1874999999999893,0.536039478632953,0.51937553485658,0.46396052136704713,0.0
3.1916666666666558,0.5409423028162571,0.5256259803943819,0.45905769718374295,0.0
3.195833333333322,0.5457829188945573,0.5317117840671866,0.4542170811054427,0.0
3.1999999999999886,0.5505558928872312,0.5376344940904179,0.4494441071127689,0.0
3.204166666666655,0.5552564399870927,0.5433959291741174,0.44474356001290727,0.0
3.2083333333333215,0.5598803893150618,0.5489981455229943,0.4401196106849381,0.0
3.212499999999988,0.5644241422356953,0.5544434145629896,0.43557585776430474,0.0
3.2166666666666544,0.5688846370900287,0.5597341937257532,0.4311153629099714,0.0
3.220833333333321,0.5732593116864191,0.5648731028507169,0.426740688313581,0.0
3.224999999999987,0.5775460666743177,0.569862902306132,0.42245393332568226,0.0
3.2291666666666536,0.5817432312655344,0.5747064705553003,0.4182567687344656,0.0
3.23333333333332,0.5858495287927187,0.5794067855177619,0.4141504712072813,0.0
3.2374999999999865,0.5898640455617292,0.5839669051378479,0.41013595443827067,0.0
3.241666666666653,0.5937861993454683,0.5883899510837919,0.4062138006545317,0.0
3.2458333333333194,0.5976157099826627,0.5926790933188641,0.40238429001733733,0.0
3.249999999999986,0.6013525714598728,0.5968375360396502,0.39864742854012725,0.0
3.254166666666652,0.604997025688051,0.6008685047766901,0.39500297431194903,0.0
3.2583333333333186,0.6085495379046072,0.6047752346146156,0.3914504620953928,0.0
3.262499999999985,0.6120107731431524,0.6085609599518467,0.38798922685684756,0.0
3.2666666666666515,0.6153815749347439,0.6122289047538819,0.384618425065256,0.0
3.270833333333318,0.6186629444708187,0.6157822745465651,0.38133705552918123,0.0
3.2749999999999844,0.621856021947765,0.6192242488669025,0.378143978052235,0.0
3.279166666666651,0.6249620698268473,0.622557974204153,0.3750379301731527,0.0
3.2833333333333172,0.6279824555306087,0.6257865584826016,0.3720175444693912,0.0
3.2874999999999837,0.6309186371177964,0.6289130660731274,0.36908136288220367,0.0
3.29166666666665,0.6337721502086655,0.6319405137068179,0.3662278497913345,0.0
3.2958333333333165,0.6365445941632881,0.63487186543263,0.363455405836712,0.0
3.299999999999983,0.6392376214542879,0.6377100307328788,0.3607623785457122,0.0
3.3041666666666494,0.641852927404474,0.6404578622914321,0.3581470725955259,0.0
3.308333333333316,0.6443922396154994,0.6431181517113981,0.3556077603845006,0.0
3.3124999999999822,0.6468573104011904,0.6456936297671886,0.3531426895988095,0.0
3.3166666666666487,0.6492499088039367,0.6481869646860796,0.3507500911960633,0.0
3.320833333333315,0.6515718128045375,0.6506007596940846,0.34842818719546254,0.0
3.3249999999999815,0.6538248040508735,0.6529375542950728,0.3461751959491265,0.0
3.329166666666648,0.6560106617396506,0.6551998229515454,0.3439893382603495,0.0
3.3333333333333144,0.6581311571847208,0.6573899741536605,0.34186884281527913,0.0
3.337499999999981,0.6601880502248269,0.6595103522033641,0.33981194977517326,0.0
3.3416666666666472,0.6621830846792476,0.6615632363145746,0.33781691532075236,0.0
3.3458333333333137,0.6641179847623057,0.6635508408089446,0.33588201523769423,0.0
3.34999999999998,0.6659944527705256,0.6654753170018424,0.3340055472294744,0.0
3.3541666666666465,0.6678141658497511,0.6673387527786129,0.33218583415024905,0.0
3.358333333333313,0.6695787738010216,0.6691431735401053,0.33042122619897835,0.0
3.3624999999999794,0.6712898975958204,0.6708905440849333,0.3287101024041797,0.0
3.366666666666646,0.6729491273128142,0.6725827686038253,0.3270508726871859,0.0
3.3708333333333123,0.6745580209305531,0.6742216920781878,0.32544197906944694,0.0
3.3749999999999787,0.6761181034645269,0.6758091020113453,0.323881896535473,0.0
3.379166666666645,0.6776308658291411,0.6773467288553683,0.322369134170859,0.0
3.3833333333333115,0.679097764313213,0.6788362476509691,0.32090223568678694,0.0
3.387499999999978,0.6805202201838303,0.6802792795459109,0.3194797798161697,0.0
3.3916666666666444,0.6818996192397845,0.6816773924932682,0.3181003807602156,0.0
3.395833333333311,0.6832373117132812,0.68303210286584,0.3167626882867189,0.0
3.3999999999999773,0.684534612297197,0.6843448773063151,0.315465387702803,0.0
3.4041666666666437,0.6857928001919236,0.6856171333479438,0.3142071998080763,0.0
3.40833333333331,0.6870131193130061,0.6868502409456861,0.31298688068699393,0.0
3.4124999999999766,0.688196778485678,0.6880455240941609,0.311803221514322,0.0
3.416666666666643,0.6893449519323541,0.6892042618370956,0.31065504806764577,0.0
3.4208333333333094,0.6904587797008696,0.6903276896113408,0.3095412202991305,0.0
3.424999999999976,0.6915393679814364,0.6914170007435851,0.3084606320185635,0.0
3.4291666666666423,0.6925877898192231,0.6924733475724122,0.3074122101807768,0.0
3.4333333333333087,0.6936050857354843,0.693497842692761,0.3063949142645158,0.0
3.437499999999975,0.6945922641113942,0.6944915602883048,0.3054077358886058,0.0
3.4416666666666416,0.6955503019814157,0.6954555373132145,0.3044496980185843,0.0
3.445833333333308,0.6964801458134638,0.6963907746645073,0.3035198541865362,0.0
3.4499999999999744,0.6973827119954662,0.6972982383442528,0.3026172880045338,0.0
3.454166666666641,0.6982588875851984,0.6981788606049898,0.3017411124148016,0.0
3.4583333333333073,0.6991095312033587,0.6990335410810875,0.30089046879664116,0.0
3.4624999999999737,0.6999354735874764,0.6998631478503061,0.3000645264125236,0.0
3.46666666666664,0.7007375182399378,0.7006685184826672,0.29926248176006215,0.0
3.4708333333333066,0.7015164424139909,0.7014504611165067,0.2984835575860091,0.0
3.474999999999973,0.7022729977102824,0.702209755432376,0.29772700228971766,0.0
3.4791666666666394,0.7030079106391925,0.7029471535806935,0.29699208936080745,0.0
3.483333333333306,0.70372188361206,0.7036633812140622,0.29627811638794,0.0
3.4874999999999723,0.7044155955690427,0.7043591383786442,0.2955844044309573,0.0
3.4916666666666387,0.7050897024984729,0.7050351003283828,0.29491029750152703,0.0
3.495833333333305,0.705744838361324,0.7056919184872922,0.29425516163867604,0.0
3.4999999999999716,0.7063816157400014,0.7063302212736274,0.29361838425999864,0.0
3.504166666666638,0.7070006263212132,0.7069506148391791,0.2929993736787868,0.0
3.5083333333333044,0.7076024417285725,0.7075536839281072,0.2923975582714275,0.0
3.512499999999971,0.7081876141692702,0.7081399926407183,0.2918123858307298,0.0
3.5166666666666373,0.7087566768147426,0.7087100850457433,0.2912433231852573,0.0
3.5208333333333037,0.7093101446811667,0.7092644860282129,0.2906898553188332,0.0
3.52499999999997,0.7098485152958803,0.7098037020111904,0.2901514847041198,0.0
3.5291666666666366,0.710372269293793,0.7103282216263167,0.28962773070620695,0.0
3.533333333333303,0.7108818708892091,0.7108385163093481,0.289118129110791,0.0
3.5374999999999694,0.7113777676463898,0.711335040540345,0.2886222323536102,0.0
3.541666666666636,0.7118603920958232,0.7118182329730426,0.2881396079041768,0.0
3.5458333333333023,0.712330162065299,0.7122885169206107,0.287669837934701,0.0
3.5499999999999687,0.7127874811634357,0.7127463009041676,0.2872125188365642,0.0
3.554166666666635,0.7132327390458914,0.7131919790769485,0.28676726095410865,0.0
3.5583333333333016,0.7136663114886789,0.7136259315403349,0.28633368851132107,0.0
3.562499999999968,0.7140885616982772,0.7140485252794047,0.2859114383017229,0.0
3.5666666666666345,0.714499840491639,0.7144601145105703,0.2855001595083611,0.0
3.570833333333301,0.7149004867555954,0.7148610411621846,0.2850995132444045,0.0
3.5749999999999673,0.7152908275747474,0.7152516351447082,0.2847091724252525,0.0
3.5791666666666337,0.7156711786654122,0.7156322147976976,0.28432882133458787,0.0
3.5833333333333,0.7160418451493415,0.7160030875326385,0.2839581548506585,0.0
3.5874999999999666,0.7164031217836111,0.7163645501392933,0.28359687821638885,0.0
3.591666666666633,0.7167552933461303,0.7167168891815174,0.28324470665386975,0.0
3.5958333333332995,0.7170986346510584,0.7170603812541291,0.2829013653489416,0.0
3.599999999999966,0.7174334111583277,0.7173952934403188,0.2825665888416723,0.0
3.6041666666666323,0.7177598794103978,0.7177218836987428,0.28224012058960224,0.0
3.6083333333332988,0.7180782872739696,0.7180404011740503,0.28192171272603034,0.0
3.612499999999965,0.718388874242474,0.7183510865143992,0.281611125757526,0.0
3.6166666666666316,0.7186918715864552,0.7186541720851349,0.28130812841354486,0.0
3.620833333333298,0.7189875028220305,0.7189498823838455,0.28101249717796956,0.0
3.6249999999999645,0.7192759839724177,0.7192384343159222,0.2807240160275824,0.0
3.629166666666631,0.7195575238247841,0.7195200374623019,0.280442476175216,0.0
3.6333333333332973,0.7198323241965654,0.719794894366987,0.28016767580343455,0.0
3.6374999999999638,0.7201005800012025,0.7200632005779974,0.2798994199987975,0.0
3.64166666666663,0.7203624798290711,0.7203251452873533,0.2796375201709289,0.0
3.6458333333332966,0.7206182059427635,0.7205809112527732,0.2793817940572364,0.0
3.649999999999963,0.7208679345870904,0.7208306751404985,0.2791320654129096,0.0
3.6541666666666295,0.7211118361312211,0.7210746077655846,0.278888163868779,0.0
3.658333333333296,0.7213500752644123,0.7213128743058077,0.2786499247355877,0.0
3.6624999999999623,0.7215828113294026,0.721545634453047,0.2784171886705973,0.0
3.6666666666666288,0.7218101984646504,0.7217730426406501,0.27818980153534945,0.0
3.670833333333295,0.7220323858051574,0.7219952482426747,0.27796761419484256,0.0
3.6749999999999616,0.7222495176666529,0.7222123957636108,0.27775048233334704,0.0
3.679166666666628,0.7224617333931954,0.7224246248667466,0.27753826660680453,0.0
3.6833333333332945,0.7226691678711603,0.7226320707191832,0.2773308321288397,0.0
3.687499999999961,0.7228719517741589,0.7228348642070801,0.27712804822584114,0.0
3.6916666666666273,0.7230702116488446,0.7230331320742538,0.27692978835115534,0.0
3.695833333333294,0.723264070094827,0.7232269971047393,0.27673592990517304,0.0
3.69999999999996,0.7234536457719144,0.723416578124324,0.27654635422808554,0.0
3.7041666666666266,0.7236390529054276,0.7236019894756675,0.2763609470945723,0.0
3.708333333333293,0.7238204024925896,0.7237833422776598,0.2761795975074104,0.0
3.7124999999999595,0.7239978021636443,0.723960744273905,0.2760021978363556,0.0
3.716666666666626,0.7241713562673215,0.7241342999165472,0.2758286437326785,0.0
3.7208333333332924,0.724341166023574,0.7243041105207115,0.275658833976426,0.0
3.724999999999959,0.7245073291613584,0.7244702738876186,0.2754926708386417,0.0
3.729166666666625,0.7246699399026478,0.7246328842849549,0.2753300600973522,0.0
3.7333333333332916,0.7248290900380444,0.7247920335536632,0.27517090996195565,0.0
3.737499999999958,0.724984868603666,0.7249478107714978,0.27501513139633393,0.0
3.7416666666666245,0.7251373620037257,0.7251003023764843,0.27486263799627436,0.0
3.745833333333291,0.7252866541074587,0.7252495922658542,0.2747133458925412,0.0
3.7499999999999574,0.7254328256048065,0.7253957611801597,0.27456717439519346,0.0
3.754166666666624,0.7255759548103191,0.7255388874839623,0.2744240451896809,0.0
3.7583333333332902,0.7257161179311211,0.7256790474296386,0.2742838820688789,0.0
3.7624999999999567,0.7258533889492288,0.7258163150492809,0.27414661105077126,0.0
3.766666666666623,0.7259878397241958,0.725950762259053,0.27401216027580433,0.0
3.7708333333332895,0.7261195399580903,0.7260824588129134,0.27388046004190963,0.0
3.774999999999956,0.7262485567169974,0.7262114717709475,0.27375144328300266,0.0
3.7791666666666224,0.7263749554024374,0.7263378665546862,0.27362504459756265,0.0
3.783333333333289,0.7264987995980371,0.7264617067714646,0.27350120040196296,0.0
3.7874999999999552,0.7266201510918415,0.7265830542310324,0.27337984890815853,0.0
3.7916666666666217,0.7267390699604025,0.7267019690298099,0.2732609300395975,0.0
3.795833333333288,0.7268556143820964,0.7268185093567407,0.27314438561790355,0.0
3.7999999999999545,0.7269698405636844,0.7269327314155775,0.2730301594363156,0.0
3.804166666666621,0.7270818033311607,0.7270446900302132,0.2729181966688394,0.0
3.8083333333332874,0.7271915559641247,0.7271544384722031,0.27280844403587534,0.0
3.812499999999954,0.7272991502572923,0.7272620285218703,0.2727008497427077,0.0
3.8166666666666202,0.7274046364576453,0.727367510435266,0.2725953635423547,0.0
3.8208333333332867,0.7275080633493314,0.7274709330237442,0.2724919366506687,0.0
3.824999999999953,0.7276094784366794,0.7275723438082521,0.2723905215633206,0.0
3.8291666666666195,0.727708927934474,0.7276717890266632,0.272291072065526,0.0
3.833333333333286,0.7278064568206053,0.72776931368689,0.2721935431793946,0.0
3.8374999999999524,0.727902108660241,0.7278649613538778,0.27209789133975903,0.0
3.841666666666619,0.7279959258019402,0.7279587743698345,0.27200407419805983,0.0
3.8458333333332853,0.728087949526957,0.7280507940199861,0.27191205047304307,0.0
3.8499999999999517,0.7281782200187553,0.728141060488928,0.2718217799812446,0.0
3.854166666666618,0.7282667763996212,0.7282296128971233,0.2717332236003787,0.0
3.8583333333332845,0.7283536565974055,0.7283164891728886,0.2716463434025945,0.0
3.862499999999951,0.7284388975506011,0.7284017262520422,0.27156110244939896,0.0
3.8666666666666174,0.7285225352668042,0.7284853601355545,0.27147746473319584,0.0
3.870833333333284,0.7286046048227677,0.7285674258906308,0.27139539517723227,0.0
3.8749999999999503,0.7286851403842113,0.72864795767292,0.2713148596157887,0.0
3.8791666666666167,0.7287641750808265,0.7287269886231674,0.27123582491917353,0.0
3.883333333333283,0.7288417412282564,0.7288045510647143,0.2711582587717436,0.0
3.8874999999999496,0.7289178703385603,0.7288806765175799,0.2710821296614397,0.0
3.891666666666616,0.7289925931292653,0.7289553957113185,0.2710074068707347,0.0
3.8958333333332824,0.7290659395290608,0.7290287385862513,0.2709340604709391,0.0
3.899999999999949,0.7291379385918976,0.7291007341860805,0.27086206140810243,0.0
3.9041666666666153,0.7292086186901227,0.7291714108813996,0.27079138130987734,0.0
3.9083333333332817,0.7292780075011087,0.7292407963483364,0.2707219924988913,0.0
3.912499999999948,0.7293461320240441,0.7293089175829671,0.27065386797595586,0.0
3.9166666666666146,0.7294130185446052,0.7293758008690547,0.2705869814553948,0.0
3.920833333333281,0.7294786925542612,0.7294414717028382,0.27052130744573877,0.0
3.9249999999999474,0.7295431790356152,0.729505955064382,0.27045682096438495,0.0
3.929166666666614,0.7296065023850725,0.7295692753455407,0.2703934976149274,0.0
3.9333333333332803,0.729668686430015,0.7296314563674037,0.2703313135699849,0.0
3.9374999999999467,0.7297297544544354,0.7296925214057486,0.27027024554556456,0.0
3.941666666666613,0.7297897292245582,0.7297524932164811,0.27021027077544185,0.0
3.9458333333332796,0.7298486329741141,0.7298113940228821,0.2701513670258859,0.0
3.949999999999946,0.7299064869663885,0.7298692451022324,0.2700935130336115,0.0
3.9541666666666124,0.7299633121185721,0.7299260673780188,0.2700366878814279,0.0
3.958333333333279,0.7300191289654632,0.7299818813867559,0.26998087103453683,0.0
3.9624999999999453,0.7300739575746031,0.7300367071988385,0.26992604242539686,0.0
3.9666666666666117,0.7301278175660587,0.730090564438452,0.26987218243394134,0.0
3.970833333333278,0.7301807281321963,0.7301434723034762,0.2698192718678037,0.0
3.9749999999999446,0.7302327080574228,0.7301954495853545,0.2697672919425772,0.0
3.979166666666611,0.7302837754851184,0.7302465144265966,0.26971622451488164,0.0
3.9833333333332774,0.7303339480354126,0.730296684442384,0.2696660519645874,0.0
3.987499999999944,0.730383243102353,0.7303459770283561,0.26961675689764697,0.0
3.9916666666666103,0.7304316776960222,0.730394409196141,0.26956832230397776,0.0
3.9958333333332767,0.7304792684580683,0.730441997588855,0.2695207315419317,0.0
3.999999999999943,0.724629385462518,0.7245887124088598,0.275370614537482,0.0
4.00416666666661,0.7188002593762234,0.7187562352860333,0.28119974062377656,0.0
4.008333333333276,0.7129978856124268,0.7129505610793777,0.28700211438757306,0.0
4.0124999999999424,0.707228164668253,0.7071775896164694,0.292771835331747,0.0
4.016666666666609,0.7014968784010561,0.7014431019714522,0.298503121598944,0.0
4.020833333333275,0.6958096395353188,0.6957527099785593,0.30419036046468123,0.0
4.024999999999942,0.69017188552885,0.6901118501025971,0.30982811447115,0.0
4.029166666666608,0.684588854523197,0.6845257593955312,0.31541114547680305,0.0
4.033333333333275,0.6790655668375025,0.6789994569967475,0.3209344331624976,0.0
4.037499999999941,0.6736068192129259,0.6735377383831695,0.32639318078707424,0.0
4.0416666666666075,0.6682171527836184,0.6681451433489923,0.3317828472163816,0.0
4.045833333333274,0.6629008604728546,0.6628259634071292,0.3370991395271453,0.0
4.04999999999994,0.6576619587625794,0.6575842135681101,0.34233804123742057,0.0
4.054166666666607,0.6525041806634028,0.6524236253177357,0.3474958193365971,0.0
4.058333333333273,0.6474309873136257,0.6473476582215988,0.3525690126863744,0.0
4.06249999999994,0.6424455476161005,0.6423594795714396,0.3575544523838994,0.0
4.066666666666606,0.6375507394837804,0.637461965637839,0.3624492605162196,0.0
4.0708333333332725,0.6327491488848196,0.6326577007227988,0.3672508511151805,0.0
4.074999999999939,0.6280430712226024,0.627948978546968,0.3719569287773976,0.0
4.079166666666605,0.6234345128869011,0.6233378038079778,0.37656548711309884,0.0
4.083333333333272,0.6189251971786172,0.6188258981116507,0.38107480282138284,0.0
4.087499999999938,0.6145165678298745,0.6144147034988179,0.38548343217012543,0.0
4.091666666666605,0.6102097994582775,0.6101053929050436,0.38979020054172264,0.0
4.095833333333271,0.606005796742651,0.6058988693435359,0.39399420325734913,0.0
4.0999999999999375,0.6019052126059404,0.6017957840918228,0.3980947873940596,0.0
4.104166666666604,0.597908459182623,0.5977965476637507,0.4020915408173769,0.0
4.10833333333327,0.5940157046245642,0.593901326622346,0.4059842953754358,0.0
4.112499999999937,0.5902269034762738,0.590110073955563,0.4097730965237261,0.0
4.116666666666603,0.5865417958043483,0.5864225282116357,0.41345820419565177,0.0
4.12083333333327,0.5829599157995715,0.5828382221051694,0.4170400842004285,0.0
4.124999999999936,0.5794806234439125,0.5793565141829415,0.4205193765560874,0.0
4.1291666666666025,0.5761030948611545,0.5759765791814145,0.42389690513884554,0.0
4.133333333333269,0.5728263445282443,0.572697430238138,0.4271736554717557,0.0
4.137499999999935,0.5696492468039523,0.5695179404199213,0.4303507531960477,0.0
4.141666666666602,0.5665705284766519,0.5664368352762899,0.43342947152334815,0.0
4.145833333333268,0.5635887975895104,0.5634527216618571,0.4364112024104895,0.0
4.149999999999935,0.5607025525840821,0.5605640968810351,0.43929744741591803,0.0
4.154166666666601,0.5579101823647927,0.5577693487556512,0.4420898176352072,0.0
4.1583333333332675,0.5552099946666256,0.5550667839884742,0.44479000533337437,0.0
4.162499999999934,0.5526002162562944,0.5524546283667349,0.44739978374370565,0.0
4.1666666666666,0.5500790044910672,0.5499310383202455,0.4499209955089329,0.0
4.170833333333267,0.5476444574723603,0.5474941110743063,0.4523555425276396,0.0
4.174999999999933,0.5452946280989547,0.5451418987008146,0.4547053719010453,0.0
4.1791666666666,0.5430275340207714,0.5428724180706468,0.4569724659792285,0.0
4.183333333333266,0.5408411511409462,0.5406836443588072,0.4591588488590536,0.0
4.1874999999999325,0.538733435801603,0.5385735332249844,0.46126656419839684,0.0
4.191666666666599,0.5367023315094258,0.5365400275378432,0.46329766849057424,0.0
4.195833333333265,0.5347457676951444,0.5345810561354658,0.46525423230485563,0.0
4.199999999999932,0.5328616727266018,0.5326945468349445,0.46713832727339816,0.0
4.204166666666598,0.5310479794041233,0.5308784319262432,0.4689520205958768,0.0
4.208333333333265,0.5293026264512745,0.5291306496625616,0.47069737354872554,0.0
4.212499999999931,0.5276235668679351,0.5274491526106985,0.47237643313206484,0.0
4.2166666666665975,0.52600877219176,0.5258319119108916,0.47399122780824,0.0
4.220833333333264,0.5244562337582709,0.5242769185361704,0.4755437662417291,0.0
4.22499999999993,0.522963968856799,0.5227821894458093,0.4770360311432009,0.0
4.229166666666597,0.5215300237586167,0.5213457706118657,0.4784699762413832,0.0
4.233333333333263,0.5201524747524195,0.5199657380536729,0.47984752524758056,0.0
4.23749999999993,0.5188294323085084,0.5186402019998555,0.4811705676914916,0.0
4.241666666666596,0.5175590430510808,0.5173673088591159,0.48244095694891914,0.0
4.2458333333332625,0.5163394902951463,0.5161452417561134,0.48366050970485375,0.0
4.249999999999929,0.5151689970795796,0.5149722235625038,0.4848310029204203,0.0
4.254166666666595,0.5140458274457893,0.5138465181741617,0.48595417255421075,0.0
4.258333333333262,0.5129682863127174,0.5127664303852404,0.48703171368728265,0.0
4.262499999999928,0.5119347204845471,0.5117303068944808,0.48806527951545287,0.0
4.266666666666595,0.5109435200406656,0.5107365376935823,0.4890564799593344,0.0
4.270833333333261,0.5099931183631315,0.509783556093582,0.49000688163686856,0.0
4.2749999999999275,0.5090819923173238,0.5088698389043432,0.49091800768267624,0.0
4.279166666666594,0.508208662327865,0.5079939065093517,0.491791337672135,0.0
4.28333333333326,0.5073716922389624,0.5071543227250092,0.4926283077610376,0.0
4.287499999999927,0.5065696894718792,0.5063496949569286,0.4934303105281208,0.0
4.291666666666593,0.5058013044412105,0.5055786736153475,0.4941986955587894,0.0
4.29583333333326,0.5050652298800908,0.5048399514395249,0.49493477011990905,0.0
4.299999999999926,0.5043602006280946,0.5041322632846426,0.4956397993719054,0.0
4.3041666666665925,0.5036849935910329,0.5034543860805214,0.49631500640896714,0.0
4.308333333333259,0.5030384260531191,0.5028051371434669,0.49696157394688084,0.0
4.312499999999925,0.5024193551526278,0.5021833736511142,0.4975806448473721,0.0
4.316666666666592,0.5018266780879542,0.5015879928473389,0.4981733219120459,0.0
4.320833333333258,0.5012593304634789,0.5010179303878537,0.4987406695365211,0.0
4.324999999999925,0.5007162851802512,0.5004721592304122,0.4992837148197487,0.0
4.329166666666591,0.5001965521290651,0.4999496893270421,0.4998034478709349,0.0
4.3333333333332575,0.49969917767864314,0.4994495671114931,0.5003008223213569,0.0
4.337499999999924,0.4992232426745692,0.4989708734981993,0.5007767573254307,0.0
4.34166666666659,0.4987678618827815,0.4985127233251292,0.5012321381172186,0.0
4.345833333333257,0.4983321841557301,0.4980742655189399,0.5016678158442699,0.0
4.349999999999923,0.4979153900582371,0.497654680721153,0.5020846099417628,0.0
4.35416666666659,0.49751669097019235,0.49725318039046307,0.5024833090298075,0.0
4.358333333333256,0.497135328111953,0.4968690058278208,0.5028646718880471,0.0
4.3624999999999226,0.4967705721522171,0.4965014277837027,0.503229427847783,0.0
4.366666666666589,0.49642172357134423,0.49614974682042473,0.5035782764286557,0.0
4.370833333333255,0.49608810975667045,0.49581329040824146,0.5039118902433296,0.0
4.374999999999922,0.4957690850026457,0.49549141292474264,0.5042309149973543,0.0
4.379166666666588,0.49546402991704536,0.4951834950606552,0.5045359700829547,0.0
4.383333333333255,0.4951723488970055,0.49488894129659117,0.5048276511029944,0.0
4.387499999999921,0.49489346952112895,0.49460717929484627,0.5051065304788711,0.0
4.391666666666588,0.4946268435421835,0.49433766089087405,0.5053731564578166,0.0
4.395833333333254,0.4943719453818301,0.49407986058822395,0.5056280546181698,0.0
4.39999999999992,0.4941282714188471,0.4938332748465546,0.5058717285811529,0.0
4.404166666666587,0.49389533721579576,0.4935974193093529,0.5061046627842043,0.0
4.408333333333253,0.4936726784820989,0.49337182976589006,0.5063273215179012,0.0
4.41249999999992,0.4934598506102559,0.4931560616871529,0.506540149389744,0.0
4.416666666666586,0.49325642763504945,0.492949689185139,0.5067435723649505,0.0
4.420833333333253,0.49306200144947043,0.49275230422874455,0.5069379985505296,0.0
4.424999999999919,0.49287618044166503,0.4925635152810685,0.507123819558335,0.0
4.429166666666585,0.4926985897920158,0.4923829475958342,0.5073014102079842,0.0
4.433333333333252,0.4925288706642443,0.4922102424085343,0.5074711293357558,0.0
4.437499999999918,0.4923666796055987,0.4920450563365528,0.5076333203944013,0.0
4.441666666666585,0.4922116875858022,0.49188706041830405,0.5077883124141978,0.0
4.445833333333251,0.49206357905102116,0.4917359391674167,0.5079364209489788,0.0
4.449999999999918,0.49192205223032215,0.4915913908785975,0.508077947769678,0.0
4.454166666666584,0.49178681824868625,0.4914531267408483,0.5082131817513138,0.0
4.45833333333325,0.491657600604389,0.4913208703148299,0.5083423993956111,0.0
4.462499999999917,0.49153413464734685,0.4911943570112105,0.5084658653526533,0.0
4.466666666666583,0.49141616711782987,0.49107333362935474,0.5085838328821702,0.0
4.47083333333325,0.49130345571083883,0.490957557921676,0.5086965442891611,0.0
4.474999999999916,0.4911957686446952,0.4908467981622119,0.5088042313553048,0.0
4.479166666666583,0.4910928842317997,0.49074083271738306,0.5089071157682002,0.0
4.483333333333249,0.49099459015514335,0.4906394493227302,0.5090054098448566,0.0
4.4874999999999154,0.49090068341393767,0.49054244502830935,0.5090993165860623,0.0
4.491666666666582,0.49081096989632755,0.49044962577144446,0.5091890301036724,0.0
4.495833333333248,0.49072526400063016,0.4903608059979849,0.5092747359993699,0.0
4.499999999999915,0.4906433881899926,0.49027580821704425,0.5093566118100075,0.0
4.504166666666581,0.490565172434875,0.49019446244366593,0.509434827565125,0.0
4.508333333333248,0.49049045431656346,0.4901166063020345,0.5095095456834365,0.0
4.512499999999914,0.49041907858921163,0.4900420845876267,0.5095809214107884,0.0
4.5166666666665805,0.49035089689219996,0.4899707489795794,0.5096491031078001,0.0
4.520833333333247,0.4902857674674516,0.4899024577580201,0.5097142325325484,0.0
4.524999999999913,0.4902235543951333,0.48983707504017243,0.5097764456048667,0.0
4.52916666666658,0.4901641277933533,0.4897744709797204,0.5098358722066468,0.0
4.533333333333246,0.49010736364815627,0.4897145215967584,0.5098926363518437,0.0
4.537499999999913,0.4900531434669,0.48965710843126986,0.5099468565331,0.0
4.541666666666579,0.4900013540656159,0.4896021183304944,0.509998645934384,0.0
4.5458333333332455,0.48995188716015453,0.48954944304024756,0.5100481128398454,0.0
4.549999999999912,0.48990463898469566,0.4894989788235987,0.5100953610153043,0.0
4.554166666666578,0.4898595105691145,0.48945062673786877,0.5101404894308856,0.0
4.558333333333245,0.4898164073491232,0.48940429224495297,0.5101835926508768,0.0
4.562499999999911,0.48977523898262054,0.4893598850276916,0.5102247610173795,0.0
4.566666666666578,0.4897359191577263,0.48931731879793916,0.5102640808422737,0.0
4.570833333333244,0.48969836521565324,0.4892765109196373,0.5103016347843468,0.0
4.5749999999999105,0.4896624982271204,0.48923738248505033,0.5103375017728796,0.0
4.579166666666577,0.48962824281623135,0.48919985813868194,0.5103717571837686,0.0
4.583333333333243,0.489595526983454,0.48916386590030164,0.5104044730165461,0.0
4.58749999999991,0.4895642819709368,0.48912933703027595,0.5104357180290632,0.0
4.591666666666576,0.4895344419938512,0.4890962057610507,0.5104655580061488,0.0
4.595833333333243,0.4895059441098033,0.4890644091665887,0.5104940558901967,0.0
4.599999999999909,0.4894787282736324,0.48903388721702984,0.5105212717263675,0.0
4.6041666666665755,0.4894527371334489,0.489004582574825,0.5105472628665512,0.0
4.608333333333242,0.4894279159226081,0.4889764404867258,0.5105720840773919,0.0
4.612499999999908,0.48940421232317693,0.48894940864729663,0.5105957876768231,0.0
4.616666666666575,0.48938157619689154,0.4889234369300477,0.5106184238031084,0.0
4.620833333333241,0.48935995971600116,0.48889847751808685,0.5106400402839989,0.0
4.624999999999908,0.48933931721654683,0.4888744847574652,0.5106606827834531,0.0
4.629166666666574,0.48931960509472344,0.4888514150535692,0.5106803949052766,0.0
4.6333333333332405,0.4893007817252931,0.48882922678954827,0.5106992182747068,0.0
4.637499999999907,0.48928280724818435,0.48880788011305765,0.5107171927518157,0.0
4.641666666666573,0.489265643559783,0.48878733692750226,0.510734356440217,0.0
4.64583333333324,0.48924925432056154,0.48876756089960244,0.5107507456794386,0.0
4.649999999999906,0.4892336048333009,0.4887485173376805,0.510766395166699,0.0
4.654166666666573,0.48921866197952724,0.48873017312810757,0.5107813380204728,0.0
4.658333333333239,0.4892043941126783,0.4887124966285277,0.5107956058873218,0.0
4.6624999999999055,0.4891907708802455,0.4886954574901322,0.5108092291197546,0.0
4.666666666666572,0.489177763362725,0.488679026796428,0.510822236637275,0.0
4.670833333333238,0.4891653439530029,0.4886631769427,0.5108346560469972,0.0
4.674999999999905,0.48915348629757466,0.48864788157724914,0.5108465137024254,0.0
4.679166666666571,0.4891421652449059,0.4886331155497658,0.510857834755094,0.0
4.683333333333238,0.4891313566826129,0.48861885474864253,0.5108686433173871,0.0
4.687499999999904,0.4891210375828066,0.4886050761462364,0.5108789624171934,0.0
4.6916666666665705,0.4891111859862407,0.48859175778299824,0.5108888140137593,0.0
4.695833333333237,0.48910178092965595,0.48857887869485994,0.5108982190703439,0.0
4.699999999999903,0.4890928024077152,0.4885664188751781,0.5109071975922848,0.0
4.70416666666657,0.48908423129540907,0.4885543591971918,0.5109157687045909,0.0
4.708333333333236,0.4890760492543543,0.48854268132039463,0.5109239507456457,0.0
4.712499999999903,0.489068238820083,0.48853136777770223,0.5109317611799169,0.0
4.716666666666569,0.4890607833215297,0.4885204018949996,0.5109392166784703,0.0
4.7208333333332355,0.4890536668482461,0.48850976775836574,0.510946333151754,0.0
4.724999999999902,0.48904687421622844,0.48849945017991425,0.5109531257837716,0.0
4.729166666666568,0.48904039085553336,0.48848943458551136,0.5109596091444667,0.0
4.733333333333235,0.48903420286516297,0.4884797070695791,0.510965797134837,0.0
4.737499999999901,0.4890282969885442,0.48847025437057984,0.5109717030114559,0.0
4.741666666666568,0.48902266057200944,0.4884610638295229,0.5109773394279905,0.0
4.745833333333234,0.48901728154200796,0.48845212336718286,0.510982718457992,0.0
4.7499999999999005,0.4890121483483831,0.4884434214274222,0.5109878516516169,0.0
4.754166666666567,0.48900724992233974,0.48843494693519124,0.5109927500776603,0.0
4.758333333333233,0.4890025757243693,0.48842668934438027,0.5109974242756307,0.0
4.7624999999999,0.4889981156938465,0.4884186385874578,0.5110018843061535,0.0
4.766666666666566,0.488993860230354,0.4884107850568021,0.511006139769646,0.0
4.770833333333233,0.4889898001702746,0.48840311958130467,0.5110101998297255,0.0
4.774999999999899,0.4889859267169043,0.48839563335655384,0.5110140732830958,0.0
4.7791666666665655,0.4889822314848808,0.48838831798919663,0.5110177685151192,0.0
4.783333333333232,0.48897870647611147,0.48838116547288163,0.5110212935238885,0.0
4.787499999999898,0.48897534405725446,0.48837416816575524,0.5110246559427456,0.0
4.791666666666565,0.4889721369116066,0.4883673187423958,0.5110278630883933,0.0
4.795833333333231,0.48896907815935464,0.48836061031390504,0.5110309218406452,0.0
4.799999999999898,0.48896616104872925,0.48835403611943307,0.5110338389512706,0.0
4.804166666666564,0.4889633792321571,0.4883475898019786,0.5110366207678428,0.0
4.8083333333332305,0.4889607266453056,0.4883412652875734,0.5110392733546945,0.0
4.812499999999897,0.4889581974988807,0.48833505677707967,0.5110418025011193,0.0
4.816666666666563,0.48895578626058156,0.4883289587281589,0.5110442137394184,0.0
4.82083333333323,0.48895348760424107,0.4883229658044693,0.5110465123957589,0.0
4.824999999999896,0.48895129647155333,0.4883170729373056,0.5110487035284466,0.0
4.829166666666563,0.48894920804332925,0.48831127529688273,0.5110507919566707,0.0
4.833333333333229,0.488947217725188,0.48830556827803817,0.5110527822748119,0.0
4.8374999999998956,0.48894532113865513,0.4882999474913334,0.5110546788613448,0.0
4.841666666666562,0.48894351411226283,0.4882944087541582,0.5110564858877372,0.0
4.845833333333228,0.48894179265145266,0.48828894806066697,0.5110582073485475,0.0
4.849999999999895,0.4889401528832409,0.4882835615265115,0.5110598471167591,0.0
4.854166666666561,0.48893859114365834,0.4882782454761587,0.5110614088563415,0.0
4.858333333333228,0.4889371039320688,0.48827299639726374,0.5110628960679312,0.0
4.862499999999894,0.4889356878973936,0.48826781092690746,0.5110643121026064,0.0
4.866666666666561,0.48893433982822504,0.4882626858417181,0.511065660171775,0.0
4.870833333333227,0.4889330566429395,0.4882576180479931,0.5110669433570605,0.0
4.874999999999893,0.48893183543093877,0.48825260462287845,0.5110681645690611,0.0
4.87916666666656,0.48893067348820474,0.4882476428498676,0.5110693265117953,0.0
4.883333333333226,0.4889295681619055,0.48824273006361807,0.5110704318380945,0.0
4.887499999999893,0.4889285169073212,0.48823786370679517,0.5110714830926787,0.0
4.891666666666559,0.48892751728198847,0.48823304132422124,0.5110724827180115,0.0
4.895833333333226,0.48892656693748987,0.48822826055467267,0.5110734330625102,0.0
4.899999999999892,0.48892566361124234,0.48822351912267725,0.5110743363887578,0.0
4.904166666666558,0.48892480521313164,0.48821881492501973,0.5110751947868684,0.0
4.908333333333225,0.4889239898196385,0.48821414602487084,0.5110760101803614,0.0
4.912499999999891,0.48892321551042317,0.488209510488603,0.5110767844895768,0.0
4.916666666666558,0.4889224804454201,0.48820490646277315,0.5110775195545799,0.0
4.920833333333224,0.48892178285922355,0.488200332168513,0.5110782171407764,0.0
4.924999999999891,0.48892112105513524,0.4881957858955829,0.5110788789448648,0.0
4.929166666666557,0.48892049339947996,0.4881912659966933,0.5110795066005199,0.0
4.933333333333223,0.48891989839374445,0.4881867709595334,0.5110801016062556,0.0
4.93749999999989,0.48891933462476533,0.48818229935702867,0.5110806653752347,0.0
4.941666666666556,0.48891880069804855,0.4881778497807581,0.5110811993019515,0.0
4.945833333333223,0.48891829527573705,0.488173420878864,0.5110817047242628,0.0
4.949999999999889,0.4889178170720906,0.48816901135153606,0.5110821829279094,0.0
4.954166666666556,0.4889173648489638,0.48816461994649424,0.5110826351510362,0.0
4.958333333333222,0.4889169370580969,0.48816024510182626,0.5110830629419032,0.0
4.9624999999998884,0.4889165335374914,0.48815588663976284,0.5110834664625086,0.0
4.966666666666555,0.4889161526079324,0.488151542867638,0.5110838473920676,0.0
4.970833333333221,0.48891579330103824,0.48814721280253576,0.5110842066989617,0.0
4.974999999999888,0.4889154546746473,0.48814289548771767,0.5110845453253527,0.0
4.979166666666554,0.48891513581281604,0.48813858999262,0.511084864187184,0.0
4.983333333333221,0.48891483582581835,0.48813429541285247,0.5110851641741816,0.0
4.987499999999887,0.4889145538552839,0.488130010875327,0.5110854461447162,0.0
4.9916666666665535,0.4889142891449475,0.48812573560889183,0.5110857108550524,0.0
4.99583333333322,0.48891404094290786,0.48812146884674457,0.5110859590570922,0.0
4.999999999999886,0.488913808508634,0.48811720983342805,0.5110861914913661,0.0
5.004166666666553,0.488913591132418,0.48811295784424996,0.5110864088675819,0.0
5.008333333333219,0.48891338813537444,0.48810871218528123,0.5110866118646257,0.0
5.012499999999886,0.4889131988694388,0.48810447219335357,0.5110868011305613,0.0
5.016666666666552,0.48891302271736775,0.4881002372360585,0.5110869772826322,0.0
5.0208333333332185,0.48891285909126164,0.48809600671027037,0.5110871409087384,0.0
5.024999999999885,0.48891270742613485,0.48809178003572323,0.5110872925738651,0.0
5.029166666666551,0.4889125671919447,0.4880875566670244,0.5110874328080552,0.0
5.033333333333218,0.488912437889991,0.4880833360900572,0.5110875621100089,0.0
5.037499999999884,0.48891231905191035,0.48807911782097485,0.5110876809480897,0.0
5.041666666666551,0.48891221023967546,0.48807490140619897,0.5110877897603244,0.0
5.045833333333217,0.4889121110455956,0.4880706864224186,0.5110878889544044,0.0
5.0499999999998835,0.48891202109231524,0.4880664724765878,0.5110879789076846,0.0
5.05416666666655,0.48891193997924437,0.4880622591524451,0.5110880600207557,0.0
5.058333333333216,0.488911867216277,0.48805804594434593,0.5110881327837229,0.0
5.062499999999883,0.4889118024313727,0.48805383246449335,0.5110881975686273,0.0
5.066666666666549,0.48891174527988357,0.48804961835241556,0.5110882547201164,0.0
5.070833333333216,0.4889116954386613,0.4880454032690826,0.5110883045613387,0.0
5.074999999999882,0.4889116526060569,0.4880411868969047,0.511088347393943,0.0
5.0791666666665485,0.48891161650192133,0.4880369689397319,0.5110883834980786,0.0
5.083333333333215,0.4889115868676044,0.48803274912285277,0.5110884131323956,0.0
5.087499999999881,0.48891156339928166,0.4880285271264356,0.5110884366007183,0.0
5.091666666666548,0.48891154576397494,0.4880243026015233,0.5110884542360251,0.0
5.095833333333214,0.4889115337068769,0.4880200752771707,0.5110884662931232,0.0
5.099999999999881,0.4889115269883276,0.48801584489752925,0.5110884730116725,0.0
5.104166666666547,0.4889115253836219,0.488011611221654,0.5110884746163782,0.0
5.1083333333332135,0.4889115286830092,0.4880073740235023,0.5110884713169909,0.0
5.11249999999988,0.48891153669169296,0.4880031330919336,0.5110884633083072,0.0
5.116666666666546,0.488911549228856,0.487998888229735,0.5110884507711441,0.0
5.120833333333213,0.48891156606972863,0.4879946391957914,0.5110884339302715,0.0
5.124999999999879,0.4889115870038843,0.4879903857632797,0.5110884129961157,0.0
5.129166666666546,0.4889116118581039,0.4879861277424918,0.5110883881418962,0.0
5.133333333333212,0.48891164047007424,0.4879818649545786,0.5110883595299257,0.0
5.1374999999998785,0.48891167268838825,0.4879775972315495,0.5110883273116117,0.0
5.141666666666545,0.4889117083725442,0.4879733244162715,0.5110882916274557,0.0
5.145833333333211,0.48891174739294646,0.48796904636246935,0.5110882526070535,0.0
5.149999999999878,0.4889117896250394,0.4879647629288694,0.5110882103749605,0.0
5.154166666666544,0.48891183488620243,0.4879604739162089,0.5110881651137976,0.0
5.158333333333211,0.4889118830336268,0.4879561791649371,0.5110881169663732,0.0
5.162499999999877,0.48891193394943505,0.48795187854036043,0.511088066050565,0.0
5.1666666666665435,0.488911987523915,0.48794757191590626,0.5110880124760849,0.0
5.17083333333321,0.48891204365551977,0.4879432591731223,0.5110879563444801,0.0
5.174999999999876,0.4889121022508678,0.4879389402016765,0.5110878977491322,0.0
5.179166666666543,0.4889121632247423,0.48793461489935597,0.5110878367752577,0.0
5.183333333333209,0.4889122265000922,0.48793028317206755,0.5110877734999077,0.0
5.187499999999876,0.4889122920080313,0.4879259449338371,0.5110877079919687,0.0
5.191666666666542,0.4889123596687942,0.48792160008779933,0.5110876403312058,0.0
5.1958333333332085,0.4889124293302199,0.4879172484647968,0.5110875706697801,0.0
5.199999999999875,0.488912500901925,0.4879128899573061,0.511087499098075,0.0
5.204166666666541,0.48891257430755153,0.487908524471772,0.5110874256924484,0.0
5.208333333333208,0.48891264947552354,0.4879041519193814,0.5110873505244764,0.0
5.212499999999874,0.48891272633904576,0.4878997722160613,0.5110872736609542,0.0
5.216666666666541,0.4889128048361042,0.48789538528247944,0.5110871951638959,0.0
5.220833333333207,0.48891288490946616,0.4878909910440442,0.5110871150905338,0.0
5.2249999999998735,0.48891296650668026,0.48788658943090396,0.5110870334933196,0.0
5.22916666666654,0.48891304958007625,0.4878821803779472,0.5110869504199238,0.0
5.233333333333206,0.48891313406944137,0.4878777638075088,0.5110868659305586,0.0
5.237499999999873,0.4889132198913375,0.48787333961870594,0.5110867801086626,0.0
5.241666666666539,0.4889133069937762,0.48786890774201863,0.5110866930062238,0.0
5.245833333333206,0.48891339532901146,0.4878644681121288,0.5110866046709887,0.0
5.249999999999872,0.4889134848524883,0.4878600206668707,0.5110865151475116,0.0
5.2541666666665385,0.4889135755228434,0.4878555653472313,0.5110864244771565,0.0
5.258333333333205,0.4889136673019045,0.48785110209734955,0.5110863326980954,0.0
5.262499999999871,0.48891376015469074,0.48784663086451685,0.5110862398453093,0.0
5.266666666666538,0.4889138540494125,0.4878421515991765,0.5110861459505874,0.0
5.270833333333204,0.4889139489574695,0.4878376642549214,0.5110860510425305,0.0
5.274999999999871,0.4889140448349278,0.4878331687700015,0.5110859551650723,0.0
5.279166666666537,0.48891414163458,0.4878286650793647,0.5110858583654201,0.0
5.2833333333332035,0.48891423932580647,0.4878241531344856,0.5110857606741935,0.0
5.28749999999987,0.4889143378801527,0.48781963288896624,0.5110856621198474,0.0
5.291666666666536,0.4889144372713282,0.48781510429853453,0.5110855627286718,0.0
5.295833333333203,0.4889145374752076,0.48781056732104566,0.5110854625247924,0.0
5.299999999999869,0.48891463846982997,0.48780602191648076,0.51108536153017,0.0
5.304166666666536,0.4889147402353991,0.48780146804694763,0.511085259764601,0.0
5.308333333333202,0.48891484275428343,0.48779690567668027,0.5110851572457166,0.0
5.3124999999998685,0.48891494557918247,0.4877923343532854,0.5110850544208176,0.0
5.316666666666535,0.48891504969020005,0.4877877550078627,0.5110849503097998,0.0
5.320833333333201,0.4889151544277844,0.48778316698177027,0.5110848455722157,0.0
5.324999999999868,0.4889152597823381,0.4877785702468382,0.5110847402176619,0.0
5.329166666666534,0.48891536574426414,0.48777396477489704,0.5110846342557358,0.0
5.333333333333201,0.4889154723039655,0.4877693505377779,0.5110845276960344,0.0
5.337499999999867,0.4889155794518452,0.48776472750731237,0.5110844205481548,0.0
5.341666666666534,0.488915687178306,0.4877600956553321,0.5110843128216941,0.0
5.3458333333332,0.48891579547375075,0.48775545495366934,0.5110842045262491,0.0
5.349999999999866,0.4889159043285826,0.48775080537415705,0.5110840956714174,0.0
5.354166666666533,0.48891601373206894,0.487746146887449,0.5110839862679312,0.0
5.358333333333199,0.4889161236654397,0.48774147945585317,0.5110838763345603,0.0
5.362499999999866,0.488916234115581,0.48773680304755185,0.5110837658844191,0.0
5.366666666666532,0.48891634507103343,0.487732117632446,0.5110836549289667,0.0
5.370833333333199,0.4889164565203379,0.4877274231804372,0.5110835434796621,0.0
5.374999999999865,0.48891656845203507,0.4877227196614276,0.511083431547965,0.0
5.379166666666531,0.48891668085466583,0.4877180070453196,0.5110833191453341,0.0
5.383333333333198,0.488916793716771,0.4877132853020165,0.5110832062832291,0.0
5.387499999999864,0.48891690702689117,0.4877085544014217,0.5110830929731088,0.0
5.391666666666531,0.4889170207735673,0.4877038143134393,0.5110829792264328,0.0
5.395833333333197,0.48891713494534006,0.4876990650079739,0.5110828650546599,0.0
5.399999999999864,0.4889172495307504,0.4876943064549308,0.5110827504692497,0.0
5.40416666666653,0.48891736452088,0.4876895386264829,0.5110826354791199,0.0
5.408333333333196,0.4889174799214477,0.48768476150786505,0.5110825200785523,0.0
5.412499999999863,0.4889175957270587,0.4876799750743946,0.5110824042729413,0.0
5.416666666666529,0.48891771192970634,0.487675179299059,0.5110822880702937,0.0
5.420833333333196,0.48891782852138405,0.4876703741548457,0.511082171478616,0.0
5.424999999999862,0.4889179454940852,0.4876655596147428,0.5110820545059148,0.0
5.429166666666529,0.4889180628398031,0.4876607356517386,0.5110819371601969,0.0
5.433333333333195,0.4889181805505312,0.48765590223882205,0.5110818194494687,0.0
5.4374999999998614,0.48891829861826275,0.487651059348982,0.5110817013817371,0.0
5.441666666666528,0.48891841703499134,0.4876462069552084,0.5110815829650087,0.0
5.445833333333194,0.4889185357927101,0.4876413450304909,0.51108146420729,0.0
5.449999999999861,0.4889186548834124,0.4876364735478199,0.5110813451165875,0.0
5.454166666666527,0.48891877430272696,0.48763159248342536,0.511081225697273,0.0
5.458333333333194,0.48891889406343714,0.4876267018288227,0.5110811059365629,0.0
5.46249999999986,0.488919014164331,0.48762180156305684,0.511080985835669,0.0
5.4666666666665265,0.4889191346015582,0.4876168916628222,0.5110808653984418,0.0
5.470833333333193,0.48891925537126857,0.4876119721048133,0.5110807446287314,0.0
5.474999999999859,0.4889193764696117,0.4876070428657248,0.5110806235303882,0.0
5.479166666666526,0.4889194978927375,0.48760210392225206,0.5110805021072625,0.0
5.483333333333192,0.4889196196367957,0.4875971552510902,0.5110803803632044,0.0
5.487499999999859,0.48891974169793584,0.4875921968289347,0.5110802583020642,0.0
5.491666666666525,0.4889198640723077,0.48758722863248116,0.5110801359276923,0.0
5.4958333333331915,0.4889199867560612,0.48758225063842586,0.5110800132439388,0.0
5.499999999999858,0.4889201097453459,0.48757726282346486,0.5110798902546542,0.0
5.504166666666524,0.4889202325124305,0.4875722597463646,0.5110797674875694,0.0
5.508333333333191,0.48892035624004176,0.4875672535352881,0.5110796437599583,0.0
5.512499999999857,0.48892048025233886,0.4875622372138497,0.5110795197476611,0.0
5.516666666666524,0.4889206045493215,0.4875572107820635,0.5110793954506786,0.0
5.52083333333319,0.4889207291309893,0.48755217423994335,0.5110792708690106,0.0
5.5249999999998565,0.4889208539973418,0.4875471275875033,0.5110791460026581,0.0
5.529166666666523,0.4889209791483788,0.4875420708247574,0.5110790208516213,0.0
5.533333333333189,0.48892110458409965,0.4875370039517196,0.5110788954159003,0.0
5.537499999999856,0.4889212303045043,0.4875319269684041,0.5110787696954957,0.0
5.541666666666522,0.48892135630959216,0.4875268398748249,0.5110786436904079,0.0
5.545833333333189,0.48892148259936286,0.48752174267099607,0.5110785174006371,0.0
5.549999999999855,0.48892160917381605,0.4875166353569319,0.5110783908261839,0.0
5.5541666666665215,0.4889217360327578,0.4875115179073144,0.5110782639672422,0.0
5.558333333333188,0.4889218631754459,0.4875063902252009,0.5110781368245542,0.0
5.562499999999854,0.4889219906018073,0.48750125230108904,0.5110780093981927,0.0
5.566666666666521,0.4889221183118417,0.4874961041349934,0.5110778816881584,0.0
5.570833333333187,0.48892224630554854,0.48749094572692847,0.5110777536944514,0.0
5.574999999999854,0.48892237458292764,0.48748577707690915,0.5110776254170724,0.0
5.57916666666652,0.4889225031439785,0.4874805981849498,0.5110774968560214,0.0
5.5833333333331865,0.4889226319887008,0.4874754090510654,0.5110773680112992,0.0
5.587499999999853,0.48892276111709404,0.48747020967527055,0.511077238882906,0.0
5.591666666666519,0.4889228905291579,0.48746500005757987,0.5110771094708421,0.0
5.595833333333186,0.48892302022489204,0.48745978019800823,0.511076979775108,0.0
5.599999999999852,0.4889231502042959,0.48745455009657046,0.5110768497957041,0.0
5.604166666666519,0.488923280467321,0.487449309751354,0.5110767195326791,0.0
5.608333333333185,0.488923411009907,0.4874440590002236,0.5110765889900929,0.0
5.6124999999998515,0.4889235418294578,0.4874387977395168,0.5110764581705421,0.0
5.616666666666518,0.4889236729259729,0.4874335259692493,0.5110763270740271,0.0
5.620833333333184,0.4889238042994519,0.4874282436894368,0.5110761957005481,0.0
5.624999999999851,0.48892393594989436,0.4874229509000952,0.5110760640501056,0.0
5.629166666666517,0.4889240678773,0.48741764760124023,0.5110759321227,0.0
5.633333333333184,0.4889242000816683,0.48741233379288784,0.5110757999183317,0.0
5.63749999999985,0.4889243325629989,0.48740700947505394,0.5110756674370012,0.0
5.6416666666665165,0.4889244653212913,0.4874016746477542,0.5110755346787087,0.0
5.645833333333183,0.4889245983565452,0.4873963293110048,0.5110754016434547,0.0
5.649999999999849,0.4889247316687602,0.48739097346482174,0.5110752683312397,0.0
5.654166666666516,0.4889248652579358,0.48738560710922085,0.5110751347420642,0.0
5.658333333333182,0.48892499915476334,0.48738023620138315,0.5110750008452366,0.0
5.662499999999849,0.4889251332891301,0.4873748471327244,0.5110748667108699,0.0
5.666666666666515,0.4889252677002769,0.4873694475198652,0.5110747322997232,0.0
5.6708333333331815,0.48892540238809223,0.4873640373413194,0.5110745976119078,0.0
5.674999999999848,0.4889255373524651,0.4873586165756008,0.511074462647535,0.0
5.679166666666514,0.4889256725932843,0.48735318520122345,0.5110743274067158,0.0
5.683333333333181,0.4889258081104386,0.4873477431967015,0.5110741918895615,0.0
5.687499999999847,0.48892594390381666,0.48734229054054884,0.5110740560961833,0.0
5.691666666666514,0.4889260799733075,0.48733682721127997,0.5110739200266924,0.0
5.69583333333318,0.48892621631879984,0.4873313531874093,0.5110737836812,0.0
5.6999999999998465,0.48892635294018244,0.48732586844745124,0.5110736470598176,0.0
5.704166666666513,0.488926489837344,0.48732037296992026,0.5110735101626559,0.0
5.708333333333179,0.4889266270101983,0.4873148667328045,0.5110733729898018,0.0
5.712499999999846,0.48892676446075406,0.4873093496694429,0.5110732355392459,0.0
5.716666666666512,0.4889269021903964,0.4873038217264775,0.5110730978096035,0.0
5.720833333333179,0.48892704019920424,0.48729828287837057,0.5110729598007957,0.0
5.724999999999845,0.4889271784872565,0.4872927330995847,0.5110728215127436,0.0
5.7291666666665115,0.4889273170546322,0.4872871723645827,0.5110726829453678,0.0
5.733333333333178,0.48892745590141035,0.4872816006478271,0.5110725440985897,0.0
5.737499999999844,0.4889275950276698,0.48727601792378084,0.5110724049723301,0.0
5.741666666666511,0.4889277344334897,0.4872704241669071,0.5110722655665102,0.0
5.745833333333177,0.488927874118949,0.48726481935166893,0.5110721258810511,0.0
5.749999999999844,0.48892801408412656,0.48725920345252943,0.5110719859158734,0.0
5.75416666666651,0.48892815432910147,0.48725357644395223,0.5110718456708986,0.0
5.7583333333331765,0.4889282948539526,0.48724793830040053,0.5110717051460474,0.0
5.762499999999843,0.48892843565875904,0.4872422889963381,0.511071564341241,0.0
5.766666666666509,0.48892857674359963,0.48723662850622845,0.5110714232564003,0.0
5.770833333333176,0.4889287181085534,0.48723095680453554,0.5110712818914466,0.0
5.774999999999842,0.48892885975369926,0.4872252738657234,0.5110711402463007,0.0
5.779166666666509,0.4889290016791163,0.4872195796642559,0.5110709983208838,0.0
5.783333333333175,0.4889291438848833,0.48721387417459733,0.5110708561151168,0.0
5.7874999999998415,0.48892928637107935,0.4872081573712119,0.5110707136289206,0.0
5.791666666666508,0.4889294291377833,0.4872024292285641,0.5110705708622167,0.0
5.795833333333174,0.4889295721850742,0.48719668972111846,0.5110704278149258,0.0
5.799999999999841,0.4889297155130309,0.4871909388233396,0.5110702844869692,0.0
5.804166666666507,0.48892985912173237,0.48718517650969223,0.5110701408782676,0.0
5.808333333333174,0.4889300030112576,0.4871794027546414,0.5110699969887424,0.0
5.81249999999984,0.48893014718168554,0.487173617532652,0.5110698528183145,0.0
5.816666666666507,0.488930291633095,0.48716782081818916,0.511069708366905,0.0
5.820833333333173,0.488930436365565,0.48716201258571823,0.511069563634435,0.0
5.824999999999839,0.4889305813791745,0.4871561928097046,0.5110694186208256,0.0
5.829166666666506,0.48893072667400245,0.4871503614646137,0.5110692733259976,0.0
5.833333333333172,0.48893087225012766,0.4871445185249112,0.5110691277498725,0.0
5.837499999999839,0.4889310181076292,0.48713866396506283,0.5110689818923709,0.0
5.841666666666505,0.4889311642465858,0.48713279775953444,0.5110688357534143,0.0
5.845833333333172,0.4889313106670765,0.48712691988279205,0.5110686893329235,0.0
5.849999999999838,0.48893145736918026,0.4871210303093019,0.5110685426308198,0.0
5.854166666666504,0.488931604352976,0.48711512901353005,0.511068395647024,0.0
5.858333333333171,0.48893175161859254,0.48710921597007534,0.5110682483814075,0.0
5.862499999999837,0.48893189917669294,0.48710329118137974,0.511068100823307,0.0
5.866666666666504,0.4889320470379949,0.48709735465002924,0.5110679529620051,0.0
5.87083333333317,0.4889321952063884,0.4870914063605631,0.5110678047936117,0.0
5.874999999999837,0.4889323436857636,0.487085446297521,0.5110676563142365,0.0
5.879166666666503,0.48893249248001064,0.487079474445442,0.5110675075199893,0.0
5.883333333333169,0.48893264159301963,0.48707349078886536,0.5110673584069803,0.0
5.887499999999836,0.4889327910286808,0.4870674953123306,0.5110672089713193,0.0
5.891666666666502,0.4889329407908842,0.48706148800037624,0.5110670592091159,0.0
5.895833333333169,0.4889330908834651,0.4870554688374443,0.511066909116535,0.0
5.899999999999835,0.48893324129476307,0.48704943778046,0.5110667587052369,0.0
5.904166666666502,0.48893339201252434,0.48704339478529596,0.5110666079874757,0.0
5.908333333333168,0.4889335430349395,0.48703733982637154,0.5110664569650605,0.0
5.912499999999834,0.4889336943601993,0.48703127287810655,0.5110663056398006,0.0
5.916666666666501,0.4889338459864944,0.4870251939149211,0.5110661540135055,0.0
5.920833333333167,0.4889339979120156,0.4870191029112354,0.5110660020879844,0.0
5.924999999999834,0.48893415013495356,0.4870129998414699,0.5110658498650464,0.0
5.9291666666665,0.48893430265349885,0.4870068846800452,0.5110656973465011,0.0
5.933333333333167,0.488934455465855,0.4870007574013916,0.511065544534145,0.0
5.937499999999833,0.48893460857530757,0.4869946179837277,0.5110653914246923,0.0
5.9416666666664995,0.4889347619855138,0.4869884664055487,0.5110652380144862,0.0
5.945833333333166,0.4889349156965661,0.4869823026426935,0.511065084303434,0.0
5.949999999999832,0.48893506970855727,0.48697612667100054,0.5110649302914427,0.0
5.954166666666499,0.4889352240215798,0.48696993846630887,0.5110647759784201,0.0
5.958333333333165,0.4889353786357264,0.48696373800445764,0.5110646213642736,0.0
5.962499999999832,0.48893553355108954,0.4869575252612859,0.5110644664489105,0.0
5.966666666666498,0.48893568876776194,0.4869513002126329,0.5110643112322382,0.0
5.9708333333331645,0.48893584440923915,0.4869450599891701,0.5110641555907608,0.0
5.974999999999831,0.48893600019442013,0.4869388111080361,0.5110639998055798,0.0
5.979166666666497,0.4889361562945476,0.4869325496631804,0.5110638437054523,0.0
5.983333333333164,0.4889363127096211,0.48692627565462604,0.5110636872903789,0.0
5.98749999999983,0.48893646943964,0.48691998908239575,0.5110635305603599,0.0
5.991666666666497,0.48893662648460373,0.4869136899465128,0.5110633735153962,0.0
5.995833333333163,0.4889367838445117,0.4869073782470001,0.5110632161554882,0.0
5.9999999999998295,0.4889369415193634,0.4869010539838809,0.5110630584806366,0.0
6.004166666666496,0.48893709950915815,0.4868947171571783,0.5110629004908418,0.0
6.008333333333162,0.48893725781389635,0.48688836776683314,0.5110627421861037,0.0
6.012499999999829,0.4889374164345918,0.4868820057288105,0.5110625835654081,0.0
6.016666666666495,0.48893757537213794,0.48687563096904013,0.5110624246278621,0.0
6.020833333333162,0.48893773462653417,0.48686924348754557,0.5110622653734659,0.0
6.024999999999828,0.4889378941977798,0.4868628432843505,0.5110621058022202,0.0
6.0291666666664945,0.4889380540858743,0.486856430359479,0.5110619459141258,0.0
6.033333333333161,0.48893821429081696,0.48685000471295464,0.5110617857091829,0.0
6.037499999999827,0.4889383748126075,0.48684356634480164,0.5110616251873924,0.0
6.041666666666494,0.488938535651245,0.4868371152550437,0.511061464348755,0.0
6.04583333333316,0.4889386968067291,0.4868306514437051,0.5110613031932709,0.0
6.049999999999827,0.488938858279059,0.48682417491080965,0.5110611417209411,0.0
6.054166666666493,0.4889390200682342,0.4868176856563815,0.5110609799317658,0.0
6.0583333333331595,0.4889391821742541,0.4868111836804449,0.511060817825746,0.0
6.062499999999826,0.4889393445981498,0.4868046689385068,0.5110606554018502,0.0
6.066666666666492,0.48893950734537617,0.4867981411952197,0.5110604926546237,0.0
6.070833333333159,0.4889396704167292,0.486791600416232,0.5110603295832707,0.0
6.074999999999825,0.4889398338122084,0.4867850466015686,0.5110601661877916,0.0
6.079166666666492,0.48893999753181305,0.4867784797512546,0.5110600024681871,0.0
6.083333333333158,0.4889401615755425,0.486771899865315,0.5110598384244576,0.0
6.0874999999998245,0.48894032594339604,0.4867653069437747,0.5110596740566039,0.0
6.091666666666491,0.4889404906353733,0.48675870098665924,0.5110595093646266,0.0
6.095833333333157,0.48894065565147365,0.4867520819939937,0.5110593443485264,0.0
6.099999999999824,0.4889408209916961,0.4867454499658031,0.5110591790083038,0.0
6.10416666666649,0.4889409866560405,0.48673880490211313,0.5110590133439595,0.0
6.108333333333157,0.48894115264450577,0.4867321468029488,0.5110588473554941,0.0
6.112499999999823,0.4889413187442583,0.48672548396337567,0.5110586812557418,0.0
6.1166666666664895,0.4889414854325636,0.4867187977822794,0.5110585145674365,0.0
6.120833333333156,0.488941652445668,0.48671209853927777,0.511058347554332,0.0
6.124999999999822,0.4889418197842301,0.48670538620871545,0.5110581802157699,0.0
6.129166666666489,0.48894198744890804,0.48669866076493684,0.5110580125510918,0.0
6.133333333333155,0.48894215544036024,0.48669192218228674,0.5110578445596398,0.0
6.137499999999822,0.4889423237592448,0.4866851704351096,0.5110576762407552,0.0
6.141666666666488,0.4889424924062201,0.4866784054977506,0.5110575075937799,0.0
6.1458333333331545,0.4889426613819444,0.48667162734455455,0.5110573386180557,0.0
6.149999999999821,0.4889428306870759,0.4866648359498665,0.511057169312924,0.0
6.154166666666487,0.48894300032227295,0.48665803128803187,0.511056999677727,0.0
6.158333333333154,0.4889431702881938,0.48665121333339595,0.5110568297118061,0.0
6.16249999999982,0.4889433405854967,0.48664438206030414,0.5110566594145033,0.0
6.166666666666487,0.4889435112151573,0.48663753743007987,0.5110564887848427,0.0
6.170833333333153,0.4889436821795623,0.4866306793461446,0.5110563178204378,0.0
6.1749999999998195,0.4889438534797394,0.486623807767681,0.5110561465202605,0.0
6.179166666666486,0.4889440251164762,0.4866169226637346,0.5110559748835238,0.0
6.183333333333152,0.48894419709056003,0.4866100240033506,0.5110558029094399,0.0
6.187499999999819,0.48894436940277836,0.4866031117555748,0.5110556305972217,0.0
6.191666666666485,0.4889445420539185,0.4865961858894527,0.5110554579460814,0.0
6.195833333333152,0.488944715044768,0.48658924637403034,0.511055284955232,0.0
6.199999999999818,0.4889448883761142,0.48658229317835355,0.5110551116238858,0.0
6.2041666666664845,0.4889450620487446,0.48657532627146854,0.5110549379512553,0.0
6.208333333333151,0.4889452360634465,0.48656834562242146,0.5110547639365536,0.0
6.212499999999817,0.4889454104210073,0.48656135120025884,0.5110545895789926,0.0
6.216666666666484,0.4889455851222145,0.4865543429740271,0.5110544148777856,0.0
6.22083333333315,0.4889457601678554,0.486547320912773,0.5110542398321447,0.0
6.224999999999817,0.4889459355587174,0.48654028498554325,0.5110540644412825,0.0
6.229166666666483,0.488946111295588,0.48653323516138497,0.511053888704412,0.0
6.2333333333331495,0.4889462873792544,0.486526171409345,0.5110537126207456,0.0
6.237499999999816,0.4889464638105041,0.4865190936984708,0.5110535361894959,0.0
6.241666666666482,0.48894664059012455,0.4865120019978097,0.5110533594098755,0.0
6.245833333333149,0.48894681771890286,0.4865048962764091,0.5110531822810971,0.0
6.249999999999815,0.4889469951976268,0.4864977765033169,0.5110530048023733,0.0
6.254166666666482,0.4889471730270834,0.4864906426475807,0.5110528269729167,0.0
6.258333333333148,0.4889473512080601,0.48648349467824836,0.5110526487919399,0.0
6.2624999999998145,0.4889475297413444,0.48647633256436823,0.5110524702586556,0.0
6.266666666666481,0.48894770862772347,0.48646915627498827,0.5110522913722765,0.0
6.270833333333147,0.4889478878679849,0.4864619657791571,0.5110521121320152,0.0
6.274999999999814,0.4889480674629157,0.48645476104592317,0.5110519325370843,0.0
6.27916666666648,0.4889482474133035,0.48644754204433505,0.5110517525866966,0.0
6.283333333333147,0.4889484277199355,0.4864403087434416,0.5110515722800645,0.0
6.287499999999813,0.4889486083835991,0.48643306111229173,0.5110513916164009,0.0
6.29166666666648,0.4889487894050817,0.48642579911993467,0.5110512105949183,0.0
6.295833333333146,0.4889489707851704,0.4864185227354195,0.5110510292148296,0.0
6.299999999999812,0.48894915252465276,0.4864112319277958,0.5110508474753471,0.0
6.304166666666479,0.48894933462431606,0.4864039266661131,0.5110506653756839,0.0
6.308333333333145,0.4889495170849167,0.48639660692044223,0.5110504829150834,0.0
6.312499999999812,0.48894969990622494,0.48638927269334764,0.511050300093775,0.0
6.316666666666478,0.4889498830884724,0.48638192397220803,0.5110501169115275,0.0
6.320833333333145,0.4889500666323592,0.48637456072895147,0.5110499333676408,0.0
6.324999999999811,0.488950250538585,0.4863671829355062,0.5110497494614149,0.0
6.329166666666477,0.48895043480784994,0.48635979056380074,0.5110495651921502,0.0
6.333333333333144,0.48895061944085405,0.48635238358576355,0.511049380559146,0.0
6.33749999999981,0.48895080443829725,0.4863449619733236,0.5110491955617028,0.0
6.341666666666477,0.48895098980087953,0.48633752569840955,0.5110490101991205,0.0
6.345833333333143,0.48895117552930084,0.48633007473295053,0.5110488244706992,0.0
6.34999999999981,0.4889513616242612,0.48632260904887564,0.5110486383757387,0.0
6.354166666666476,0.4889515480864607,0.4863151286181144,0.5110484519135394,0.0
6.358333333333142,0.48895173491659916,0.48630763341259603,0.5110482650834008,0.0
6.362499999999809,0.48895192211537647,0.4863001234042503,0.5110480778846235,0.0
6.366666666666475,0.4889521096834928,0.4862925985650069,0.5110478903165072,0.0
6.370833333333142,0.48895229762164805,0.4862850588667957,0.5110477023783521,0.0
6.374999999999808,0.48895248593054197,0.4862775042815467,0.511047514069458,0.0
6.379166666666475,0.48895267461087466,0.4862699347811901,0.5110473253891252,0.0
6.383333333333141,0.48895286366334617,0.48626235033765647,0.5110471363366538,0.0
6.387499999999807,0.48895305308865633,0.48625475092287607,0.5110469469113436,0.0
6.391666666666474,0.48895324288750514,0.48624713650877965,0.5110467571124949,0.0
6.39583333333314,0.48895343306059236,0.4862395070672978,0.5110465669394075,0.0
6.399999999999807,0.48895362360861816,0.4862318625703617,0.5110463763913818,0.0
6.404166666666473,0.48895381453228237,0.4862242029899024,0.5110461854677176,0.0
6.40833333333314,0.4889540058322848,0.4862165282978509,0.5110459941677152,0.0
6.412499999999806,0.4889541975093256,0.4862088384661388,0.5110458024906744,0.0
6.4166666666664725,0.4889543895641045,0.4862011334666976,0.5110456104358955,0.0
6.420833333333139,0.48895458199732145,0.4861934132714589,0.5110454180026787,0.0
6.424999999999805,0.48895477480967636,0.48618567785235456,0.5110452251903236,0.0
6.429166666666472,0.4889549680018692,0.4861779271813167,0.5110450319981308,0.0
6.433333333333138,0.4889551615745998,0.4861701612302773,0.5110448384254003,0.0
6.437499999999805,0.4889553555285681,0.48616237997116873,0.5110446444714318,0.0
6.441666666666471,0.488955549864474,0.48615458337592343,0.511044450135526,0.0
6.4458333333331375,0.4889557445830173,0.48614677141647406,0.5110442554169827,0.0
6.449999999999804,0.48895593968489803,0.48613894406475316,0.5110440603151021,0.0
6.45416666666647,0.4889561351710021,0.4861311012804877,0.5110438648289979,0.0
6.458333333333137,0.48895633104234376,0.48612324301501136,0.5110436689576563,0.0
6.462499999999803,0.4889565272996545,0.48611536923817433,0.5110434727003454,0.0
6.46666666666647,0.48895672394366224,0.48610747992007747,0.5110432760563378,0.0
6.470833333333136,0.48895692097509486,0.4860995750308219,0.5110430790249052,0.0
6.4749999999998025,0.4889571183946801,0.4860916545405088,0.51104288160532,0.0
6.479166666666469,0.48895731620314564,0.4860837184192396,0.5110426837968542,0.0
6.483333333333135,0.4889575144012195,0.48607576663711594,0.5110424855987805,0.0
6.487499999999802,0.48895771298962937,0.4860677991642394,0.5110422870103707,0.0
6.491666666666468,0.48895791196910304,0.4860598159707121,0.511042088030897,0.0
6.495833333333135,0.48895811134036826,0.4860518170266359,0.5110418886596316,0.0
6.499999999999801,0.48895831110415305,0.4860438023021133,0.511041688895847,0.0
6.5041666666664675,0.4889585112611849,0.4860357717672464,0.511041488738815,0.0
6.508333333333134,0.4889587118121918,0.486027725392138,0.5110412881878083,0.0
6.5124999999998,0.48895891275790143,0.4860196631468907,0.5110410872420986,0.0
6.516666666666467,0.4889591140990416,0.48601158500160757,0.5110408859009585,0.0
6.520833333333133,0.48895931583633995,0.48600349092639145,0.51104068416366,0.0
6.5249999999998,0.4889595179705245,0.4859953808913458,0.5110404820294755,0.0
6.529166666666466,0.4889597205023228,0.48598725486657385,0.5110402794976772,0.0
6.5333333333331325,0.48895992343246264,0.4859791128221795,0.5110400765675374,0.0
6.537499999999799,0.48896012676167183,0.48597095472826607,0.5110398732383282,0.0
6.541666666666465,0.48896033049067805,0.48596278055493786,0.5110396695093219,0.0
6.545833333333132,0.48896053462020916,0.48595459027229887,0.5110394653797908,0.0
6.549999999999798,0.48896073915099275,0.4859463838504532,0.5110392608490072,0.0
6.554166666666465,0.4889609440837566,0.4859381612595055,0.5110390559162433,0.0
6.558333333333131,0.4889611494192286,0.48592992246956035,0.5110388505807715,0.0
6.5624999999997975,0.48896135515813616,0.48592166745072246,0.5110386448418638,0.0
6.566666666666464,0.48896156130120727,0.4859133961730968,0.5110384386987926,0.0
6.57083333333313,0.4889617678491696,0.48590510860678865,0.5110382321508304,0.0
6.574999999999797,0.48896197480275067,0.4858968047219031,0.5110380251972493,0.0
6.579166666666463,0.48896218216267845,0.4858884844885458,0.5110378178373216,0.0
6.58333333333313,0.4889623899296805,0.48588014787682243,0.5110376100703196,0.0
6.587499999999796,0.4889625981044845,0.48587179485683873,0.5110374018955155,0.0
6.5916666666664625,0.4889628066878183,0.4858634253987008,0.5110371933121817,0.0
6.595833333333129,0.48896301576481177,0.4858550363330508,0.5110369842351882,0.0
6.599999999999795,0.488963225158832,0.4858466342271765,0.5110367748411679,0.0
6.604166666666462,0.48896343496539624,0.48583821552534867,0.5110365650346037,0.0
6.608333333333128,0.48896364518523544,0.4858297801975562,0.5110363548147646,0.0
6.612499999999795,0.48896385581908197,0.48582132821373036,0.5110361441809181,0.0
6.616666666666461,0.4889640668676696,0.48581285954374476,0.5110359331323303,0.0
6.6208333333331275,0.4889642783317341,0.48580437415741584,0.5110357216682659,0.0
6.624999999999794,0.4889644902120124,0.48579587202450214,0.5110355097879876,0.0
6.62916666666646,0.48896470250924295,0.4857873531147046,0.5110352974907569,0.0
6.633333333333127,0.48896491522416613,0.4857788173976671,0.5110350847758338,0.0
6.637499999999793,0.4889651283575234,0.4857702648429752,0.5110348716424765,0.0
6.64166666666646,0.48896534191005814,0.48576169542015757,0.5110346580899418,0.0
6.645833333333126,0.4889655558825151,0.4857531090986851,0.511034444117485,0.0
6.6499999999997925,0.4889657702756405,0.4857445058479709,0.5110342297243595,0.0
6.654166666666459,0.48896598509018235,0.4857358856373709,0.5110340149098177,0.0
6.658333333333125,0.4889662003268899,0.48572724843618326,0.5110337996731101,0.0
6.662499999999792,0.4889664159865143,0.4857185942136487,0.5110335840134858,0.0
6.666666666666458,0.4889666320698079,0.48570992293895027,0.511033367930192,0.0
6.670833333333125,0.48896684857752487,0.48570123458121356,0.5110331514224752,0.0
6.674999999999791,0.4889670655104208,0.4856925291095067,0.5110329344895792,0.0
6.6791666666664575,0.48896728286925284,0.48568380649284004,0.5110327171307472,0.0
6.683333333333124,0.4889675006547797,0.4856750667001666,0.5110324993452202,0.0
6.68749999999979,0.4889677188677616,0.48566630970038177,0.5110322811322383,0.0
6.691666666666457,0.4889679375089604,0.48565753546232343,0.5110320624910396,0.0
6.695833333333123,0.4889681565791394,0.48564874395477176,0.5110318434208606,0.0
6.69999999999979,0.4889683760790635,0.48563993514644965,0.5110316239209366,0.0
6.704166666666456,0.48896859600949905,0.4856311090060222,0.511031403990501,0.0
6.7083333333331225,0.4889688163712142,0.4856222655020972,0.5110311836287857,0.0
6.712499999999789,0.4889690371649785,0.48561340460322483,0.5110309628350216,0.0
6.716666666666455,0.4889692583915628,0.4856045262778975,0.5110307416084372,0.0
6.720833333333122,0.48896948005173996,0.4855956304945505,0.5110305199482601,0.0
6.724999999999788,0.48896970214628405,0.4855867172215612,0.5110302978537159,0.0
6.729166666666455,0.4889699246759709,0.4855777864272498,0.5110300753240292,0.0
6.733333333333121,0.48897014764157753,0.48556883807987844,0.5110298523584224,0.0
6.7374999999997875,0.4889703710439002,0.4855598721470049,0.5110296289560999,0.0
6.741666666666454,0.4889705948842234,0.4855508885776512,0.5110294051157765,0.0
6.74583333333312,0.48897081916359364,0.48554188732988873,0.5110291808364062,0.0
6.749999999999787,0.4889710438828354,0.48553286837018994,0.5110289561171646,0.0
6.754166666666453,0.4889712690427756,0.4855238316649427,0.5110287309572245,0.0
6.75833333333312,0.4889714946442432,0.4855147771804498,0.5110285053557567,0.0
6.762499999999786,0.4889717206880699,0.48550570488292955,0.5110282793119302,0.0
6.766666666666453,0.48897194717508913,0.4854966147385151,0.5110280528249108,0.0
6.770833333333119,0.4889721741061369,0.4854875067132548,0.5110278258938631,0.0
6.774999999999785,0.48897240148205146,0.48547838077311245,0.5110275985179484,0.0
6.779166666666452,0.4889726293036733,0.48546923688396665,0.5110273706963266,0.0
6.783333333333118,0.4889728575718451,0.4854600750116113,0.5110271424281548,0.0
6.787499999999785,0.4889730862874119,0.48545089512175554,0.511026913712588,0.0
6.791666666666451,0.4889733154512209,0.48544169718002367,0.511026684548779,0.0
6.795833333333118,0.4889735450641219,0.485432481151955,0.5110264549358781,0.0
6.799999999999784,0.48897377512696644,0.4854232470030042,0.5110262248730335,0.0
6.80416666666645,0.4889740056406087,0.48541399469854096,0.5110259943593912,0.0
6.808333333333117,0.488974236605905,0.4854047242038501,0.511025763394095,0.0
6.812499999999783,0.488974468023714,0.4853954354841319,0.511025531976286,0.0
6.81666666666645,0.4889746998948966,0.48538612850450147,0.5110253001051033,0.0
6.820833333333116,0.48897493222031596,0.48537680322998944,0.5110250677796842,0.0
6.824999999999783,0.4889751650008374,0.4853674596255411,0.5110248349991626,0.0
6.829166666666449,0.4889753982373286,0.48535809765601756,0.5110246017626715,0.0
6.833333333333115,0.48897563193065957,0.4853487172861945,0.5110243680693404,0.0
6.837499999999782,0.4889758660817026,0.4853393184807633,0.5110241339182974,0.0
6.841666666666448,0.48897610069133207,0.48532990120433006,0.5110238993086679,0.0
6.845833333333115,0.48897633576042476,0.48532046542141644,0.5110236642395752,0.0
6.849999999999781,0.48897657128985966,0.4853110110964589,0.5110234287101403,0.0
6.854166666666448,0.4889768072805182,0.4853015381938096,0.5110231927194819,0.0
6.858333333333114,0.4889770437332837,0.48529204667773534,0.5110229562667163,0.0
6.86249999999978,0.4889772806490421,0.48528253651241826,0.5110227193509579,0.0
6.866666666666447,0.48897751802868156,0.485273007661956,0.5110224819713185,0.0
6.870833333333113,0.4889777558730924,0.485263460090361,0.5110222441269077,0.0
6.87499999999978,0.48897799418316706,0.485253893761561,0.5110220058168329,0.0
6.879166666666446,0.48897823295980064,0.48524430863939905,0.5110217670401993,0.0
6.883333333333113,0.48897847220389024,0.4852347046876332,0.5110215277961097,0.0
6.887499999999779,0.48897871191633535,0.4852250818699369,0.5110212880836646,0.0
6.8916666666664455,0.4889789520980375,0.48521544014989854,0.5110210479019626,0.0
6.895833333333112,0.48897919274990076,0.485205779491022,0.5110208072500994,0.0
6.899999999999778,0.48897943387283116,0.4851960998567259,0.5110205661271687,0.0
6.904166666666445,0.4889796754677376,0.4851864012103447,0.5110203245322625,0.0
6.908333333333111,0.4889799175355304,0.48517668351512744,0.5110200824644697,0.0
6.912499999999778,0.4889801600771227,0.48516694673423855,0.5110198399228773,0.0
6.916666666666444,0.48898040309343,0.48515719083075803,0.5110195969065701,0.0
6.9208333333331105,0.48898064658536966,0.48514741576768045,0.5110193534146303,0.0
6.924999999999777,0.4889808905538614,0.485137621507916,0.5110191094461385,0.0
6.929166666666443,0.4889811349998276,0.48512780801428995,0.5110188650001724,0.0
6.93333333333311,0.48898137992419255,0.485117975249543,0.5110186200758076,0.0
6.937499999999776,0.4889816253278826,0.4851081231763304,0.5110183746721175,0.0
6.941666666666443,0.4889818712118269,0.4850982517572233,0.5110181287881731,0.0
6.945833333333109,0.48898211757695653,0.4850883609547078,0.5110178824230436,0.0
6.9499999999997755,0.4889823644242049,0.48507845073118505,0.5110176355757952,0.0
6.954166666666442,0.48898261175450763,0.48506852104897163,0.5110173882454924,0.0
6.958333333333108,0.48898285956880283,0.4850585718702993,0.5110171404311972,0.0
6.962499999999775,0.4889831078680307,0.4850486031573149,0.5110168921319693,0.0
6.966666666666441,0.4889833566531335,0.4850386148720806,0.5110166433468665,0.0
6.970833333333108,0.48898360592500983,0.4850286069797861,0.5110163940749901,0.0
6.974999999999774,0.4889838556845164,0.48501857944857585,0.5110161443154836,0.0
6.9791666666664405,0.4889841059325931,0.4850085322408984,0.511015894067407,0.0
6.983333333333107,0.48898435667018403,0.48499846531899465,0.511015643329816,0.0
6.987499999999773,0.48898460789823545,0.48498837864503,0.5110153921017646,0.0
6.99166666666644,0.48898485961769567,0.4849782721810939,0.5110151403823043,0.0
6.995833333333106,0.4889851118295152,0.48496814588920006,0.5110148881704849,0.0
6.999999999999773,0.48898536453464664,0.484957999731286,0.5110146354653534,0.0
7.004166666666439,0.48898561773404464,0.484947833669214,0.5110143822659553,0.0
7.0083333333331055,0.48898587142866634,0.4849376476647703,0.5110141285713338,0.0
7.012499999999772,0.4889861256194704,0.4849274416796651,0.5110138743805296,0.0
7.016666666666438,0.48898638030741837,0.4849172156755332,0.5110136196925816,0.0
7.020833333333105,0.48898663549347327,0.48490696961393337,0.5110133645065268,0.0
7.024999999999771,0.48898689117860056,0.48489670345634844,0.5110131088213994,0.0
7.029166666666438,0.48898714736376797,0.48488641716418585,0.511012852636232,0.0
7.033333333333104,0.48898740404994506,0.4848761106987769,0.511012595950055,0.0
7.0374999999997705,0.48898766123810367,0.48486578402137714,0.5110123387618962,0.0
7.041666666666437,0.48898791892921784,0.4848554370931666,0.5110120810707822,0.0
7.045833333333103,0.48898817712426357,0.484845069875249,0.5110118228757363,0.0
7.04999999999977,0.4889884358242194,0.4848346823286529,0.5110115641757806,0.0
7.054166666666436,0.48898869503006537,0.4848242744143304,0.5110113049699346,0.0
7.058333333333103,0.4889889547427842,0.48481384609315836,0.5110110452572159,0.0
7.062499999999769,0.48898921496336045,0.4848033973259376,0.5110107850366397,0.0
7.0666666666664355,0.48898947569278095,0.48479292807339314,0.5110105243072192,0.0
7.070833333333102,0.4889897369320346,0.4847824382961742,0.5110102630679654,0.0
7.074999999999768,0.4889899986821125,0.48477192795485435,0.5110100013178874,0.0
7.079166666666435,0.4889902609440079,0.4847613970099312,0.511009739055992,0.0
7.083333333333101,0.48899052371871604,0.4847508454218267,0.5110094762812839,0.0
7.087499999999768,0.4889907870072345,0.4847402731508871,0.5110092129927656,0.0
7.091666666666434,0.48899105081056277,0.4847296801573826,0.5110089491894373,0.0
7.0958333333331005,0.4889913151297027,0.4847190664015079,0.5110086848702974,0.0
7.099999999999767,0.48899157996565795,0.48470843184338147,0.511008420034342,0.0
7.104166666666433,0.48899184531943485,0.48469777644304674,0.5110081546805652,0.0
7.1083333333331,0.48899211119204133,0.4846871001604706,0.5110078888079586,0.0
7.112499999999766,0.4889923775844878,0.4846764029555448,0.5110076224155122,0.0
7.116666666666433,0.4889926444977866,0.4846656847880847,0.5110073555022133,0.0
7.120833333333099,0.48899291193295236,0.4846549456178304,0.5110070880670476,0.0
7.1249999999997655,0.48899317989100183,0.48464418540444604,0.5110068201089982,0.0
7.129166666666432,0.48899344837295355,0.48463340410751976,0.5110065516270463,0.0
7.133333333333098,0.4889937173798288,0.48462260168656435,0.5110062826201713,0.0
7.137499999999765,0.4889939869126505,0.4846117781010166,0.5110060130873495,0.0
7.141666666666431,0.488994256972444,0.48460093331023746,0.5110057430275561,0.0
7.145833333333098,0.4889945275602365,0.48459006727351217,0.5110054724397635,0.0
7.149999999999764,0.4889947986770577,0.4845791799500505,0.5110052013229424,0.0
7.1541666666664305,0.4889950703239392,0.48456827129898594,0.5110049296760608,0.0
7.158333333333097,0.4889953425019146,0.4845573412793766,0.5110046574980853,0.0
7.162499999999763,0.4889956152120201,0.48454638985020465,0.5110043847879798,0.0
7.16666666666643,0.4889958884552936,0.48453541697037655,0.5110041115447064,0.0
7.170833333333096,0.48899616223277526,0.484524422598723,0.5110038377672247,0.0
7.174999999999763,0.4889964365455074,0.484513406693999,0.5110035634544926,0.0
7.179166666666429,0.4889967113945345,0.48450236921488354,0.5110032886054655,0.0
7.1833333333330955,0.48899698678090325,0.48449131011998026,0.5110030132190968,0.0
7.187499999999762,0.488997262705662,0.48448022936781665,0.5110027372943379,0.0
7.191666666666428,0.48899753916986216,0.48446912691684485,0.5110024608301378,0.0
7.195833333333095,0.4889978161745563,0.48445800272544076,0.5110021838254436,0.0
7.199999999999761,0.48899809372079933,0.484446856752386,0.5110019062792006,0.0
7.204166666666428,0.4889983718096453,0.4844356889596121,0.5110016281903547,0.0
7.208333333333094,0.48899865044215285,0.484424499306262,0.5110013495578472,0.0
7.2124999999997605,0.48899892961938307,0.48441328775067805,0.5110010703806169,0.0
7.216666666666427,0.48899920934239977,0.4844020542511316,0.5110007906576003,0.0
7.220833333333093,0.4889994896122681,0.48439079876582264,0.511000510387732,0.0
7.22499999999976,0.48899977043005594,0.4843795212528805,0.5110002295699441,0.0
7.229166666666426,0.4890000517968332,0.48436822167036314,0.5109999482031669,0.0
7.233333333333093,0.48900033371367174,0.48435689997625775,0.5109996662863282,0.0
7.237499999999759,0.4890006161816457,0.48434555612848046,0.5109993838183544,0.0
7.2416666666664256,0.4890008992018312,0.4843341900848759,0.5109991007981687,0.0
7.245833333333092,0.48900118277530674,0.4843228018032182,0.5109988172246932,0.0
7.249999999999758,0.4890014669031528,0.48431139124121025,0.5109985330968472,0.0
7.254166666666425,0.48900175158645187,0.48429995835648376,0.5109982484135481,0.0
7.258333333333091,0.4890020368262888,0.48428850310659965,0.5109979631737112,0.0
7.262499999999758,0.48900232262375026,0.4842770254490475,0.5109976773762497,0.0
7.266666666666424,0.4890026089799256,0.4842655253412463,0.5109973910200745,0.0
7.270833333333091,0.4890028958959057,0.4842540027405434,0.5109971041040944,0.0
7.274999999999757,0.48900318337278387,0.4842424576042157,0.5109968166272161,0.0
7.279166666666423,0.48900347141165557,0.48423088988946866,0.5109965285883444,0.0
7.28333333333309,0.4890037600136183,0.4842192995534369,0.5109962399863818,0.0
7.287499999999756,0.48900404917977164,0.48420768655318386,0.5109959508202283,0.0
7.291666666666423,0.4890043389112175,0.4841960508457022,0.5109956610887826,0.0
7.295833333333089,0.48900462920905974,0.4841843923879134,0.5109953707909404,0.0
7.299999999999756,0.4890049200744044,0.4841727111366677,0.5109950799255956,0.0
7.304166666666422,0.4890052115083597,0.48416100704874476,0.5109947884916404,0.0
7.308333333333088,0.4890055035120358,0.4841492800808528,0.5109944964879641,0.0
7.312499999999755,0.48900579608654543,0.4841375301896293,0.5109942039134545,0.0
7.316666666666421,0.4890060892330029,0.48412575733164065,0.5109939107669971,0.0
7.320833333333088,0.489006382952525,0.484113961463382,0.510993617047475,0.0
7.324999999999754,0.48900667724623054,0.4841021425412777,0.5109933227537694,0.0
7.329166666666421,0.4890069721152406,0.48409030052168117,0.5109930278847594,0.0
7.333333333333087,0.4890072675606782,0.48407843536087464,0.5109927324393219,0.0
7.337499999999753,0.4890075635836683,0.4840665470150691,0.5109924364163316,0.0
7.34166666666642,0.48900786018533876,0.48405463544040517,0.5109921398146613,0.0
7.345833333333086,0.48900815736681846,0.4840427005929518,0.5109918426331814,0.0
7.349999999999753,0.4890084551292396,0.48403074242870736,0.5109915448707605,0.0
7.354166666666419,0.48900875347373557,0.48401876090359897,0.5109912465262645,0.0
7.358333333333086,0.48900905240144227,0.48400675597348286,0.5109909475985578,0.0
7.362499999999752,0.48900935191349776,0.483994727594144,0.5109906480865023,0.0
7.3666666666664185,0.48900965201104213,0.4839826757212969,0.5109903479889578,0.0
7.370833333333085,0.48900995269521774,0.4839706003105845,0.5109900473047821,0.0
7.374999999999751,0.4890102539671689,0.483958501317579,0.5109897460328311,0.0
7.379166666666418,0.48901055582804204,0.48394637869778157,0.5109894441719579,0.0
7.383333333333084,0.489010858278986,0.48393423240662237,0.5109891417210141,0.0
7.387499999999751,0.4890111613211514,0.48392206239946056,0.5109888386788487,0.0
7.391666666666417,0.4890114649556912,0.48390986863158414,0.5109885350443089,0.0
7.3958333333330835,0.4890117691837604,0.4838976510582105,0.5109882308162396,0.0
7.39999999999975,0.4890120740065163,0.48388540963448573,0.5109879259934837,0.0
7.404166666666416,0.48901237942511805,0.48387314431548495,0.510987620574882,0.0
7.408333333333083,0.48901268544072707,0.48386085505621224,0.5109873145592728,0.0
7.412499999999749,0.48901299205450705,0.483848541811601,0.510987007945493,0.0
7.416666666666416,0.4890132992676235,0.48383620453651316,0.5109867007323765,0.0
7.420833333333082,0.4890136070812444,0.4838238431857402,0.5109863929187557,0.0
7.4249999999997485,0.48901391549653966,0.4838114577140021,0.5109860845034604,0.0
7.429166666666415,0.48901422451468146,0.4837990480759353,0.5109857754853185,0.0
7.433333333333081,0.4890145341369418,0.4837866142222815,0.5109854658630582,0.0
7.437499999999748,0.48901484436458076,0.48377415610425534,0.5109851556354191,0.0
7.441666666666414,0.48901515519878636,0.4837616736759172,0.5109848448012136,0.0
7.445833333333081,0.48901546664074885,0.48374916689124997,0.5109845333592512,0.0
7.449999999999747,0.48901577869166085,0.48373663570415865,0.5109842213083391,0.0
7.4541666666664135,0.4890160913527174,0.4837240800684712,0.5109839086472827,0.0
7.45833333333308,0.4890164046251154,0.4837114999379373,0.5109835953748846,0.0
7.462499999999746,0.4890167185100546,0.48369889526622967,0.5109832814899453,0.0
7.466666666666413,0.4890170330087369,0.48368626600694326,0.5109829669912632,0.0
7.470833333333079,0.48901734812236614,0.4836736121135954,0.5109826518776338,0.0
7.474999999999746,0.4890176638521488,0.48366093353962575,0.5109823361478512,0.0
7.479166666666412,0.48901798019929366,0.48364823023839665,0.5109820198007065,0.0
7.4833333333330785,0.48901829716501155,0.48363550216319257,0.5109817028349884,0.0
7.487499999999745,0.4890186147505159,0.48362274926722076,0.5109813852494841,0.0
7.491666666666411,0.48901893295702226,0.4836099715036108,0.5109810670429779,0.0
7.495833333333078,0.4890192517857484,0.4835971688254143,0.5109807482142517,0.0
7.499999999999744,0.48901957123791456,0.4835843411856059,0.5109804287620854,0.0
7.504166666666411,0.48901989131474327,0.4835714885370825,0.5109801086852567,0.0
7.508333333333077,0.48902021201745927,0.48355861083266327,0.5109797879825407,0.0
7.5124999999997435,0.4890205333472896,0.48354570802508984,0.5109794666527104,0.0
7.51666666666641,0.48902085530546363,0.4835327800670265,0.5109791446945364,0.0
7.520833333333076,0.48902117789321287,0.48351982691105966,0.510978822106787,0.0
7.524999999999743,0.4890215011117716,0.4835068485096987,0.5109784988882284,0.0
7.529166666666409,0.48902182496237573,0.4834938448153749,0.5109781750376243,0.0
7.533333333333076,0.48902214944626404,0.48348081578044216,0.510977850553736,0.0
7.537499999999742,0.48902247456467723,0.483467761357177,0.5109775254353228,0.0
7.5416666666664085,0.48902280031885836,0.48345468149777826,0.5109771996811416,0.0
7.545833333333075,0.4890231267100531,0.48344157615436734,0.5109768732899469,0.0
7.549999999999741,0.48902345373950906,0.48342844527898793,0.510976546260491,0.0
7.554166666666408,0.48902378140847624,0.48341528882360624,0.5109762185915238,0.0
7.558333333333074,0.4890241097182069,0.48340210674011097,0.510975890281793,0.0
7.562499999999741,0.48902443866995576,0.48338889898031334,0.5109755613300442,0.0
7.566666666666407,0.48902476826497976,0.483375665495947,0.5109752317350201,0.0
7.5708333333330735,0.48902509850453807,0.48336240623866805,0.5109749014954619,0.0
7.57499999999974,0.48902542938989213,0.48334912116005496,0.510974570610108,0.0
7.579166666666406,0.4890257609223058,0.4833358102116087,0.5109742390776942,0.0
7.583333333333073,0.4890260931030451,0.4833224733447529,0.510973906896955,0.0
7.587499999999739,0.4890264259333784,0.4833091105108335,0.5109735740666217,0.0
7.591666666666406,0.4890267594145766,0.48329572166111884,0.5109732405854235,0.0
7.595833333333072,0.4890270935479124,0.48328230674679995,0.5109729064520876,0.0
7.5999999999997385,0.4890274283346613,0.4832688657189902,0.5109725716653387,0.0
7.604166666666405,0.4890277637761007,0.48325539852872545,0.5109722362238992,0.0
7.608333333333071,0.4890280998735106,0.4832419051269641,0.5109719001264894,0.0
7.612499999999738,0.48902843662817297,0.48322838546458685,0.5109715633718269,0.0
7.616666666666404,0.4890287740413726,0.4832148394923973,0.5109712259586274,0.0
7.620833333333071,0.4890291121143959,0.48320126716112083,0.5109708878856041,0.0
7.624999999999737,0.48902945084853205,0.48318766842140604,0.5109705491514679,0.0
7.6291666666664035,0.4890297902450725,0.48317404322382373,0.5109702097549275,0.0
7.63333333333307,0.4890301303053108,0.4831603915188671,0.5109698696946893,0.0
7.637499999999736,0.48903047103054276,0.4831467132569518,0.5109695289694574,0.0
7.641666666666403,0.48903081242206664,0.4831330083884161,0.5109691875779333,0.0
7.645833333333069,0.4890311544811832,0.48311927686352096,0.5109688455188168,0.0
7.649999999999736,0.48903149720919503,0.4831055186324495,0.5109685027908051,0.0
7.654166666666402,0.4890318406074073,0.48309173364530744,0.5109681593925928,0.0
7.6583333333330685,0.4890321846771274,0.483077921852123,0.5109678153228725,0.0
7.662499999999735,0.48903252941853703,0.4830640832010903,0.5109674705814631,0.0
7.666666666666401,0.48903287482885466,0.48305021763570816,0.5109671251711454,0.0
7.670833333333068,0.4890332209079224,0.48303632510348005,0.5109667790920777,0.0
7.674999999999734,0.489033567655731,0.4830224055520608,0.510966432344269,0.0
7.679166666666401,0.48903391507218286,0.4830084589288858,0.5109660849278171,0.0
7.683333333333067,0.4890342631570916,0.48299448518117205,0.5109657368429085,0.0
7.6874999999997335,0.4890346119101822,0.4829804842559176,0.5109653880898178,0.0
7.6916666666664,0.48903496133109126,0.48296645609990174,0.5109650386689089,0.0
7.695833333333066,0.4890353114193666,0.48295240065968514,0.5109646885806333,0.0
7.699999999999733,0.4890356621744678,0.48293831788160974,0.5109643378255321,0.0
7.704166666666399,0.48903601359576554,0.4829242077117987,0.5109639864042345,0.0
7.708333333333066,0.4890363656825419,0.48291007009615633,0.5109636343174581,0.0
7.712499999999732,0.48903671843433816,0.4828959049808289,0.510963281565662,0.0
7.7166666666663986,0.4890370718578228,0.4828817123213033,0.5109629281421771,0.0
7.720833333333065,0.4890374259570016,0.4828674920694362,0.5109625740429983,0.0
7.724999999999731,0.4890377807334945,0.48285324417382247,0.5109622192665055,0.0
7.729166666666398,0.489038136189023,0.48283896858308945,0.5109618638109771,0.0
7.733333333333064,0.4890384923254095,0.482824665245897,0.5109615076745906,0.0
7.737499999999731,0.48903884914457846,0.48281033411093766,0.5109611508554216,0.0
7.741666666666397,0.48903920664855477,0.48279597512693634,0.5109607933514452,0.0
7.745833333333064,0.4890395648394654,0.4827815882426508,0.5109604351605345,0.0
7.74999999999973,0.4890399237195384,0.48276717340687103,0.5109600762804616,0.0
7.754166666666396,0.48904028329110294,0.4827527305684194,0.5109597167088971,0.0
7.758333333333063,0.48904064355658966,0.48273825967615097,0.5109593564434103,0.0
7.762499999999729,0.48904100451853066,0.48272376067895323,0.5109589954814693,0.0
7.766666666666396,0.4890413661781483,0.4827092335238329,0.5109586338218517,0.0
7.770833333333062,0.4890417285352084,0.48269467815571604,0.5109582714647917,0.0
7.774999999999729,0.4890420915915316,0.48268009452221156,0.5109579084084684,0.0
7.779166666666395,0.4890424553490091,0.4826654825709183,0.5109575446509909,0.0
7.783333333333061,0.48904281980956255,0.48265084224937205,0.5109571801904373,0.0
7.787499999999728,0.4890431849751439,0.48263617350504473,0.510956815024856,0.0
7.791666666666394,0.48904355084773565,0.4826214762853449,0.5109564491522645,0.0
7.795833333333061,0.48904391742935077,0.48260675053761726,0.5109560825706493,0.0
7.799999999999727,0.4890442847220326,0.4825919962091433,0.5109557152779673,0.0
7.804166666666394,0.4890446527278553,0.48257721324714076,0.5109553472721448,0.0
7.80833333333306,0.489045021448923,0.4825624015987638,0.5109549785510771,0.0
7.812499999999726,0.4890453908873705,0.48254756121110315,0.5109546091126296,0.0
7.816666666666393,0.48904576104491765,0.4825326920307413,0.5109542389550823,0.0
7.820833333333059,0.4890461319199168,0.48251779400080747,0.5109538680800833,0.0
7.824999999999726,0.48904650351275775,0.48250286706636986,0.5109534964872423,0.0
7.829166666666392,0.48904687582444745,0.48248791117301876,0.5109531241755526,0.0
7.833333333333059,0.4890472488559359,0.4824729262661938,0.5109527511440641,0.0
7.837499999999725,0.489047622608117,0.48245791229118484,0.510952377391883,0.0
7.8416666666663914,0.48904799708182745,0.48244286919313084,0.5109520029181726,0.0
7.845833333333058,0.48904837227784775,0.4824277969170211,0.5109516277221522,0.0
7.849999999999724,0.48904874819690153,0.4824126954076942,0.5109512518030984,0.0
7.854166666666391,0.48904912483965596,0.48239756460983885,0.5109508751603441,0.0
7.858333333333057,0.48904950220672133,0.48238240446799335,0.5109504977932787,0.0
7.862499999999724,0.48904988029865154,0.48236721492654583,0.5109501197013485,0.0
7.86666666666639,0.489050259097041,0.4823519960059008,0.5109497409029591,0.0
7.8708333333330565,0.4890506386477622,0.4823367474781837,0.5109493613522377,0.0
7.874999999999723,0.4890510189283288,0.48232146939290604,0.5109489810716712,0.0
7.879166666666389,0.4890513999403355,0.4823061616940299,0.5109486000596645,0.0
7.883333333333056,0.48905178168537705,0.48229082432551823,0.5109482183146229,0.0
7.887499999999722,0.48905216416504843,0.4822754572313346,0.5109478358349516,0.0
7.891666666666389,0.4890525473809442,0.48226006035544305,0.5109474526190557,0.0
7.895833333333055,0.48905293133465927,0.48224463364180825,0.5109470686653407,0.0
7.8999999999997215,0.4890533160277883,0.4822291770343953,0.5109466839722117,0.0
7.904166666666388,0.48905370146192617,0.48221369047717016,0.5109462985380738,0.0
7.908333333333054,0.4890540876386675,0.4821981739140989,0.5109459123613325,0.0
7.912499999999721,0.48905447455960693,0.4821826272891487,0.5109455254403932,0.0
7.916666666666387,0.4890548622263393,0.4821670505462867,0.5109451377736608,0.0
7.920833333333054,0.4890552506405194,0.48215144362929163,0.5109447493594805,0.0
7.92499999999972,0.4890556398040016,0.48213580648131815,0.5109443601959985,0.0
7.9291666666663865,0.48905602971845497,0.48212013904610074,0.5109439702815451,0.0
7.933333333333053,0.4890564203855261,0.48210444126744617,0.5109435796144738,0.0
7.937499999999719,0.4890568118068618,0.48208871308916157,0.5109431881931381,0.0
7.941666666666386,0.4890572039841084,0.48207295445505494,0.5109427960158915,0.0
7.945833333333052,0.48905759691891254,0.48205716530893455,0.5109424030810874,0.0
7.949999999999719,0.4890579906129207,0.48204134559460937,0.5109420093870792,0.0
7.954166666666385,0.4890583850677795,0.482025495255889,0.5109416149322206,0.0
7.9583333333330515,0.4890587802851353,0.48200961423658356,0.5109412197148648,0.0
7.962499999999718,0.48905917626663464,0.4819937024805039,0.5109408237333655,0.0
7.966666666666384,0.4890595730139239,0.481977759931461,0.510940426986076,0.0
7.970833333333051,0.48905997052826194,0.48196178653154625,0.5109400294717381,0.0
7.974999999999717,0.48906036880985654,0.48194578221818823,0.5109396311901434,0.0
7.979166666666384,0.4890607678599635,0.4819297469334661,0.5109392321400366,0.0
7.98333333333305,0.4890611676799386,0.4819136806199047,0.5109388323200614,0.0
7.9874999999997165,0.48906156827113795,0.48189758322003023,0.5109384317288621,0.0
7.991666666666383,0.48906196963491755,0.4818814546763692,0.5109380303650825,0.0
7.995833333333049,0.48906237177263323,0.48186529493144886,0.5109376282273667,0.0
7.999999999999716,0.48906277468564113,0.4818491039277971,0.5109372253143589,0.0
8.004166666666382,0.48906317837529695,0.48183288160794235,0.510936821624703,0.0
8.008333333333049,0.4890635828429568,0.481816627914414,0.5109364171570433,0.0
8.012499999999715,0.4890639880899765,0.48180034278974154,0.5109360119100235,0.0
8.016666666666382,0.48906439411771196,0.48178402617645594,0.5109356058822881,0.0
8.020833333333048,0.489064800927602,0.48176767801532117,0.5109351990723979,0.0
8.024999999999714,0.48906520852127006,0.4817512982431897,0.51093479147873,0.0
8.02916666666638,0.4890656169001408,0.48173488680112553,0.5109343830998593,0.0
8.033333333333047,0.48906602606562466,0.4817184436305009,0.5109339739343755,0.0
8.037499999999714,0.489066436019132,0.4817019686726887,0.5109335639808679,0.0
8.04166666666638,0.48906684676207357,0.48168546186906247,0.5109331532379265,0.0
8.045833333333047,0.4890672582958594,0.48166892316099613,0.5109327417041406,0.0
8.049999999999713,0.48906767062190004,0.48165235248986477,0.5109323293781001,0.0
8.05416666666638,0.48906808374160576,0.48163574979704366,0.5109319162583942,0.0
8.058333333333046,0.489068497656387,0.48161911502390914,0.510931502343613,0.0
8.062499999999712,0.4890689123676541,0.4816024481118382,0.510931087632346,0.0
8.066666666666379,0.48906932787681723,0.4815857490022083,0.5109306721231828,0.0
8.070833333333045,0.489069744185457,0.48156901763444104,0.5109302558145429,0.0
8.074999999999712,0.4890701612954596,0.4815522539444489,0.5109298387045405,0.0
8.079166666666378,0.48907057920835323,0.4815354578722537,0.5109294207916467,0.0
8.083333333333044,0.48907099792564723,0.48151862935809864,0.5109290020743527,0.0
8.08749999999971,0.48907141744885074,0.4815017683422275,0.5109285825511493,0.0
8.091666666666377,0.48907183777947294,0.481484874764885,0.5109281622205271,0.0
8.095833333333044,0.489072258919023,0.4814679485663161,0.510927741080977,0.0
8.09999999999971,0.48907268086901,0.48145098968676675,0.51092731913099,0.0
8.104166666666377,0.489073103630943,0.4814339980664837,0.510926896369057,0.0
8.108333333333043,0.48907352720633135,0.4814169736457143,0.5109264727936687,0.0
8.11249999999971,0.4890739515966839,0.48139991636470636,0.510926048403316,0.0
8.116666666666376,0.4890743768035098,0.4813828261637088,0.5109256231964902,0.0
8.120833333333042,0.4890748028283547,0.48136570297846115,0.5109251971716453,0.0
8.124999999999709,0.4890752296728118,0.4813485467388261,0.5109247703271883,0.0
8.129166666666375,0.48907565733840275,0.48133135738348976,0.5109243426615974,0.0
8.133333333333042,0.4890760858266466,0.48131413485145985,0.5109239141733535,0.0
8.137499999999708,0.4890765151390624,0.48129687908174507,0.5109234848609375,0.0
8.141666666666374,0.4890769452771695,0.4812795900133548,0.5109230547228305,0.0
8.14583333333304,0.48907737624248643,0.481262267585299,0.5109226237575135,0.0
8.149999999999707,0.48907780803653256,0.4812449117365885,0.5109221919634674,0.0
8.154166666666374,0.48907824066082684,0.48122752240623495,0.5109217593391733,0.0
8.15833333333304,0.48907867411688793,0.48121009953325034,0.510921325883112,0.0
8.162499999999707,0.4890791084062352,0.48119264305664794,0.5109208915937649,0.0
8.166666666666373,0.4890795435303873,0.4811751529154412,0.5109204564696126,0.0
8.17083333333304,0.48907997949086324,0.4811576290486449,0.5109200205091368,0.0
8.174999999999706,0.4890804162891818,0.481140071395274,0.5109195837108181,0.0
8.179166666666372,0.4890808539268621,0.4811224798943447,0.5109191460731379,0.0
8.183333333333039,0.4890812924054228,0.48110485448487356,0.5109187075945771,0.0
8.187499999999705,0.4890817317263827,0.481087195105878,0.5109182682736172,0.0
8.191666666666372,0.4890821718912609,0.48106950169637647,0.5109178281087391,0.0
8.195833333333038,0.4890826129015759,0.4810517741953877,0.5109173870984242,0.0
8.199999999999704,0.4890830547588465,0.4810340125419314,0.5109169452411534,0.0
8.20416666666637,0.4890834974645916,0.48101621667502825,0.5109165025354083,0.0
8.208333333333037,0.48908394102033,0.48099838653369936,0.5109160589796701,0.0
8.212499999999704,0.4890843854275802,0.48098052205696673,0.5109156145724197,0.0
8.21666666666637,0.4890848306880098,0.48096262317254795,0.5109151693119902,0.0
8.220833333333037,0.48908527680338076,0.4809446898009547,0.5109147231966192,0.0
8.224999999999703,0.48908572377524595,0.48092672187861346,0.5109142762247539,0.0
8.22916666666637,0.48908617160515616,0.48090871934211976,0.5109138283948439,0.0
8.233333333333036,0.4890866202946617,0.480890682128069,0.5109133797053382,0.0
8.237499999999702,0.48908706984531325,0.48087261017305816,0.5109129301546866,0.0
8.241666666666369,0.4890875202586615,0.4808545034136848,0.5109124797413386,0.0
8.245833333333035,0.48908797153625666,0.4808363617865469,0.5109120284637433,0.0
8.249999999999702,0.4890884236796496,0.4808181852282438,0.5109115763203504,0.0
8.254166666666368,0.4890888766903905,0.4807999736753753,0.5109111233096095,0.0
8.258333333333034,0.4890893305700299,0.48078172706454203,0.51091066942997,0.0
8.2624999999997,0.4890897853201184,0.4807634453323457,0.5109102146798816,0.0
8.266666666666367,0.48909024094220627,0.48074512841538847,0.5109097590577937,0.0
8.270833333333034,0.489090697437844,0.4807267762502735,0.510909302562156,0.0
8.2749999999997,0.48909115480858195,0.4807083887736047,0.5109088451914181,0.0
8.279166666666367,0.4890916130559705,0.4806899659219869,0.5109083869440296,0.0
8.283333333333033,0.4890920721815599,0.4806715076320256,0.5109079278184402,0.0
8.2874999999997,0.4890925321869005,0.4806530138403272,0.5109074678130995,0.0
8.291666666666366,0.48909299307354276,0.480634484483499,0.5109070069264573,0.0
8.295833333333032,0.4890934548430368,0.480615919498149,0.5109065451569632,0.0
8.299999999999699,0.48909391749693293,0.4805973188208861,0.510906082503067,0.0
8.304166666666365,0.4890943810367814,0.4805786823883198,0.5109056189632185,0.0
8.308333333333032,0.4890948454641325,0.48056001013706107,0.5109051545358675,0.0
8.312499999999698,0.48909531078090407,0.48054130198939204,0.5109046892190958,0.0
8.316666666666364,0.4890957769890662,0.48052255786556713,0.5109042230109337,0.0
8.32083333333303,0.4890962440902325,0.4805037776997322,0.5109037559097676,0.0
8.324999999999697,0.4890967120860162,0.48048496142603464,0.5109032879139838,0.0
8.329166666666364,0.4890971809780309,0.4804661089786231,0.5109028190219691,0.0
8.33333333333303,0.48909765076788986,0.48044722029164655,0.5109023492321102,0.0
8.337499999999697,0.48909812145720655,0.4804282952992554,0.5109018785427933,0.0
8.341666666666363,0.4890985930475943,0.48040933393560054,0.5109014069524057,0.0
8.34583333333303,0.48909906554066646,0.48039033613483373,0.5109009344593336,0.0
8.349999999999696,0.4890995389380363,0.4803713018311077,0.5109004610619637,0.0
8.354166666666362,0.48910001324131724,0.48035223095857627,0.5108999867586829,0.0
8.358333333333029,0.48910048845212234,0.4803331234513936,0.5108995115478777,0.0
8.362499999999695,0.489100964572065,0.4803139792437153,0.510899035427935,0.0
8.366666666666362,0.4891014416027584,0.48029479826969756,0.5108985583972415,0.0
8.370833333333028,0.48910191954581583,0.48027558046349744,0.5108980804541842,0.0
8.374999999999694,0.48910239840285025,0.48025632575927296,0.5108976015971497,0.0
8.379166666666361,0.48910287817547515,0.48023703409118307,0.5108971218245247,0.0
8.383333333333027,0.48910335886530343,0.48021770539338754,0.5108966411346965,0.0
8.387499999999694,0.4891038404739483,0.48019833960004704,0.5108961595260516,0.0
8.39166666666636,0.4891043230030228,0.48017893664532324,0.5108956769969771,0.0
8.395833333333027,0.48910480645414006,0.4801594964633785,0.5108951935458599,0.0
8.399999999999693,0.4891052908289131,0.4801400189883762,0.5108947091710869,0.0
8.40416666666636,0.48910577616734885,0.48012050291361036,0.5108942238326512,0.0
8.408333333333026,0.4891062623885178,0.48010095084097526,0.5108937376114822,0.0
8.412499999999692,0.48910674953997124,0.48008136121993866,0.5108932504600289,0.0
8.416666666666359,0.4891072376233274,0.4800617339844918,0.5108927623766726,0.0
8.420833333333025,0.4891077266402083,0.480042069068517,0.5108922733597917,0.0
8.424999999999692,0.48910821659223885,0.4800223664057871,0.5108917834077611,0.0
8.429166666666358,0.4891087074810478,0.48000262592996573,0.5108912925189523,0.0
8.433333333333024,0.489109199308267,0.4799828475746072,0.5108908006917331,0.0
8.437499999999691,0.4891096920755317,0.47996303127315654,0.5108903079244682,0.0
8.441666666666357,0.4891101857844808,0.47994317695894995,0.5108898142155193,0.0
8.445833333333024,0.48911068043675626,0.47992328456521377,0.5108893195632438,0.0
8.44999999999969,0.48911117603400367,0.47990335402506545,0.5108888239659963,0.0
8.454166666666357,0.48911167257787175,0.47988338527151314,0.5108883274221282,0.0
8.458333333333023,0.48911217007001295,0.4798633782374559,0.510887829929987,0.0
8.46249999999969,0.48911266851208274,0.4798433328556832,0.5108873314879172,0.0
8.466666666666356,0.4891131679057402,0.4798232490588755,0.5108868320942597,0.0
8.470833333333022,0.48911366825264785,0.4798031267796043,0.5108863317473522,0.0
8.474999999999689,0.48911416955447135,0.4797829659503312,0.5108858304455287,0.0
8.479166666666355,0.4891146718128799,0.47976276650340927,0.5108853281871201,0.0
8.483333333333022,0.4891151750295461,0.479742528371082,0.5108848249704538,0.0
8.487499999999688,0.48911567920614596,0.4797222514854838,0.510884320793854,0.0
8.491666666666355,0.4891161843443586,0.4797019357786398,0.5108838156556413,0.0
8.495833333333021,0.48911669044586714,0.479681581182466,0.510883309554133,0.0
8.499999999999687,0.4891171975123728,0.479661187628127,0.5108828024876271,0.0
8.504166666666354,0.4891177055460924,0.47964075502560183,0.5108822944539075,0.0
8.50833333333302,0.48911821454900745,0.479620283294578,0.5108817854509925,0.0
8.512499999999687,0.4891187245228569,0.4795997723647748,0.510881275477143,0.0
8.516666666666353,0.48911923546938385,0.47957922216577187,0.5108807645306161,0.0
8.52083333333302,0.48911974739033554,0.47955863262700954,0.5108802526096644,0.0
8.524999999999686,0.48912026028746325,0.47953800367778876,0.5108797397125369,0.0
8.529166666666352,0.48912077416252236,0.47951733524727086,0.5108792258374777,0.0
8.533333333333019,0.4891212890172725,0.4794966272644783,0.5108787109827275,0.0
8.537499999999685,0.4891218048534774,0.4794758796582937,0.5108781951465227,0.0
8.541666666666352,0.48912232167290465,0.47945509235746014,0.5108776783270954,0.0
8.545833333333018,0.48912283947732627,0.4794342652905818,0.5108771605226736,0.0
8.549999999999685,0.4891233582685184,0.4794133983861234,0.5108766417314816,0.0
8.554166666666351,0.489123878048261,0.4793924915724099,0.5108761219517389,0.0
8.558333333333017,0.4891243988183384,0.47937154477762717,0.5108756011816615,0.0
8.562499999999684,0.4891249205805391,0.47935055792982184,0.5108750794194609,0.0
8.56666666666635,0.4891254433366554,0.47932953095690084,0.5108745566633447,0.0
8.570833333333017,0.48912596708848394,0.47930846378663194,0.5108740329115161,0.0
8.574999999999683,0.48912649183782547,0.47928735634664343,0.5108735081621745,0.0
8.57916666666635,0.4891270175864849,0.47926620856442453,0.5108729824135151,0.0
8.583333333333016,0.48912754433627104,0.4792450203673248,0.510872455663729,0.0
8.587499999999682,0.4891280720889971,0.4792237916825545,0.5108719279110028,0.0
8.591666666666349,0.48912860084648024,0.47920252243718486,0.5108713991535199,0.0
8.595833333333015,0.48912913061054164,0.4791812125581473,0.5108708693894582,0.0
8.599999999999682,0.48912966138300695,0.4791598619722342,0.510870338616993,0.0
8.604166666666348,0.48913019316570544,0.4791384706060986,0.5108698068342946,0.0
8.608333333333015,0.48913072596047097,0.47911703838625413,0.510869274039529,0.0
8.612499999999681,0.48913125976914124,0.4790955652390752,0.5108687402308588,0.0
8.616666666666347,0.4891317945935581,0.47907405109079687,0.510868205406442,0.0
8.620833333333014,0.4891323304355675,0.47905249586751464,0.5108676695644324,0.0
8.62499999999968,0.48913286729701977,0.47903089949518535,0.5108671327029803,0.0
8.629166666666347,0.48913340517976883,0.4790092618996256,0.5108665948202312,0.0
8.633333333333013,0.4891339440856733,0.4789875830065136,0.5108660559143267,0.0
8.63749999999968,0.48913448401659537,0.4789658627413877,0.5108655159834046,0.0
8.641666666666346,0.48913502497440187,0.47894410102964713,0.510864975025598,0.0
8.645833333333012,0.48913556696096333,0.47892229779655193,0.5108644330390366,0.0
8.649999999999679,0.48913610997815465,0.4789004529672227,0.5108638900218453,0.0
8.654166666666345,0.48913665402785467,0.4788785664666409,0.5108633459721453,0.0
8.658333333333012,0.4891371991119464,0.47885663821964847,0.5108628008880536,0.0
8.662499999999678,0.489137745232317,0.47883466815094833,0.5108622547676829,0.0
8.666666666666345,0.4891382923908579,0.47881265618510427,0.5108617076091422,0.0
8.670833333333011,0.4891388405894641,0.4787906022465402,0.5108611594105358,0.0
8.674999999999677,0.4891393898300355,0.4787685062595416,0.5108606101699645,0.0
8.679166666666344,0.48913994011447537,0.47874636814825405,0.5108600598855246,0.0
8.68333333333301,0.4891404914446917,0.47872418783668413,0.5108595085553084,0.0
8.687499999999677,0.489141043822596,0.4787019652486991,0.510858956177404,0.0
8.691666666666343,0.48914159725010453,0.47867970030802737,0.5108584027498956,0.0
8.69583333333301,0.48914215172913705,0.4786573929382574,0.510857848270863,0.0
8.699999999999676,0.48914270726161796,0.478635043062839,0.5108572927383821,0.0
8.704166666666342,0.48914326384947543,0.47861265060508246,0.5108567361505245,0.0
8.708333333333009,0.48914382149464186,0.47859021548815917,0.5108561785053581,0.0
8.712499999999675,0.4891443801990538,0.4785677376351009,0.5108556198009463,0.0
8.716666666666342,0.4891449399646518,0.4785452169688004,0.5108550600353482,0.0
8.720833333333008,0.4891455007933806,0.4785226534120112,0.5108544992066194,0.0
8.724999999999675,0.4891460626871891,0.47850004688734776,0.5108539373128109,0.0
8.729166666666341,0.4891466256480302,0.4784773973172852,0.5108533743519699,0.0
8.733333333333007,0.48914718967786097,0.4784547046241594,0.510852810322139,0.0
8.737499999999674,0.48914775477790684,0.47843196872958954,0.5108522452220932,0.0
8.74166666666634,0.4891483209476282,0.4784091895536671,0.5108516790523718,0.0
8.745833333333007,0.48914888818818275,0.4783863670176738,0.5108511118118173,0.0
8.749999999999673,0.48914945650082475,0.4783635010428248,0.5108505434991754,0.0
8.75416666666634,0.48915002588676837,0.4783405915501617,0.5108499741132316,0.0
8.758333333333006,0.48915059634718794,0.4783176384605523,0.5108494036528121,0.0
8.762499999999672,0.4891511678832178,0.478294641694691,0.5108488321167821,0.0
8.766666666666339,0.48915174049595234,0.4782716011730986,0.5108482595040477,0.0
8.770833333333005,0.4891523141864457,0.47824851681612207,0.5108476858135542,0.0
8.774999999999672,0.4891528889557125,0.4782253885439349,0.5108471110442874,0.0
8.779166666666338,0.48915346480472727,0.4782022162765375,0.5108465351952728,0.0
8.783333333333005,0.4891540417344242,0.47817899993375595,0.5108459582655758,0.0
8.787499999999671,0.489154619745698,0.4781557394352433,0.5108453802543019,0.0
8.791666666666337,0.4891551988394032,0.4781324347004792,0.5108448011605968,0.0
8.795833333333004,0.48915577901761637,0.4781090856503279,0.5108442209823837,0.0
8.79999999999967,0.48915636028770404,0.4780856922120615,0.5108436397122961,0.0
8.804166666666337,0.4891569426528389,0.47806225430764837,0.5108430573471612,0.0
8.808333333333003,0.48915752611556873,0.47803877185816085,0.5108424738844314,0.0
8.81249999999967,0.4891581106785154,0.4780152447846383,0.5108418893214846,0.0
8.816666666666336,0.4891586963443759,0.47799167300808815,0.510841303655624,0.0
8.820833333333002,0.489159283115921,0.47796805644948487,0.510840716884079,0.0
8.824999999999669,0.4891598709959964,0.47794439502977076,0.5108401290040037,0.0
8.829166666666335,0.48916045998752195,0.47792068866985526,0.510839540012478,0.0
8.833333333333002,0.48916105009349226,0.4778969372906156,0.5108389499065078,0.0
8.837499999999668,0.4891616413169762,0.4778731408128963,0.5108383586830239,0.0
8.841666666666335,0.48916223366111716,0.47784929915750923,0.5108377663388829,0.0
8.845833333333001,0.48916282712913317,0.4778254122452341,0.5108371728708668,0.0
8.849999999999667,0.4891634217243165,0.47780147999681755,0.5108365782756834,0.0
8.854166666666334,0.4891640174494766,0.47777750233226796,0.5108359825505233,0.0
8.858333333333,0.48916461430328434,0.47775347916622546,0.5108353856967157,0.0
8.862499999999667,0.4891652122871191,0.47772941041663447,0.5108347877128809,0.0
8.866666666666333,0.4891658114032078,0.4777052960023858,0.5108341885967921,0.0
8.870833333333,0.4891664116537671,0.4776811358422307,0.5108335883462328,0.0
8.874999999999666,0.489167013041003,0.47765692985478037,0.510832986958997,0.0
8.879166666666332,0.48916761556711114,0.4776326779585059,0.5108323844328889,0.0
8.883333333332999,0.4891682192342766,0.47760838007173884,0.5108317807657233,0.0
8.887499999999665,0.48916882404467465,0.47758403611267114,0.5108311759553253,0.0
8.891666666666332,0.4891694300004695,0.4775596459993545,0.5108305699995306,0.0
8.895833333332998,0.4891700371038153,0.477535209649701,0.5108299628961848,0.0
8.899999999999665,0.4891706453568557,0.4775107269814827,0.5108293546431443,0.0
8.904166666666331,0.48917125476172413,0.4774861979123323,0.5108287452382758,0.0
8.908333333332997,0.4891718653205433,0.47746162235974227,0.5108281346794568,0.0
8.912499999999664,0.4891724770353215,0.4774370002409678,0.5108275229646785,0.0
8.91666666666633,0.48917308990648484,0.4774123314716494,0.5108269100935151,0.0
8.920833333332997,0.48917370393517173,0.47738761596796675,0.5108262960648283,0.0
8.924999999999663,0.48917431912295667,0.47736285364637815,0.5108256808770433,0.0
8.92916666666633,0.48917493547137236,0.4773380444231732,0.5108250645286277,0.0
8.933333333332996,0.48917555298190857,0.47731318821447116,0.5108244470180914,0.0
8.937499999999662,0.4891761716560137,0.4772882849362228,0.5108238283439863,0.0
8.941666666666329,0.48917679149509335,0.4772633345042087,0.5108232085049067,0.0
8.945833333332995,0.4891774125005112,0.4772383368340405,0.5108225874994887,0.0
8.949999999999662,0.4891780346735889,0.4772132918411603,0.5108219653264111,0.0
8.954166666666328,0.48917865801560545,0.4771881994408408,0.5108213419843946,0.0
8.958333333332995,0.48917928252779797,0.4771630595481854,0.510820717472202,0.0
8.962499999999661,0.4891799082113613,0.4771378720781281,0.5108200917886386,0.0
8.966666666666328,0.48918053506744824,0.4771126369454337,0.5108194649325518,0.0
8.970833333332994,0.48918116304532494,0.4770873542211219,0.5108188369546751,0.0
8.97499999999966,0.48918179226683345,0.4770620234700641,0.5108182077331666,0.0
8.979166666666327,0.48918242266761874,0.47703664481399377,0.5108175773323812,0.0
8.983333333332993,0.48918305425026276,0.4770112181668959,0.5108169457497372,0.0
8.98749999999966,0.4891836870173477,0.47698574344275707,0.5108163129826523,0.0
8.991666666666326,0.48918432097145537,0.4769602205555648,0.5108156790285445,0.0
8.995833333332993,0.4891849561151679,0.4769346494193088,0.5108150438848322,0.0
8.999999999999659,0.48918559245106696,0.4769090299479794,0.5108144075489331,0.0
9.004166666666325,0.4891862299817345,0.47688336205556897,0.5108137700182656,0.0
9.008333333332992,0.48918686870975236,0.4768576456560711,0.5108131312902475,0.0
9.012499999999658,0.48918750863770244,0.4768318806634809,0.5108124913622977,0.0
9.016666666666325,0.4891881497681662,0.47680606699179484,0.5108118502318337,0.0
9.020833333332991,0.4891887921037257,0.47678020455501086,0.5108112078962742,0.0
9.024999999999658,0.48918943564696243,0.4767542932671286,0.5108105643530376,0.0
9.029166666666324,0.48919008040045625,0.47672833304214435,0.5108099195995437,0.0
9.03333333333299,0.4891907263661496,0.47670232379243654,0.5108092736338505,0.0
9.037499999999657,0.48919137354598197,0.4766762654303785,0.5108086264540179,0.0
9.041666666666323,0.48919202194235273,0.47665015786951276,0.5108079780576473,0.0
9.04583333333299,0.4891926715576609,0.47662400102338287,0.510807328442339,0.0
9.049999999999656,0.4891933223943056,0.47659779480553427,0.5108066776056944,0.0
9.054166666666323,0.48919397445468576,0.47657153912951383,0.5108060255453143,0.0
9.058333333332989,0.4891946277412005,0.4765452339088699,0.5108053722587994,0.0
9.062499999999655,0.4891952822562488,0.47651887905715246,0.5108047177437512,0.0
9.066666666666322,0.4891959380022295,0.47649247448791293,0.5108040619977705,0.0
9.070833333332988,0.48919659498154155,0.4764660201147044,0.5108034050184586,0.0
9.074999999999655,0.4891972531965837,0.47643951585108124,0.5108027468034163,0.0
9.079166666666321,0.4891979126497421,0.4764129616105467,0.510802087350258,0.0
9.083333333332988,0.4891985733418252,0.47638635730006856,0.5108014266581747,0.0
9.087499999999654,0.4891992352738332,0.4763597028274089,0.5108007647261669,0.0
9.09166666666632,0.48919989844774037,0.4763329981043715,0.5108001015522595,0.0
9.095833333332987,0.48920056286552144,0.4763062430427619,0.5107994371344786,0.0
9.099999999999653,0.4892012285291509,0.47627943755438745,0.5107987714708491,0.0
9.10416666666632,0.4892018954406033,0.4762525815510571,0.5107981045593967,0.0
9.108333333332986,0.48920256360185294,0.47622567494458135,0.5107974363981471,0.0
9.112499999999653,0.48920323301487434,0.4761987176467726,0.5107967669851257,0.0
9.116666666666319,0.4892039036816418,0.4761717095694448,0.5107960963183582,0.0
9.120833333332985,0.4892045756041297,0.47614465062441386,0.5107954243958702,0.0
9.124999999999652,0.4892052487843123,0.47611754072349705,0.5107947512156877,0.0
9.129166666666318,0.48920592322417467,0.4760903797784233,0.5107940767758253,0.0
9.133333333332985,0.4892065989263818,0.4760631676952428,0.5107934010736181,0.0
9.137499999999651,0.48920727589344465,0.4760359043812933,0.5107927241065554,0.0
9.141666666666318,0.4892079541275111,0.47600858974694626,0.5107920458724888,0.0
9.145833333332984,0.4892086336307293,0.47598122370257506,0.5107913663692707,0.0
9.14999999999965,0.489209314405247,0.4759538061585547,0.5107906855947529,0.0
9.154166666666317,0.48920999645321234,0.475926337025262,0.5107900035467877,0.0
9.158333333332983,0.4892106797767729,0.47589881621307534,0.5107893202232271,0.0
9.16249999999965,0.48921136437807644,0.4758712436323748,0.5107886356219234,0.0
9.166666666666316,0.4892120502592709,0.47584361919354273,0.510787949740729,0.0
9.170833333332983,0.48921273742250393,0.4758159428069625,0.5107872625774961,0.0
9.174999999999649,0.48921342586992317,0.47578821438301966,0.5107865741300768,0.0
9.179166666666315,0.4892141156036901,0.47576043383194183,0.5107858843963099,0.0
9.183333333332982,0.48921480662650246,0.4757326010578224,0.5107851933734976,0.0
9.187499999999648,0.4892154989408877,0.4757047159666997,0.5107845010591122,0.0
9.191666666666315,0.48921619254912546,0.47567677846745826,0.5107838074508746,0.0
9.195833333332981,0.4892168874534946,0.47564878846898373,0.5107831125465053,0.0
9.199999999999648,0.48921758365627466,0.4756207458801642,0.5107824163437255,0.0
9.204166666666314,0.4892182811597443,0.47559265060988865,0.5107817188402556,0.0
9.20833333333298,0.48921897996618297,0.47556450256704885,0.510781020033817,0.0
9.212499999999647,0.48921968007786965,0.4755363016605378,0.5107803199221305,0.0
9.216666666666313,0.4892203814970831,0.47550804779925016,0.5107796185029169,0.0
9.22083333333298,0.4892210842261024,0.4754797408920828,0.5107789157738976,0.0
9.224999999999646,0.4892217882672066,0.47545138084793415,0.5107782117327935,0.0
9.229166666666313,0.4892224936226712,0.4754229675754311,0.5107775063773288,0.0
9.233333333332979,0.4892232002946918,0.4753945009760953,0.5107767997053081,0.0
9.237499999999645,0.489223908285496,0.4753659809542909,0.5107760917145041,0.0
9.241666666666312,0.48922461759734365,0.4753374074172604,0.5107753824026563,0.0
9.245833333332978,0.48922532823249476,0.4753087802722491,0.5107746717675054,0.0
9.249999999999645,0.48922604019320903,0.47528009942650346,0.510773959806791,0.0
9.254166666666311,0.4892267534817463,0.4752513647872722,0.5107732465182536,0.0
9.258333333332978,0.48922746810036655,0.4752225762618058,0.5107725318996336,0.0
9.262499999999644,0.4892281840513292,0.47519373375735646,0.5107718159486709,0.0
9.26666666666631,0.489228901336894,0.47516483718117847,0.5107710986631061,0.0
9.270833333332977,0.48922961995932074,0.4751358864405279,0.5107703800406793,0.0
9.274999999999643,0.4892303399208688,0.4751068814426628,0.5107696600791313,0.0
9.27916666666631,0.48923106122379784,0.4750778220948394,0.5107689387762022,0.0
9.283333333332976,0.4892317838704501,0.47504870829863577,0.51076821612955,0.0
9.287499999999643,0.48923250786317624,0.47501953995503393,0.5107674921368238,0.0
9.291666666666309,0.4892332332042601,0.47499031696962074,0.51076676679574,0.0
9.295833333332975,0.48923395989598567,0.47496103924798455,0.5107660401040144,0.0
9.299999999999642,0.4892346879406364,0.47493170669571605,0.5107653120593636,0.0
9.304166666666308,0.489235417340496,0.47490231921840753,0.5107645826595039,0.0
9.308333333332975,0.4892361480978484,0.47487287672165357,0.5107638519021517,0.0
9.312499999999641,0.48923688021497674,0.4748433791110504,0.5107631197850233,0.0
9.316666666666308,0.48923761369416485,0.4748138262921963,0.5107623863058351,0.0
9.320833333332974,0.48923834853769604,0.4747842181706917,0.5107616514623039,0.0
9.32499999999964,0.4892390847478538,0.4747545546521388,0.5107609152521461,0.0
9.329166666666307,0.48923982232692165,0.47472483564214174,0.5107601776730785,0.0
9.333333333332973,0.4892405612773069,0.4746950610427508,0.5107594387226931,0.0
9.33749999999964,0.48924130160156337,0.4746652307518391,0.5107586983984367,0.0
9.341666666666306,0.4892420433020375,0.47463534467320323,0.5107579566979624,0.0
9.345833333332973,0.4892427863810705,0.4746054027108016,0.5107572136189295,0.0
9.349999999999639,0.4892435308410031,0.4745754047685946,0.510756469158997,0.0
9.354166666666305,0.48924427668417614,0.4745453507505446,0.5107557233158238,0.0
9.358333333332972,0.4892450239129306,0.47451524056061617,0.5107549760870693,0.0
9.362499999999638,0.4892457725296072,0.4744850741027756,0.5107542274703928,0.0
9.366666666666305,0.4892465225365467,0.4744548512809914,0.5107534774634532,0.0
9.370833333332971,0.4892472739360897,0.47442457199923427,0.5107527260639102,0.0
9.374999999999638,0.48924802673057693,0.47439423616147675,0.510751973269423,0.0
9.379166666666304,0.48924878092234886,0.4743638436716933,0.5107512190776511,0.0
9.38333333333297,0.48924953651623504,0.47433339432822347,0.510750463483765,0.0
9.387499999999637,0.48925029350915483,0.4743028882651319,0.5107497064908452,0.0
9.391666666666303,0.4892510519068693,0.4742723252412169,0.5107489480931308,0.0
9.39583333333297,0.4892518117117257,0.4742417051601698,0.5107481882882743,0.0
9.399999999999636,0.4892525729260745,0.4742110279255457,0.5107474270739255,0.0
9.404166666666303,0.4892533355522693,0.47418029344076446,0.5107466644477306,0.0
9.408333333332969,0.489254099592667,0.4741495016091096,0.5107459004073329,0.0
9.412499999999635,0.4892548650496277,0.47411865233372913,0.5107451349503723,0.0
9.416666666666302,0.48925563192551447,0.47408774551763516,0.5107443680744855,0.0
9.420833333332968,0.48925640022269384,0.47405678106370397,0.5107435997773061,0.0
9.424999999999635,0.4892571699435355,0.4740257588746763,0.5107428300564646,0.0
9.429166666666301,0.48925794109041204,0.4739946788531566,0.5107420589095879,0.0
9.433333333332968,0.48925871366573753,0.4739635409000475,0.5107412863342624,0.0
9.437499999999634,0.4892594876722294,0.4739323449036372,0.5107405123277707,0.0
9.4416666666663,0.4892602631123696,0.47390109076197895,0.5107397368876304,0.0
9.445833333332967,0.4892610399885688,0.47386977837611105,0.5107389600114313,0.0
9.449999999999633,0.4892618183032406,0.47383840764691854,0.5107381816967594,0.0
9.4541666666663,0.4892625980588025,0.47380697847513276,0.5107374019411974,0.0
9.458333333332966,0.489263379257676,0.4737754907613319,0.5107366207423241,0.0
9.462499999999633,0.4892641619022854,0.4737439444059402,0.5107358380977147,0.0
9.466666666666299,0.48926494599505926,0.4737123393092286,0.5107350540049408,0.0
9.470833333332966,0.4892657315384296,0.47368067537131464,0.5107342684615703,0.0
9.474999999999632,0.4892665185348321,0.47364895249216243,0.5107334814651678,0.0
9.479166666666298,0.4892673069867059,0.4736171705715823,0.5107326930132942,0.0
9.483333333332965,0.4892680968964939,0.47358532950923155,0.5107319031035061,0.0
9.487499999999631,0.4892688882666426,0.4735534292046137,0.5107311117333574,0.0
9.491666666666298,0.48926968109960217,0.47352146955707897,0.5107303189003979,0.0
9.495833333332964,0.4892704753978262,0.47348945046582414,0.5107295246021738,0.0
9.49999999999963,0.4892712711637723,0.4734573718298926,0.5107287288362278,0.0
9.504166666666297,0.48927206839990106,0.4734252335481742,0.5107279316000989,0.0
9.508333333332963,0.4892728671086775,0.47339303551940554,0.5107271328913224,0.0
9.51249999999963,0.48927366729256966,0.4733607776421697,0.5107263327074304,0.0
9.516666666666296,0.48927446895404925,0.4733284598148965,0.5107255310459508,0.0
9.520833333332963,0.48927527209559196,0.4732960819358622,0.5107247279044079,0.0
9.524999999999629,0.48927607671967677,0.4732636439031899,0.5107239232803232,0.0
9.529166666666296,0.4892768828287864,0.473231145614849,0.5107231171712137,0.0
9.533333333332962,0.48927769042540714,0.4731985869686561,0.5107223095745929,0.0
9.537499999999628,0.489278499512029,0.47316596786227383,0.510721500487971,0.0
9.541666666666295,0.4892793100911455,0.4731332881932118,0.5107206899088546,0.0
9.545833333332961,0.48928012216525385,0.4731005478588263,0.5107198778347461,0.0
9.549999999999628,0.4892809357368549,0.47306774675632035,0.5107190642631452,0.0
9.554166666666294,0.4892817508084529,0.4730348847827433,0.5107182491915471,0.0
9.55833333333296,0.48928256738255604,0.47300196183499166,0.5107174326174438,0.0
9.562499999999627,0.489283385461676,0.4729689778098083,0.510716614538324,0.0
9.566666666666293,0.48928420504832804,0.4729359326037831,0.510715794951672,0.0
9.57083333333296,0.48928502614503105,0.4729028261133522,0.510714973854969,0.0
9.574999999999626,0.4892858487543075,0.47286965823479893,0.5107141512456925,0.0
9.579166666666293,0.4892866728786835,0.47283642886425314,0.5107133271213165,0.0
9.58333333333296,0.48928749852068887,0.4728031378976914,0.5107125014793111,0.0
9.587499999999626,0.4892883256828571,0.47276978523093716,0.5107116743171429,0.0
9.591666666666292,0.4892891543677249,0.47273637075966046,0.510710845632275,0.0
9.595833333332958,0.4892899845778331,0.4727028943793784,0.5107100154221669,0.0
9.599999999999625,0.48929081631572585,0.4726693559854545,0.5107091836842741,0.0
9.604166666666291,0.489291649583951,0.4726357554730992,0.510708350416049,0.0
9.608333333332958,0.48929248438505996,0.4726020927373699,0.5107075156149401,0.0
9.612499999999624,0.4892933207216078,0.4725683676731706,0.5107066792783922,0.0
9.61666666666629,0.4892941585961534,0.47253458017525224,0.5107058414038467,0.0
9.620833333332957,0.48929499801125875,0.47250073013821237,0.5107050019887412,0.0
9.624999999999623,0.4892958389694899,0.47246681745649566,0.51070416103051,0.0
9.62916666666629,0.4892966814734166,0.47243284202439356,0.5107033185265835,0.0
9.633333333332956,0.4892975255256116,0.47239880373604404,0.5107024744743884,0.0
9.637499999999623,0.48929837112865193,0.4723647024854324,0.5107016288713481,0.0
9.64166666666629,0.489299218285118,0.4723305381663905,0.510700781714882,0.0
9.645833333332956,0.48930006699759365,0.4722963106725972,0.5106999330024063,0.0
9.649999999999622,0.48930091726866654,0.4722620198975781,0.5106990827313334,0.0
9.654166666666288,0.48930176910092804,0.4722276657347059,0.510698230899072,0.0
9.658333333332955,0.48930262249697276,0.47219324807720015,0.5106973775030271,0.0
9.662499999999621,0.4893034774593992,0.4721587668181271,0.5106965225406007,0.0
9.666666666666288,0.48930433399077045,0.47212422185116926,0.5106956660092296,0.0
9.670833333332954,0.4893051920936092,0.47208961307071445,0.5106948079063909,0.0
9.67499999999962,0.48930605177051584,0.4720549403695432,0.5106939482294841,0.0
9.679166666666287,0.4893069130240968,0.47202020364024105,0.5106930869759033,0.0
9.683333333332953,0.4893077758569616,0.47198540277524265,0.5106922241430385,0.0
9.68749999999962,0.48930864027172344,0.4719505376668319,0.5106913597282765,0.0
9.691666666666286,0.48930950627099923,0.4719156082071421,0.5106904937290008,0.0
9.695833333332953,0.48931037385740905,0.47188061428815575,0.510689626142591,0.0
9.69999999999962,0.4893112430335766,0.47184555580170445,0.5106887569664235,0.0
9.704166666666286,0.4893121138021291,0.47181043263946904,0.5106878861978709,0.0
9.708333333332952,0.4893129861656972,0.47177524469298,0.5106870138343027,0.0
9.712499999999618,0.4893138601269151,0.47173999185361676,0.5106861398730849,0.0
9.716666666666285,0.48931473568842054,0.4717046740126082,0.5106852643115795,0.0
9.720833333332951,0.48931561285285463,0.4716692910610324,0.5106843871471454,0.0
9.724999999999618,0.4893164916228621,0.47163384288981675,0.5106835083771379,0.0
9.729166666666284,0.489317372001091,0.47159832938973806,0.510682627998909,0.0
9.73333333333295,0.48931825399019324,0.47156275045142254,0.5106817460098069,0.0
9.737499999999617,0.4893191375928237,0.4715271059653455,0.5106808624071763,0.0
9.741666666666283,0.48932002281164116,0.47149139582183186,0.5106799771883589,0.0
9.74583333333295,0.4893209096493077,0.47145561991105556,0.5106790903506923,0.0
9.749999999999616,0.48932179810848914,0.4714197781230404,0.5106782018915109,0.0
9.754166666666283,0.4893226881918544,0.4713838703476592,0.5106773118081456,0.0
9.75833333333295,0.4893235799020762,0.47134789647463415,0.5106764200979237,0.0
9.762499999999616,0.48932447324183065,0.4713118563935371,0.5106755267581693,0.0
9.766666666666282,0.48932536821379746,0.47127574999378913,0.5106746317862026,0.0
9.770833333332948,0.48932626482065955,0.47123957716466075,0.5106737351793406,0.0
9.774999999999615,0.4893271630651036,0.4712033377952718,0.5106728369348964,0.0
9.779166666666281,0.48932806294981973,0.4711670317745919,0.5106719370501803,0.0
9.783333333332948,0.48932896447750135,0.47113065899143963,0.5106710355224986,0.0
9.787499999999614,0.48932986765084574,0.4710942193344834,0.5106701323491541,0.0
9.79166666666628,0.48933077247255347,0.4710577126922411,0.5106692275274466,0.0
9.795833333332947,0.4893316789453284,0.4710211389530799,0.5106683210546716,0.0
9.799999999999613,0.48933258707187827,0.4709844980052165,0.5106674129281217,0.0
9.80416666666628,0.489333496854914,0.4709477897367172,0.510666503145086,0.0
9.808333333332946,0.4893344082971501,0.47091101403549757,0.51066559170285,0.0
9.812499999999613,0.48933532140130465,0.470874170789323,0.5106646785986955,0.0
9.81666666666628,0.4893362361700991,0.47083725988580816,0.5106637638299009,0.0
9.820833333332946,0.48933715260625854,0.47080028121241746,0.5106628473937415,0.0
9.824999999999612,0.48933807071251134,0.4707632346564647,0.5106619292874887,0.0
9.829166666666278,0.48933899049158947,0.4707261201051132,0.5106610095084104,0.0
9.833333333332945,0.48933991194622856,0.4706889374453762,0.5106600880537715,0.0
9.837499999999611,0.4893408350791673,0.4706516865641161,0.5106591649208326,0.0
9.841666666666278,0.4893417598931484,0.4706143673480449,0.5106582401068516,0.0
9.845833333332944,0.48934268639091755,0.4705769796837246,0.5106573136090824,0.0
9.84999999999961,0.48934361457522435,0.4705395234575664,0.5106563854247756,0.0
9.854166666666277,0.4893445444488216,0.4705019985558312,0.5106554555511784,0.0
9.858333333332943,0.4893454760144657,0.47046440486462965,0.5106545239855343,0.0
9.86249999999961,0.48934640927491646,0.47042674226992204,0.5106535907250835,0.0
9.866666666666276,0.4893473442329374,0.4703890106575181,0.5106526557670626,0.0
9.870833333332943,0.4893482808912953,0.47035120991307744,0.5106517191087048,0.0
9.87499999999961,0.4893492192527604,0.4703133399221092,0.5106507807472396,0.0
9.879166666666276,0.48935015932010667,0.4702754005699723,0.5106498406798933,0.0
9.883333333332942,0.48935110109611135,0.4702373917418753,0.5106488989038886,0.0
9.887499999999608,0.4893520445835553,0.47019931332287646,0.5106479554164448,0.0
9.891666666666275,0.4893529897852227,0.47016116519788353,0.5106470102147774,0.0
9.895833333332941,0.4893539367038928,0.47012294725188375,0.5106460632961071,0.0
9.899999999999608,0.48935488534207106,0.47008465937730065,0.5106451146579288,0.0
9.904166666666274,0.4893558357023948,0.47004630146289245,0.5106441642976051,0.0
9.90833333333294,0.4893567877876386,0.4700078733936101,0.5106432122123613,0.0
9.912499999999607,0.4893577416005801,0.4699693750542657,0.5106422583994198,0.0
9.916666666666273,0.4893586971440003,0.4699308063295323,0.5106413028559997,0.0
9.92083333333294,0.4893596544206828,0.4698921671039439,0.5106403455793173,0.0
9.924999999999606,0.48936061343341464,0.4698534572618954,0.5106393865665853,0.0
9.929166666666273,0.48936157418498594,0.4698146766876434,0.5106384258150141,0.0
9.93333333333294,0.48936253667818963,0.4697758252653045,0.5106374633218104,0.0
9.937499999999606,0.4893635009158219,0.4697369028788572,0.5106364990841782,0.0
9.941666666666272,0.48936446690068197,0.4696979094121406,0.510635533099318,0.0
9.945833333332939,0.4893654346355722,0.46965884474885533,0.5106345653644278,0.0
9.949999999999605,0.48936640412329796,0.46961970877256265,0.5106335958767021,0.0
9.954166666666271,0.4893673753666675,0.469580501366685,0.5106326246333324,0.0
9.958333333332938,0.4893683483684925,0.46954122241450613,0.5106316516315075,0.0
9.962499999999604,0.4893693231315876,0.46950187179917086,0.5106306768684125,0.0
9.96666666666627,0.4893702996587702,0.46946244940368476,0.5106297003412297,0.0
9.970833333332937,0.4893712779528613,0.4694229551109153,0.5106287220471388,0.0
9.974999999999604,0.4893722580166843,0.4693833888035903,0.5106277419833156,0.0
9.97916666666627,0.4893732398530664,0.4693437503642993,0.5106267601469335,0.0
9.983333333332936,0.48937422346483744,0.4693040396754928,0.5106257765351625,0.0
9.987499999999603,0.4893752088548303,0.4692642566194823,0.5106247911451696,0.0
9.99166666666627,0.4893761960258812,0.4692244010784408,0.5106238039741188,0.0
9.995833333332936,0.48937718498082905,0.46918447293440235,0.5106228150191708,0.0
9.999999999999602,0.4893781757225163,0.46914447206926235,0.5106218242774837,0.0
10.004166666666269,0.48937916825378797,0.4691043983647772,0.510620831746212,0.0
10.008333333332935,0.48938016257749256,0.4690642517025647,0.5106198374225074,0.0
10.012499999999601,0.4893811586964814,0.46902403196410386,0.5106188413035186,0.0
10.016666666666268,0.48938215661360895,0.4689837390307349,0.5106178433863912,0.0
10.020833333332934,0.4893831563317326,0.46894337278365933,0.5106168436682673,0.0
10.0249999999996,0.48938415785371325,0.4689029331039401,0.5106158421462867,0.0
10.029166666666267,0.4893851611824143,0.4688624198725011,0.5106148388175856,0.0
10.033333333332934,0.4893861663207026,0.4688218329701279,0.5106138336792975,0.0
10.0374999999996,0.48938717327144793,0.46878117227746724,0.5106128267285521,0.0
10.041666666666266,0.48938818203752305,0.4687404376750269,0.510611817962477,0.0
10.045833333332933,0.48938919262180397,0.46869962904317647,0.510610807378196,0.0
10.0499999999996,0.48939020502716973,0.46865874626214665,0.5106097949728303,0.0
10.054166666666266,0.48939121925650214,0.4686177892120294,0.5106087807434978,0.0
10.058333333332932,0.4893922353126866,0.4685767577727783,0.5106077646873135,0.0
10.062499999999599,0.48939325319861116,0.4685356518242081,0.5106067468013888,0.0
10.066666666666265,0.4893942729171669,0.46849447124599497,0.510605727082833,0.0
10.070833333332931,0.4893952944712486,0.4684532159176767,0.5106047055287515,0.0
10.074999999999598,0.48939631786375304,0.46841188571865205,0.5106036821362471,0.0
10.079166666666264,0.489397343097581,0.4683704805281816,0.5106026569024189,0.0
10.08333333333293,0.4893983701756359,0.4683290002253873,0.5106016298243641,0.0
10.087499999999597,0.48939939910082425,0.4682874446892524,0.5106006008991757,0.0
10.091666666666264,0.48940042987605575,0.46824581379862174,0.5105995701239443,0.0
10.09583333333293,0.48940146250424293,0.4682041074322014,0.510598537495757,0.0
10.099999999999596,0.4894024969883017,0.4681623254685595,0.5105975030116983,0.0
10.104166666666263,0.4894035333311507,0.4681204677861249,0.5105964666688493,0.0
10.10833333333293,0.48940457153571193,0.4680785342631886,0.510595428464288,0.0
10.112499999999596,0.48940561160491025,0.46803652477790275,0.5105943883950897,0.0
10.116666666666262,0.4894066535416736,0.46799443920828115,0.5105933464583263,0.0
10.120833333332929,0.48940769734893314,0.467952277432199,0.5105923026510669,0.0
10.124999999999595,0.48940874302962273,0.4679100393273933,0.5105912569703772,0.0
10.129166666666261,0.48940979058664313,0.467867724771675,0.5105902094133569,0.0
10.133333333332928,0.4894108400227741,0.4678253336434301,0.5105891599772259,0.0
10.137499999999594,0.48941189134093027,0.4677828658201453,0.5105881086590697,0.0
10.14166666666626,0.4894129445440466,0.467740321179071,0.5105870554559534,0.0
10.145833333332927,0.48941399963506044,0.46769769959732016,0.5105860003649395,0.0
10.149999999999594,0.4894150566169124,0.4676550009518689,0.5105849433830876,0.0
10.15416666666626,0.48941611549254566,0.4676122251195555,0.5105838845074543,0.0
10.158333333332926,0.4894171762649065,0.46756937197708176,0.5105828237350934,0.0
10.162499999999593,0.4894182389369439,0.4675264414010119,0.5105817610630562,0.0
10.16666666666626,0.48941930351160956,0.46748343326777286,0.5105806964883906,0.0
10.170833333332926,0.48942036999185834,0.4674403474536547,0.5105796300081417,0.0
10.174999999999592,0.4894214383806478,0.4673971838348102,0.5105785616193522,0.0
10.179166666666259,0.4894225086809383,0.4673539422872552,0.5105774913190617,0.0
10.183333333332925,0.4894235808956932,0.467310622686868,0.5105764191043068,0.0
10.187499999999591,0.4894246550278786,0.46726722490939027,0.5105753449721214,0.0
10.191666666666258,0.4894257310804634,0.4672237488304262,0.5105742689195366,0.0
10.195833333332924,0.4894268090564197,0.4671801943254433,0.5105731909435803,0.0
10.19999999999959,0.48942788895872186,0.4671365612697714,0.5105721110412782,0.0
10.204166666666257,0.4894289707903477,0.4670928495386039,0.5105710292096524,0.0
10.208333333332924,0.4894300545542774,0.4670490590069968,0.5105699454457225,0.0
10.21249999999959,0.4894311402534944,0.46700518954986914,0.5105688597465056,0.0
10.216666666666256,0.4894322278909848,0.46696124104200304,0.5105677721090153,0.0
10.220833333332923,0.4894333174697373,0.46691721335804337,0.5105666825302626,0.0
10.22499999999959,0.48943440899274404,0.4668731063724983,0.510565591007256,0.0
10.229166666666256,0.48943550246299955,0.4668289199597388,0.5105644975370004,0.0
10.233333333332922,0.4894365978835013,0.4667846539939989,0.5105634021164988,0.0
10.237499999999589,0.48943769525724967,0.4667403083493756,0.5105623047427504,0.0
10.241666666666255,0.4894387945872479,0.4666958828998292,0.5105612054127522,0.0
10.245833333332921,0.489439895876502,0.46665137751918284,0.510560104123498,0.0
10.249999999999588,0.4894409991280209,0.4666067920811227,0.510559000871979,0.0
10.254166666666254,0.48944210434481655,0.4665621264591984,0.5105578956551835,0.0
10.25833333333292,0.48944321152990317,0.4665173805268221,0.5105567884700968,0.0
10.262499999999587,0.4894443206862985,0.4664725541572696,0.5105556793137014,0.0
10.266666666666254,0.4894454318170229,0.4664276472236796,0.5105545681829771,0.0
10.27083333333292,0.4894465449250993,0.4663826595990539,0.5105534550749007,0.0
10.274999999999586,0.48944766001355383,0.4663375911562574,0.5105523399864461,0.0
10.279166666666253,0.48944877708541545,0.46629244176801843,0.5105512229145847,0.0
10.28333333333292,0.48944989614371565,0.46624721130692814,0.5105501038562844,0.0
10.287499999999586,0.489451017191489,0.4662018996454412,0.510548982808511,0.0
10.291666666666252,0.489452140231773,0.46615650665587527,0.510547859768227,0.0
10.295833333332919,0.4894532652676079,0.46611103221041134,0.5105467347323921,0.0
10.299999999999585,0.4894543923020367,0.4660654761810935,0.5105456076979633,0.0
10.304166666666251,0.4894555213381054,0.4660198384398293,0.5105444786618947,0.0
10.308333333332918,0.4894566523788627,0.4659741188583892,0.5105433476211373,0.0
10.312499999999584,0.48945778542736024,0.4659283173084073,0.5105422145726397,0.0
10.31666666666625,0.48945892048665257,0.4658824336613808,0.5105410795133474,0.0
10.320833333332917,0.48946005755979693,0.46583646778867005,0.5105399424402031,0.0
10.324999999999584,0.4894611966498535,0.4657904195614991,0.5105388033501466,0.0
10.32916666666625,0.48946233775988524,0.46574428885095487,0.5105376622401148,0.0
10.333333333332916,0.48946348089295805,0.46569807552798786,0.510536519107042,0.0
10.337499999999583,0.48946462605214053,0.46565177946341185,0.5105353739478594,0.0
10.34166666666625,0.48946577324050433,0.46560540052790417,0.5105342267594957,0.0
10.345833333332916,0.4894669224611238,0.46555893859200514,0.5105330775388762,0.0
10.349999999999582,0.48946807371707607,0.4655123935261188,0.5105319262829239,0.0
10.354166666666249,0.48946922701144124,0.4654657652005124,0.5105307729885589,0.0
10.358333333332915,0.4894703823473022,0.46541905348531676,0.5105296176526979,0.0
10.362499999999581,0.48947153970739543,0.46537225835493345,0.5105284602926047,0.0
10.366666666666248,0.48947269911364766,0.46532537958256837,0.5105273008863522,0.0
10.370833333332914,0.48947386056941294,0.4652784170365959,0.510526139430587,0.0
10.37499999999958,0.48947502407775356,0.4652313705867654,0.5105249759222464,0.0
10.379166666666247,0.489476189641734,0.46518424010269166,0.510523810358266,0.0
10.383333333332914,0.4894773572644215,0.4651370254538546,0.5105226427355785,0.0
10.38749999999958,0.4894785269488856,0.4650897265095994,0.5105214730511143,0.0
10.391666666666246,0.48947969869819874,0.4650423431391368,0.5105203013018013,0.0
10.395833333332913,0.48948087251543526,0.4649948752115421,0.5105191274845646,0.0
10.39999999999958,0.48948204840367265,0.46494732259575655,0.5105179515963274,0.0
10.404166666666246,0.48948322636599034,0.4648996851605864,0.5105167736340096,0.0
10.408333333332912,0.4894844064054706,0.4648519627747032,0.5105155935945294,0.0
10.412499999999579,0.4894855885251982,0.464804155306644,0.5105144114748018,0.0
10.416666666666245,0.4894867727282602,0.46475626262481096,0.5105132272717399,0.0
10.420833333332912,0.4894879590177463,0.46470828459747165,0.5105120409822537,0.0
10.424999999999578,0.48948914739674876,0.4646602210927593,0.5105108526032514,0.0
10.429166666666244,0.4894903378683621,0.46461207197867194,0.5105096621316378,0.0
10.43333333333291,0.48949153043568366,0.46456383712307353,0.5105084695643164,0.0
10.437499999999577,0.4894927251018132,0.46451551639369326,0.5105072748981869,0.0
10.441666666666244,0.48949392186985263,0.46446710965812554,0.5105060781301474,0.0
10.44583333333291,0.4894951207429068,0.46441861678383045,0.5105048792570932,0.0
10.449999999999577,0.4894963217240829,0.46437003763813356,0.5105036782759171,0.0
10.454166666666243,0.48949752481649067,0.46432137208822566,0.5105024751835093,0.0
10.45833333333291,0.4894987300232421,0.46427262000116326,0.5105012699767579,0.0
10.462499999999576,0.4894999373474519,0.46422378124386804,0.510500062652548,0.0
10.466666666666242,0.4895011467922375,0.4641748556831278,0.5104988532077626,0.0
10.470833333332909,0.4895023583607182,0.4641258431855951,0.5104976416392818,0.0
10.474999999999575,0.48950357205601647,0.4640767436177885,0.5104964279439835,0.0
10.479166666666242,0.4895047878812567,0.46402755684609204,0.5104952121187434,0.0
10.483333333332908,0.48950600583956627,0.4639782827367553,0.5104939941604337,0.0
10.487499999999574,0.48950722593407475,0.4639289211558934,0.5104927740659252,0.0
10.49166666666624,0.4895084481679143,0.46387947196948703,0.5104915518320857,0.0
10.495833333332907,0.48950967254421945,0.46382993504338266,0.5104903274557805,0.0
10.499999999999574,0.4895108990661276,0.4637803102432922,0.5104891009338725,0.0
10.50416666666624,0.48951212773677805,0.4637305974347932,0.5104878722632219,0.0
10.508333333332907,0.4895133585593132,0.4636807964833291,0.5104866414406867,0.0
10.512499999999573,0.48951459153687754,0.4636309072542087,0.5104854084631224,0.0
10.51666666666624,0.4895158266726182,0.46358092961260655,0.5104841733273817,0.0
10.520833333332906,0.48951706396968486,0.46353086342356303,0.5104829360303151,0.0
10.524999999999572,0.48951830343122954,0.46348070855198414,0.5104816965687704,0.0
10.529166666666239,0.48951954506040685,0.46343046486264167,0.5104804549395932,0.0
10.533333333332905,0.4895207888603738,0.463380132220173,0.5104792111396262,0.0
10.537499999999572,0.4895220348342901,0.4633297104890814,0.51047796516571,0.0
10.541666666666238,0.4895232829853176,0.46327919953373586,0.5104767170146824,0.0
10.545833333332904,0.4895245333166211,0.46322859921837123,0.510475466683379,0.0
10.54999999999957,0.4895257858313675,0.46317790940708803,0.5104742141686325,0.0
10.554166666666237,0.48952704053272644,0.46312712996385275,0.5104729594672737,0.0
10.558333333332904,0.48952829742386983,0.46307626075249747,0.5104717025761303,0.0
10.56249999999957,0.4895295565079722,0.4630253016367204,0.5104704434920277,0.0
10.566666666666237,0.4895308177882106,0.4629742524800855,0.5104691822117895,0.0
10.570833333332903,0.4895320812677645,0.46292311314602247,0.5104679187322354,0.0
10.57499999999957,0.48953334694981593,0.46287188349782715,0.510466653050184,0.0
10.579166666666236,0.48953461483754934,0.46282056339866107,0.5104653851624507,0.0
10.583333333332902,0.48953588493415173,0.4627691527115517,0.5104641150658483,0.0
10.587499999999569,0.4895371572428123,0.4627176512993927,0.5104628427571878,0.0
10.591666666666235,0.4895384317667233,0.4626660590249433,0.5104615682332767,0.0
10.595833333332902,0.489539708509079,0.46261437575082903,0.5104602914909211,0.0
10.599999999999568,0.4895409874730763,0.46256260133954114,0.5104590125269237,0.0
10.604166666666234,0.4895422686619146,0.46251073565343714,0.5104577313380855,0.0
10.6083333333329,0.4895435520787956,0.4624587785547402,0.5104564479212044,0.0
10.612499999999567,0.48954483772692403,0.4624067299055401,0.510455162273076,0.0
10.616666666666234,0.4895461256095064,0.46235458956779196,0.5104538743904935,0.0
10.6208333333329,0.48954741578383154,0.4623023576734764,0.5104525842161685,0.0
10.624999999999567,0.4895487082066974,0.46225003385240265,0.5104512917933026,0.0
10.629166666666233,0.48955000287834133,0.46219761795125053,0.5104499971216586,0.0
10.6333333333329,0.4895512998021408,0.4621451098322405,0.5104487001978592,0.0
10.637499999999566,0.4895525989814778,0.4620925093574702,0.5104474010185222,0.0
10.641666666666232,0.4895539004197393,0.46203981638891445,0.5104460995802607,0.0
10.645833333332899,0.4895552041203167,0.46198703078842546,0.5104447958796833,0.0
10.649999999999565,0.48955651008660633,0.46193415241773256,0.5104434899133936,0.0
10.654166666666232,0.4895578183220093,0.4618811811384425,0.5104421816779907,0.0
10.658333333332898,0.4895591288299312,0.4618281168120394,0.5104408711700689,0.0
10.662499999999564,0.4895604416137825,0.46177495929988416,0.5104395583862176,0.0
10.66666666666623,0.48956175667697815,0.4617217084632155,0.5104382433230218,0.0
10.670833333332899,0.48956307402293836,0.4616683641631495,0.5104369259770616,0.0
10.674999999999564,0.4895643936550876,0.4616149262606794,0.5104356063449124,0.0
10.679166666666228,0.489565715576855,0.4615613946166758,0.5104342844231451,0.0
10.683333333332897,0.4895670397916748,0.46150776909188657,0.5104329602083252,0.0
10.687499999999565,0.4895683663029856,0.4614540495469373,0.5104316336970144,0.0
10.69166666666623,0.48956969511423093,0.46140023584233086,0.5104303048857691,0.0
10.695833333332894,0.48957102622885873,0.4613463278384473,0.5104289737711413,0.0
10.699999999999562,0.48957235965032225,0.4612923253955444,0.5104276403496778,0.0
10.70416666666623,0.4895736953820788,0.4612382283737572,0.5104263046179212,0.0
10.708333333332895,0.4895750334275907,0.4611840366330984,0.5104249665724093,0.0
10.71249999999956,0.4895763737903251,0.461129750033458,0.5104236262096749,0.0
10.716666666666228,0.48957771647375364,0.46107536843460356,0.5104222835262463,0.0
10.720833333332896,0.48957906148135283,0.46102089169618016,0.5104209385186471,0.0
10.72499999999956,0.48958040881660386,0.4609663196777104,0.5104195911833962,0.0
10.729166666666226,0.4895817584829925,0.4609116522385945,0.5104182415170075,0.0
10.733333333332894,0.48958311048400943,0.4608568892381099,0.5104168895159906,0.0
10.737499999999562,0.48958446482314977,0.46080203053541197,0.5104155351768502,0.0
10.741666666666227,0.48958582150391367,0.46074707598953357,0.5104141784960864,0.0
10.745833333332891,0.4895871805298058,0.46069202545938515,0.5104128194701941,0.0
10.74999999999956,0.48958854190433565,0.46063687880375476,0.5104114580956643,0.0
10.754166666666228,0.48958990563101734,0.46058163588130796,0.5104100943689827,0.0
10.758333333332892,0.4895912717133697,0.46052629655058824,0.5104087282866304,0.0
10.762499999999557,0.4895926401549162,0.4604708606700164,0.5104073598450838,0.0
10.766666666666225,0.4895940109591852,0.4604153280978912,0.5104059890408148,0.0
10.770833333332893,0.48959538412970965,0.46035969869238885,0.5104046158702904,0.0
10.774999999999558,0.4895967596700272,0.4603039723115635,0.5104032403299728,0.0
10.779166666666223,0.48959813758368037,0.4602481488133469,0.5104018624163197,0.0
10.783333333332891,0.489599517874216,0.46019222805554844,0.510400482125784,0.0
10.787499999999559,0.4896009005451862,0.46013620989585546,0.5103990994548139,0.0
10.791666666666224,0.4896022856001471,0.46008009419183277,0.5103977143998528,0.0
10.795833333332888,0.4896036730426603,0.46002388080092343,0.5103963269573397,0.0
10.799999999999557,0.48960506287629146,0.45996756958044777,0.5103949371237084,0.0
10.804166666666225,0.4896064551046114,0.4599111603876043,0.5103935448953886,0.0
10.80833333333289,0.48960784973119525,0.4598546530794692,0.5103921502688047,0.0
10.812499999999554,0.48960924671811007,0.45979804767157884,0.5103907532818899,0.0
10.816666666666222,0.489610646090277,0.4597413439392636,0.5103893539097231,0.0
10.82083333333289,0.4896120478667346,0.45968454168021716,0.5103879521332654,0.0
10.824999999999555,0.48961345205091467,0.4596276407516494,0.5103865479490852,0.0
10.82916666666622,0.489614858646251,0.45957064101065676,0.510385141353749,0.0
10.833333333332888,0.4896162676561797,0.45951354231422187,0.5103837323438202,0.0
10.837499999999556,0.48961767908414,0.45945634451921463,0.5103823209158601,0.0
10.841666666666221,0.4896190929335727,0.45939904748239113,0.5103809070664272,0.0
10.845833333332886,0.4896205092079216,0.4593416510603945,0.5103794907920783,0.0
10.849999999999554,0.4896219279106328,0.45928415510975423,0.5103780720893671,0.0
10.854166666666222,0.48962334904515475,0.4592265594868868,0.5103766509548453,0.0
10.858333333332887,0.4896247726149382,0.45916886404809526,0.5103752273850618,0.0
10.862499999999551,0.48962619862343665,0.4591110686495695,0.5103738013765633,0.0
10.86666666666622,0.4896276270741058,0.459053173147386,0.5103723729258941,0.0
10.870833333332888,0.489629057970404,0.4589951773975083,0.510370942029596,0.0
10.874999999999552,0.48963049131579167,0.45893708125578647,0.5103695086842083,0.0
10.879166666666217,0.4896319271137319,0.4588788845779575,0.5103680728862681,0.0
10.883333333332885,0.4896333653676902,0.45882058721964525,0.5103666346323099,0.0
10.887499999999553,0.4896348060811343,0.45876218903636024,0.5103651939188656,0.0
10.891666666666218,0.4896362492575349,0.45870368988350024,0.5103637507424651,0.0
10.895833333332883,0.4896376949003644,0.45864508961634953,0.5103623050996356,0.0
10.899999999999551,0.489639143013098,0.45858638809007923,0.510360856986902,0.0
10.90416666666622,0.4896405935992134,0.4585275851597478,0.5103594064007867,0.0
10.908333333332884,0.4896420466621905,0.45846868068030006,0.5103579533378094,0.0
10.912499999999548,0.48964350220551184,0.45840967450656833,0.5103564977944881,0.0
10.916666666666217,0.48964496023266224,0.4583505664932716,0.5103550397673376,0.0
10.920833333332885,0.48964642074712905,0.45829135649501584,0.5103535792528711,0.0
10.92499999999955,0.4896478837524017,0.458232044366294,0.5103521162475982,0.0
10.929166666666214,0.48964934925197257,0.45817262996148617,0.5103506507480274,0.0
10.933333333332882,0.4896508172493362,0.45811311313485936,0.5103491827506638,0.0
10.93749999999955,0.4896522877479893,0.4580534937405676,0.5103477122520107,0.0
10.941666666666215,0.4896537607514315,0.45799377163265215,0.5103462392485685,0.0
10.94583333333288,0.48965523626316454,0.45793394666504117,0.5103447637368356,0.0
10.949999999999548,0.4896567142866925,0.45787401869154987,0.5103432857133074,0.0
10.954166666666216,0.4896581948255222,0.4578139875658809,0.5103418051744778,0.0
10.958333333332881,0.4896596778831625,0.4577538531416236,0.5103403221168374,0.0
10.962499999999546,0.48966116346312505,0.45769361527225483,0.510338836536875,0.0
10.966666666666214,0.4896626515689237,0.45763327381113844,0.5103373484310764,0.0
10.970833333332882,0.48966414220407467,0.4575728286115255,0.5103358577959254,0.0
10.974999999999547,0.4896656353720967,0.45751227952655416,0.5103343646279034,0.0
10.979166666666211,0.48966713107651083,0.45745162640924997,0.5103328689234891,0.0
10.98333333333288,0.48966862932084093,0.4573908691125256,0.5103313706791591,0.0
10.987499999999548,0.48967013010861266,0.4573300074891811,0.5103298698913874,0.0
10.991666666666212,0.4896716334433545,0.4572690413919036,0.5103283665566456,0.0
10.995833333332877,0.48967313932859713,0.4572079706732676,0.5103268606714029,0.0
10.999999999999545,0.489674647767874,0.457146795185735,0.510325352232126,0.0
11.004166666666213,0.48967615873501336,0.45708551486762106,0.5103238412649865,0.0
11.008333333332878,0.48967767222853137,0.4570241295857008,0.5103223277714686,0.0
11.012499999999543,0.48967918828065277,0.45696263910909446,0.5103208117193473,0.0
11.016666666666211,0.4896807068946667,0.4569010432905478,0.5103192931053333,0.0
11.02083333333288,0.48968222807386075,0.45683934198270676,0.5103177719261394,0.0
11.024999999999544,0.4896837518215206,0.456777535038117,0.5103162481784794,0.0
11.029166666666208,0.4896852781409298,0.45671562230922425,0.5103147218590702,0.0
11.033333333332877,0.4896868070353702,0.4566536036483741,0.5103131929646297,0.0
11.037499999999545,0.4896883385081218,0.4565914789078122,0.5103116614918782,0.0
11.04166666666621,0.4896898725624624,0.4565292479396842,0.5103101274375376,0.0
11.045833333332874,0.4896914092016682,0.4564669105960358,0.5103085907983317,0.0
11.049999999999542,0.48969294842901356,0.45640446672881263,0.5103070515709864,0.0
11.05416666666621,0.4896944902477707,0.45634191618986075,0.5103055097522294,0.0
11.058333333332875,0.48969603466120987,0.45627925883092585,0.5103039653387902,0.0
11.06249999999954,0.48969758167259975,0.456216494503654,0.5103024183274002,0.0
11.066666666666208,0.4896991312852069,0.45615362305959123,0.5103008687147931,0.0
11.070833333332876,0.4897006835022962,0.456090644350184,0.5102993164977039,0.0
11.074999999999541,0.4897022383271303,0.45602755822677865,0.5102977616728698,0.0
11.079166666666206,0.48970379576297,0.45596436454062167,0.5102962042370299,0.0
11.083333333332874,0.4897053558130747,0.4559010631428602,0.5102946441869253,0.0
11.087499999999542,0.4897069184807013,0.45583765388454106,0.5102930815192986,0.0
11.091666666666207,0.489708483769105,0.45577413661661176,0.510291516230895,0.0
11.095833333332871,0.4897100516815392,0.4557105111899199,0.5102899483184609,0.0
11.09999999999954,0.48971162222125525,0.455646777455213,0.5102883777787448,0.0
11.104166666666208,0.4897131953915027,0.4555829352631396,0.5102868046084973,0.0
11.108333333332872,0.4897147711955292,0.45551898446424804,0.5102852288044708,0.0
11.112499999999537,0.4897163496365804,0.45545492490898726,0.5102836503634195,0.0
11.116666666666205,0.4897179307179002,0.4553907564477063,0.5102820692820998,0.0
11.120833333332873,0.4897195144427303,0.4553264789306549,0.5102804855572697,0.0
11.124999999999538,0.48972110081431103,0.4552620922079831,0.5102788991856889,0.0
11.129166666666203,0.48972268983588024,0.45519759612974126,0.5102773101641198,0.0
11.133333333332871,0.4897242815106742,0.4551329905458803,0.5102757184893257,0.0
11.13749999999954,0.48972587584192717,0.4550682753062515,0.5102741241580728,0.0
11.141666666666204,0.4897274728328716,0.45500345026060673,0.5102725271671283,0.0
11.145833333332869,0.4897290724867379,0.4549385152585984,0.5102709275132622,0.0
11.149999999999537,0.4897306748067547,0.45487347014977936,0.5102693251932454,0.0
11.154166666666205,0.4897322797961486,0.4548083147836029,0.5102677202038515,0.0
11.15833333333287,0.4897338874581442,0.4547430490094231,0.5102661125418557,0.0
11.162499999999534,0.4897354978343633,0.4546776728468899,0.5102645021656367,0.0
11.166666666666202,0.48973711092184163,0.4546121861176994,0.5102628890781583,0.0
11.17083333333287,0.4897387266981789,0.4545465885572144,0.510261273301821,0.0
11.174999999999535,0.48974034516686826,0.4544808800156136,0.5102596548331318,0.0
11.1791666666662,0.48974196633140543,0.4544150603429962,0.5102580336685947,0.0
11.183333333332868,0.48974359019528885,0.45434912938938316,0.5102564098047112,0.0
11.187499999999536,0.4897452167620201,0.45428308700471676,0.5102547832379799,0.0
11.191666666666201,0.4897468460351032,0.4542169330388606,0.5102531539648969,0.0
11.195833333332866,0.48974847801804494,0.4541506673415995,0.510251521981955,0.0
11.199999999999534,0.48975011271435526,0.45408428976263987,0.5102498872856447,0.0
11.204166666666202,0.4897517501275463,0.4540178001516093,0.5102482498724538,0.0
11.208333333332867,0.48975339026113335,0.45395119835805714,0.5102466097388667,0.0
11.212499999999531,0.48975503311863433,0.4538844842314538,0.5102449668813657,0.0
11.2166666666662,0.4897566787035701,0.4538176576211912,0.5102433212964298,0.0
11.220833333332868,0.4897583270194641,0.45375071837658293,0.5102416729805359,0.0
11.224999999999532,0.48975997806984256,0.4536836663468642,0.5102400219301575,0.0
11.229166666666197,0.4897616318582344,0.4536165013811909,0.5102383681417655,0.0
11.233333333332865,0.48976328838817157,0.4535492233286415,0.5102367116118284,0.0
11.237499999999534,0.4897649476631886,0.4534818320382155,0.5102350523368113,0.0
11.241666666666198,0.48976660968682295,0.45341432735883386,0.5102333903131772,0.0
11.245833333332863,0.4897682744626143,0.4533467091393393,0.5102317255373857,0.0
11.249999999999531,0.48976994199410584,0.4532789772284959,0.5102300580058942,0.0
11.2541666666662,0.4897716122848432,0.4532111314749898,0.5102283877151569,0.0
11.258333333332864,0.4897732853383745,0.4531431717274283,0.5102267146616255,0.0
11.262499999999529,0.4897749611582511,0.4530750978343407,0.510225038841749,0.0
11.266666666666197,0.48977663974802677,0.4530069096441776,0.5102233602519731,0.0
11.270833333332865,0.4897783211112583,0.45293860700531174,0.5102216788887417,0.0
11.27499999999953,0.48978000525150495,0.4528701897660371,0.510219994748495,0.0
11.279166666666194,0.4897816921723291,0.4528016577745697,0.510218307827671,0.0
11.283333333332862,0.4897833818772956,0.4527330108790471,0.5102166181227045,0.0
11.28749999999953,0.489785074369972,0.45266424892752866,0.510214925630028,0.0
11.291666666666195,0.489786769653929,0.45259537176799564,0.5102132303460709,0.0
11.29583333333286,0.4897884677327397,0.45252637924835104,0.5102115322672603,0.0
11.299999999999528,0.4897901686099801,0.4524572712164194,0.51020983139002,0.0
11.304166666666196,0.489791872289229,0.4523880475199475,0.5102081277107711,0.0
11.308333333332861,0.4897935787740677,0.4523187080066036,0.5102064212259323,0.0
11.312499999999526,0.48979528806808065,0.4522492525239782,0.5102047119319193,0.0
11.316666666666194,0.4897970001748549,0.4521796809195833,0.5102029998251452,0.0
11.320833333332862,0.4897987150932437,0.45210999320553047,0.5102012849067563,0.0
11.324999999999527,0.48980043282874525,0.45204018916291844,0.5101995671712547,0.0
11.329166666666191,0.4898021533870823,0.45197026856505995,0.5101978466129178,0.0
11.33333333333286,0.48980387677182324,0.45190023126017514,0.5101961232281766,0.0
11.337499999999528,0.48980560298653925,0.451830077096424,0.5101943970134607,0.0
11.341666666666192,0.48980733203480353,0.4517598059219054,0.5101926679651965,0.0
11.345833333332857,0.4898090639201914,0.45168941758465747,0.5101909360798086,0.0
11.349999999999525,0.4898107986462805,0.45161891193265763,0.5101892013537194,0.0
11.354166666666194,0.48981253621665105,0.45154828881382286,0.5101874637833489,0.0
11.358333333332858,0.48981427663488514,0.4514775480760092,0.5101857233651149,0.0
11.362499999999523,0.48981601990456725,0.4514066895670121,0.5101839800954329,0.0
11.366666666666191,0.4898177660292839,0.45133571313456616,0.5101822339707162,0.0
11.37083333333286,0.48981951501262433,0.4512646186263459,0.5101804849873758,0.0
11.374999999999524,0.4898212668581796,0.4511934058899648,0.5101787331418203,0.0
11.379166666666189,0.48982302156954344,0.4511220747729759,0.5101769784304566,0.0
11.383333333332857,0.4898247791503113,0.45105062512287136,0.5101752208496887,0.0
11.387499999999525,0.4898265396040814,0.45097905678708333,0.5101734603959187,0.0
11.39166666666619,0.48982830293445384,0.45090736961298306,0.5101716970655462,0.0
11.395833333332854,0.4898300691450312,0.45083556344788134,0.5101699308549688,0.0
11.399999999999523,0.4898318382394182,0.45076363813902864,0.5101681617605819,0.0
11.40416666666619,0.4898336102212218,0.45069159353361443,0.5101663897787783,0.0
11.408333333332855,0.48983538509405117,0.45061942947876843,0.5101646149059488,0.0
11.41249999999952,0.48983716286151807,0.4505471458215596,0.510162837138482,0.0
11.416666666666188,0.48983894352723606,0.45047474240899615,0.5101610564727639,0.0
11.420833333332856,0.48984072709482124,0.4504022190880264,0.5101592729051788,0.0
11.424999999999521,0.4898425135678916,0.450329575705538,0.5101574864321083,0.0
11.429166666666186,0.489844302950068,0.4502568121083583,0.5101556970499321,0.0
11.433333333332854,0.48984609524497286,0.45018392814325414,0.5101539047550272,0.0
11.437499999999522,0.48984789045623134,0.4501109236569322,0.5101521095437687,0.0
11.441666666666187,0.48984968858747063,0.45003779849603903,0.5101503114125293,0.0
11.445833333332851,0.4898514896423203,0.44996455250716044,0.5101485103576797,0.0
11.44999999999952,0.4898532936244119,0.4498911855368222,0.5101467063755881,0.0
11.454166666666188,0.48985510053737946,0.44981769743148975,0.5101448994626204,0.0
11.458333333332853,0.48985691038485935,0.44974408803756843,0.5101430896151407,0.0
11.462499999999517,0.4898587231704898,0.4496703572014031,0.5101412768295102,0.0
11.466666666666185,0.48986053889791176,0.44959650476927876,0.5101394611020883,0.0
11.470833333332854,0.48986235757076785,0.4495225305874197,0.5101376424292321,0.0
11.474999999999518,0.48986417919270364,0.44944843450199073,0.5101358208072964,0.0
11.479166666666183,0.489866003742675,0.44937421657248167,0.5101339962573249,0.0
11.483333333332851,0.4898678312388097,0.44929987651981823,0.5101321687611903,0.0
11.48749999999952,0.4898696616917428,0.44922541412963457,0.5101303383082572,0.0
11.491666666666184,0.489871495104994,0.44915082924901767,0.510128504895006,0.0
11.495833333332849,0.4898733314820827,0.4490761217250138,0.5101266685179172,0.0
11.499999999999517,0.48987517082652865,0.44900129140462935,0.5101248291734714,0.0
11.504166666666185,0.48987701314185134,0.4489263381348299,0.5101229868581487,0.0
11.50833333333285,0.4898788584315702,0.4488512617625409,0.5101211415684298,0.0
11.512499999999514,0.4898807066992047,0.4487760621346473,0.5101192933007952,0.0
11.516666666666183,0.48988255794827434,0.448700739097994,0.5101174420517256,0.0
11.52083333333285,0.48988441218229845,0.44862529249938543,0.5101155878177016,0.0
11.524999999999515,0.48988626940479624,0.4485497221855856,0.5101137305952037,0.0
11.52916666666618,0.4898881296192871,0.4484740280033185,0.5101118703807128,0.0
11.533333333332848,0.4898899928292904,0.4483982097992677,0.5101100071707095,0.0
11.537499999999516,0.4898918590383254,0.44832226742007686,0.5101081409616747,0.0
11.541666666666181,0.48989372824991106,0.448246200712349,0.5101062717500889,0.0
11.545833333332846,0.4898956004675667,0.44817000952264735,0.5101043995324333,0.0
11.549999999999514,0.48989747569481135,0.44809369369749463,0.5101025243051885,0.0
11.554166666666182,0.4898993539351643,0.44801725308337376,0.5101006460648356,0.0
11.558333333332847,0.4899012351921443,0.44794068752672733,0.5100987648078557,0.0
11.562499999999512,0.4899031194692706,0.4478639968739578,0.5100968805307294,0.0
11.56666666666618,0.48990500677006205,0.44778718097142756,0.510094993229938,0.0
11.570833333332848,0.48990689709803753,0.447710239665459,0.5100931029019625,0.0
11.574999999999513,0.4899087904567158,0.44763317280233444,0.5100912095432841,0.0
11.579166666666177,0.489910686849616,0.4475559802282961,0.510089313150384,0.0
11.583333333332845,0.48991258628025663,0.4474786617895464,0.5100874137197433,0.0
11.587499999999514,0.48991448875215676,0.4474012173322474,0.5100855112478433,0.0
11.591666666666178,0.48991639426883477,0.4473236467025216,0.5100836057311653,0.0
11.595833333332843,0.4899183028338094,0.4472459497464512,0.5100816971661906,0.0
11.599999999999511,0.48992021445059947,0.4471681263100787,0.5100797855494006,0.0
11.60416666666618,0.4899221291227233,0.44709017623940656,0.5100778708772767,0.0
11.608333333332844,0.48992404685369956,0.44701209938039727,0.5100759531463005,0.0
11.612499999999509,0.48992596764704666,0.4469338955789738,0.5100740323529533,0.0
11.616666666666177,0.4899278915062831,0.4468555646810188,0.510072108493717,0.0
11.620833333332845,0.4899298184349271,0.44677710653237523,0.5100701815650728,0.0
11.62499999999951,0.48993174843649734,0.44669852097884666,0.5100682515635027,0.0
11.629166666666174,0.4899336815145118,0.44661980786619615,0.5100663184854881,0.0
11.633333333332843,0.48993561767248894,0.44654096704014756,0.5100643823275111,0.0
11.63749999999951,0.4899375569006764,0.4464619986537862,0.5100624430993236,0.0
11.641666666666175,0.489939499212298,0.44638290232793265,0.510060500787702,0.0
11.64583333333284,0.48994144461288563,0.44630367786153813,0.5100585553871144,0.0
11.649999999999508,0.489943393105893,0.4462243251016601,0.510056606894107,0.0
11.654166666666177,0.48994534469477263,0.4461448438953415,0.5100546553052273,0.0
11.658333333332841,0.4899472993829758,0.4460652340896106,0.5100527006170241,0.0
11.662499999999506,0.48994925717395277,0.44598549553148154,0.5100507428260473,0.0
11.666666666666174,0.48995121807115255,0.44590562806795353,0.5100487819288475,0.0
11.670833333332842,0.489953182078023,0.4458256315460117,0.510046817921977,0.0
11.674999999999507,0.489955149198011,0.44574550581262673,0.5100448508019889,0.0
11.679166666666172,0.4899571194345622,0.44566525071475493,0.5100428805654377,0.0
11.68333333333284,0.48995909279112104,0.445584866099338,0.5100409072088788,0.0
11.687499999999508,0.489961069271131,0.44550435181330356,0.5100389307288691,0.0
11.691666666666173,0.48996304887803416,0.44542370770356476,0.5100369511219659,0.0
11.695833333332837,0.4899650316152716,0.44534293361702043,0.5100349683847284,0.0
11.699999999999505,0.48996701748628335,0.44526202940055504,0.5100329825137165,0.0
11.704166666666174,0.4899690064945082,0.445180994901039,0.5100309935054919,0.0
11.708333333332838,0.4899709986433837,0.4450998299653283,0.5100290013566162,0.0
11.712499999999503,0.48997299393634663,0.4450185344402648,0.5100270060636535,0.0
11.716666666666171,0.489974992376832,0.44493710817267584,0.510025007623168,0.0
11.72083333333284,0.4899769939682743,0.44485555100937485,0.5100230060317258,0.0
11.724999999999504,0.48997899871410644,0.444773862797161,0.5100210012858934,0.0
11.729166666666169,0.48998100661776056,0.44469204338281937,0.5100189933822394,0.0
11.733333333332837,0.4899830176826673,0.4446100926131206,0.5100169823173327,0.0
11.737499999999505,0.48998503191225634,0.4445280103348217,0.5100149680877437,0.0
11.74166666666617,0.48998704930995624,0.44444579639466514,0.5100129506900438,0.0
11.745833333332834,0.4899890698791942,0.4443634506393793,0.5100109301208058,0.0
11.749999999999503,0.48999109362339655,0.4442809729156788,0.5100089063766033,0.0
11.75416666666617,0.4899931205459884,0.444198363070264,0.5100068794540115,0.0
11.758333333332835,0.4899951506503936,0.4441156209498214,0.5100048493496063,0.0
11.7624999999995,0.48999718394003505,0.4440327464010232,0.510002816059965,0.0
11.766666666666168,0.48999922041833416,0.4439497392705278,0.5100007795816659,0.0
11.770833333332837,0.49000126008871137,0.44386659940497947,0.5099987399112885,0.0
11.774999999999501,0.49000330295458633,0.44378332665100895,0.5099966970454137,0.0
11.779166666666166,0.490005349019377,0.44369992085523263,0.5099946509806231,0.0
11.783333333332834,0.49000739828650025,0.44361638186425284,0.5099926017134997,0.0
11.787499999999502,0.4900094507593723,0.4435327095246587,0.5099905492406278,0.0
11.791666666666167,0.49001150644140756,0.44344890368302464,0.5099884935585924,0.0
11.795833333332832,0.4900135653337166,0.4433649644774107,0.5099864346662835,0.0
11.7999999999995,0.4900156274416159,0.4432808915133586,0.509984372558384,0.0
11.804166666666168,0.4900176927686165,0.44319668462480566,0.5099823072313834,0.0
11.808333333332833,0.4900197613181135,0.4431123436601745,0.5099802386818865,0.0
11.812499999999497,0.4900218330935005,0.4430278684679125,0.5099781669064994,0.0
11.816666666666165,0.4900239080981696,0.4429432588964919,0.5099760919018305,0.0
11.820833333332834,0.49002598633551164,0.4428585147944103,0.5099740136644885,0.0
11.824999999999498,0.4900280678089157,0.4427736360101902,0.5099719321910843,0.0
11.829166666666163,0.49003015252176974,0.44268862239237916,0.5099698474782302,0.0
11.833333333332831,0.4900322404774601,0.44260347378955006,0.5099677595225399,0.0
11.8374999999995,0.4900343316793715,0.4425181900503004,0.5099656683206284,0.0
11.841666666666164,0.4900364261308876,0.44243277102325346,0.5099635738691123,0.0
11.845833333332829,0.4900385238353902,0.442347216557057,0.5099614761646099,0.0
11.849999999999497,0.4900406247962597,0.4422615265003843,0.5099593752037402,0.0
11.854166666666165,0.4900427290168754,0.44217570070193385,0.5099572709831246,0.0
11.85833333333283,0.49004483650061464,0.44208973901042914,0.5099551634993854,0.0
11.862499999999494,0.49004694725085374,0.4420036412746191,0.5099530527491464,0.0
11.866666666666163,0.4900490612709671,0.4419174073432775,0.509950938729033,0.0
11.87083333333283,0.49005117856432795,0.44183103706520377,0.509948821435672,0.0
11.874999999999496,0.49005329913430823,0.4417445302892225,0.5099467008656917,0.0
11.87916666666616,0.490055422984278,0.4416578868641834,0.509944577015722,0.0
11.883333333332828,0.490057550117606,0.44157110663896143,0.5099424498823939,0.0
11.887499999999497,0.4900596805376598,0.4414841894624573,0.5099403194623403,0.0
11.891666666666161,0.4900618142478049,0.4413971351835965,0.509938185752195,0.0
11.895833333332826,0.490063951251406,0.44130994365133036,0.5099360487485939,0.0
11.899999999999494,0.490066091551826,0.4412226147146352,0.5099339084481741,0.0
11.904166666666162,0.49006823515242615,0.4411351482225128,0.5099317648475739,0.0
11.908333333332827,0.49007038205656667,0.4410475440239906,0.5099296179434334,0.0
11.912499999999492,0.4900725322676059,0.4409598019681211,0.5099274677323942,0.0
11.91666666666616,0.49007468578890095,0.4408719219039824,0.5099253142110991,0.0
11.920833333332828,0.4900768426238074,0.4407839036806781,0.5099231573761925,0.0
11.924999999999493,0.4900790027733608,0.4406957473551422,0.5099209972266392,0.0
11.929166666666157,0.4900811662427516,0.44060745261181805,0.5099188337572484,0.0
11.933333333332826,0.490083333035501,0.44051901928464055,0.5099166669644991,0.0
11.937499999999494,0.4900855031549432,0.4404304472242148,0.5099144968450567,0.0
11.941666666666158,0.4900876766044106,0.44034173628120016,0.5099123233955895,0.0
11.945833333332823,0.49008985338723354,0.44025288630630965,0.5099101466127665,0.0
11.949999999999491,0.4900920335067409,0.4401638971503105,0.5099079664932591,0.0
11.95416666666616,0.49009421696625965,0.4400747686640243,0.5099057830337403,0.0
11.958333333332824,0.4900964037691148,0.4399855006983266,0.5099035962308852,0.0
11.962499999999489,0.49009859391862987,0.4398960931041472,0.5099014060813701,0.0
11.966666666666157,0.49010078741812624,0.43980654573246974,0.5098992125818737,0.0
11.970833333332825,0.490102984270924,0.4397168584343326,0.509897015729076,0.0
11.97499999999949,0.4901051844803409,0.43962703106082807,0.5098948155196591,0.0
11.979166666666154,0.49010738804969334,0.43953706346310256,0.5098926119503068,0.0
11.983333333332823,0.4901095949822955,0.4394469554923569,0.5098904050177044,0.0
11.987499999999491,0.4901118052814602,0.439356706999846,0.5098881947185397,0.0
11.991666666666156,0.4901140189504982,0.4392663178368793,0.5098859810495018,0.0
11.99583333333282,0.49011623599271853,0.4391757878548203,0.5098837640072814,0.0
11.999999999999488,0.49011845641142854,0.4390851169050869,0.5098815435885715,0.0
12.004166666666157,0.4901206802099335,0.43899430483915114,0.5098793197900664,0.0
12.008333333332821,0.49012290739153713,0.43890335150853976,0.5098770926084628,0.0
12.012499999999486,0.4901251379595415,0.43881225676483354,0.5098748620404585,0.0
12.016666666666154,0.49012737191724637,0.43872102045966754,0.5098726280827536,0.0
12.020833333332822,0.49012960926795024,0.43862964244473157,0.5098703907320498,0.0
12.024999999999487,0.4901318500149495,0.43853812257176966,0.5098681499850505,0.0
12.029166666666152,0.49013409416153886,0.4384464606925801,0.5098659058384611,0.0
12.03333333333282,0.4901363417110111,0.43835465665901563,0.5098636582889888,0.0
12.037499999999488,0.4901385926666576,0.43826271032298375,0.5098614073333424,0.0
12.041666666666153,0.4901408470317674,0.4381706215364462,0.5098591529682327,0.0
12.045833333332817,0.490143104809628,0.43807839015141903,0.509856895190372,0.0
12.049999999999486,0.4901453660035253,0.43798601601997306,0.5098546339964747,0.0
12.054166666666154,0.49014763060897915,0.43789349919112436,0.5098523693910209,0.0
12.058333333332818,0.4901498986351436,0.43780083936814235,0.5098501013648564,0.0
12.062499999999483,0.4901521700861174,0.43770803638250716,0.5098478299138827,0.0
12.066666666666151,0.4901544449651248,0.437615090087877,0.5098455550348752,0.0
12.07083333333282,0.4901567232753878,0.4375220003379931,0.5098432767246123,0.0
12.074999999999484,0.4901590050201248,0.43742876698667876,0.5098409949798752,0.0
12.079166666666149,0.4901612902025517,0.43733538988784,0.5098387097974483,0.0
12.083333333332817,0.4901635788258814,0.43724186889546524,0.5098364211741186,0.0
12.087499999999485,0.49016587089332386,0.4371482038636257,0.509834129106676,0.0
12.09166666666615,0.4901681664080862,0.4370543946464753,0.5098318335919138,0.0
12.095833333332815,0.49017046537337267,0.43696044109825033,0.5098295346266274,0.0
12.099999999999483,0.4901727677923844,0.4368663430732696,0.5098272322076157,0.0
12.104166666666151,0.49017507366831986,0.43677210042593495,0.5098249263316802,0.0
12.108333333332816,0.4901773830043746,0.4366777130107307,0.5098226169956255,0.0
12.11249999999948,0.49017969580374093,0.4365831806822237,0.509820304196259,0.0
12.116666666666148,0.4901820120696088,0.4364885032950637,0.5098179879303912,0.0
12.120833333332817,0.49018433180516485,0.43639368070398304,0.5098156681948351,0.0
12.124999999999481,0.49018665501359293,0.43629871276379684,0.5098133449864071,0.0
12.129166666666146,0.49018898169807407,0.43620359932940295,0.509811018301926,0.0
12.133333333332814,0.4901913118617861,0.43610834025578177,0.5098086881382139,0.0
12.137499999999482,0.4901936455079044,0.43601293539799674,0.5098063544920955,0.0
12.141666666666147,0.4901959826396011,0.4359173846111941,0.5098040173603989,0.0
12.145833333332812,0.49019832326004553,0.4358216877506026,0.5098016767399545,0.0
12.14999999999948,0.4902006673724041,0.43572584467153386,0.5097993326275959,0.0
12.154166666666148,0.4902030149798403,0.43562985522938263,0.5097969850201597,0.0
12.158333333332813,0.4902053660855148,0.43553371927962614,0.5097946339144853,0.0
12.162499999999477,0.4902077206925851,0.43543743667782453,0.509792279307415,0.0
12.166666666666146,0.49021007880420625,0.43534100727962105,0.5097899211957938,0.0
12.170833333332814,0.49021244042352996,0.43524443094074144,0.5097875595764702,0.0
12.174999999999478,0.4902148055537051,0.4351477075169948,0.5097851944462949,0.0
12.179166666666143,0.4902171741978779,0.4350508368642727,0.509782825802122,0.0
12.183333333332811,0.49021954635068654,0.4349538190566694,0.5097804536493136,0.0
12.18749999999948,0.49022192202137443,0.43485665379371113,0.5097780779786255,0.0
12.191666666666144,0.490224301214266,0.43475934090110135,0.509775698785734,0.0
12.195833333332809,0.49022668393243446,0.4346618802366318,0.5097733160675656,0.0
12.199999999999477,0.4902290701789489,0.4345642716582093,0.5097709298210511,0.0
12.204166666666145,0.49023145995687417,0.4344665150238556,0.5097685400431258,0.0
12.20833333333281,0.4902338532692713,0.43436861019170764,0.5097661467307287,0.0
12.212499999999475,0.4902362501191965,0.43427055702001716,0.5097637498808034,0.0
12.216666666666143,0.4902386505097026,0.4341723553671512,0.5097613494902974,0.0
12.220833333332811,0.4902410544438378,0.4340740050915918,0.5097589455561622,0.0
12.224999999999476,0.49024346192464613,0.43397550605193613,0.5097565380753539,0.0
12.22916666666614,0.4902458729551676,0.4338768581068963,0.5097541270448324,0.0
12.233333333332808,0.490248287538438,0.43377806111529965,0.509751712461562,0.0
12.237499999999477,0.4902507056774891,0.43367911493608874,0.509749294322511,0.0
12.241666666666141,0.4902531273753481,0.4335800194283212,0.509746872624652,0.0
12.245833333332806,0.49025555263503867,0.4334807744511698,0.5097444473649614,0.0
12.249999999999474,0.4902579814595796,0.4333813798639222,0.5097420185404203,0.0
12.254166666666142,0.49026041385198627,0.433281835525982,0.5097395861480138,0.0
12.258333333332807,0.49026284981526924,0.4331821412968671,0.5097371501847308,0.0
12.262499999999472,0.4902652893524352,0.43308229703621126,0.5097347106475648,0.0
12.26666666666614,0.49026773246648675,0.4329823026037631,0.5097322675335133,0.0
12.270833333332808,0.49027017916042215,0.4328821578593867,0.5097298208395779,0.0
12.274999999999473,0.4902726294372356,0.43278186266306123,0.5097273705627645,0.0
12.279166666666137,0.49027508329991704,0.43268141687488115,0.509724916700083,0.0
12.283333333332806,0.49027754075145236,0.4325808203550562,0.5097224592485475,0.0
12.287499999999474,0.49028000179482334,0.4324800729639115,0.5097199982051767,0.0
12.291666666666138,0.49028246643300727,0.43237917456188735,0.5097175335669928,0.0
12.295833333332803,0.49028493466897766,0.43227812500953955,0.5097150653310224,0.0
12.299999999999471,0.49028740650570357,0.4321769241675388,0.5097125934942964,0.0
12.30416666666614,0.49028988194615014,0.43207557189667156,0.5097101180538499,0.0
12.308333333332804,0.49029236099327805,0.43197406805783967,0.5097076390067219,0.0
12.312499999999469,0.49029484365017756,0.4318724125058005,0.5097051563498224,0.0
12.316666666666137,0.4902973299118822,0.43177060547332036,0.5097026700881178,0.0
12.320833333332805,0.4902998197884689,0.4316686464871034,0.5097001802115311,0.0
12.32499999999947,0.4903023132828331,0.43156653541080425,0.509697686717167,0.0
12.329166666666135,0.49030481039786555,0.43146427210819577,0.5096951896021344,0.0
12.333333333332803,0.49030731113645354,0.431361856443171,0.5096926888635465,0.0
12.337499999999471,0.4903098155014793,0.4312592882797439,0.5096901844985207,0.0
12.341666666666136,0.49031232349582127,0.431156567482051,0.5096876765041787,0.0
12.3458333333328,0.4903148351223533,0.431053693914352,0.5096851648776467,0.0
12.349999999999469,0.49031735038394497,0.43095066744103144,0.509682649616055,0.0
12.354166666666137,0.4903198692834614,0.4308474879265997,0.5096801307165387,0.0
12.358333333332801,0.49032239182376314,0.4307441552356943,0.5096776081762368,0.0
12.362499999999466,0.49032491800770694,0.43064066923308125,0.5096750819922932,0.0
12.366666666666134,0.49032744783814414,0.4305370297836555,0.5096725521618558,0.0
12.370833333332802,0.4903299813179224,0.43043323675244316,0.5096700186820775,0.0
12.374999999999467,0.49033251844988446,0.43032929000460235,0.5096674815501155,0.0
12.379166666666132,0.49033505923686843,0.43022518940542365,0.5096649407631315,0.0
12.3833333333328,0.49033760368170826,0.4301209348203325,0.5096623963182918,0.0
12.387499999999468,0.49034015178723284,0.4300165261148896,0.5096598482127671,0.0
12.391666666666133,0.4903427035562668,0.4299119631547925,0.5096572964437331,0.0
12.395833333332797,0.49034525899162995,0.4298072458058764,0.5096547410083699,0.0
12.399999999999466,0.49034781809613737,0.4297023739341158,0.5096521819038625,0.0
12.404166666666134,0.4903503808725997,0.42959734740562544,0.5096496191274004,0.0
12.408333333332799,0.49035294732382245,0.42949216608666146,0.5096470526761775,0.0
12.412499999999463,0.49035551745260686,0.42938682984362275,0.5096444825473931,0.0
12.416666666666131,0.490358091261749,0.4292813385430521,0.5096419087382509,0.0
12.4208333333328,0.4903606687540403,0.4291756920516374,0.5096393312459596,0.0
12.424999999999464,0.4903632499322675,0.42906989023621284,0.5096367500677326,0.0
12.429166666666129,0.4903658347992121,0.4289639329637599,0.5096341652007879,0.0
12.433333333332797,0.49036842335765135,0.42885782010140905,0.5096315766423487,0.0
12.437499999999465,0.49037101561035684,0.4287515515164404,0.5096289843896431,0.0
12.44166666666613,0.4903736115560059,0.4286451273105987,0.5096263884439941,0.0
12.445833333332795,0.4903762111999489,0.42853854720318385,0.509623788800051,0.0
12.449999999999463,0.4903788145458188,0.4284318110117573,0.5096211854541811,0.0
12.454166666666131,0.4903814215963319,0.42832491860625727,0.509618578403668,0.0
12.458333333332796,0.49038403235419864,0.42821786985684107,0.5096159676458014,0.0
12.46249999999946,0.49038664682212285,0.42811066463388725,0.5096133531778771,0.0
12.466666666666129,0.49038926500280255,0.428003302807998,0.5096107349971974,0.0
12.470833333332797,0.49039188689892943,0.42789578425000063,0.5096081131010706,0.0
12.474999999999461,0.49039451251318866,0.42778810883095025,0.5096054874868112,0.0
12.479166666666126,0.49039714184825933,0.4276802764221313,0.5096028581517407,0.0
12.483333333332794,0.4903997749068141,0.42757228689505955,0.5096002250931859,0.0
12.487499999999462,0.49040241169151894,0.4274641401214847,0.5095975883084811,0.0
12.491666666666127,0.4904050522050338,0.4273558359733921,0.5095949477949663,0.0
12.495833333332792,0.4904076964500118,0.42724737432300464,0.5095923035499883,0.0
12.49999999999946,0.4904103444290996,0.42713875504278487,0.5095896555709003,0.0
12.504166666666128,0.49041299614493744,0.42702997800543757,0.5095870038550625,0.0
12.508333333332793,0.4904156516001587,0.42692104308391116,0.5095843483998412,0.0
12.512499999999458,0.4904183107973904,0.4268119501513999,0.5095816892026096,0.0
12.516666666666126,0.4904209737392525,0.4267026990813458,0.5095790262607475,0.0
12.520833333332794,0.49042364042835845,0.4265932897474414,0.5095763595716415,0.0
12.524999999999459,0.4904263108673148,0.42648372202363094,0.5095736891326851,0.0
12.529166666666123,0.4904289850587216,0.42637399578411284,0.5095710149412783,0.0
12.533333333332791,0.4904316630051716,0.4262641109033416,0.5095683369948284,0.0
12.53749999999946,0.49043434470925085,0.42615406725603,0.5095656552907492,0.0
12.541666666666124,0.4904370301735384,0.42604386471715106,0.5095629698264617,0.0
12.545833333332789,0.49043971940060643,0.42593350316194006,0.5095602805993935,0.0
12.549999999999457,0.49044241239302017,0.4258229824658966,0.5095575876069799,0.0
12.554166666666125,0.49044510915333733,0.4257123025047866,0.5095548908466626,0.0
12.55833333333279,0.4904478096841091,0.4256014631546446,0.5095521903158908,0.0
12.562499999999455,0.49045051398787914,0.42549046429177556,0.5095494860121208,0.0
12.566666666666123,0.49045322206718434,0.4253793057927568,0.5095467779328158,0.0
12.570833333332791,0.49045593392455356,0.42526798753444023,0.5095440660754463,0.0
12.574999999999456,0.49045864956250945,0.4251565093939547,0.5095413504374906,0.0
12.57916666666612,0.4904613689835664,0.4250448712487074,0.5095386310164336,0.0
12.583333333332789,0.4904640921902323,0.4249330729763862,0.5095359078097678,0.0
12.587499999999457,0.49046681918424756,0.4248211144703134,0.5095331808157525,0.0
12.591666666666121,0.4904695499650489,0.4247089956705477,0.5095304500349512,0.0
12.595833333332786,0.4904722845384069,0.42459671638919055,0.509527715461593,0.0
12.599999999999454,0.4904750229067688,0.4244842765056949,0.5095249770932312,0.0
12.604166666666123,0.490477765072573,0.4243716758998242,0.509522234927427,0.0
12.608333333332787,0.49048051103824925,0.42425891445165437,0.5095194889617508,0.0
12.612499999999452,0.49048326080621885,0.42414599204157644,0.509516739193781,0.0
12.61666666666612,0.49048601437889455,0.4240329085502988,0.5095139856211055,0.0
12.620833333332788,0.49048877175868,0.42391966385884927,0.5095112282413199,0.0
12.624999999999453,0.49049153294797054,0.4238062578485782,0.5095084670520295,0.0
12.629166666666118,0.4904942979491523,0.4236926904011596,0.5095057020508478,0.0
12.633333333332786,0.4904970667646026,0.4235789613985941,0.5095029332353973,0.0
12.637499999999454,0.4904998393966901,0.4234650707232115,0.5095001606033098,0.0
12.641666666666119,0.49050261584777427,0.42335101825767274,0.5094973841522258,0.0
12.645833333332783,0.49050539612020533,0.423236803884972,0.5094946038797946,0.0
12.649999999999451,0.490508180216325,0.42312242748843937,0.5094918197836751,0.0
12.65416666666612,0.49051096813846495,0.42300788895174296,0.509489031861535,0.0
12.658333333332784,0.4905137598889486,0.42289318815889165,0.5094862401110514,0.0
12.662499999999449,0.49051655547008954,0.4227783249942366,0.5094834445299106,0.0
12.666666666666117,0.4905193548841922,0.4226632993424741,0.5094806451158078,0.0
12.670833333332785,0.49052215813355177,0.4225481110886479,0.5094778418664483,0.0
12.67499999999945,0.49052496522045363,0.42243276011815123,0.5094750347795463,0.0
12.679166666666115,0.4905277761471743,0.42231724631672946,0.5094722238528256,0.0
12.683333333332783,0.49053059091598034,0.42220156957048177,0.5094694090840196,0.0
12.687499999999451,0.49053340952912877,0.4220857297658643,0.5094665904708713,0.0
12.691666666666116,0.49053623198886714,0.4219697267896919,0.5094637680111329,0.0
12.69583333333278,0.49053905829743316,0.4218535605291405,0.5094609417025667,0.0
12.699999999999449,0.4905418884570551,0.4217372308717496,0.5094581115429448,0.0
12.704166666666117,0.490544722469951,0.42162073770542435,0.5094552775300489,0.0
12.708333333332781,0.4905475603383296,0.4215040809184381,0.5094524396616705,0.0
12.712499999999446,0.4905504020643891,0.4213872603994344,0.509449597935611,0.0
12.716666666666114,0.4905532476503182,0.42127027603742945,0.5094467523496817,0.0
12.720833333332783,0.4905560970982958,0.4211531277218147,0.5094439029017043,0.0
12.724999999999447,0.4905589504104901,0.42103581534235857,0.50944104958951,0.0
12.729166666666112,0.4905618075890596,0.4209183387892091,0.5094381924109403,0.0
12.73333333333278,0.49056466863615283,0.4208006979528963,0.5094353313638472,0.0
12.737499999999448,0.49056753355395954,0.42068289264973224,0.5094324664460406,0.0
12.741666666666113,0.49057040234460736,0.42056492277113267,0.5094295976553925,0.0
12.745833333332778,0.49057327501017395,0.4204467882663538,0.5094267249898261,0.0
12.749999999999446,0.490576151552767,0.4203284890265041,0.5094238484472331,0.0
12.754166666666114,0.49057903197448377,0.42021002494305504,0.5094209680255163,0.0
12.758333333332779,0.4905819162774114,0.4200913959078434,0.5094180837225887,0.0
12.762499999999443,0.49058480446362623,0.4199726018130727,0.5094151955363737,0.0
12.766666666666111,0.4905876965351942,0.41985364255131513,0.5094123034648058,0.0
12.77083333333278,0.4905905924941704,0.41973451801551387,0.5094094075058296,0.0
12.774999999999444,0.4905934923425995,0.41961522809898466,0.5094065076574004,0.0
12.779166666666109,0.49059639608251543,0.41949577269541766,0.5094036039174845,0.0
12.783333333332777,0.4905993037159414,0.4193761516988795,0.5094006962840586,0.0
12.787499999999445,0.49060221524488934,0.4192563650038149,0.5093977847551108,0.0
12.79166666666611,0.4906051306713608,0.41913641250504907,0.5093948693286392,0.0
12.795833333332775,0.49060804999734625,0.41901629409778895,0.5093919500026537,0.0
12.799999999999443,0.49061097322482516,0.41889600967762564,0.5093890267751748,0.0
12.804166666666111,0.49061390035576613,0.4187755591405361,0.509386099644234,0.0
12.808333333332776,0.49061683139212614,0.4186549423828849,0.5093831686078738,0.0
12.81249999999944,0.4906197663358517,0.41853415930142646,0.5093802336641484,0.0
12.816666666666109,0.49062270518887763,0.41841320979330615,0.5093772948111224,0.0
12.820833333332777,0.4906256479531279,0.4182920937560636,0.5093743520468722,0.0
12.824999999999442,0.4906285946305147,0.41817081108763304,0.5093714053694852,0.0
12.829166666666106,0.49063154522293945,0.41804936168634615,0.5093684547770605,0.0
12.833333333332774,0.4906344997322916,0.4179277454509337,0.5093655002677084,0.0
12.837499999999443,0.49063745816044946,0.4178059622805272,0.5093625418395505,0.0
12.841666666666107,0.49064042050927986,0.41768401207466144,0.5093595794907202,0.0
12.845833333332772,0.49064338678063785,0.41756189473327554,0.5093566132193621,0.0
12.84999999999944,0.49064635697636705,0.4174396101567153,0.5093536430236328,0.0
12.854166666666108,0.4906493310982993,0.41731715824573534,0.5093506689017007,0.0
12.858333333332773,0.4906523091482548,0.4171945389015004,0.5093476908517452,0.0
12.862499999999438,0.4906552911280418,0.41707175202558733,0.5093447088719582,0.0
12.866666666666106,0.4906582770394571,0.41694879751998765,0.5093417229605429,0.0
12.870833333332774,0.49066126688428513,0.4168256752871086,0.5093387331157149,0.0
12.874999999999439,0.4906642606642988,0.4167023852297755,0.5093357393357013,0.0
12.879166666666103,0.4906672583812587,0.41657892725123324,0.5093327416187412,0.0
12.883333333332772,0.4906702600369138,0.4164553012551489,0.5093297399630862,0.0
12.88749999999944,0.49067326563781255,0.41633150701421545,0.5093267343621876,0.0
12.891666666666104,0.49067627518190754,0.4162075445359432,0.5093237248180924,0.0
12.895833333332769,0.4906792886705225,0.41608341373589086,0.5093207113294775,0.0
12.899999999999437,0.4906823061053944,0.4159591145184183,0.5093176938946056,0.0
12.904166666666105,0.49068532748824933,0.41583464678828563,0.5093146725117508,0.0
12.90833333333277,0.49068835282080187,0.4157100104506537,0.5093116471791982,0.0
12.912499999999435,0.49069138210475566,0.4155852054110865,0.5093086178952443,0.0
12.916666666666103,0.4906944153418032,0.41546023157555223,0.5093055846581969,0.0
12.920833333332771,0.4906974525336251,0.41533508885042447,0.5093025474663748,0.0
12.924999999999436,0.49070049368189134,0.4152097771424846,0.5092995063181087,0.0
12.9291666666661,0.49070353878825984,0.4150842963589218,0.5092964612117402,0.0
12.933333333332769,0.4907065878543776,0.4149586464073357,0.5092934121456223,0.0
12.937499999999437,0.4907096408818801,0.4148328271957379,0.5092903591181199,0.0
12.941666666666102,0.490712697872391,0.4147068386325523,0.5092873021276089,0.0
12.945833333332766,0.490715758827523,0.41458068062661785,0.509284241172477,0.0
12.949999999999434,0.4907188237488767,0.41445435308718886,0.5092811762511233,0.0
12.954166666666103,0.49072189263804117,0.41432785592393745,0.5092781073619589,0.0
12.958333333332767,0.4907249654965942,0.41420118904695463,0.5092750345034057,0.0
12.962499999999432,0.49072804232610157,0.41407435236675144,0.5092719576738983,0.0
12.9666666666661,0.4907311231281176,0.41394734579426085,0.5092688768718824,0.0
12.970833333332768,0.49073420790418454,0.4138201692408389,0.5092657920958155,0.0
12.974999999999433,0.49073729665583316,0.41369282261826684,0.5092627033441669,0.0
12.979166666666098,0.49074038938458214,0.41356530583875145,0.5092596106154178,0.0
12.983333333332766,0.4907434860919386,0.4134376188149274,0.5092565139080614,0.0
12.987499999999434,0.4907465867793975,0.4133097614598585,0.5092534132206025,0.0
12.991666666666099,0.49074969144844194,0.41318173368703903,0.5092503085515581,0.0
12.995833333332763,0.4907528001005431,0.4130535354103953,0.5092471998994569,0.0
12.999999999999432,0.4907559127371602,0.41292516654428696,0.5092440872628399,0.0
13.0041666666661,0.4907590293597402,0.41279662700350866,0.5092409706402597,0.0
13.008333333332764,0.4907621499697181,0.41266791670329156,0.5092378500302819,0.0
13.012499999999429,0.49076527456851704,0.41253903555930455,0.5092347254314831,0.0
13.016666666666097,0.4907684031575474,0.41240998348765545,0.5092315968424526,0.0
13.020833333332765,0.4907715357382079,0.41228076040489353,0.5092284642617921,0.0
13.02499999999943,0.4907746723118849,0.4121513662280099,0.5092253276881151,0.0
13.029166666666095,0.4907778128799522,0.4120218008744392,0.5092221871200477,0.0
13.033333333332763,0.4907809574447644,0.4118920642586187,0.5092190425552356,0.0
13.037499999999431,0.4907841060094606,0.41176215629266566,0.5092158939905395,0.0
13.041666666666096,0.49078725857303,0.41163207690349785,0.5092127414269699,0.0
13.04583333333276,0.4907904151368225,0.4115018260102517,0.5092095848631775,0.0
13.049999999999429,0.4907935757021761,0.4113714035325121,0.5092064242978238,0.0
13.054166666666097,0.49079674027041714,0.41124080939031366,0.5092032597295828,0.0
13.058333333332762,0.49079990884286034,0.4111100435041418,0.5092000911571397,0.0
13.062499999999426,0.4908030814208085,0.41097910579493446,0.5091969185791915,0.0
13.066666666666094,0.4908062580055529,0.41084799618408363,0.5091937419944471,0.0
13.070833333332763,0.4908094385983727,0.41071671459343634,0.5091905614016272,0.0
13.074999999999427,0.49081262320053576,0.41058526094529674,0.5091873767994642,0.0
13.079166666666092,0.4908158118132974,0.41045363516242667,0.5091841881867026,0.0
13.08333333333276,0.4908190044379015,0.4103218371680476,0.5091809955620984,0.0
13.087499999999428,0.49082220107557994,0.4101898668858424,0.5091777989244199,0.0
13.091666666666093,0.4908254017275528,0.4100577242399561,0.5091745982724473,0.0
13.095833333332758,0.49082860639502796,0.40992540915499737,0.5091713936049721,0.0
13.099999999999426,0.4908318150792013,0.40979292155604,0.5091681849207986,0.0
13.104166666666094,0.4908350277812571,0.40966026136862504,0.509164972218743,0.0
13.108333333332759,0.490838244502367,0.40952742851876106,0.509161755497633,0.0
13.112499999999423,0.49084146524369116,0.4093944229329262,0.5091585347563088,0.0
13.116666666666092,0.4908446900063775,0.40926124453806967,0.5091553099936226,0.0
13.12083333333276,0.49084791879156126,0.4091278932616127,0.5091520812084387,0.0
13.124999999999424,0.49085115160036646,0.4089943690314507,0.5091488483996336,0.0
13.12916666666609,0.49085438843390417,0.4088606717759537,0.5091456115660958,0.0
13.133333333332757,0.4908576292932738,0.40872680142396856,0.5091423707067263,0.0
13.137499999999426,0.49086087417956215,0.40859275790482,0.5091391258204379,0.0
13.14166666666609,0.49086412309384403,0.4084585411483125,0.5091358769061559,0.0
13.145833333332755,0.4908673760371819,0.4083241510847306,0.509132623962818,0.0
13.149999999999423,0.490870633010626,0.4081895876448417,0.5091293669893739,0.0
13.154166666666091,0.4908738940152141,0.4080548507598965,0.5091261059847858,0.0
13.158333333332756,0.49087715905197166,0.407919940361631,0.5091228409480283,0.0
13.16249999999942,0.49088042812191174,0.40778485638226736,0.5091195718780882,0.0
13.166666666666089,0.4908837012260352,0.4076495987545156,0.5091162987739647,0.0
13.170833333332757,0.49088697836533024,0.40751416741157537,0.5091130216346698,0.0
13.174999999999422,0.49089025954077264,0.4073785622871367,0.5091097404592274,0.0
13.179166666666086,0.49089354475332564,0.4072427833153817,0.5091064552466744,0.0
13.183333333332754,0.49089683400188455,0.4071068304702518,0.5091031659981156,0.0
13.187499999999423,0.49090012728803606,0.4069707036745284,0.5090998727119639,0.0
13.191666666666087,0.49090342461372233,0.4068344028444682,0.5090965753862776,0.0
13.195833333332752,0.49090672597983404,0.40669792791666354,0.5090932740201659,0.0
13.19999999999942,0.4909100313872486,0.4065612788282196,0.5090899686127514,0.0
13.204166666666088,0.49091334083683025,0.40642445551675566,0.5090866591631698,0.0
13.208333333332753,0.4909166543294295,0.4062874579204065,0.5090833456705705,0.0
13.212499999999418,0.49091997186588376,0.40615028597782415,0.5090800281341163,0.0
13.216666666666086,0.4909232934470168,0.4060129396281793,0.5090767065529833,0.0
13.220833333332754,0.49092661907363894,0.4058754188111633,0.509073380926361,0.0
13.224999999999419,0.4909299487465472,0.40573772346698955,0.5090700512534528,0.0
13.229166666666083,0.4909332824665248,0.4055998535363947,0.5090667175334752,0.0
13.233333333332752,0.4909366202343413,0.4054618089606407,0.5090633797656587,0.0
13.23749999999942,0.4909399620507528,0.4053235896815165,0.5090600379492471,0.0
13.241666666666084,0.49094330791650187,0.4051851956413391,0.5090566920834981,0.0
13.24583333333275,0.490946657832317,0.40504662678295555,0.509053342167683,0.0
13.249999999999417,0.49095001179891323,0.4049078830497443,0.5090499882010868,0.0
13.254166666666086,0.4909533698169917,0.40476896438561716,0.5090466301830083,0.0
13.25833333333275,0.4909567318872398,0.40462987073502055,0.5090432681127602,0.0
13.262499999999415,0.4909600980103311,0.40449060204293696,0.5090399019896689,0.0
13.266666666666083,0.4909634681869253,0.40435115825488704,0.5090365318130747,0.0
13.270833333332751,0.490966842417668,0.4042115393169306,0.5090331575823319,0.0
13.274999999999416,0.4909702207031912,0.40407174517566885,0.5090297792968087,0.0
13.27916666666608,0.4909736030441127,0.4039317757782455,0.5090263969558874,0.0
13.283333333332749,0.4909769894410361,0.4037916310723481,0.5090230105589638,0.0
13.287499999999417,0.49098037989455134,0.40365131100621054,0.5090196201054485,0.0
13.291666666666082,0.49098377440523405,0.40351081552861384,0.5090162255947659,0.0
13.295833333332746,0.4909871729736457,0.4033701445888881,0.5090128270263543,0.0
13.299999999999415,0.49099057560033366,0.40322929813691355,0.5090094243996662,0.0
13.304166666666083,0.4909939822858312,0.4030882761231233,0.5090060177141689,0.0
13.308333333332747,0.49099739303065715,0.4029470784985036,0.5090026069693429,0.0
13.312499999999412,0.49100080783531624,0.40280570521459613,0.5089991921646837,0.0
13.31666666666608,0.4910042267002989,0.40266415622349955,0.5089957732997011,0.0
13.320833333332748,0.4910076496260812,0.402522431477871,0.5089923503739189,0.0
13.324999999999413,0.49101107661312454,0.4023805309309275,0.5089889233868754,0.0
13.329166666666078,0.49101450766178195,0.4022384545373317,0.5089854923382181,0.0
13.333333333332746,0.4910179427676527,0.4020962022965896,0.5089820572323472,0.0
13.337499999999414,0.49102138193557027,0.40195377412235495,0.5089786180644298,0.0
13.341666666666079,0.4910248251659121,0.4018111699703455,0.5089751748340878,0.0
13.345833333332743,0.4910282724590406,0.40166838979685376,0.5089717275409594,0.0
13.349999999999412,0.491031723815303,0.40152543355874853,0.508968276184697,0.0
13.35416666666608,0.4910351792350308,0.4013823012134768,0.5089648207649691,0.0
13.358333333332745,0.49103863871854053,0.4012389927190653,0.5089613612814594,0.0
13.36249999999941,0.49104210226613293,0.40109550803412186,0.5089578977338671,0.0
13.366666666666077,0.49104556987809334,0.4009518471178374,0.5089544301219067,0.0
13.370833333332746,0.49104904155469176,0.40080800992998766,0.5089509584453082,0.0
13.37499999999941,0.49105251729618227,0.40066399643093464,0.5089474827038176,0.0
13.379166666666075,0.49105599710280373,0.40051980658162833,0.5089440028971962,0.0
13.383333333332743,0.4910594809747791,0.4003754403436083,0.508940519025221,0.0
13.387499999999411,0.4910629689123155,0.4002308976790054,0.5089370310876844,0.0
13.391666666666076,0.49106646091560463,0.4000861785505439,0.5089335390843954,0.0
13.39583333333274,0.4910699569848221,0.3999412829215421,0.508930043015178,0.0
13.399999999999409,0.49107345712012773,0.39979621075591454,0.5089265428798722,0.0
13.404166666666077,0.49107696132166584,0.3996509620181747,0.5089230386783342,0.0
13.408333333332742,0.49108046958956414,0.3995055366734344,0.5089195304104359,0.0
13.412499999999406,0.49108398192393493,0.3993599346874076,0.5089160180760651,0.0
13.416666666666075,0.49108749832487425,0.39921415602641075,0.5089125016751258,0.0
13.420833333332743,0.49109101879246214,0.3990682006573651,0.5089089812075379,0.0
13.424999999999407,0.4910945433267625,0.39892206854779805,0.5089054566732376,0.0
13.429166666666072,0.49109807192782307,0.39877575966584483,0.5089019280721768,0.0
13.43333333333274,0.4911016045956756,0.3986292739802503,0.5088983954043244,0.0
13.437499999999408,0.49110514133033534,0.3984826114603705,0.5088948586696647,0.0
13.441666666666073,0.4911086821318013,0.3983357720761745,0.5088913178681987,0.0
13.445833333332738,0.49111222700005625,0.39818875579824564,0.5088877729999437,0.0
13.449999999999406,0.49111577593506667,0.39804156259778345,0.5088842240649333,0.0
13.454166666666074,0.49111932893678245,0.3978941924466054,0.5088806710632174,0.0
13.458333333332739,0.4911228860051371,0.39774664531714854,0.5088771139948628,0.0
13.462499999999403,0.4911264471400477,0.3975989211824708,0.5088735528599522,0.0
13.466666666666072,0.49113001234141473,0.3974510200162531,0.5088699876585852,0.0
13.47083333333274,0.4911335816091221,0.3973029417928007,0.508866418390878,0.0
13.474999999999405,0.491137154943037,0.397154686487045,0.5088628450569631,0.0
13.47916666666607,0.49114073234301,0.3970062540745451,0.5088592676569901,0.0
13.483333333332737,0.491144313808875,0.39685764453148953,0.5088556861911249,0.0
13.487499999999406,0.49114789934044933,0.39670885783469817,0.5088521006595508,0.0
13.49166666666607,0.49115148893753297,0.39655989396162306,0.508848511062467,0.0
13.495833333332735,0.4911550825999097,0.39641075289035105,0.5088449174000904,0.0
13.499999999999403,0.491158680328203,0.3962614345987172,0.5088413196717969,0.0
13.504166666666071,0.49116228212403795,0.39611193906414005,0.5088377178759621,0.0
13.508333333332736,0.4911658879847772,0.3959622662690722,0.5088341120152228,0.0
13.5124999999994,0.49116949791015474,0.39581241619413493,0.5088305020898451,0.0
13.516666666666069,0.4911731118998881,0.39566238882059185,0.5088268881001119,0.0
13.520833333332737,0.4911767299536781,0.3955121841303501,0.5088232700463219,0.0
13.524999999999402,0.4911803520712091,0.39536180210596245,0.508819647928791,0.0
13.529166666666066,0.4911839782521483,0.3952112427306284,0.5088160217478516,0.0
13.533333333332735,0.49118760849614707,0.3950605059881963,0.508812391503853,0.0
13.537499999999403,0.4911912428028391,0.39490959186316454,0.5088087571971609,0.0
13.541666666666067,0.4911948811718418,0.39475850034068405,0.5088051188281582,0.0
13.545833333332732,0.4911985236027558,0.3946072314065586,0.5088014763972443,0.0
13.5499999999994,0.4912021700951645,0.3944557850472476,0.5087978299048356,0.0
13.554166666666069,0.49120582064863477,0.3943041612498673,0.5087941793513653,0.0
13.558333333332733,0.4912094752627163,0.3941523600021924,0.5087905247372837,0.0
13.562499999999398,0.491213133936942,0.39400038129265785,0.508786866063058,0.0
13.566666666666066,0.4912167966708277,0.3938482251103601,0.5087832033291724,0.0
13.570833333332734,0.491220463463872,0.39369589144505934,0.5087795365361281,0.0
13.574999999999399,0.49122413431555667,0.39354338028718083,0.5087758656844433,0.0
13.579166666666064,0.4912278092253463,0.3933906916278164,0.5087721907746537,0.0
13.583333333332732,0.4912314881926881,0.393237825458726,0.508768511807312,0.0
13.5874999999994,0.49123517121701227,0.39308478177234,0.5087648287829877,0.0
13.591666666666065,0.49123885829773195,0.3929315605617605,0.508761141702268,0.0
13.59583333333273,0.49124254943424256,0.3927781618207622,0.5087574505657575,0.0
13.599999999999397,0.4912462446259226,0.39262458554379515,0.5087537553740773,0.0
13.604166666666066,0.49124994387213294,0.3924708317259859,0.508750056127867,0.0
13.60833333333273,0.49125364717221737,0.3923169003631393,0.5087463528277826,0.0
13.612499999999395,0.4912573545255019,0.39216279145173977,0.508742645474498,0.0
13.616666666666063,0.49126106593129537,0.3920085049889532,0.5087389340687046,0.0
13.620833333332731,0.491264781388889,0.3918540409726287,0.5087352186111109,0.0
13.624999999999396,0.49126850089755636,0.3916993994013001,0.5087314991024436,0.0
13.62916666666606,0.4912722244565536,0.3915445802741874,0.5087277755434463,0.0
13.633333333332729,0.49127595206511937,0.39138958359119885,0.5087240479348806,0.0
13.637499999999397,0.4912796837224745,0.39123440935293224,0.5087203162775256,0.0
13.641666666666062,0.4912834194278219,0.39107905756067646,0.5087165805721782,0.0
13.645833333332726,0.4912871591803472,0.3909235282164135,0.5087128408196528,0.0
13.649999999999395,0.491290902979218,0.3907678213228197,0.508709097020782,0.0
13.654166666666063,0.49129465082358426,0.3906119368832678,0.5087053491764159,0.0
13.658333333332727,0.491298402712578,0.39045587490182826,0.5087015972874219,0.0
13.662499999999392,0.4913021586453133,0.39029963538327084,0.5086978413546867,0.0
13.66666666666606,0.4913059186208866,0.3901432183330664,0.5086940813791134,0.0
13.670833333332729,0.4913096826402147,0.38998662373679155,0.5086903173597854,0.0
13.674999999999393,0.49131345070273097,0.3898298515971446,0.5086865492972691,0.0
13.679166666666058,0.49131722280567036,0.38967290194195614,0.5086827771943296,0.0
13.683333333332726,0.4913209989480777,0.3895157747792892,0.5086790010519224,0.0
13.687499999999394,0.4913247791289798,0.3893584701179098,0.5086752208710201,0.0
13.691666666666059,0.4913285633473864,0.3892009879672886,0.5086714366526136,0.0
13.695833333332724,0.4913323516022894,0.38904332833760197,0.5086676483977107,0.0
13.699999999999392,0.4913361438926629,0.3888854912397341,0.5086638561073371,0.0
13.70416666666606,0.49133994021746363,0.38872747668527846,0.5086600597825363,0.0
13.708333333332725,0.4913437405756307,0.38856928468653956,0.5086562594243692,0.0
13.71249999999939,0.4913475449660852,0.38841091525653365,0.5086524550339149,0.0
13.716666666666057,0.4913513533877304,0.3882523684089911,0.5086486466122696,0.0
13.720833333332726,0.4913551658394521,0.3880936441583578,0.5086448341605478,0.0
13.72499999999939,0.49135898232011826,0.3879347425197967,0.5086410176798818,0.0
13.729166666666055,0.49136280282857864,0.387775663509189,0.5086371971714214,0.0
13.733333333332723,0.49136662736366554,0.3876164071431361,0.5086333726363345,0.0
13.737499999999391,0.49137045592419315,0.3874569734389611,0.5086295440758068,0.0
13.741666666666056,0.4913742885089576,0.3872973624147104,0.5086257114910423,0.0
13.74583333333272,0.49137812511673745,0.38713757408915495,0.5086218748832626,0.0
13.749999999999389,0.4913819657462927,0.38697760848179186,0.5086180342537072,0.0
13.754166666666057,0.49138581039636586,0.3868174656128465,0.5086141896036341,0.0
13.758333333332722,0.491389659065681,0.3866571455032735,0.508610340934319,0.0
13.762499999999386,0.49139351175294427,0.38649664817475826,0.5086064882470558,0.0
13.766666666666055,0.4913973684568436,0.3863359736497188,0.5086026315431563,0.0
13.770833333332723,0.49140122917604895,0.3861751219513072,0.508598770823951,0.0
13.774999999999388,0.491405093909212,0.38601409310341145,0.5085949060907881,0.0
13.779166666666052,0.491408962654966,0.385852887130656,0.508591037345034,0.0
13.78333333333272,0.49141283541192626,0.38569150405840463,0.5085871645880737,0.0
13.787499999999389,0.49141671217868965,0.3855299439127611,0.5085832878213102,0.0
13.791666666666053,0.49142059295383483,0.38536820672057104,0.5085794070461651,0.0
13.795833333332718,0.4914244777359221,0.3852062925094235,0.5085755222640779,0.0
13.799999999999386,0.4914283665234933,0.3850442013076522,0.5085716334765067,0.0
13.804166666666054,0.49143225931507195,0.3848819331443376,0.5085677406849282,0.0
13.808333333332719,0.49143615610916314,0.38471948804930806,0.5085638438908369,0.0
13.812499999999384,0.49144005690425335,0.3845568660531413,0.5085599430957466,0.0
13.816666666666052,0.49144396169881105,0.3843940671871664,0.508556038301189,0.0
13.82083333333272,0.4914478704912856,0.384231091483465,0.5085521295087145,0.0
13.824999999999385,0.49145178328010797,0.3840679389748728,0.5085482167198919,0.0
13.82916666666605,0.49145570006369094,0.3839046096949815,0.5085442999363091,0.0
13.833333333332718,0.491459620840428,0.3837411036781395,0.508540379159572,0.0
13.837499999999386,0.49146354560869476,0.3835774209594549,0.5085364543913052,0.0
13.84166666666605,0.4914674743671071,0.38341356153381767,0.508532525632893,0.0
13.845833333332715,0.4914714071138743,0.3832495254581444,0.5085285928861256,0.0
13.849999999999383,0.49147534384722324,0.38308531278443314,0.5085246561527768,0.0
13.854166666666051,0.4914792845654559,0.3829209235505371,0.5085207154345441,0.0
13.858333333332716,0.49148322926685595,0.38275635779506784,0.508516770733144,0.0
13.86249999999938,0.49148717794968805,0.38259161555739635,0.5085128220503119,0.0
13.866666666666049,0.49149113061219835,0.38242669687765496,0.5085088693878017,0.0
13.870833333332717,0.4914950872526138,0.3822616017967385,0.5085049127473862,0.0
13.874999999999382,0.4914990478691427,0.3820963303563061,0.5085009521308572,0.0
13.879166666666046,0.4915030124599746,0.38193088259878194,0.5084969875400254,0.0
13.883333333332715,0.4915069810232799,0.38176525856735744,0.5084930189767202,0.0
13.887499999999383,0.49151095355720986,0.3815994583059921,0.5084890464427901,0.0
13.891666666666048,0.49151493005989727,0.38143348185941567,0.5084850699401027,0.0
13.895833333332712,0.4915189105294555,0.38126732927312873,0.5084810894705444,0.0
13.89999999999938,0.4915228949639792,0.3811010005934048,0.5084771050360207,0.0
13.904166666666049,0.4915268833615437,0.3809344958672913,0.5084731166384562,0.0
13.908333333332713,0.4915308757202052,0.3807678151426116,0.5084691242797947,0.0
13.912499999999378,0.49153487203800106,0.3806009584679658,0.5084651279619989,0.0
13.916666666666046,0.49153887231294924,0.3804339258927326,0.5084611276870509,0.0
13.920833333332714,0.4915428765430484,0.3802667174670703,0.5084571234569516,0.0
13.924999999999379,0.4915468847262784,0.38009933324191925,0.5084531152737216,0.0
13.929166666666044,0.49155089686059944,0.37993177326900185,0.5084491031394005,0.0
13.933333333332712,0.49155491294395276,0.379764037600825,0.5084450870560472,0.0
13.93749999999938,0.49155893297426007,0.3795961262906814,0.5084410670257399,0.0
13.941666666666045,0.4915629569494239,0.3794280393926509,0.508437043050576,0.0
13.94583333333271,0.4915669848673271,0.3792597769616015,0.5084330151326728,0.0
13.949999999999378,0.49157101672583353,0.3790913390531915,0.5084289832741664,0.0
13.954166666666046,0.4915750525227876,0.3789227257238706,0.5084249474772125,0.0
13.95833333333271,0.49157909225601376,0.3787539370308814,0.5084209077439862,0.0
13.962499999999375,0.49158313592331754,0.37858497303226063,0.5084168640766824,0.0
13.966666666666043,0.49158718352248476,0.3784158337868409,0.5084128164775154,0.0
13.970833333332711,0.49159123505128155,0.37824651935425196,0.5084087649487185,0.0
13.974999999999376,0.4915952905074547,0.37807702979492225,0.5084047094925452,0.0
13.97916666666604,0.49159934988873133,0.3779073651700803,0.5084006501112687,0.0
13.983333333332709,0.49160341319281875,0.37773752554175566,0.5083965868071811,0.0
13.987499999999377,0.4916074804174049,0.37756751097278135,0.508392519582595,0.0
13.991666666666042,0.4916115515601578,0.3773973215267949,0.5083884484398422,0.0
13.995833333332707,0.4916156266187258,0.37722695726823896,0.5083843733812741,0.0
13.999999999999375,0.49161970559073753,0.37705641826236375,0.5083802944092625,0.0
14.004166666666043,0.4916237884738019,0.3768857045752283,0.5083762115261982,0.0
14.008333333332708,0.4916278752655078,0.3767148162737017,0.5083721247344921,0.0
14.012499999999372,0.4916319659642937,0.3765437533600307,0.5083680340357063,0.0
14.01666666666604,0.4916360605669689,0.3763725159584152,0.5083639394330312,0.0
14.020833333332709,0.49164015907103104,0.37620110414055197,0.5083598409289689,0.0
14.024999999999373,0.49164426147399454,0.3760295179761988,0.5083557385260054,0.0
14.029166666666038,0.491648367773354,0.37585775753592077,0.508351632226646,0.0
14.033333333332706,0.491652477966584,0.37568582289109126,0.508347522033416,0.0
14.037499999999374,0.4916565920511393,0.37551371411389417,0.5083434079488608,0.0
14.041666666666039,0.4916607100244547,0.3753414312773244,0.5083392899755452,0.0
14.045833333332704,0.49166483188394544,0.3751689744551897,0.5083351681160546,0.0
14.049999999999372,0.49166895762700613,0.37499634372211127,0.5083310423729939,0.0
14.05416666666604,0.49167308725101194,0.37482353915352606,0.508326912748988,0.0
14.058333333332705,0.4916772207533179,0.3746505608256876,0.508322779246682,0.0
14.06249999999937,0.4916813581312587,0.374477408815667,0.5083186418687412,0.0
14.066666666666038,0.49168549938214934,0.37430408320135433,0.5083145006178507,0.0
14.070833333332706,0.4916896445032845,0.3741305840614608,0.5083103554967155,0.0
14.07499999999937,0.49169379349193876,0.3739569114755193,0.5083062065080614,0.0
14.079166666666035,0.4916979463453665,0.37378306552388524,0.5083020536546334,0.0
14.083333333332703,0.4917021030608019,0.37360904628773906,0.508297896939198,0.0
14.087499999999372,0.4917062636354592,0.37343485384908687,0.5082937363645408,0.0
14.091666666666036,0.491710428066532,0.37326048829076175,0.5082895719334679,0.0
14.0958333333327,0.49171459635119386,0.3730859496964253,0.5082854036488061,0.0
14.099999999999369,0.49171876848659796,0.37291123815056837,0.508281231513402,0.0
14.104166666666037,0.4917229444698772,0.3727363537385133,0.5082770555301228,0.0
14.108333333332702,0.49172712429814397,0.37256129654641473,0.508272875701856,0.0
14.112499999999367,0.4917313079684905,0.3723860666612605,0.5082686920315095,0.0
14.116666666666035,0.4917354954779886,0.37221066417087373,0.5082645045220114,0.0
14.120833333332703,0.4917396868236893,0.3720350891639136,0.5082603131763107,0.0
14.124999999999368,0.4917438820026236,0.37185934172987706,0.5082561179973765,0.0
14.129166666666032,0.49174808101180173,0.37168342195909976,0.5082519189881982,0.0
14.1333333333327,0.4917522838482135,0.3715073299427573,0.5082477161517864,0.0
14.137499999999369,0.49175649050882825,0.37133106577286734,0.5082435094911718,0.0
14.141666666666033,0.49176070099059443,0.37115462954228984,0.5082392990094056,0.0
14.145833333332698,0.4917649152904402,0.3709780213447289,0.5082350847095598,0.0
14.149999999999366,0.49176913340527295,0.3708012412747341,0.508230866594727,0.0
14.154166666666034,0.49177335533197936,0.3706242894277018,0.5082266446680207,0.0
14.158333333332699,0.49177758106742564,0.3704471658998764,0.5082224189325744,0.0
14.162499999999364,0.49178181060845705,0.37026987078835144,0.508218189391543,0.0
14.166666666666032,0.4917860439518983,0.37009240419107103,0.5082139560481017,0.0
14.1708333333327,0.4917902810945529,0.3699147662068315,0.5082097189054471,0.0
14.174999999999365,0.4917945220332042,0.36973695693528236,0.5082054779667957,0.0
14.17916666666603,0.49179876676539563,0.36955897645884006,0.5082012332346043,0.0
14.183333333332698,0.4918030152906221,0.36938082481512347,0.508196984709378,0.0
14.187499999999366,0.49180726760250604,0.3692025021780608,0.508192732397494,0.0
14.19166666666603,0.49181152369776954,0.3690240086502139,0.5081884763022305,0.0
14.195833333332695,0.4918157835731136,0.3688453443349901,0.5081842164268865,0.0
14.199999999999363,0.49182004722521955,0.36866650933664347,0.5081799527747805,0.0
14.204166666666032,0.4918243146507481,0.36848750376027634,0.508175685349252,0.0
14.208333333332696,0.4918285858463392,0.3683083277118399,0.5081714141536607,0.0
14.21249999999936,0.4918328608086131,0.36812898129813565,0.5081671391913869,0.0
14.216666666666029,0.4918371395341691,0.36794946462681627,0.5081628604658309,0.0
14.220833333332697,0.4918414220195862,0.3677697778063871,0.5081585779804139,0.0
14.224999999999362,0.4918457082614227,0.367589920946207,0.5081542917385773,0.0
14.229166666666027,0.491849998256217,0.36740989415648984,0.5081500017437831,0.0
14.233333333332695,0.4918542920004863,0.3672296975483047,0.5081457079995136,0.0
14.237499999999363,0.49185858949072775,0.36704933123357864,0.5081414105092722,0.0
14.241666666666028,0.4918628907234177,0.36686879532509614,0.5081371092765822,0.0
14.245833333332692,0.4918671956950119,0.3666880899365013,0.5081328043049881,0.0
14.24999999999936,0.49187150440194577,0.36650721518229834,0.5081284955980542,0.0
14.254166666666029,0.4918758168406338,0.3663261711778535,0.5081241831593661,0.0
14.258333333332693,0.49188013300747,0.36614495803939534,0.50811986699253,0.0
14.262499999999358,0.49188445289882765,0.36596357588401635,0.5081155471011723,0.0
14.266666666666026,0.4918887765110596,0.3657820248296739,0.5081112234889404,0.0
14.270833333332694,0.4918931038404976,0.3656003049951915,0.5081068961595024,0.0
14.274999999999359,0.4918974348834529,0.36541841650026,0.5081025651165471,0.0
14.279166666666024,0.49190176963621607,0.36523635946543853,0.5080982303637839,0.0
14.283333333332692,0.4919061080950569,0.36505413401215536,0.508093891904943,0.0
14.28749999999936,0.49191045025622426,0.3648717402627098,0.5080895497437757,0.0
14.291666666666025,0.4919147961159463,0.36468917834027276,0.5080852038840538,0.0
14.29583333333269,0.4919191456704304,0.36450644836888796,0.5080808543295696,0.0
14.299999999999358,0.4919234989158631,0.36432355047347303,0.5080765010841369,0.0
14.304166666666026,0.49192785584840987,0.36414048477982086,0.5080721441515901,0.0
14.30833333333269,0.49193221646421564,0.3639572514146007,0.5080677835357844,0.0
14.312499999999355,0.4919365807594043,0.36377385050535893,0.5080634192405957,0.0
14.316666666666023,0.4919409487300785,0.3635902821805205,0.5080590512699215,0.0
14.320833333332692,0.4919453203723206,0.3634065465693901,0.5080546796276794,0.0
14.324999999999356,0.4919496956821915,0.36322264380215324,0.5080503043178086,0.0
14.329166666666021,0.4919540746557311,0.36303857400987694,0.508045925344269,0.0
14.333333333332689,0.4919584572889586,0.36285433732451156,0.5080415427110413,0.0
14.337499999999357,0.49196284357787207,0.3626699338788917,0.508037156422128,0.0
14.341666666666022,0.4919672335184483,0.362485363806737,0.5080327664815516,0.0
14.345833333332687,0.49197162710664344,0.36230062724265366,0.5080283728933566,0.0
14.349999999999355,0.49197602434027454,0.36211572426769545,0.5080239756597255,0.0
14.354166666666023,0.4919804252162271,0.361930654990144,0.5080195747837729,0.0
14.358333333332688,0.4919848297280138,0.36174541961609835,0.5080151702719862,0.0
14.362499999999352,0.49198923787153004,0.3615600182830288,0.5080107621284699,0.0
14.36666666666602,0.49199364964265097,0.3613744511292788,0.5080063503573491,0.0
14.370833333332689,0.49199806503723065,0.3611887182940659,0.5080019349627694,0.0
14.374999999999353,0.4920024840511031,0.3610028199174825,0.5079975159488969,0.0
14.379166666666018,0.4920069066800817,0.360816756140497,0.5079930933199183,0.0
14.383333333332686,0.492011332919959,0.3606305271049539,0.5079886670800411,0.0
14.387499999999354,0.4920157627665073,0.3604441329535759,0.5079842372334927,0.0
14.39166666666602,0.49202019621547816,0.36025757382996415,0.5079798037845218,0.0
14.395833333332684,0.4920246332626026,0.36007084987859883,0.5079753667373974,0.0
14.399999999999352,0.4920290739035911,0.35988396124484057,0.5079709260964089,0.0
14.40416666666602,0.49203351813413315,0.3596969080749312,0.5079664818658669,0.0
14.408333333332685,0.4920379659498981,0.359509690515995,0.507962034050102,0.0
14.41249999999935,0.4920424173465344,0.3593223087160387,0.5079575826534657,0.0
14.416666666666018,0.4920468723196698,0.35913476282395285,0.5079531276803301,0.0
14.420833333332686,0.49205133086491165,0.35894705298951346,0.5079486691350883,0.0
14.42499999999935,0.4920557929778462,0.3587591793633816,0.5079442070221537,0.0
14.429166666666015,0.49206025865403935,0.3585711420971052,0.5079397413459605,0.0
14.433333333332683,0.49206472788903627,0.35838294134311954,0.5079352721109638,0.0
14.437499999999352,0.492069200678361,0.3581945772547481,0.5079307993216389,0.0
14.441666666666016,0.4920736770175176,0.3580060499862042,0.5079263229824825,0.0
14.445833333332681,0.4920781569019885,0.35781735969259076,0.5079218430980115,0.0
14.44999999999935,0.4920826403272361,0.35762850652990186,0.5079173596727639,0.0
14.454166666666017,0.49208712728870163,0.3574394906550236,0.5079128727112983,0.0
14.458333333332682,0.4920916177818058,0.3572503122257351,0.5079083822181941,0.0
14.462499999999347,0.49209611180194823,0.3570609714007089,0.5079038881980517,0.0
14.466666666666015,0.4921006093445081,0.35687146833951233,0.507899390655492,0.0
14.470833333332683,0.49210511040484334,0.3566818032026082,0.5078948895951567,0.0
14.474999999999348,0.4921096149782913,0.3564919761513558,0.5078903850217087,0.0
14.479166666666012,0.4921141230601686,0.35630198734801183,0.5078858769398314,0.0
14.48333333333268,0.4921186346457707,0.35611183695573073,0.5078813653542293,0.0
14.487499999999349,0.49212314973037247,0.3559215251385665,0.5078768502696276,0.0
14.491666666666013,0.4921276683092277,0.3557310520614732,0.5078723316907723,0.0
14.495833333332678,0.49213219037756956,0.35554041789030544,0.5078678096224305,0.0
14.499999999999346,0.49213671593060987,0.3553496227918196,0.5078632840693901,0.0
14.504166666666015,0.49214124496354,0.35515866693367504,0.50785875503646,0.0
14.50833333333268,0.49214577747153004,0.35496755048443457,0.50785422252847,0.0
14.512499999999344,0.4921503134497294,0.35477627361356534,0.5078496865502706,0.0
14.516666666666012,0.4921548528932663,0.3545848364914396,0.5078451471067336,0.0
14.52083333333268,0.49215939579984724,0.35439323918158944,0.5078406042001529,0.0
14.524999999999345,0.4921639421636268,0.3542014818948157,0.5078360578363733,0.0
14.52916666666601,0.49216849197842555,0.3540095648558334,0.5078315080215745,0.0
14.533333333332678,0.49217304523930905,0.35381748823776565,0.507826954760691,0.0
14.537499999999346,0.4921776019413226,0.35362525221462177,0.5078223980586775,0.0
14.54166666666601,0.4921821620794907,0.35343285696129734,0.5078178379205092,0.0
14.545833333332675,0.49218672564881805,0.35324030265357514,0.5078132743511821,0.0
14.549999999999343,0.492191292644288,0.3530475894681252,0.5078087073557119,0.0
14.554166666666012,0.49219586306086444,0.35285471758250647,0.5078041369391356,0.0
14.558333333332676,0.49220043689348975,0.3526616871751664,0.5077995631065102,0.0
14.562499999999341,0.4922050141370868,0.3524684984254419,0.5077949858629132,0.0
14.56666666666601,0.4922095947865574,0.35227515151356015,0.5077904052134425,0.0
14.570833333332677,0.4922141788367831,0.3520816466206389,0.5077858211632169,0.0
14.574999999999342,0.49221876628262495,0.3518879839286875,0.5077812337173752,0.0
14.579166666666007,0.4922233571189233,0.3516941636206067,0.5077766428810767,0.0
14.583333333332675,0.49222795134049824,0.35150018588019,0.5077720486595017,0.0
14.587499999999343,0.4922325489421495,0.35130605089212436,0.5077674510578506,0.0
14.591666666666008,0.49223714991865586,0.3511117588419902,0.5077628500813443,0.0
14.595833333332672,0.4922417542647758,0.350917309916262,0.5077582457352242,0.0
14.59999999999934,0.4922463619752475,0.35072270430230956,0.5077536380247525,0.0
14.604166666666009,0.4922509730447883,0.3505279421883981,0.5077490269552116,0.0
14.608333333332673,0.4922555874680953,0.35033302376368913,0.5077444125319048,0.0
14.612499999999338,0.49226020523984465,0.35013794921824065,0.5077397947601554,0.0
14.616666666666006,0.4922648263546923,0.3499427187430079,0.5077351736453077,0.0
14.620833333332675,0.49226945080727375,0.34974733252984463,0.5077305491927263,0.0
14.62499999999934,0.4922740785922035,0.3495517907715027,0.5077259214077966,0.0
14.629166666666004,0.492278709704076,0.3493560936616334,0.507721290295924,0.0
14.633333333332672,0.49228334413746483,0.34916024139478735,0.5077166558625352,0.0
14.63749999999934,0.4922879818869229,0.348964234166416,0.507712018113077,0.0
14.641666666666005,0.49229262294698317,0.3487680721728717,0.5077073770530168,0.0
14.64583333333267,0.4922972673121572,0.34857175561140824,0.5077027326878428,0.0
14.649999999999338,0.49230191497693654,0.3483752846801813,0.5076980850230636,0.0
14.654166666666006,0.4923065659357918,0.34817865957824995,0.5076934340642083,0.0
14.65833333333267,0.4923112201831733,0.3479818805055763,0.5076887798168267,0.0
14.662499999999335,0.4923158777135106,0.34778494766302653,0.5076841222864894,0.0
14.666666666666003,0.49232053852121277,0.3475878612523711,0.5076794614787872,0.0
14.670833333332672,0.49232520260066814,0.3473906214762861,0.5076747973993319,0.0
14.674999999999336,0.4923298699462445,0.34719322853835316,0.5076701300537556,0.0
14.679166666666001,0.49233454055228887,0.3469956826430603,0.5076654594477111,0.0
14.68333333333267,0.492339214413128,0.3467979839958024,0.507660785586872,0.0
14.687499999999337,0.49234389152306757,0.34660013280288227,0.5076561084769324,0.0
14.691666666666002,0.4923485718804041,0.34640212910228907,0.507651428119596,0.0
14.695833333332667,0.49235325547629294,0.34620397323331065,0.5076467445237071,0.0
14.699999999999335,0.49235794230455737,0.3460056654227318,0.5076420576954426,0.0
14.704166666666003,0.4923626323594447,0.3458072058794776,0.5076373676405553,0.0
14.708333333332668,0.4923673256351824,0.34560859481335593,0.5076326743648177,0.0
14.712499999999332,0.4923720221259776,0.34540983243505785,0.5076279778740225,0.0
14.716666666666,0.4923767218260179,0.345210918956158,0.5076232781739821,0.0
14.720833333332669,0.4923814247294706,0.3450118545891154,0.5076185752705294,0.0
14.724999999999334,0.492386130830483,0.3448126395472727,0.507613869169517,0.0
14.729166666665998,0.4923908401231826,0.34461327404485753,0.5076091598768173,0.0
14.733333333332666,0.4923955526016769,0.34441375829698145,0.5076044473983231,0.0
14.737499999999335,0.4924002682600531,0.34421409251964186,0.5075997317399469,0.0
14.741666666666,0.49240498709237884,0.34401427692972103,0.5075950129076212,0.0
14.745833333332664,0.49240970909270143,0.34381431174498667,0.5075902909072986,0.0
14.749999999999332,0.49241443425504833,0.3436141971840923,0.5075855657449517,0.0
14.754166666666,0.4924191625734272,0.3434139334665779,0.5075808374265727,0.0
14.758333333332665,0.4924238940418255,0.34321352081286954,0.5075761059581744,0.0
14.76249999999933,0.49242862865421083,0.34301295944428,0.5075713713457892,0.0
14.766666666665998,0.4924333664045306,0.34281224958300854,0.5075666335954693,0.0
14.770833333332666,0.49243810728671267,0.3426113914521424,0.5075618927132873,0.0
14.77499999999933,0.49244285129466453,0.34241038527565565,0.5075571487053354,0.0
14.779166666665995,0.4924475984222741,0.3422092312784105,0.507552401577726,0.0
14.783333333332664,0.4924523486634088,0.34200792968615656,0.5075476513365911,0.0
14.787499999999332,0.4924571020119168,0.3418064807255323,0.5075428979880833,0.0
14.791666666665996,0.4924618584616256,0.34160488462406474,0.5075381415383745,0.0
14.795833333332661,0.4924666180063432,0.3414031416101692,0.5075333819936567,0.0
14.79999999999933,0.4924713806398577,0.3412012519131505,0.5075286193601423,0.0
14.804166666665997,0.49247614635593684,0.34099921576320275,0.5075238536440632,0.0
14.808333333332662,0.49248091514832887,0.3407970333914097,0.5075190848516712,0.0
14.812499999999327,0.49248568701076173,0.340594705029745,0.5075143129892382,0.0
14.816666666665995,0.49249046193694374,0.3403922309110722,0.5075095380630563,0.0
14.820833333332663,0.49249523992056293,0.34018961126914565,0.507504760079437,0.0
14.824999999999328,0.49250002095528783,0.3399868463386105,0.5074999790447121,0.0
14.829166666665992,0.4925048050347666,0.3397839363550026,0.5074951949652333,0.0
14.83333333333266,0.49250959215262785,0.339580881554749,0.5074904078473721,0.0
14.837499999999329,0.4925143823024801,0.3393776821751687,0.50748561769752,0.0
14.841666666665994,0.4925191754779118,0.33917433845447215,0.5074808245220882,0.0
14.845833333332658,0.4925239716724916,0.33897085063176197,0.5074760283275084,0.0
14.849999999999326,0.49252877087976854,0.33876721894703304,0.5074712291202316,0.0
14.854166666665995,0.49253357309327106,0.338563443641173,0.5074664269067288,0.0
14.85833333333266,0.4925383783072298,0.3383595249295919,0.5074616216927702,0.0
14.862499999999324,0.4925431865195604,0.3381554628931487,0.5074568134804397,0.0
14.866666666665992,0.49254799771917984,0.3379512579418061,0.5074520022808201,0.0
14.87083333333266,0.4925528118995679,0.3377469103189174,0.5074471881004322,0.0
14.874999999999325,0.49255762905418465,0.3375424202686993,0.5074423709458155,0.0
14.87916666666599,0.4925624491764717,0.33733778803623166,0.5074375508235284,0.0
14.883333333332658,0.4925672722598513,0.33713301386745786,0.5074327277401488,0.0
14.887499999999326,0.49257209829772663,0.33692809800918466,0.5074279017022734,0.0
14.89166666666599,0.4925769272834823,0.33672304070908216,0.5074230727165178,0.0
14.895833333332655,0.49258175921048314,0.3365178422156832,0.5074182407895168,0.0
14.899999999999324,0.4925865940720757,0.3363125027783837,0.5074134059279242,0.0
14.904166666665992,0.4925914318615874,0.3361070226474428,0.5074085681384127,0.0
14.908333333332656,0.4925962725723261,0.3359014020739823,0.5074037274276738,0.0
14.912499999999321,0.4926011161975815,0.3356956413099865,0.5073988838024185,0.0
14.91666666666599,0.4926059627306239,0.33548974060830267,0.5073940372693762,0.0
14.920833333332657,0.4926108121647047,0.33528370022264037,0.5073891878352953,0.0
14.924999999999322,0.49261566449305655,0.33507752040757205,0.5073843355069434,0.0
14.929166666665987,0.4926205197088931,0.33487120141853205,0.507379480291107,0.0
14.933333333332655,0.49262537780540894,0.3346647435118171,0.507374622194591,0.0
14.937499999999323,0.49263023877578016,0.3344581469445862,0.5073697612242198,0.0
14.941666666665988,0.49263510261316357,0.3342514119748607,0.5073648973868365,0.0
14.945833333332653,0.4926399693106972,0.33404453886152324,0.5073600306893027,0.0
14.94999999999932,0.4926448388615007,0.3338375278643191,0.5073551611384993,0.0
14.954166666665989,0.49264971125867413,0.3336303792438548,0.5073502887413259,0.0
14.958333333332654,0.4926545864952992,0.33342309326159913,0.5073454135047009,0.0
14.962499999999318,0.4926594645644387,0.3332156701798821,0.5073405354355612,0.0
14.966666666665986,0.49266434545913695,0.3330081102618952,0.5073356545408632,0.0
14.970833333332655,0.4926692291724188,0.33280041377169167,0.5073307708275813,0.0
14.97499999999932,0.4926741156972907,0.33259258097418604,0.5073258843027092,0.0
14.979166666665984,0.49267900502674056,0.33238461213515397,0.5073209949732594,0.0
14.983333333332652,0.4926838971537372,0.3321765075212322,0.5073161028462627,0.0
14.98749999999932,0.49268879207123095,0.33196826739991864,0.507311207928769,0.0
14.991666666665985,0.49269368977215305,0.33175989203957246,0.5073063102278469,0.0
14.99583333333265,0.4926985902494165,0.33155138170941323,0.5073014097505835,0.0
14.999999999999318,0.4927034934959152,0.3313427366795215,0.5072965065040848,0.0
15.004166666665986,0.4927083995045247,0.33113395722083866,0.5072916004954754,0.0
15.00833333333265,0.49271330826810156,0.33092504360516656,0.5072866917318984,0.0
15.012499999999315,0.4927182197794839,0.3307159961051676,0.5072817802205162,0.0
15.016666666665984,0.4927231340314911,0.33050681499436446,0.5072768659685088,0.0
15.020833333332652,0.492728051016924,0.3302975005471403,0.507271948983076,0.0
15.024999999999316,0.4927329707285646,0.33008805303873867,0.5072670292714354,0.0
15.029166666665981,0.4927378931612993,0.3298784726644657,0.5072621068387008,0.0
15.03333333333265,0.49274281830986,0.32966875962564657,0.5072571816901399,0.0
15.037499999999318,0.4927477461634892,0.3294589143327205,0.5072522538365107,0.0
15.041666666665982,0.4927526767149262,0.3292489370631662,0.5072473232850737,0.0
15.045833333332647,0.4927576099568928,0.32903882809528934,0.5072423900431073,0.0
15.049999999999315,0.4927625458820928,0.3288285877082215,0.5072374541179071,0.0
15.054166666665983,0.49276748448321295,0.3286182161819207,0.507232515516787,0.0
15.058333333332648,0.49277242575292174,0.32840771379717043,0.5072275742470782,0.0
15.062499999999313,0.49277736968387037,0.32819708083557836,0.5072226303161296,0.0
15.06666666666598,0.4927823162686927,0.327986317579577,0.5072176837313073,0.0
15.070833333332649,0.49278726550000435,0.3277754243124227,0.5072127344999956,0.0
15.074999999999314,0.492792217370404,0.3275644013181955,0.5072077826295959,0.0
15.079166666665978,0.4927971718724727,0.3273532488817979,0.5072028281275274,0.0
15.083333333332646,0.4928021289987737,0.3271419672889549,0.5071978710012264,0.0
15.087499999999315,0.4928070887418532,0.326930556826214,0.5071929112581468,0.0
15.09166666666598,0.49281205109423964,0.3267190177809439,0.5071879489057605,0.0
15.095833333332644,0.49281701604844425,0.3265073504413341,0.5071829839515558,0.0
15.099999999999312,0.4928219835969605,0.3262955550963947,0.5071780164030394,0.0
15.10416666666598,0.4928269537322652,0.3260836320359561,0.5071730462677349,0.0
15.108333333332645,0.49283192644681695,0.3258715815506681,0.507168073553183,0.0
15.11249999999931,0.49283690173305755,0.32565940393199955,0.5071630982669425,0.0
15.116666666665978,0.4928418795834114,0.3254470994722377,0.5071581204165886,0.0
15.120833333332646,0.49284685999028544,0.3252346684644883,0.5071531400097145,0.0
15.12499999999931,0.49285184294606965,0.3250221112026747,0.5071481570539303,0.0
15.129166666665975,0.4928568284431365,0.324809427981537,0.5071431715568635,0.0
15.133333333332644,0.49286181647384125,0.32459661909663207,0.5071381835261588,0.0
15.137499999999312,0.492866807030522,0.32438368484433316,0.5071331929694779,0.0
15.141666666665976,0.49287180010549997,0.32417062552182935,0.5071281998945001,0.0
15.145833333332641,0.4928767956910787,0.3239574414271244,0.5071232043089213,0.0
15.14999999999931,0.49288179377954494,0.323744132859037,0.507118206220455,0.0
15.154166666665978,0.49288679436316835,0.3235307001172003,0.5071132056368317,0.0
15.158333333332642,0.4928917974342014,0.3233171435020612,0.5071082025657987,0.0
15.162499999999307,0.49289680298487937,0.3231034633148794,0.5071031970151206,0.0
15.166666666665975,0.4929018110074208,0.32288965985772783,0.5070981889925792,0.0
15.170833333332643,0.49290682149402704,0.3226757334334915,0.507093178505973,0.0
15.174999999999308,0.4929118344368824,0.32246168434586764,0.5070881655631176,0.0
15.179166666665973,0.4929168498281544,0.3222475128993643,0.5070831501718457,0.0
15.18333333333264,0.49292186765999324,0.3220332193993004,0.5070781323400066,0.0
15.187499999999309,0.4929268879245329,0.3218188041518058,0.5070731120754672,0.0
15.191666666665974,0.4929319106138896,0.32160426746381976,0.5070680893861105,0.0
15.195833333332638,0.4929369357201631,0.321389609643091,0.5070630642798368,0.0
15.199999999999307,0.4929419632387014,0.3211748308568578,0.5070580367612986,0.0
15.204166666665975,0.4929469931609391,0.3209599314418183,0.5070530068390608,0.0
15.20833333333264,0.49295202547687744,0.32074491179678444,0.5070479745231224,0.0
15.212499999999304,0.4929570601785786,0.32052977223146273,0.5070429398214215,0.0
15.216666666665972,0.4929620972580882,0.32031451305633174,0.5070379027419117,0.0
15.22083333333264,0.4929671367074364,0.3200991345826418,0.5070328632925635,0.0
15.224999999999305,0.49297217851863745,0.3198836371224135,0.5070278214813626,0.0
15.22916666666597,0.49297722268368926,0.31966802098843683,0.5070227773163106,0.0
15.233333333332638,0.49298226919457455,0.3194522864942706,0.5070177308054253,0.0
15.237499999999306,0.49298731804325985,0.31923643395424145,0.5070126819567402,0.0
15.24166666666597,0.4929923692216958,0.31902046368344295,0.5070076307783042,0.0
15.245833333332635,0.49299742272181757,0.3188043759977345,0.5070025772781823,0.0
15.249999999999304,0.49300247853554463,0.3185881712137405,0.5069975214644553,0.0
15.254166666665972,0.49300753665478064,0.31837184964884985,0.5069924633452194,0.0
15.258333333332637,0.49301259707141354,0.31815541162121475,0.5069874029285865,0.0
15.262499999999301,0.4930176597773158,0.31793885744974953,0.5069823402226841,0.0
15.26666666666597,0.4930227247643445,0.3177221874541303,0.5069772752356554,0.0
15.270833333332638,0.49302779202434077,0.31750540195479376,0.5069722079756593,0.0
15.274999999999302,0.4930328615491303,0.31728850127293634,0.5069671384508696,0.0
15.279166666665967,0.49303793333052354,0.31707148573051347,0.5069620666694764,0.0
15.283333333332635,0.4930430073603154,0.3168543556502381,0.5069569926396845,0.0
15.287499999999303,0.4930480836302853,0.31663711135558076,0.5069519163697148,0.0
15.291666666665968,0.4930531621321971,0.316419753170768,0.5069468378678029,0.0
15.295833333332633,0.4930582428577997,0.31620228142078155,0.5069417571422004,0.0
15.2999999999993,0.4930633257988264,0.31598469643135746,0.5069366742011735,0.0
15.304166666665969,0.4930684109469952,0.31576699852898565,0.5069315890530047,0.0
15.308333333332634,0.49307349829400915,0.31554918804090853,0.5069265017059909,0.0
15.312499999999298,0.4930785878315556,0.31533126529512,0.5069214121684443,0.0
15.316666666665967,0.493083679551307,0.31511323062036484,0.506916320448693,0.0
15.320833333332635,0.4930887734449207,0.31489508434613805,0.5069112265550793,0.0
15.3249999999993,0.4930938695040387,0.3146768268026836,0.5069061304959613,0.0
15.329166666665964,0.49309896772028805,0.31445845832099345,0.506901032279712,0.0
15.333333333332632,0.4931040680852805,0.31423997923280683,0.5068959319147195,0.0
15.3374999999993,0.4931091705906132,0.3140213898706096,0.5068908294093868,0.0
15.341666666665965,0.4931142752278679,0.3138026905676331,0.5068857247721322,0.0
15.34583333333263,0.4931193819886114,0.31358388165785295,0.5068806180113885,0.0
15.349999999999298,0.49312449086439597,0.31336496347598874,0.5068755091356041,0.0
15.354166666665966,0.4931296018467584,0.31314593635750276,0.5068703981532416,0.0
15.35833333333263,0.49313471492722105,0.3129268006385996,0.5068652850727791,0.0
15.362499999999295,0.4931398300972911,0.3127075566562244,0.5068601699027088,0.0
15.366666666665964,0.4931449473484613,0.3124882047480627,0.5068550526515386,0.0
15.370833333332632,0.4931500666766716,0.31226874505002883,0.5068499333233283,0.0
15.374999999999297,0.49315518807031694,0.31204917804052706,0.5068448119296831,0.0
15.379166666665961,0.49316031152002654,0.3118295040966262,0.5068396884799735,0.0
15.38333333333263,0.49316543701726256,0.3116097235576573,0.5068345629827373,0.0
15.387499999999298,0.49317056455347374,0.3113898367636523,0.5068294354465261,0.0
15.391666666665962,0.4931756941200948,0.3111698440553417,0.5068243058799052,0.0
15.395833333332627,0.4931808257085464,0.3109497457741535,0.5068191742914536,0.0
15.399999999999295,0.49318595931023584,0.3107295422622123,0.5068140406897641,0.0
15.404166666665963,0.4931910949165566,0.31050923386233753,0.5068089050834435,0.0
15.408333333332628,0.4931962325188882,0.3102888209180428,0.5068037674811117,0.0
15.412499999999293,0.4932013721085971,0.3100683037735336,0.5067986278914028,0.0
15.41666666666596,0.4932065136770356,0.3098476827737066,0.5067934863229643,0.0
15.420833333332629,0.49321165721554294,0.3096269582641487,0.5067883427844572,0.0
15.424999999999294,0.49321680271544427,0.30940613059113503,0.5067831972845557,0.0
15.429166666665958,0.493221950168052,0.309185200101628,0.506778049831948,0.0
15.433333333332627,0.4932270995646646,0.3089641671432755,0.5067729004353354,0.0
15.437499999999295,0.49323225089656736,0.3087430320644108,0.5067677491034327,0.0
15.44166666666596,0.4932374041550322,0.30852179521405004,0.5067625958449679,0.0
15.445833333332624,0.49324255933131766,0.30830045694189134,0.5067574406686824,0.0
15.449999999999292,0.49324771641666915,0.30807901759831335,0.5067522835833309,0.0
15.45416666666596,0.49325287540231877,0.3078574775343745,0.5067471245976812,0.0
15.458333333332625,0.49325803627948556,0.3076358371018112,0.5067419637205144,0.0
15.46249999999929,0.49326319903937543,0.3074140966530366,0.5067368009606247,0.0
15.466666666665958,0.493268363673181,0.30719225654113896,0.5067316363268191,0.0
15.470833333332626,0.49327353017208203,0.30697031711988126,0.506726469827918,0.0
15.47499999999929,0.4932786985272451,0.30674827874369925,0.5067213014727548,0.0
15.479166666665956,0.49328386872982416,0.30652614176770027,0.5067161312701759,0.0
15.483333333332624,0.4932890407709597,0.3063039065476614,0.5067109592290402,0.0
15.487499999999292,0.4932942146417799,0.3060815734400294,0.5067057853582201,0.0
15.491666666665957,0.49329939033339965,0.3058591428019185,0.5067006096666004,0.0
15.495833333332621,0.4933045678369213,0.3056366149911093,0.5066954321630788,0.0
15.49999999999929,0.4933097471434343,0.305413990366047,0.5066902528565658,0.0
15.504166666665958,0.49331492824401535,0.3051912692858413,0.5066850717559847,0.0
15.508333333332622,0.4933201111297287,0.30496845211026413,0.5066798888702713,0.0
15.512499999999287,0.49332529579162554,0.3047455391997484,0.5066747042083745,0.0
15.516666666665955,0.493330482220745,0.30452253091538695,0.506669517779255,0.0
15.520833333332623,0.49333567040811327,0.3042994276189313,0.5066643295918867,0.0
15.524999999999288,0.49334086034474406,0.3040762296727904,0.5066591396552559,0.0
15.529166666665953,0.4933460520216387,0.3038529374400289,0.5066539479783613,0.0
15.533333333332621,0.493351245429786,0.30362955128436603,0.506648754570214,0.0
15.537499999999289,0.49335644056051153,0.30340607155457966,0.5066435594394886,0.0
15.541666666665954,0.49336163740949684,0.30318249840487993,0.5066383625905032,0.0
15.545833333332618,0.49336683596317893,0.30295883240270094,0.5066331640368211,0.0
15.549999999999287,0.4933720362125252,0.3027350739131127,0.5066279637874748,0.0
15.554166666665955,0.49337723814849205,0.30251122330179925,0.506622761851508,0.0
15.55833333333262,0.49338244176202395,0.3022872809350566,0.5066175582379759,0.0
15.562499999999284,0.49338764704405447,0.3020632471797907,0.5066123529559455,0.0
15.566666666665952,0.49339285398550564,0.30183912240351635,0.5066071460144943,0.0
15.57083333333262,0.49339806257728824,0.3016149069743552,0.5066019374227119,0.0
15.574999999999285,0.4934032728103017,0.30139060126103434,0.5065967271896984,0.0
15.57916666666595,0.4934084846754347,0.3011662056328838,0.5065915153245654,0.0
15.583333333332618,0.49341369816356434,0.30094172045983564,0.5065863018364356,0.0
15.587499999999286,0.49341891326555715,0.30071714611242223,0.5065810867344429,0.0
15.591666666665951,0.493424129972268,0.3004924829617739,0.506575870027732,0.0
15.595833333332616,0.4934293482745415,0.3002677313796179,0.5065706517254585,0.0
15.599999999999284,0.49343456816321096,0.30004289173827625,0.506565431836789,0.0
15.604166666665952,0.49343978962909885,0.2998179644106643,0.506560210370901,0.0
15.608333333332617,0.4934450126630169,0.29959294977028916,0.5065549873369832,0.0
15.612499999999281,0.4934502372557661,0.2993678481912474,0.506549762744234,0.0
15.61666666666595,0.4934554633981364,0.2991426600482238,0.5065445366018636,0.0
15.620833333332618,0.4934606910809078,0.29891738571648985,0.5065393089190923,0.0
15.624999999999282,0.493465920294849,0.2986920255719017,0.5065340797051511,0.0
15.629166666665947,0.4934711510307184,0.29846657999089826,0.5065288489692815,0.0
15.633333333332615,0.4934763832792641,0.29824104935049983,0.5065236167207359,0.0
15.637499999999283,0.4934816170312233,0.2980154340283066,0.5065183829687767,0.0
15.641666666665948,0.4934868522773231,0.2977897344024967,0.5065131477226769,0.0
15.645833333332613,0.49349208900828023,0.29756395085182413,0.5065079109917198,0.0
15.649999999999281,0.49349732721480094,0.29733808375561754,0.506502672785199,0.0
15.65416666666595,0.4935025668875814,0.2971121334937786,0.5064974331124186,0.0
15.658333333332614,0.4935078080173073,0.29688610044678015,0.5064921919826927,0.0
15.662499999999278,0.4935130505946546,0.2966599849956641,0.5064869494053454,0.0
15.666666666665947,0.4935182946102887,0.29643378752204025,0.5064817053897113,0.0
15.670833333332615,0.49352354005486526,0.2962075084080846,0.5064764599451348,0.0
15.67499999999928,0.49352878691902974,0.29598114803653736,0.5064712130809703,0.0
15.679166666665944,0.49353403519341765,0.29575470679070126,0.5064659648065822,0.0
15.683333333332612,0.49353928486865484,0.29552818505444006,0.5064607151313453,0.0
15.68749999999928,0.49354453593535685,0.2953015832121769,0.5064554640646433,0.0
15.691666666665945,0.4935497883841298,0.2950749016488924,0.5064502116158703,0.0
15.69583333333261,0.4935550422055698,0.2948481407501228,0.5064449577944303,0.0
15.699999999999278,0.49356029739026336,0.2946213009019586,0.5064397026097367,0.0
15.704166666665946,0.4935655539287873,0.2943943824910429,0.5064344460712128,0.0
15.708333333332611,0.49357081181313656,0.2941673858382976,0.5064291881868634,0.0
15.712499999999276,0.4935760710360508,0.29394031123016706,0.5064239289639493,0.0
15.716666666665944,0.49358133158497575,0.2937131591989618,0.5064186684150244,0.0
15.720833333332612,0.4935865934504758,0.2934859301323254,0.5064134065495243,0.0
15.724999999999277,0.49359185662310645,0.29325862441841244,0.5064081433768937,0.0
15.729166666665941,0.4935971210934148,0.29303124244588685,0.5064028789065853,0.0
15.73333333333261,0.49360238685193913,0.2928037846039195,0.5063976131480608,0.0
15.737499999999278,0.4936076538892096,0.2925762512821868,0.5063923461107905,0.0
15.741666666665942,0.4936129221957472,0.29234864287086787,0.5063870778042527,0.0
15.745833333332607,0.4936181917620651,0.29212095976064273,0.5063818082379349,0.0
15.749999999999275,0.49362346257866785,0.29189320234269023,0.506376537421332,0.0
15.754166666665943,0.4936287346360518,0.29166537100868617,0.5063712653639483,0.0
15.758333333332608,0.49363400792470474,0.291437466150801,0.5063659920752952,0.0
15.762499999999273,0.49363928243510674,0.2912094881616977,0.5063607175648933,0.0
15.766666666665941,0.4936445581577294,0.29098143743452964,0.5063554418422705,0.0
15.77083333333261,0.49364983508303645,0.290753314362939,0.5063501649169636,0.0
15.774999999999274,0.49365511320148336,0.2905251193410541,0.5063448867985165,0.0
15.779166666665938,0.49366039250351784,0.2902968527634877,0.5063396074964821,0.0
15.783333333332607,0.49366567297957975,0.29006851502533454,0.5063343270204202,0.0
15.787499999999275,0.4936709546201009,0.28984010652216974,0.5063290453798991,0.0
15.79166666666594,0.4936762374155055,0.2896116276500465,0.5063237625844946,0.0
15.795833333332604,0.4936815213562098,0.28938307880549385,0.5063184786437902,0.0
15.799999999999272,0.49368680643262264,0.2891544603855148,0.5063131935673774,0.0
15.80416666666594,0.493692092635145,0.28892577278758425,0.5063079073648549,0.0
15.808333333332605,0.4936973799541708,0.2886970164096472,0.5063026200458293,0.0
15.81249999999927,0.4937026683800857,0.2884681916501156,0.5062973316199143,0.0
15.816666666665938,0.49370795790326855,0.2882392989078676,0.5062920420967315,0.0
15.820833333332606,0.49371324851409054,0.28801033858224473,0.5062867514859094,0.0
15.824999999999271,0.49371854020291556,0.2877813110730503,0.5062814597970844,0.0
15.829166666665936,0.49372383296010036,0.28755221678054654,0.5062761670398995,0.0
15.833333333332604,0.4937291267759943,0.2873230561054531,0.5062708732240057,0.0
15.837499999999272,0.4937344216409399,0.28709382944894535,0.5062655783590602,0.0
15.841666666665937,0.49373971754527196,0.2868645372126514,0.506260282454728,0.0
15.845833333332601,0.4937450144793192,0.2866351797986509,0.5062549855206809,0.0
15.84999999999927,0.4937503124334024,0.28640575760947184,0.5062496875665977,0.0
15.854166666665938,0.49375561139783597,0.28617627104808996,0.5062443886021641,0.0
15.858333333332602,0.4937609113629273,0.28594672051792575,0.5062390886370727,0.0
15.862499999999267,0.4937662123189771,0.2857171064228422,0.5062337876810229,0.0
15.866666666665935,0.49377151425627924,0.28548742916714326,0.5062284857437207,0.0
15.870833333332603,0.4937768171651209,0.28525768915557176,0.5062231828348791,0.0
15.874999999999268,0.4937821210357825,0.2850278867933072,0.5062178789642174,0.0
15.879166666665933,0.49378742586061586,0.28479802237836516,0.506212574139384,0.0
15.883333333332601,0.49379273162990855,0.28456809631574564,0.5062072683700916,0.0
15.88749999999927,0.49379803833223945,0.28433810909903556,0.5062019616677605,0.0
15.891666666665934,0.4938033459578843,0.2841080611340558,0.5061966540421158,0.0
15.895833333332599,0.4938086544971128,0.2838779528270235,0.5061913455028872,0.0
15.899999999999267,0.493813963940189,0.28364778458455003,0.5061860360598109,0.0
15.904166666665935,0.4938192742773715,0.28341755681363917,0.5061807257226285,0.0
15.9083333333326,0.493824585498913,0.2831872699216839,0.5061754145010869,0.0
15.912499999999264,0.49382989759506096,0.28295692431646424,0.5061701024049391,0.0
15.916666666665932,0.4938352105560572,0.2827265204061447,0.5061647894439428,0.0
15.9208333333326,0.4938405243721383,0.2824960585992723,0.5061594756278617,0.0
15.924999999999265,0.4938458390335354,0.2822655393047741,0.5061541609664646,0.0
15.92916666666593,0.4938511545304745,0.28203496293195407,0.5061488454695254,0.0
15.933333333332598,0.49385647085317635,0.28180432989049126,0.5061435291468236,0.0
15.937499999999266,0.4938617879918566,0.2815736405904377,0.5061382120081435,0.0
15.941666666665931,0.49386710593672567,0.28134289544221536,0.5061328940632744,0.0
15.945833333332596,0.49387242467798925,0.2811120948566139,0.5061275753220108,0.0
15.949999999999264,0.4938777442058479,0.2808812392447884,0.5061222557941522,0.0
15.954166666665932,0.4938830645104974,0.28065032901825704,0.5061169354895025,0.0
15.958333333332597,0.4938883855821287,0.28041936458889855,0.5061116144178713,0.0
15.962499999999261,0.49389370741092803,0.2801883463689495,0.5061062925890719,0.0
15.96666666666593,0.4938990299870769,0.2799572747710024,0.5061009700129232,0.0
15.970833333332598,0.4939043533007522,0.279726150208003,0.5060956466992478,0.0
15.974999999999262,0.49390967734212643,0.27949497309324833,0.5060903226578736,0.0
15.979166666665927,0.4939150021013673,0.2792637438403835,0.5060849978986327,0.0
15.983333333332595,0.4939203275686384,0.2790324628633997,0.5060796724313616,0.0
15.987499999999264,0.49392565373409875,0.2788011305766321,0.5060743462659013,0.0
15.991666666665928,0.49393098058790313,0.2785697473947572,0.5060690194120969,0.0
15.995833333332593,0.49393630812020217,0.27833831373279,0.5060636918797977,0.0
15.999999999999261,0.49394163632114235,0.27810683000608233,0.5060583636788577,0.0
16.004166666665927,0.4939469651808659,0.2778752966303199,0.506053034819134,0.0
16.008333333332594,0.4939522946895113,0.2776437140215205,0.5060477053104888,0.0
16.01249999999926,0.4939576248372125,0.2774120825960306,0.5060423751627876,0.0
16.016666666665927,0.49396295561410003,0.27718040277052386,0.5060370443858999,0.0
16.020833333332593,0.49396828701030066,0.27694867496199843,0.5060317129896993,0.0
16.02499999999926,0.493973619015937,0.2767168995877747,0.506026380984063,0.0
16.029166666665926,0.49397895162112815,0.2764850770654924,0.5060210483788719,0.0
16.033333333332592,0.4939842848159893,0.2762532078131084,0.5060157151840106,0.0
16.03749999999926,0.4939896185906326,0.276021292248895,0.5060103814093673,0.0
16.041666666665925,0.49399495293516626,0.27578933079143675,0.5060050470648338,0.0
16.04583333333259,0.49400028783969496,0.27555732385962806,0.505999712160305,0.0
16.049999999999258,0.49400562329661096,0.2753252717389757,0.505994376703389,0.0
16.054166666665925,0.49401095929467004,0.2750931749273234,0.5059890407053299,0.0
16.05833333333259,0.49401629582333784,0.27486103388122024,0.5059837041766622,0.0
16.062499999999257,0.4940216328727216,0.2746288490198438,0.5059783671272783,0.0
16.066666666665924,0.49402697043292654,0.27439662076264465,0.5059730295670735,0.0
16.07083333333259,0.4940323084940547,0.27416434952934343,0.5059676915059452,0.0
16.074999999999257,0.49403764704620595,0.27393203573992825,0.505962352953794,0.0
16.079166666665923,0.4940429860794774,0.27369967981465154,0.5059570139205226,0.0
16.08333333333259,0.49404832558396383,0.27346728217402766,0.5059516744160362,0.0
16.087499999999256,0.4940536655497576,0.2732348432388304,0.5059463344502423,0.0
16.091666666665922,0.49405900596694896,0.27300236343009043,0.505940994033051,0.0
16.09583333333259,0.49406434682562567,0.27276984316909164,0.5059356531743743,0.0
16.099999999999255,0.4940696881158736,0.27253728287736934,0.5059303118841265,0.0
16.104166666665922,0.4940750298277762,0.27230468297670757,0.5059249701722238,0.0
16.108333333332588,0.4940803719514153,0.272072043889136,0.5059196280485847,0.0
16.112499999999255,0.4940857144768705,0.2718393660369273,0.5059142855231296,0.0
16.11666666666592,0.4940910573942196,0.2716066498425945,0.5059089426057805,0.0
16.120833333332588,0.4940964006935386,0.2713738957288887,0.5059035993064613,0.0
16.124999999999254,0.4941017443649019,0.271141104118796,0.5058982556350982,0.0
16.12916666666592,0.4941070883983818,0.27090827543553436,0.5058929116016181,0.0
16.133333333332587,0.49411243278404954,0.27067541010255186,0.5058875672159505,0.0
16.137499999999253,0.49411777751197444,0.2704425085435234,0.5058822224880256,0.0
16.14166666666592,0.49412312257222446,0.2702095711823484,0.5058768774277755,0.0
16.145833333332586,0.49412846795486626,0.26997659844314753,0.5058715320451338,0.0
16.149999999999253,0.494133813649965,0.2697435907502604,0.505866186350035,0.0
16.15416666666592,0.49413915964758465,0.2695105485282431,0.5058608403524153,0.0
16.158333333332585,0.49414450593778825,0.26927747220186543,0.5058554940622118,0.0
16.162499999999252,0.4941498525106373,0.26904436219610744,0.5058501474893627,0.0
16.16666666666592,0.49415519935619234,0.2688112189361577,0.5058448006438078,0.0
16.170833333332585,0.4941605464645132,0.26857804284741044,0.5058394535354869,0.0
16.17499999999925,0.4941658938256584,0.26834483435546264,0.5058341061743417,0.0
16.179166666665918,0.4941712414296858,0.2681115938861111,0.5058287585703141,0.0
16.183333333332584,0.4941765892666528,0.26787832186535043,0.5058234107333471,0.0
16.18749999999925,0.49418193732661564,0.26764501871936985,0.5058180626733845,0.0
16.191666666665917,0.49418728559963,0.26741168487455086,0.50581271440037,0.0
16.195833333332583,0.494192634075751,0.26717832075746406,0.5058073659242489,0.0
16.19999999999925,0.4941979827450334,0.266944926794867,0.5058020172549667,0.0
16.204166666665916,0.4942033315975315,0.2667115034137011,0.5057966684024685,0.0
16.208333333332583,0.49420868062329903,0.2664780510410897,0.5057913193767011,0.0
16.21249999999925,0.4942140298123895,0.266244570104334,0.5057859701876104,0.0
16.216666666665915,0.4942193791548682,0.26601106103013267,0.5057806208451318,0.0
16.220833333332582,0.49422472864285527,0.2657775241091226,0.5057752713571447,0.0
16.22499999999925,0.4942300782645385,0.2655439598927594,0.5057699217354614,0.0
16.229166666665915,0.49423542800998194,0.2653103688083109,0.505764571990018,0.0
16.23333333333258,0.49424077786924986,0.2650767512831901,0.5057592221307502,0.0
16.237499999999248,0.4942461278324069,0.26484310774495273,0.505753872167593,0.0
16.241666666665914,0.4942514778895183,0.26460943862129443,0.5057485221104817,0.0
16.24583333333258,0.4942568280306499,0.26437574434004724,0.5057431719693501,0.0
16.249999999999247,0.4942621782458679,0.2641420253291768,0.5057378217541321,0.0
16.254166666665913,0.4942675285252395,0.2639082820167803,0.5057324714747605,0.0
16.25833333333258,0.4942728788588326,0.2636745148310825,0.5057271211411675,0.0
16.262499999999246,0.4942782292367157,0.2634407242004333,0.5057217707632842,0.0
16.266666666665913,0.4942835796489588,0.2632069105533048,0.5057164203510413,0.0
16.27083333333258,0.4942889300856321,0.2629730743182884,0.5057110699143678,0.0
16.274999999999245,0.49429428053680774,0.2627392159240922,0.5057057194631922,0.0
16.279166666665912,0.49429963099255825,0.2625053357995372,0.5057003690074418,0.0
16.28333333333258,0.49430498144295765,0.26227143437355527,0.5056950185570424,0.0
16.287499999999245,0.4943103318780813,0.2620375120751859,0.5056896681219187,0.0
16.29166666666591,0.49431568228800593,0.2618035693335735,0.5056843177119941,0.0
16.295833333332578,0.4943210326628095,0.2615696065779641,0.5056789673371904,0.0
16.299999999999244,0.49432638299257176,0.2613356242377026,0.5056736170074283,0.0
16.30416666666591,0.4943317332673737,0.2611016227422303,0.5056682667326263,0.0
16.308333333332577,0.4943370834772981,0.2608676025210816,0.5056629165227018,0.0
16.312499999999243,0.49434243361242963,0.2606335640038809,0.5056575663875703,0.0
16.31666666666591,0.4943477836628544,0.26039950762033987,0.5056522163371456,0.0
16.320833333332576,0.4943531336186606,0.26016543380025503,0.5056468663813394,0.0
16.324999999999243,0.49435848346993827,0.2599313429735044,0.5056415165300617,0.0
16.32916666666591,0.49436383320677957,0.2596972355700443,0.5056361667932205,0.0
16.333333333332575,0.4943691828192784,0.2594631120199069,0.5056308171807216,0.0
16.337499999999242,0.4943745322975312,0.25922897275319745,0.5056254677024687,0.0
16.34166666666591,0.4943798816316365,0.2589948182000912,0.5056201183683634,0.0
16.345833333332575,0.494385230811695,0.2587606487908301,0.5056147691883051,0.0
16.34999999999924,0.4943905798278097,0.25852646495572035,0.5056094201721903,0.0
16.354166666665908,0.49439592867008636,0.25829226712512965,0.5056040713299136,0.0
16.358333333332574,0.49440127732863287,0.25805805572948404,0.5055987226713672,0.0
16.36249999999924,0.4944066257935599,0.25782383119926494,0.5055933742064401,0.0
16.366666666665907,0.4944119740549808,0.2575895939650062,0.5055880259450193,0.0
16.370833333332573,0.4944173221030115,0.2573553444572916,0.5055826778969885,0.0
16.37499999999924,0.4944226699277707,0.25712108310675175,0.5055773300722294,0.0
16.379166666665906,0.49442801751938004,0.256886810344061,0.50557198248062,0.0
16.383333333332573,0.4944333648679641,0.25665252659993465,0.5055666351320358,0.0
16.38749999999924,0.4944387119638893,0.25641823228286637,0.5055612880361107,0.0
16.391666666665905,0.4944440587978657,0.2561839277696211,0.5055559412021343,0.0
16.395833333332572,0.4944494053593155,0.25594961355734897,0.5055505946406845,0.0
16.39999999999924,0.4944547516383812,0.2557152900763954,0.5055452483616188,0.0
16.404166666665905,0.49446009762520865,0.25548095775711893,0.5055399023747914,0.0
16.40833333333257,0.4944654433099472,0.25524661702988777,0.5055345566900528,0.0
16.412499999999238,0.49447078868274974,0.25501226832507656,0.5055292113172503,0.0
16.416666666665904,0.4944761337337728,0.2547779120730634,0.5055238662662273,0.0
16.42083333333257,0.49448147845317686,0.2545435487042271,0.5055185215468231,0.0
16.424999999999237,0.49448682283112594,0.2543091786489441,0.505513177168874,0.0
16.429166666665903,0.49449216685778813,0.254074802337585,0.5055078331422119,0.0
16.43333333333257,0.4944975105233351,0.2538404202005115,0.5055024894766648,0.0
16.437499999999236,0.4945028538179433,0.2536060326680743,0.5054971461820568,0.0
16.441666666665903,0.4945081967317924,0.2533716401706089,0.5054918032682075,0.0
16.44583333333257,0.49451353925506686,0.2531372431384333,0.5054864607449332,0.0
16.449999999999235,0.4945188813779549,0.252902842001844,0.505481118622045,0.0
16.454166666665902,0.49452422309064964,0.2526684371911146,0.5054757769093503,0.0
16.45833333333257,0.49452956438334794,0.25243402913649127,0.505470435616652,0.0
16.462499999999235,0.49453490524625177,0.2521996182681902,0.5054650947537483,0.0
16.4666666666659,0.49454024566956695,0.2519652050163944,0.5054597543304331,0.0
16.470833333332568,0.4945455856435045,0.2517307898112513,0.5054544143564954,0.0
16.474999999999234,0.49455092515827986,0.25149637308286915,0.5054490748417202,0.0
16.4791666666659,0.4945562642041132,0.2512619552613137,0.5054437357958868,0.0
16.483333333332567,0.49456160277122957,0.25102753677660555,0.5054383972287705,0.0
16.487499999999233,0.49456694084985886,0.2507931180587174,0.505433059150141,0.0
16.4916666666659,0.49457227843023616,0.25055869953757076,0.5054277215697638,0.0
16.495833333332566,0.49457761550260126,0.25032428164303233,0.5054223844973987,0.0
16.499999999999233,0.49458295205719927,0.25008986480491174,0.5054170479428007,0.0
16.5041666666659,0.4945882880842805,0.2498554494529582,0.5054117119157194,0.0
16.508333333332565,0.4945936235741005,0.24962103601685778,0.5054063764258995,0.0
16.512499999999232,0.4945989585169202,0.24938662492622968,0.5054010414830798,0.0
16.5166666666659,0.49460429290300567,0.24915221661062353,0.5053957070969943,0.0
16.520833333332565,0.49460962672262887,0.24891781149951675,0.505390373277371,0.0
16.52499999999923,0.49461495996606714,0.2486834100223114,0.5053850400339329,0.0
16.529166666665898,0.49462029262360324,0.2484490126083302,0.5053797073763967,0.0
16.533333333332564,0.49462562468552607,0.2482146196868146,0.5053743753144739,0.0
16.53749999999923,0.4946309561421299,0.24798023168692146,0.5053690438578701,0.0
16.541666666665897,0.49463628698371515,0.24774584903772,0.5053637130162849,0.0
16.545833333332563,0.49464161720058775,0.24751147216818836,0.5053583827994123,0.0
16.54999999999923,0.4946469467830602,0.24727710150721088,0.5053530532169397,0.0
16.554166666665896,0.4946522757214507,0.24704273748357544,0.5053477242785492,0.0
16.558333333332563,0.49465760400600794,0.24680838050267495,0.5053423959939921,0.0
16.56249999999923,0.49466293162704245,0.24657403098689795,0.5053370683729576,0.0
16.566666666665895,0.49466825857496977,0.24633968938894124,0.5053317414250302,0.0
16.570833333332562,0.4946735848401323,0.2461053561369089,0.5053264151598678,0.0
16.57499999999923,0.4946789104128788,0.2458710316587858,0.5053210895871212,0.0
16.579166666665895,0.49468423528356464,0.24563671638243412,0.5053157647164354,0.0
16.58333333333256,0.4946895594425516,0.24540241073559066,0.5053104405574484,0.0
16.587499999999228,0.4946948828802081,0.2451681151458637,0.5053051171197919,0.0
16.591666666665894,0.49470020558690936,0.24493383004072994,0.5052997944130906,0.0
16.59583333333256,0.4947055275530373,0.24469955584753114,0.5052944724469627,0.0
16.599999999999227,0.4947108487689807,0.24446529299347072,0.5052891512310194,0.0
16.604166666665893,0.4947161692251352,0.24423104190561168,0.5052838307748647,0.0
16.60833333333256,0.49472148891190354,0.24399680301087268,0.5052785110880964,0.0
16.612499999999226,0.49472680781969536,0.24376257673602486,0.5052731921803045,0.0
16.616666666665893,0.4947321259389275,0.243528363507689,0.5052678740610724,0.0
16.62083333333256,0.4947374432600242,0.24329416375233265,0.5052625567399758,0.0
16.624999999999226,0.4947427597734167,0.2430599778962667,0.5052572402265832,0.0
16.629166666665892,0.49474807546954364,0.24282580636564213,0.5052519245304564,0.0
16.63333333333256,0.4947533903388512,0.24259164958644705,0.5052466096611488,0.0
16.637499999999225,0.494758704371793,0.2423575079845039,0.5052412956282071,0.0
16.64166666666589,0.49476401755883004,0.242123381985466,0.50523598244117,0.0
16.645833333332558,0.4947693298904314,0.2418892720148145,0.5052306701095687,0.0
16.649999999999224,0.49477464135707333,0.24165517849785503,0.5052253586429266,0.0
16.65416666666589,0.49477995194924035,0.2414211018597152,0.5052200480507596,0.0
16.658333333332557,0.4947852616574245,0.24118704252534123,0.5052147383425755,0.0
16.662499999999223,0.4947905704721259,0.24095300091949448,0.5052094295278742,0.0
16.66666666666589,0.49479587838385264,0.24071897746674856,0.5052041216161474,0.0
16.670833333332556,0.4948011853831208,0.24048497259148655,0.5051988146168792,0.0
16.674999999999223,0.49480649146045474,0.24025098671789777,0.5051935085395453,0.0
16.67916666666589,0.4948117966063871,0.2400170202699742,0.5051882033936129,0.0
16.683333333332556,0.4948171008114584,0.23978307367150775,0.5051828991885416,0.0
16.687499999999222,0.494822404066218,0.23954914734608737,0.5051775959337821,0.0
16.69166666666589,0.4948277063612234,0.2393152417170958,0.5051722936387766,0.0
16.695833333332555,0.49483300768704075,0.23908135720770604,0.5051669923129593,0.0
16.69999999999922,0.4948383080342447,0.23884749424087867,0.5051616919657552,0.0
16.704166666665888,0.4948436073934187,0.23861365323935885,0.5051563926065813,0.0
16.708333333332554,0.49484890575515456,0.23837983462567305,0.5051510942448454,0.0
16.71249999999922,0.4948542031100533,0.23814603882212584,0.5051457968899467,0.0
16.716666666665887,0.4948594994487246,0.2379122662507968,0.5051405005512755,0.0
16.720833333332553,0.494864794761787,0.2376785173335377,0.5051352052382131,0.0
16.72499999999922,0.4948700890398682,0.23744479249196934,0.5051299109601318,0.0
16.729166666665886,0.49487538227268857,0.23721109214543756,0.5051246177273115,0.0
16.733333333332553,0.49488067445132145,0.23697741671604217,0.5051193255486786,0.0
16.73749999999922,0.4948859655667721,0.23674376662547145,0.5051140344332279,0.0
16.741666666665886,0.49489125560969793,0.2365101422943751,0.5051087443903021,0.0
16.745833333332552,0.4948965445707655,0.2362765441431556,0.5051034554292344,0.0
16.74999999999922,0.49490183244065067,0.2360429725919655,0.5050981675593492,0.0
16.754166666665885,0.4949071192100389,0.23580942806070426,0.5050928807899612,0.0
16.75833333333255,0.4949124048696243,0.23557591096901503,0.5050875951303757,0.0
16.762499999999218,0.4949176894101112,0.23534242173628145,0.5050823105898888,0.0
16.766666666665884,0.4949229728222132,0.2351089607816246,0.5050770271777868,0.0
16.77083333333255,0.49492825509665334,0.23487552852390023,0.5050717449033466,0.0
16.774999999999217,0.49493353622416447,0.23464212538169546,0.5050664637758355,0.0
16.779166666665883,0.49493881619548924,0.23440875177332543,0.5050611838045108,0.0
16.78333333333255,0.49494409500137987,0.23417540811683024,0.5050559049986201,0.0
16.787499999999216,0.4949493726325988,0.23394209482997252,0.5050506273674013,0.0
16.791666666665883,0.494954649079918,0.23370881233023355,0.505045350920082,0.0
16.79583333333255,0.4949599243341199,0.2334755610348106,0.5050400756658802,0.0
16.799999999999216,0.49496519838599673,0.2332423413606134,0.5050348016140034,0.0
16.804166666665882,0.49497047122635074,0.2330091537242616,0.5050295287736492,0.0
16.80833333333255,0.494975742845995,0.23277599854208167,0.505024257154005,0.0
16.812499999999215,0.4949810132357522,0.23254287623010317,0.5050189867642478,0.0
16.81666666666588,0.4949862823864557,0.2323097872040559,0.5050137176135442,0.0
16.820833333332548,0.4949915502889494,0.23207673187936761,0.5050084497110506,0.0
16.824999999999214,0.4949968169340874,0.23184371067115986,0.5050031830659125,0.0
16.82916666666588,0.49500208231273474,0.2316107239942454,0.5049979176872653,0.0
16.833333333332547,0.4950073464157667,0.23137777226312478,0.5049926535842333,0.0
16.837499999999213,0.4950126092340697,0.23114485589198394,0.5049873907659304,0.0
16.84166666666588,0.4950178707585405,0.2309119752946906,0.5049821292414595,0.0
16.845833333332546,0.49502313098008704,0.23067913088479103,0.5049768690199129,0.0
16.849999999999213,0.49502838988962805,0.2304463230755072,0.504971610110372,0.0
16.85416666666588,0.4950336474780933,0.23021355227973384,0.5049663525219066,0.0
16.858333333332546,0.49503890373642356,0.22998081891003536,0.5049610962635763,0.0
16.862499999999212,0.49504415865557083,0.22974812337864237,0.5049558413444292,0.0
16.86666666666588,0.49504941222649806,0.22951546609744858,0.5049505877735019,0.0
16.870833333332545,0.49505466444017987,0.2292828474780085,0.5049453355598201,0.0
16.87499999999921,0.49505991528760174,0.2290502679315336,0.5049400847123982,0.0
16.879166666665878,0.49506516475976103,0.22881772786888954,0.5049348352402391,0.0
16.883333333332544,0.4950704128476662,0.22858522770059253,0.5049295871523338,0.0
16.88749999999921,0.49507565954233734,0.22835276783680739,0.5049243404576627,0.0
16.891666666665877,0.4950809048348063,0.22812034868734357,0.5049190951651936,0.0
16.895833333332543,0.4950861487161167,0.22788797066165217,0.5049138512838832,0.0
16.89999999999921,0.4950913911689177,0.22765563436038364,0.5049086088310822,0.0
16.904166666665876,0.49509663219170824,0.22742334002289538,0.5049033678082918,0.0
16.908333333332543,0.49510187177604076,0.22719108804675311,0.5048981282239593,0.0
16.91249999999921,0.49510710991299256,0.22695887884025273,0.5048928900870076,0.0
16.916666666665876,0.4951123465936528,0.22672671281132098,0.5048876534063471,0.0
16.920833333332542,0.4951175818091227,0.22649459036751288,0.5048824181908774,0.0
16.92499999999921,0.49512281555051496,0.22626251191600802,0.504877184449485,0.0
16.929166666665875,0.4951280478089548,0.2260304778636077,0.5048719521910452,0.0
16.93333333333254,0.4951332785755795,0.22579848861673188,0.5048667214244206,0.0
16.937499999999208,0.49513850784153823,0.2255665445814164,0.5048614921584619,0.0
16.941666666665874,0.4951437355979926,0.22533464616330978,0.5048562644020075,0.0
16.94583333333254,0.49514896183611645,0.22510279376766995,0.5048510381638837,0.0
16.949999999999207,0.495154186547096,0.22487098779936118,0.5048458134529039,0.0
16.954166666665873,0.4951594097221301,0.22463922866285163,0.50484059027787,0.0
16.95833333333254,0.4951646313524297,0.22440751676220985,0.5048353686475703,0.0
16.962499999999206,0.4951698514292188,0.22417585250110159,0.5048301485707812,0.0
16.966666666665873,0.4951750699437337,0.22394423628278687,0.5048249300562664,0.0
16.97083333333254,0.49518028688722365,0.22371266851011737,0.5048197131127764,0.0
16.974999999999206,0.4951855022509503,0.22348114958553297,0.5048144977490497,0.0
16.979166666665872,0.49519071602618875,0.2232496799110586,0.5048092839738113,0.0
16.98333333333254,0.4951959282042264,0.22301825988830137,0.5048040717957737,0.0
16.987499999999205,0.49520113877636407,0.22278688991844767,0.5047988612236359,0.0
16.99166666666587,0.49520634773391553,0.2225555704022602,0.5047936522660845,0.0
16.995833333332538,0.49521155506820747,0.22232430174007436,0.5047884449317925,0.0
16.999999999999204,0.49521676077058,0.22209308433179553,0.5047832392294199,0.0
17.00416666666587,0.49522196483238645,0.2218619185768965,0.5047780351676135,0.0
17.008333333332537,0.4952271672449934,0.2216308048744138,0.5047728327550066,0.0
17.012499999999203,0.4952323679997808,0.2213997436229448,0.5047676320002192,0.0
17.01666666666587,0.49523756708814226,0.22116873522064465,0.5047624329118579,0.0
17.020833333332536,0.4952427645014845,0.2209377800652236,0.5047572354985155,0.0
17.024999999999203,0.49524796023122836,0.22070687855394372,0.5047520397687716,0.0
17.02916666666587,0.49525315426880795,0.22047603108361566,0.504746845731192,0.0
17.033333333332536,0.4952583466056715,0.2202452380505957,0.5047416533943286,0.0
17.037499999999202,0.49526353723328037,0.220014499850783,0.5047364627667196,0.0
17.04166666666587,0.49526872614311057,0.21978381687961668,0.5047312738568894,0.0
17.045833333332535,0.4952739133266514,0.21955318953207187,0.5047260866733486,0.0
17.0499999999992,0.49527909877540666,0.2193226182026575,0.5047209012245933,0.0
17.054166666665868,0.4952842824808939,0.2190921032854133,0.504715717519106,0.0
17.058333333332534,0.4952894644346449,0.21886164517390644,0.5047105355653551,0.0
17.0624999999992,0.4952946446282057,0.21863124426122843,0.5047053553717943,0.0
17.066666666665867,0.49529982305313647,0.2184009009399922,0.5047001769468635,0.0
17.070833333332533,0.4953049997010119,0.2181706156023293,0.5046950002989881,0.0
17.0749999999992,0.49531017456342097,0.21794038863988682,0.5046898254365789,0.0
17.079166666665866,0.49531534763196733,0.21771022044382388,0.5046846523680327,0.0
17.083333333332533,0.4953205188982686,0.21748011140480886,0.5046794811017313,0.0
17.0874999999992,0.4953256883539578,0.21725006191301677,0.5046743116460422,0.0
17.091666666665866,0.4953308559906821,0.21702007235812606,0.5046691440093178,0.0
17.095833333332532,0.49533602180010367,0.21679014312931497,0.5046639781998964,0.0
17.0999999999992,0.49534118577389913,0.21656027461525895,0.5046588142261009,0.0
17.104166666665865,0.4953463479037605,0.216330467204128,0.5046536520962396,0.0
17.10833333333253,0.4953515081813943,0.2161007212835832,0.5046484918186056,0.0
17.112499999999198,0.49535666659852234,0.21587103724077378,0.5046433334014776,0.0
17.116666666665864,0.4953618231468815,0.21564141546233367,0.5046381768531184,0.0
17.12083333333253,0.4953669778182236,0.21541185633437945,0.5046330221817764,0.0
17.124999999999197,0.4953721306043158,0.21518236024250664,0.5046278693956843,0.0
17.129166666665864,0.4953772814969406,0.21495292757178655,0.5046227185030594,0.0
17.13333333333253,0.4953824304878958,0.2147235587067635,0.5046175695121041,0.0
17.137499999999196,0.4953875775689947,0.21449425403145211,0.5046124224310052,0.0
17.141666666665863,0.4953927227320659,0.2142650139293339,0.504607277267934,0.0
17.14583333333253,0.4953978659689539,0.21403583878335414,0.5046021340310461,0.0
17.149999999999196,0.49540300727151837,0.21380672897591896,0.5045969927284817,0.0
17.154166666665862,0.49540814663163485,0.21357768488889253,0.5045918533683651,0.0
17.15833333333253,0.49541328404119495,0.21334870690359423,0.5045867159588051,0.0
17.162499999999195,0.4954184194921057,0.2131197954007947,0.5045815805078944,0.0
17.16666666666586,0.49542355297629004,0.21289095076071354,0.50457644702371,0.0
17.170833333332528,0.4954286844856871,0.21266217336301652,0.5045713155143129,0.0
17.174999999999194,0.495433814012252,0.21243346358681195,0.504566185987748,0.0
17.17916666666586,0.49543894154795576,0.2122048218106479,0.5045610584520441,0.0
17.183333333332527,0.49544406708478583,0.21197624841250906,0.5045559329152142,0.0
17.187499999999194,0.49544919061474574,0.21174774376981412,0.5045508093852543,0.0
17.19166666666586,0.49545431212985513,0.21151930825941254,0.5045456878701449,0.0
17.195833333332526,0.4954594316221503,0.21129094225758113,0.5045405683778497,0.0
17.199999999999193,0.495464549083684,0.21106264614002146,0.5045354509163159,0.0
17.20416666666586,0.4954696645065253,0.210834420281857,0.5045303354934747,0.0
17.208333333332526,0.4954747778827598,0.21060626505762983,0.5045252221172403,0.0
17.212499999999192,0.4954798892044899,0.21037818084129736,0.5045201107955102,0.0
17.21666666666586,0.49548499846192284,0.21015016804238346,0.504515001538077,0.0
17.220833333332525,0.49549010564770357,0.20992222702404156,0.5045098943522964,0.0
17.22499999999919,0.4954952107541518,0.20969435815529477,0.5045047892458482,0.0
17.229166666665858,0.4955003137731981,0.209466561812252,0.504499686226802,0.0
17.233333333332524,0.4955054146967649,0.20923883837089333,0.5044945853032351,0.0
17.23749999999919,0.49551051351676606,0.20901118820708842,0.504489486483234,0.0
17.241666666665857,0.495515610225105,0.20878361169661425,0.504484389774895,0.0
17.245833333332524,0.4955207048136743,0.20855610921517306,0.5044792951863257,0.0
17.24999999999919,0.49552579727435414,0.20832868113841047,0.5044742027256458,0.0
17.254166666665856,0.4955308875991854,0.2081013278390291,0.5044691124008147,0.0
17.258333333332523,0.495535975783461,0.20787404963497175,0.504464024216539,0.0
17.26249999999919,0.4955410618170082,0.20764684693551572,0.5044589381829919,0.0
17.266666666665856,0.49554614569197847,0.20741972011072551,0.5044538543080215,0.0
17.270833333332522,0.49555122740054264,0.20719266953009738,0.5044487725994573,0.0
17.27499999999919,0.49555630693489017,0.206965695562549,0.5044436930651098,0.0
17.279166666665855,0.49556138428723046,0.20673879857640945,0.5044386157127695,0.0
17.28333333333252,0.49556645944979366,0.20651197893940962,0.5044335405502064,0.0
17.287499999999188,0.49557153241483054,0.20628523701867252,0.5044284675851695,0.0
17.291666666665854,0.4955766031746139,0.20605857318070336,0.5044233968253861,0.0
17.29583333333252,0.49558167172166934,0.20583198778604095,0.5044183282783307,0.0
17.299999999999187,0.4955867380488118,0.20560548118842242,0.5044132619511881,0.0
17.304166666665854,0.49559180214804255,0.20537905376031684,0.5044081978519575,0.0
17.30833333333252,0.4955968640118053,0.20515270586385229,0.5044031359881946,0.0
17.312499999999186,0.495601923632577,0.20492643786029582,0.5043980763674231,0.0
17.316666666665853,0.49560698100286865,0.2047002501100351,0.5043930189971314,0.0
17.32083333333252,0.4956120361152265,0.20447414297255967,0.5043879638847735,0.0
17.324999999999186,0.49561708896223305,0.2042481168064424,0.504382911037767,0.0
17.329166666665852,0.49562213953650786,0.20402217196932018,0.5043778604634922,0.0
17.33333333333252,0.4956271878307086,0.20379630881787567,0.5043728121692913,0.0
17.337499999999185,0.49563223383642085,0.20357052772389156,0.5043677661635793,0.0
17.34166666666585,0.49563727754596393,0.20334482904812365,0.5043627224540361,0.0
17.345833333332518,0.495642318952623,0.20311921313694828,0.5043576810473769,0.0
17.349999999999184,0.4956473580490171,0.2028936803459591,0.504352641950983,0.0
17.35416666666585,0.4956523948277866,0.2026682310300098,0.5043476051722133,0.0
17.358333333332517,0.49565742928159445,0.20244286554320967,0.5043425707184056,0.0
17.362499999999184,0.4956624614031248,0.20221758423891817,0.5043375385968751,0.0
17.36666666666585,0.4956674911850846,0.20199238746974058,0.5043325088149154,0.0
17.370833333332516,0.495672518620202,0.2017672755875235,0.504327481379798,0.0
17.374999999999183,0.49567754370122796,0.20154224894334985,0.5043224562987721,0.0
17.37916666666585,0.4956825664198936,0.20131730790659372,0.5043174335801064,0.0
17.383333333332516,0.49568758676930796,0.20109245282104815,0.5043124132306921,0.0
17.387499999999182,0.495692604742358,0.20086768403419578,0.504307395257642,0.0
17.39166666666585,0.4956976203317559,0.2006430018963407,0.5043023796682441,0.0
17.395833333332515,0.495702633530223,0.20041840675724107,0.5042973664697771,0.0
17.39999999999918,0.49570764433048903,0.20019389896611547,0.504292355669511,0.0
17.404166666665848,0.49571265272529164,0.19996947887164904,0.5042873472747084,0.0
17.408333333332514,0.4957176587073759,0.19974514682199945,0.5042823412926241,0.0
17.41249999999918,0.49572266226949363,0.1995209031648027,0.5042773377305063,0.0
17.416666666665847,0.4957276634042799,0.19929674824918145,0.5042723365957201,0.0
17.420833333332514,0.4957326621055368,0.19907268241075543,0.5042673378944632,0.0
17.42499999999918,0.4957376583653965,0.19884870600246277,0.5042623416346035,0.0
17.429166666665846,0.4957426521767033,0.19862481936928156,0.5042573478232966,0.0
17.433333333332513,0.4957476435323104,0.19840102285566832,0.5042523564676896,0.0
17.43749999999918,0.4957526324250798,0.19817731680555778,0.5042473675749203,0.0
17.441666666665846,0.49575761884788283,0.19795370156236297,0.5042423811521173,0.0
17.445833333332512,0.4957626027935997,0.1977301774689749,0.5042373972064004,0.0
17.44999999999918,0.49576758425511974,0.19750674486776315,0.5042324157448803,0.0
17.454166666665845,0.49577256322534125,0.19728340410057574,0.5042274367746588,0.0
17.45833333333251,0.4957775396985371,0.19706015548655598,0.5042224603014628,0.0
17.462499999999178,0.495782513669552,0.19683699933518606,0.5042174863304479,0.0
17.466666666665844,0.4957874851288576,0.19661393602660968,0.5042125148711423,0.0
17.47083333333251,0.4957924540694556,0.19639096589949837,0.5042075459305444,0.0
17.474999999999177,0.4957974204843586,0.19616808929196738,0.5042025795156413,0.0
17.479166666665844,0.49580238436659063,0.1959453065415756,0.5041976156334094,0.0
17.48333333333251,0.4958073457091868,0.19572261798532598,0.5041926542908132,0.0
17.487499999999176,0.4958123045051932,0.1955000239596656,0.5041876954948067,0.0
17.491666666665843,0.4958172607476676,0.19527752480048588,0.5041827392523325,0.0
17.49583333333251,0.4958222144296784,0.19505512084312207,0.5041777855703217,0.0
17.499999999999176,0.4958271655443052,0.1948328124223537,0.5041728344556947,0.0
17.504166666665842,0.4958321140846394,0.19461059987240503,0.5041678859153605,0.0
17.50833333333251,0.49583706004378286,0.19438848352694474,0.5041629399562172,0.0
17.512499999999175,0.4958420034148487,0.19416646371908572,0.5041579965851514,0.0
17.51666666666584,0.4958469441909614,0.19394454078138548,0.5041530558090385,0.0
17.520833333332508,0.4958518823652567,0.19372271504584668,0.5041481176347433,0.0
17.524999999999174,0.49585681793088104,0.19350098684391653,0.5041431820691189,0.0
17.52916666666584,0.49586175088099255,0.19327935650648692,0.5041382491190075,0.0
17.533333333332507,0.4958666812087601,0.19305782436389465,0.5041333187912399,0.0
17.537499999999174,0.4958716089073638,0.1928363907459219,0.5041283910926362,0.0
17.54166666666584,0.49587653397666936,0.19261505586181737,0.5041234660233307,0.0
17.545833333332506,0.4958814564058486,0.1923938201127127,0.5041185435941515,0.0
17.549999999999173,0.49588637618707504,0.19217268384542022,0.5041136238129249,0.0
17.55416666666584,0.4958912933136991,0.19195164738525114,0.5041087066863008,0.0
17.558333333332506,0.4958962077790857,0.19173071105689093,0.5041037922209144,0.0
17.562499999999172,0.49590111957661515,0.1915098751843992,0.5040988804233849,0.0
17.56666666666584,0.4959060286996829,0.19128914009120998,0.5040939713003171,0.0
17.570833333332505,0.49591093514169937,0.19106850610013235,0.5040890648583006,0.0
17.57499999999917,0.49591583889609014,0.19084797353334998,0.5040841611039099,0.0
17.579166666665838,0.49592073995629593,0.19062754271242102,0.5040792600437042,0.0
17.583333333332504,0.49592563831577235,0.19040721395827861,0.5040743616842277,0.0
17.58749999999917,0.4959305339679903,0.19018698759123098,0.5040694660320096,0.0
17.591666666665837,0.49593542690643583,0.1899668639309616,0.5040645730935642,0.0
17.595833333332504,0.4959403171246096,0.1897468432965286,0.5040596828753903,0.0
17.59999999999917,0.495945204616028,0.18952692600636567,0.5040547953839719,0.0
17.604166666665837,0.49595008937422214,0.18930711237828182,0.5040499106257779,0.0
17.608333333332503,0.4959549713927382,0.1890874027294616,0.5040450286072619,0.0
17.61249999999917,0.49595985066513737,0.1888677973764648,0.5040401493348626,0.0
17.616666666665836,0.49596472718499623,0.1886482966352269,0.5040352728150038,0.0
17.620833333332502,0.4959696009477028,0.18842890077928293,0.5040303990522972,0.0
17.62499999999917,0.49597447194908,0.18820961007179232,0.5040255280509199,0.0
17.629166666665835,0.49597934017978224,0.1879904248958087,0.5040206598202177,0.0
17.6333333333325,0.49598420563352963,0.18777134556282776,0.5040157943664703,0.0
17.637499999999168,0.4959890683040603,0.18755237238365932,0.5040109316959397,0.0
17.641666666665834,0.4959939281851298,0.1873335056684269,0.5040060718148702,0.0
17.6458333333325,0.4959987852705117,0.18711474572656775,0.5040012147294882,0.0
17.649999999999167,0.4960036395539973,0.18689609286683315,0.5039963604460027,0.0
17.654166666665834,0.49600849102939537,0.18667754739728876,0.5039915089706046,0.0
17.6583333333325,0.49601333969053263,0.18645910962531437,0.5039866603094674,0.0
17.662499999999167,0.49601818553125365,0.18624077985760407,0.5039818144687463,0.0
17.666666666665833,0.49602302854542035,0.18602255840016618,0.5039769714545796,0.0
17.6708333333325,0.49602786872691274,0.18580444555832387,0.5039721312730873,0.0
17.674999999999166,0.4960327060696284,0.18558644163671495,0.5039672939303717,0.0
17.679166666665832,0.49603754056748256,0.1853685469392917,0.5039624594325174,0.0
17.6833333333325,0.4960423722144083,0.18515076176932124,0.5039576277855917,0.0
17.687499999999165,0.4960472010043565,0.18493308642938594,0.5039527989956436,0.0
17.69166666666583,0.49605202693129535,0.184715521221383,0.5039479730687046,0.0
17.695833333332498,0.4960568499892113,0.1844980664465247,0.5039431500107888,0.0
17.699999999999164,0.496061670172108,0.18428072240533852,0.503938329827892,0.0
17.70416666666583,0.4960664874752728,0.1840634893324177,0.5039335125247273,0.0
17.708333333332497,0.4960713018919443,0.18384636756819242,0.5039286981080556,0.0
17.712499999999164,0.49607611341601204,0.1836293574197822,0.5039238865839879,0.0
17.71666666666583,0.49608092204157384,0.18341245918377896,0.503919077958426,0.0
17.720833333332497,0.4960857277627461,0.18319567315605298,0.5039142722372539,0.0
17.724999999999163,0.4960905305736636,0.18297899963175235,0.5039094694263364,0.0
17.72916666666583,0.4960953304684794,0.18276243890530317,0.5039046695315207,0.0
17.733333333332496,0.49610012744136534,0.1825459912704096,0.5038998725586347,0.0
17.737499999999162,0.4961049214865114,0.18232965702005452,0.5038950785134886,0.0
17.74166666666583,0.4961097125981261,0.18211343644649913,0.5038902874018738,0.0
17.745833333332495,0.49611450077043634,0.18189732984128293,0.5038854992295637,0.0
17.74999999999916,0.4961192859976874,0.18168133749522394,0.5038807140023127,0.0
17.754166666665828,0.496124068274143,0.18146545969841932,0.503875931725857,0.0
17.758333333332494,0.49612884759408526,0.18124969674024483,0.5038711524059146,0.0
17.76249999999916,0.4961336239518148,0.18103404890935523,0.5038663760481852,0.0
17.766666666665827,0.4961383973416506,0.18081851649368397,0.5038616026583495,0.0
17.770833333332494,0.49614316775792994,0.18060309978044412,0.50385683224207,0.0
17.77499999999916,0.4961479351950086,0.1803877990561279,0.5038520648049915,0.0
17.779166666665827,0.4961526996472607,0.18017261460650655,0.5038473003527393,0.0
17.783333333332493,0.4961574611090471,0.17995754670055678,0.503842538890953,0.0
17.78749999999916,0.4961622195747445,0.17974259560535982,0.5038377804252555,0.0
17.791666666665826,0.49616697503883067,0.1795277616289718,0.5038330249611694,0.0
17.795833333332492,0.49617172749575195,0.17931304505357307,0.5038282725042481,0.0
17.79999999999916,0.49617647693997285,0.17909844616060114,0.5038235230600271,0.0
17.804166666665825,0.4961812233659766,0.17888396523075098,0.5038187766340233,0.0
17.80833333333249,0.4961859667682644,0.1786696025439748,0.5038140332317356,0.0
17.812499999999158,0.496190707141356,0.17845535837948193,0.503809292858644,0.0
17.816666666665824,0.4961954444797893,0.17824123301573908,0.5038045555202106,0.0
17.82083333333249,0.4962001787781207,0.17802722673047094,0.5037998212218792,0.0
17.824999999999157,0.496204910030925,0.17781333980065986,0.503795089969075,0.0
17.829166666665824,0.49620963823279496,0.17759957250254557,0.503790361767205,0.0
17.83333333333249,0.496214363378342,0.17738592511162588,0.503785636621658,0.0
17.837499999999157,0.49621908546219573,0.1771723979026567,0.5037809145378043,0.0
17.841666666665823,0.49622380447900416,0.17695899114965213,0.5037761955209958,0.0
17.84583333333249,0.49622852042343346,0.17674570512588417,0.5037714795765665,0.0
17.849999999999156,0.4962332332901683,0.17653254010388308,0.5037667667098318,0.0
17.854166666665822,0.4962379430739114,0.1763194963554378,0.5037620569260886,0.0
17.85833333333249,0.4962426497693842,0.17610657415159586,0.5037573502306159,0.0
17.862499999999155,0.496247353371326,0.17589377376266296,0.5037526466286739,0.0
17.86666666666582,0.4962520538750173,0.17568109538652577,0.5037479461249826,0.0
17.870833333332488,0.49625675127485364,0.17546853934421985,0.5037432487251464,0.0
17.874999999999154,0.4962614455655644,0.1752561059127214,0.5037385544344357,0.0
17.87916666666582,0.4962661367419663,0.1750437953588168,0.5037338632580337,0.0
17.883333333332487,0.49627082479889456,0.17483160794853997,0.5037291752011055,0.0
17.887499999999154,0.4962755097312027,0.17461954394717225,0.5037244902687973,0.0
17.89166666666582,0.49628019153376257,0.1744076036192426,0.5037198084662373,0.0
17.895833333332487,0.4962848702014645,0.17419578722852738,0.5037151297985356,0.0
17.899999999999153,0.4962895457292169,0.17398409503805054,0.503710454270783,0.0
17.90416666666582,0.49629421811194707,0.17377252731008425,0.5037057818880528,0.0
17.908333333332486,0.4962988873446002,0.17356108430614847,0.5037011126553997,0.0
17.912499999999152,0.49630355342213994,0.17334976628701096,0.50369644657786,0.0
17.91666666666582,0.4963082163395487,0.17313857351268772,0.5036917836604514,0.0
17.920833333332485,0.49631287609182645,0.172927506242443,0.5036871239081735,0.0
17.92499999999915,0.4963175326739923,0.17271656473478955,0.5036824673260077,0.0
17.929166666665818,0.49632218608108336,0.17250574924748824,0.5036778139189166,0.0
17.933333333332484,0.49632683630815516,0.17229506003754844,0.5036731636918448,0.0
17.93749999999915,0.49633148335028154,0.1720844973612285,0.5036685166497186,0.0
17.941666666665817,0.49633612720255466,0.17187406147403533,0.5036638727974454,0.0
17.945833333332484,0.49634076786008513,0.17166375263072461,0.5036592321399149,0.0
17.94999999999915,0.49634540531800175,0.17145357108530077,0.5036545946819982,0.0
17.954166666665817,0.4963500395714519,0.17124351709101768,0.5036499604285481,0.0
17.958333333332483,0.4963546706156011,0.17103359090037823,0.5036453293843989,0.0
17.96249999999915,0.49635929844563326,0.17082379276513432,0.5036407015543668,0.0
17.966666666665816,0.49636392305675064,0.17061412293628725,0.5036360769432494,0.0
17.970833333332482,0.4963685444441737,0.17040458166408787,0.5036314555558262,0.0
17.97499999999915,0.4963731626031415,0.1701951691980367,0.5036268373968584,0.0
17.979166666665815,0.4963777775289113,0.16998588578688362,0.5036222224710887,0.0
17.98333333333248,0.4963823892167586,0.16977673167862817,0.5036176107832415,0.0
17.987499999999148,0.4963869976623174,0.16956770709362975,0.5036130023376827,0.0
17.991666666665814,0.496391602862208,0.16935881217501142,0.5036083971377919,0.0
17.99583333333248,0.49639620481035374,0.16915004727974714,0.5036037951896463,0.0
17.999999999999147,0.4964008035021162,0.16894141265181553,0.5035991964978838,0.0
18.004166666665814,0.4964053989328757,0.16873290853442374,0.5035946010671242,0.0
18.00833333333248,0.4964099910980314,0.16852453517000715,0.5035900089019686,0.0
18.012499999999147,0.4964145799930006,0.16831629280022936,0.5035854200069995,0.0
18.016666666665813,0.4964191656132194,0.16810818166598232,0.5035808343867807,0.0
18.02083333333248,0.4964237479541426,0.167900202007387,0.5035762520458574,0.0
18.024999999999146,0.4964283270112434,0.16769235406379288,0.5035716729887565,0.0
18.029166666665812,0.4964329027800138,0.16748463807377814,0.5035670972199863,0.0
18.03333333333248,0.496437475255964,0.1672770542751498,0.5035625247440361,0.0
18.037499999999145,0.4964420444346231,0.16706960290494408,0.5035579555653769,0.0
18.04166666666581,0.4964466103115387,0.16686228419942634,0.5035533896884612,0.0
18.045833333332478,0.4964511728822769,0.16665509839409093,0.5035488271177231,0.0
18.049999999999145,0.4964557321424225,0.16644804572366137,0.5035442678575776,0.0
18.05416666666581,0.4964602880875787,0.16624112642209093,0.5035397119124214,0.0
18.058333333332477,0.4964648407133673,0.16603434072256232,0.5035351592866327,0.0
18.062499999999144,0.49646939001542867,0.16582768885748767,0.5035306099845714,0.0
18.06666666666581,0.4964739359894218,0.16562117105850865,0.5035260640105781,0.0
18.070833333332477,0.49647847863102434,0.1654147875564972,0.5035215213689757,0.0
18.074999999999143,0.4964830179359322,0.16520853858155488,0.5035169820640678,0.0
18.07916666666581,0.49648755389986,0.16500242436301327,0.50351244610014,0.0
18.083333333332476,0.496492086518541,0.16479644512943384,0.5035079134814591,0.0
18.087499999999142,0.49649661578772675,0.16459060110860857,0.5035033842122733,0.0
18.09166666666581,0.4965011417031877,0.16438489252755978,0.5034988582968124,0.0
18.095833333332475,0.49650566426071246,0.16417931961253976,0.5034943357392876,0.0
18.09999999999914,0.49651018345610853,0.1639738825890315,0.5034898165438916,0.0
18.104166666665808,0.4965146992852017,0.16376858168174868,0.5034853007147982,0.0
18.108333333332475,0.4965192117438364,0.16356341711463573,0.5034807882561636,0.0
18.11249999999914,0.4965237208287366,0.16335838903260239,0.5034762791712635,0.0
18.116666666665807,0.4965282265359801,0.16315349764019618,0.50347177346402,0.0
18.120833333332474,0.49653272886063754,0.162948743234458,0.5034672711393625,0.0
18.12499999999914,0.4965372277986395,0.1627441260351556,0.5034627722013605,0.0
18.129166666665807,0.4965417233459354,0.1625396462612643,0.5034582766540646,0.0
18.133333333332473,0.4965462154984934,0.1623353041309669,0.5034537845015066,0.0
18.13749999999914,0.4965507042523005,0.16213109986165436,0.5034492957476995,0.0
18.141666666665806,0.49655518960336253,0.1619270336699254,0.5034448103966374,0.0
18.145833333332472,0.49655967154770403,0.1617231057715865,0.503440328452296,0.0
18.14999999999914,0.4965641500813681,0.16151931638165223,0.5034358499186318,0.0
18.154166666665805,0.49656862520041706,0.16131566571434555,0.5034313747995829,0.0
18.15833333333247,0.49657309690093165,0.1611121539830976,0.5034269030990683,0.0
18.162499999999138,0.4965775651790115,0.16090878140054776,0.5034224348209884,0.0
18.166666666665805,0.49658203003077506,0.1607055481785438,0.5034179699692249,0.0
18.17083333333247,0.4965864914523593,0.16050245452814227,0.5034135085476407,0.0
18.174999999999137,0.4965909494399202,0.1602995006596084,0.5034090505600797,0.0
18.179166666665804,0.49659540398963253,0.16009668678241595,0.5034045960103675,0.0
18.18333333333247,0.49659985509768956,0.1598940131052475,0.5034001449023104,0.0
18.187499999999137,0.4966043027603035,0.15969147983599477,0.5033956972396965,0.0
18.191666666665803,0.49660874697370533,0.15948908718175864,0.5033912530262947,0.0
18.19583333333247,0.4966131877341447,0.1592868353488488,0.5033868122658554,0.0
18.199999999999136,0.49661762503788986,0.15908472454278416,0.5033823749621101,0.0
18.204166666665802,0.4966220588812281,0.15888275496829327,0.5033779411187719,0.0
18.20833333333247,0.4966264892604654,0.1586809268293141,0.5033735107395346,0.0
18.212499999999135,0.4966309161719263,0.15847924032899388,0.5033690838280737,0.0
18.2166666666658,0.49663533961195416,0.15827769566968944,0.5033646603880457,0.0
18.220833333332468,0.4966397595769113,0.15807629305296772,0.5033602404230888,0.0
18.224999999999135,0.4966441760631783,0.1578750326796052,0.5033558239368217,0.0
18.2291666666658,0.49664858906715487,0.1576739147495883,0.5033514109328451,0.0
18.233333333332467,0.4966529985852593,0.15747293946211335,0.5033470014147406,0.0
18.237499999999134,0.4966574046142443,0.15727210692555135,0.5033425953857558,0.0
18.2416666666658,0.49666180715037417,0.15707141739209388,0.5033381928496258,0.0
18.245833333332467,0.4966662061900507,0.15687087107939954,0.5033337938099494,0.0
18.249999999999133,0.4966706017297694,0.15667046818273597,0.5033293982702305,0.0
18.2541666666658,0.4966749937660453,0.1564702088965653,0.5033250062339548,0.0
18.258333333332466,0.49667938229541153,0.15627009341454365,0.5033206177045885,0.0
18.262499999999132,0.4966837673144206,0.15607012192952133,0.5033162326855795,0.0
18.2666666666658,0.49668814881964335,0.1558702946335429,0.5033118511803566,0.0
18.270833333332465,0.4966925268076696,0.15567061171784768,0.5033074731923304,0.0
18.27499999999913,0.49669690127510785,0.15547107337286956,0.5033030987248921,0.0
18.279166666665798,0.4967012722185855,0.1552716797882368,0.5032987277814145,0.0
18.283333333332465,0.4967056396347485,0.15507243115277242,0.5032943603652515,0.0
18.28749999999913,0.49671000352026173,0.15487332765449452,0.5032899964797383,0.0
18.291666666665797,0.49671436387180873,0.15467436948061614,0.5032856361281913,0.0
18.295833333332464,0.49671872068609185,0.15447555681754507,0.5032812793139082,0.0
18.29999999999913,0.4967230739598322,0.15427688985088436,0.5032769260401678,0.0
18.304166666665797,0.4967274236897695,0.1540783687654324,0.5032725763102305,0.0
18.308333333332463,0.49673176987266254,0.15387999374518288,0.5032682301273376,0.0
18.31249999999913,0.49673611250528854,0.15368176497332475,0.5032638874947115,0.0
18.316666666665796,0.49674045158444347,0.15348368263224238,0.5032595484155565,0.0
18.320833333332462,0.4967447871069423,0.15328574690351604,0.5032552128930577,0.0
18.32499999999913,0.4967491190696186,0.15308795796792168,0.5032508809303814,0.0
18.329166666665795,0.49675344746932454,0.15289031600543074,0.5032465525306754,0.0
18.33333333333246,0.49675777230293133,0.1526928211952106,0.5032422276970687,0.0
18.337499999999128,0.4967620935673286,0.15249547371562486,0.5032379064326714,0.0
18.341666666665795,0.49676641125942494,0.1522982737442331,0.5032335887405751,0.0
18.34583333333246,0.4967707253761475,0.15210122145779092,0.5032292746238525,0.0
18.349999999999127,0.49677503591444233,0.15190431703225007,0.5032249640855576,0.0
18.354166666665794,0.4967793428712741,0.151707560642759,0.5032206571287259,0.0
18.35833333333246,0.4967836462435201,0.15151095245908197,0.5032163537564799,0.0
18.362499999999127,0.4967879460272981,0.15131449261657315,0.5032120539727019,0.0
18.366666666665793,0.49679224222048596,0.15111818132496913,0.503207757779514,0.0
18.37083333333246,0.49679653482011593,0.1509220187558944,0.5032034651798841,0.0
18.374999999999126,0.49680082382323904,0.1507260050801634,0.5031991761767609,0.0
18.379166666665792,0.4968051092269248,0.15053014046778074,0.5031948907730752,0.0
18.38333333333246,0.49680939102826127,0.150334425087941,0.5031906089717387,0.0
18.387499999999125,0.49681366922435516,0.15013885910902972,0.5031863307756449,0.0
18.39166666666579,0.49681794381233146,0.14994344269862248,0.5031820561876685,0.0
18.395833333332458,0.4968222147893342,0.1497481760234855,0.5031777852106658,0.0
18.399999999999125,0.4968264821525254,0.14955305924957546,0.5031735178474745,0.0
18.40416666666579,0.496830745899086,0.14935809254204,0.503169254100914,0.0
18.408333333332457,0.49683500602621533,0.14916327606521765,0.5031649939737846,0.0
18.412499999999124,0.4968392625311314,0.14896860998263756,0.5031607374688686,0.0
18.41666666666579,0.49684351541107064,0.14877409445701983,0.5031564845889294,0.0
18.420833333332457,0.496847764663288,0.148579729650276,0.503152235336712,0.0
18.424999999999123,0.496852010285057,0.14838551572350864,0.503147989714943,0.0
18.42916666666579,0.4968562522736697,0.14819145283701143,0.5031437477263303,0.0
18.433333333332456,0.49686049062643683,0.1479975411502694,0.5031395093735631,0.0
18.437499999999122,0.4968647253406875,0.14780378082195922,0.5031352746593126,0.0
18.44166666666579,0.49686895641376927,0.14761017200994916,0.5031310435862308,0.0
18.445833333332455,0.49687318384304835,0.14741671487129876,0.5031268161569517,0.0
18.44999999999912,0.49687740762590954,0.14722340956225943,0.5031225923740905,0.0
18.454166666665788,0.496881627759756,0.1470302562382745,0.5031183722402439,0.0
18.458333333332455,0.4968858442420095,0.14683725505397918,0.5031141557579905,0.0
18.46249999999912,0.4968900570701104,0.14664440616320054,0.5031099429298895,0.0
18.466666666665787,0.4968942662415175,0.14645170971895755,0.5031057337584824,0.0
18.470833333332454,0.49689847175370805,0.14625916587346172,0.503101528246292,0.0
18.47499999999912,0.49690267360417784,0.1460667747781167,0.5030973263958222,0.0
18.479166666665787,0.4969068717904413,0.14587453658351826,0.5030931282095588,0.0
18.483333333332453,0.4969110663084506,0.14568245145142147,0.5030889336915494,0.0
18.48749999999912,0.4969152571548183,0.14549051953791367,0.5030847428451818,0.0
18.491666666665786,0.49691944432927526,0.14529874097480575,0.5030805556707246,0.0
18.495833333332452,0.4969236278293959,0.14510711590956918,0.503076372170604,0.0
18.49999999999912,0.49692780765277306,0.1449156444888698,0.503072192347227,0.0
18.504166666665785,0.4969319837970175,0.144724326858568,0.5030680162029825,0.0
18.508333333332452,0.4969361562597585,0.14453316316371909,0.5030638437402415,0.0
18.512499999999118,0.4969403250386437,0.14434215354857247,0.5030596749613563,0.0
18.516666666665785,0.49694449013133873,0.14415129815657263,0.5030555098686612,0.0
18.52083333333245,0.49694865153552786,0.1439605971303589,0.5030513484644722,0.0
18.524999999999118,0.4969528092489132,0.14377005061176568,0.5030471907510867,0.0
18.529166666665784,0.4969569632692156,0.1435796587418221,0.5030430367307844,0.0
18.53333333333245,0.4969611135941738,0.14338942166075247,0.5030388864058263,0.0
18.537499999999117,0.4969652602215449,0.14319933950797636,0.5030347397784551,0.0
18.541666666665783,0.4969694031491042,0.1430094124221088,0.5030305968508958,0.0
18.54583333333245,0.49697354237464564,0.1428196405409598,0.5030264576253543,0.0
18.549999999999116,0.4969776778959811,0.14263002400153502,0.5030223221040189,0.0
18.554166666665783,0.49698180971094064,0.14244056294003568,0.5030181902890593,0.0
18.55833333333245,0.49698593781737277,0.14225125749185874,0.5030140621826273,0.0
18.562499999999115,0.49699006221314407,0.14206210779159648,0.5030099377868559,0.0
18.566666666665782,0.49699418289613967,0.14187311397303717,0.5030058171038604,0.0
18.57083333333245,0.49699829986426264,0.1416842761691651,0.5030017001357374,0.0
18.574999999999115,0.4970024131154344,0.14149559451216037,0.5029975868845655,0.0
18.57916666666578,0.4970065226475948,0.14130706913339916,0.5029934773524051,0.0
18.583333333332448,0.49701062845870175,0.14111870016345354,0.5029893715412983,0.0
18.587499999999114,0.4970147305467313,0.1409304877320921,0.5029852694532687,0.0
18.59166666666578,0.49701882890967797,0.14074243196827976,0.502981171090322,0.0
18.595833333332447,0.4970229235455544,0.14055453300017748,0.5029770764544457,0.0
18.599999999999113,0.4970270144523915,0.14036679095514282,0.5029729855476086,0.0
18.60416666666578,0.4970311016282384,0.14017920595972994,0.5029688983717616,0.0
18.608333333332446,0.49703518507116246,0.1399917781396897,0.5029648149288376,0.0
18.612499999999113,0.49703926477924926,0.13980450761996946,0.5029607352207508,0.0
18.61666666666578,0.49704334075060275,0.13961739452471333,0.5029566592493973,0.0
18.620833333332445,0.497047412983345,0.13943043897726257,0.5029525870166551,0.0
18.624999999999112,0.4970514814756161,0.13924364110015522,0.5029485185243839,0.0
18.62916666666578,0.49705554622557485,0.13905700101512636,0.5029444537744252,0.0
18.633333333332445,0.4970596072313978,0.138870518843108,0.5029403927686023,0.0
18.63749999999911,0.4970636644912799,0.13868419470422963,0.50293633550872,0.0
18.641666666665778,0.49706771800343447,0.13849802871781805,0.5029322819965656,0.0
18.645833333332444,0.4970717677660929,0.13831202100239717,0.5029282322339071,0.0
18.64999999999911,0.49707581377750476,0.13812617167568828,0.5029241862224954,0.0
18.654166666665777,0.497079856031238,0.13794048093812883,0.502920143968762,0.0
18.658333333332443,0.49708389452475377,0.1377549489204968,0.5029161054752463,0.0
18.66249999999911,0.49708792926099055,0.13756957565574518,0.5029120707390096,0.0
18.666666666665776,0.4970919602382363,0.1373843612590008,0.5029080397617637,0.0
18.670833333332443,0.4970959874547966,0.13719930584459822,0.5029040125452033,0.0
18.67499999999911,0.4971000109089946,0.13701440952607954,0.5028999890910053,0.0
18.679166666665775,0.4971040305991711,0.13682967241619437,0.502895969400829,0.0
18.683333333332442,0.4971080465236845,0.13664509462689992,0.5028919534763155,0.0
18.68749999999911,0.49711205868091096,0.13646067626936154,0.5028879413190891,0.0
18.691666666665775,0.49711606706924427,0.13627641745395241,0.5028839329307557,0.0
18.69583333333244,0.49712007168709593,0.13609231829025353,0.5028799283129041,0.0
18.699999999999108,0.49712407253289503,0.13590837888705384,0.5028759274671051,0.0
18.704166666665774,0.49712806960508826,0.1357245993523507,0.5028719303949118,0.0
18.70833333333244,0.49713206290213996,0.13554097979334964,0.5028679370978599,0.0
18.712499999999107,0.49713605242253234,0.13535752031646425,0.5028639475774677,0.0
18.716666666665773,0.49714003816476493,0.13517422102731647,0.5028599618352351,0.0
18.72083333333244,0.4971440201273551,0.13499108203073684,0.502855979872645,0.0
18.724999999999106,0.4971479983088379,0.13480810343076452,0.5028520016911622,0.0
18.729166666665773,0.49715197270776573,0.1346252853306469,0.5028480272922343,0.0
18.73333333333244,0.497155943322709,0.13444262783284014,0.5028440566772909,0.0
18.737499999999105,0.49715991015225564,0.13426013103900933,0.5028400898477444,0.0
18.741666666665772,0.49716387319501104,0.13407779505002826,0.502836126804989,0.0
18.74583333333244,0.4971678324495984,0.1338956199659795,0.5028321675504016,0.0
18.749999999999105,0.4971717879146584,0.1337136058861546,0.5028282120853416,0.0
18.75416666666577,0.49717573958884964,0.13353175290905436,0.5028242604111502,0.0
18.758333333332438,0.49717968747084806,0.13335006113238854,0.5028203125291519,0.0
18.762499999999104,0.49718363155934736,0.13316853065307607,0.5028163684406527,0.0
18.76666666666577,0.49718757185305884,0.13298716156724505,0.5028124281469413,0.0
18.770833333332437,0.4971915083507113,0.13280595397023312,0.5028084916492886,0.0
18.774999999999103,0.49719544105105146,0.13262490795658738,0.5028045589489486,0.0
18.77916666666577,0.4971993699528434,0.13244402362006416,0.5028006300471567,0.0
18.783333333332436,0.4972032950548688,0.13226330105362938,0.5027967049451312,0.0
18.787499999999103,0.4972072163559272,0.1320827403494588,0.5027927836440728,0.0
18.79166666666577,0.49721113385483556,0.13190234159893788,0.5027888661451644,0.0
18.795833333332435,0.49721504755042856,0.1317221048926617,0.5027849524495714,0.0
18.799999999999102,0.4972189574415585,0.13154203032043513,0.5027810425584416,0.0
18.80416666666577,0.49722286352709494,0.1313621179712732,0.5027771364729051,0.0
18.808333333332435,0.49722676580592556,0.13118236793340093,0.5027732341940745,0.0
18.8124999999991,0.4972306642769554,0.1310027802942533,0.5027693357230446,0.0
18.816666666665768,0.4972345589391071,0.1308233551404753,0.5027654410608928,0.0
18.820833333332434,0.4972384497913211,0.13064409255792245,0.5027615502086789,0.0
18.8249999999991,0.49724233682439667,0.13046499283404073,0.5027576631756033,0.0
18.829166666665767,0.49724622003832825,0.13028605602782553,0.5027537799616718,0.0
18.833333333332433,0.49725009943792126,0.13010728207858213,0.5027499005620788,0.0
18.8374999999991,0.49725397502213464,0.1299286710702855,0.5027460249778652,0.0
18.841666666665766,0.4972578467899446,0.1297502230861412,0.5027421532100554,0.0
18.845833333332433,0.4972617147403437,0.12957193820858529,0.5027382852596562,0.0
18.8499999999991,0.4972655788723417,0.1293938165192847,0.5027344211276584,0.0
18.854166666665765,0.49726943918496436,0.1292158580991373,0.5027305608150356,0.0
18.858333333332432,0.49727329567725526,0.12903806302827198,0.5027267043227447,0.0
18.8624999999991,0.49727714834827397,0.12886043138604836,0.5027228516517259,0.0
18.866666666665765,0.49728099719709723,0.12868296325105716,0.5027190028029027,0.0
18.87083333333243,0.4972848422228185,0.12850565870112046,0.5027151577771815,0.0
18.874999999999098,0.4972886834245478,0.12832851781329147,0.5027113165754522,0.0
18.879166666665764,0.49729252080141223,0.12815154066385448,0.5027074791985878,0.0
18.88333333333243,0.4972963543525554,0.12797472732832524,0.5027036456474446,0.0
18.887499999999097,0.49730018407713783,0.1277980778814509,0.5026998159228622,0.0
18.891666666665763,0.49730400997433694,0.12762159239721027,0.5026959900256631,0.0
18.89583333333243,0.49730783204334644,0.12744527094881336,0.5026921679566535,0.0
18.899999999999096,0.4973116502833775,0.12726911360870186,0.5026883497166225,0.0
18.904166666665763,0.49731546469365745,0.12709312044854934,0.5026845353063426,0.0
18.90833333333243,0.4973192752734307,0.12691729153926115,0.5026807247265693,0.0
18.912499999999095,0.4973230820219584,0.1267416269509741,0.5026769179780416,0.0
18.916666666665762,0.4973268849385183,0.12656612675305706,0.5026731150614816,0.0
18.92083333333243,0.49733068402240516,0.12639079101411096,0.5026693159775949,0.0
18.924999999999095,0.4973344792729303,0.12621561980196871,0.5026655207270698,0.0
18.92916666666576,0.49733827068942166,0.1260406131836951,0.5026617293105783,0.0
18.933333333332428,0.4973420582712244,0.12586577122558715,0.5026579417287756,0.0
18.937499999999094,0.49734584201770005,0.12569109399317419,0.5026541579823,0.0
18.94166666666576,0.49734962192822707,0.12551658155121792,0.502650378071773,0.0
18.945833333332427,0.4973533980022004,0.12534223396371205,0.5026466019977995,0.0
18.949999999999093,0.49735717023903225,0.12516805129388286,0.5026428297609677,0.0
18.95416666666576,0.497360938638151,0.12499403360418916,0.502639061361849,0.0
18.958333333332426,0.4973647031990023,0.12482018095632234,0.5026352968009977,0.0
18.962499999999093,0.4973684639210481,0.12464649341120623,0.502631536078952,0.0
18.96666666666576,0.4973722208037673,0.12447297102899732,0.5026277791962327,0.0
18.970833333332425,0.49737597384665566,0.12429961386908497,0.5026240261533444,0.0
18.974999999999092,0.4973797230492254,0.1241264219900914,0.5026202769507746,0.0
18.97916666666576,0.4973834684110058,0.12395339544987145,0.5026165315889942,0.0
18.983333333332425,0.49738720993154256,0.12378053430551296,0.5026127900684575,0.0
18.98749999999909,0.49739094761039826,0.12360783861333682,0.5026090523896019,0.0
18.991666666665758,0.49739468144715243,0.12343530842889708,0.5026053185528476,0.0
18.995833333332424,0.49739841143409036,0.12326294403612227,0.5026015885659098,0.0
18.99999999999909,0.49740213757316154,0.12309074541578875,0.5025978624268385,0.0
19.004166666665757,0.4974058598676266,0.12291871250734494,0.5025941401323735,0.0
19.008333333332423,0.49740957831706556,0.12274684536534361,0.5025904216829343,0.0
19.01249999999909,0.49741329292107445,0.12257514404361179,0.5025867070789255,0.0
19.016666666665756,0.4974170036792643,0.12240360859525104,0.5025829963207357,0.0
19.020833333332423,0.49742071059126175,0.12223223907263749,0.5025792894087383,0.0
19.02499999999909,0.4974244136567087,0.12206103552742194,0.5025755863432914,0.0
19.029166666665756,0.4974281128752626,0.12188999801052959,0.5025718871247373,0.0
19.033333333332422,0.4974318082465965,0.12171912657216039,0.5025681917534034,0.0
19.03749999999909,0.49743549977039847,0.12154842126178916,0.5025645002296016,0.0
19.041666666665755,0.4974391874463723,0.12137788212816555,0.5025608125536278,0.0
19.04583333333242,0.4974428712742368,0.12120750921931392,0.5025571287257633,0.0
19.049999999999088,0.4974465512537267,0.1210373025825335,0.5025534487462733,0.0
19.054166666665754,0.4974502273845918,0.12086726226439877,0.5025497726154082,0.0
19.05833333333242,0.4974538996665975,0.12069738831075916,0.5025461003334024,0.0
19.062499999999087,0.4974575680995244,0.12052768076673911,0.5025424319004757,0.0
19.066666666665753,0.4974612326831686,0.12035813967673813,0.5025387673168313,0.0
19.07083333333242,0.49746489341734174,0.12018876508443115,0.5025351065826582,0.0
19.074999999999086,0.49746855030187065,0.12001955703276841,0.5025314496981292,0.0
19.079166666665753,0.49747220333659764,0.1198505155639753,0.5025277966634024,0.0
19.08333333333242,0.4974758525213805,0.11968164071955253,0.5025241474786195,0.0
19.087499999999086,0.4974794978560923,0.11951293254027646,0.5025205021439078,0.0
19.091666666665752,0.49748313934062155,0.11934439106619894,0.5025168606593785,0.0
19.09583333333242,0.49748677697487215,0.11917601633664726,0.5025132230251279,0.0
19.099999999999085,0.49749041075876343,0.11900780839022426,0.5025095892412366,0.0
19.10416666666575,0.49749404069223,0.1188397672648086,0.50250595930777,0.0
19.108333333332418,0.49749766677522217,0.11867189299755478,0.5025023332247778,0.0
19.112499999999084,0.4975012890077053,0.1185041856248927,0.5024987109922947,0.0
19.11666666666575,0.49750490738966024,0.11833664518252832,0.5024950926103396,0.0
19.120833333332417,0.49750852192108336,0.11816927170544349,0.5024914780789166,0.0
19.124999999999083,0.4975121326019863,0.11800206522789614,0.5024878673980137,0.0
19.12916666666575,0.49751573942733146,0.1178350259507093,0.5024842605726686,0.0
19.133333333332416,0.4975193423980586,0.11766815387705162,0.5024806576019414,0.0
19.137499999999083,0.4975229415173805,0.11750144893479943,0.5024770584826194,0.0
19.14166666666575,0.49752653678532055,0.11733491115695872,0.5024734632146796,0.0
19.145833333332416,0.4975301282019165,0.1171685405758442,0.5024698717980834,0.0
19.149999999999082,0.4975337157672206,0.11700233722307944,0.5024662842327794,0.0
19.15416666666575,0.49753729948129954,0.11683630112959734,0.5024627005187006,0.0
19.158333333332415,0.4975408793442342,0.11667043232563977,0.5024591206557659,0.0
19.16249999999908,0.49754445535611996,0.11650473084075749,0.50245554464388,0.0
19.166666666665748,0.49754802751706667,0.11633919670381049,0.5024519724829333,0.0
19.170833333332414,0.4975515958271984,0.11617382994296817,0.5024484041728016,0.0
19.17499999999908,0.4975551602866538,0.11600863058570912,0.5024448397133462,0.0
19.179166666665747,0.49755872089558584,0.11584359865882109,0.5024412791044143,0.0
19.183333333332413,0.49756227765416167,0.11567873418840115,0.5024377223458384,0.0
19.18749999999908,0.497565830562563,0.11551403719985605,0.502434169437437,0.0
19.191666666665746,0.49756937962098596,0.11534950771790192,0.502430620379014,0.0
19.195833333332413,0.49757292482964116,0.11518514576656429,0.5024270751703589,0.0
19.19999999999908,0.4975764661887532,0.11502095136917816,0.5024235338112467,0.0
19.204166666665746,0.4975800036985614,0.11485692454838844,0.5024199963014386,0.0
19.208333333332412,0.4975835373593194,0.11469306532614958,0.5024164626406806,0.0
19.21249999999908,0.4975870671712951,0.11452937372372568,0.5024129328287049,0.0
19.216666666665745,0.49759059313477083,0.11436584976169045,0.5024094068652291,0.0
19.22083333333241,0.4975941152500435,0.11420249345992779,0.5024058847499566,0.0
19.224999999999078,0.4975976335174239,0.11403930483763124,0.5024023664825761,0.0
19.229166666665744,0.49760114793723775,0.11387628391330422,0.5023988520627624,0.0
19.23333333333241,0.4976046585098248,0.11371343070476005,0.5023953414901752,0.0
19.237499999999077,0.49760816523553925,0.11355074522912223,0.5023918347644607,0.0
19.241666666665743,0.49761166811474966,0.11338822750282433,0.5023883318852503,0.0
19.24583333333241,0.49761516714783915,0.11322587754160986,0.5023848328521608,0.0
19.249999999999076,0.4976186623352048,0.11306369536053237,0.5023813376647952,0.0
19.254166666665743,0.49762215367725854,0.11290168097395593,0.5023778463227415,0.0
19.25833333333241,0.49762564117442615,0.11273983439555477,0.5023743588255738,0.0
19.262499999999076,0.49762912482385113,0.11257815578876619,0.5023708751761488,0.0
19.266666666665742,0.4976326046260123,0.11241664516477783,0.5023673953739877,0.0
19.27083333333241,0.49763608058392916,0.11225530241882721,0.5023639194160708,0.0
19.274999999999075,0.49763955269804955,0.11209412756345387,0.5023604473019504,0.0
19.27916666666574,0.497643020968835,0.11193312061053994,0.5023569790311649,0.0
19.283333333332408,0.49764648539676093,0.11177228157131049,0.5023535146032391,0.0
19.287499999999074,0.4976499459823161,0.11161161045633357,0.502350054017684,0.0
19.29166666666574,0.49765340272600295,0.11145110727552021,0.502346597273997,0.0
19.295833333332407,0.49765685562833784,0.11129077203812435,0.5023431443716622,0.0
19.299999999999073,0.4976603046898504,0.1111306047527428,0.5023396953101495,0.0
19.30416666666574,0.4976637499110843,0.11097060542731584,0.5023362500889156,0.0
19.308333333332406,0.49766719129259657,0.11081077406912664,0.5023328087074034,0.0
19.312499999999073,0.49767062883495783,0.11065111068480153,0.5023293711650421,0.0
19.31666666666574,0.4976740625387528,0.11049161528031001,0.5023259374612472,0.0
19.320833333332406,0.4976774924045793,0.11033228786096497,0.5023225075954207,0.0
19.324999999999072,0.497680918433049,0.11017312843142267,0.5023190815669509,0.0
19.32916666666574,0.4976843406247874,0.11001413699568248,0.5023156593752125,0.0
19.333333333332405,0.49768775898043344,0.10985531355708719,0.5023122410195666,0.0
19.33749999999907,0.4976911735006396,0.10969665811832319,0.5023088264993603,0.0
19.341666666665738,0.49769458418607243,0.10953817068142029,0.5023054158139276,0.0
19.345833333332404,0.4976979910374115,0.10937985124775174,0.5023020089625885,0.0
19.34999999999907,0.4977013940553506,0.10922169981803424,0.5022986059446495,0.0
19.354166666665737,0.4977047932405967,0.10906371639232836,0.5022952067594033,0.0
19.358333333332403,0.4977081885938707,0.10890590097003822,0.5022918114061292,0.0
19.36249999999907,0.49771158011590716,0.10874825354991152,0.5022884198840928,0.0
19.366666666665736,0.497714967807454,0.10859077413003965,0.5022850321925459,0.0
19.370833333332403,0.4977183516692731,0.10843346270785797,0.502281648330727,0.0
19.37499999999907,0.49772173170213957,0.10827631928014558,0.5022782682978604,0.0
19.379166666665736,0.4977251079068426,0.10811934384302538,0.5022748920931575,0.0
19.383333333332402,0.4977284802841847,0.107962536391964,0.5022715197158153,0.0
19.38749999999907,0.4977318488349822,0.10780589692177234,0.5022681511650179,0.0
19.391666666665735,0.49773521356006484,0.10764942542660515,0.5022647864399351,0.0
19.3958333333324,0.4977385744566585,0.10749312205529374,0.5022614255433414,0.0
19.399999999999068,0.49774193152490187,0.1073369868315214,0.502258068475098,0.0
19.404166666665734,0.4977452847691243,0.10718101959898378,0.5022547152308757,0.0
19.4083333333324,0.49774863419016674,0.10702522035107025,0.5022513658098333,0.0
19.412499999999067,0.4977519797888831,0.10686958908055115,0.5022480202111168,0.0
19.416666666665733,0.4977553215661401,0.10671412577957819,0.5022446784338599,0.0
19.4208333333324,0.4977586595228169,0.10655883043968445,0.502241340477183,0.0
19.424999999999066,0.49776199365980595,0.10640370305178441,0.5022380063401941,0.0
19.429166666665733,0.49776532397801193,0.10624874360617373,0.502234676021988,0.0
19.4333333333324,0.49776865047835267,0.10609395209252942,0.5022313495216474,0.0
19.437499999999066,0.4977719731617584,0.10593932849991018,0.5022280268382416,0.0
19.441666666665732,0.4977752920291725,0.10578487281675612,0.5022247079708274,0.0
19.4458333333324,0.49777860708155086,0.10563058503088882,0.5022213929184491,0.0
19.449999999999065,0.4977819183198621,0.10547646512951127,0.5022180816801379,0.0
19.45416666666573,0.49778522574508777,0.10532251309920827,0.5022147742549122,0.0
19.458333333332398,0.497788529358222,0.10516872892594631,0.5022114706417781,0.0
19.462499999999064,0.4977918291602718,0.10501511259507326,0.5022081708397281,0.0
19.46666666666573,0.49779512515225693,0.10486166409131882,0.502204874847743,0.0
19.470833333332397,0.49779841733520974,0.1047083833987945,0.5022015826647902,0.0
19.474999999999064,0.4978017057101756,0.10455527050099364,0.5021982942898243,0.0
19.47916666666573,0.4978049902782124,0.10440232538079115,0.5021950097217875,0.0
19.483333333332396,0.4978082710403909,0.10424954802044385,0.5021917289596091,0.0
19.487499999999063,0.49781154799779453,0.10409693840159054,0.5021884520022055,0.0
19.49166666666573,0.49781482115151954,0.10394449650525206,0.5021851788484806,0.0
19.495833333332396,0.49781809050267484,0.10379222231183088,0.5021819094973251,0.0
19.499999999999062,0.4978213560523822,0.10364011580111154,0.5021786439476177,0.0
19.50416666666573,0.49782461780177617,0.10348817695226077,0.5021753821982238,0.0
19.508333333332395,0.49782787575200393,0.10333640574382733,0.502172124247996,0.0
19.51249999999906,0.49783112990422534,0.10318480215374191,0.5021688700957746,0.0
19.516666666665728,0.49783438025961324,0.10303336615931735,0.5021656197403868,0.0
19.520833333332394,0.497837626819353,0.10288209773724875,0.502162373180647,0.0
19.52499999999906,0.4978408695846428,0.10273099686361346,0.5021591304153573,0.0
19.529166666665727,0.4978441085618802,0.1025800633281608,0.5021558914381198,0.0
19.533333333332394,0.4978473437299208,0.10242929790663534,0.5021526562700791,0.0
19.53749999999906,0.49785057510618375,0.10227869999382577,0.5021494248938162,0.0
19.541666666665726,0.49785380269184415,0.10212826956599684,0.5021461973081559,0.0
19.545833333332393,0.4978570264880893,0.10197800659879837,0.5021429735119107,0.0
19.54999999999906,0.4978602464961196,0.10182791106726691,0.5021397535038804,0.0
19.554166666665726,0.49786346271714776,0.10167798294582728,0.5021365372828522,0.0
19.558333333332392,0.49786667515239913,0.10152822220829355,0.502133324847601,0.0
19.56249999999906,0.4978698838031115,0.10137862882787034,0.5021301161968885,0.0
19.566666666665725,0.49787308867053515,0.10122920277715429,0.5021269113294649,0.0
19.57083333333239,0.4978762897559329,0.10107994402813544,0.5021237102440671,0.0
19.574999999999058,0.49787948706057983,0.10093085255219862,0.5021205129394201,0.0
19.579166666665724,0.49788268058576357,0.10078192832012435,0.5021173194142365,0.0
19.58333333333239,0.49788587033278364,0.10063317130209048,0.5021141296672164,0.0
19.587499999999057,0.49788905630295244,0.10048458146767368,0.5021109436970475,0.0
19.591666666665724,0.49789223849759434,0.10033615878585056,0.5021077615024058,0.0
19.59583333333239,0.49789541691804573,0.1001879032249988,0.5021045830819543,0.0
19.599999999999056,0.49789859156565547,0.10003981475289875,0.5021014084343446,0.0
19.604166666665723,0.49790176244178447,0.09989189333673479,0.5020982375582156,0.0
19.60833333333239,0.4979049295478057,0.09974413894309649,0.5020950704521943,0.0
19.612499999999056,0.49790809288510435,0.09959655153798,0.5020919071148957,0.0
19.616666666665722,0.49791125245507745,0.09944913108678921,0.5020887475449226,0.0
19.62083333333239,0.497914408259134,0.09930187755433738,0.502085591740866,0.0
19.624999999999055,0.49791756029869527,0.09915479090484845,0.5020824397013048,0.0
19.62916666666572,0.4979207085751941,0.09900787110195788,0.5020792914248059,0.0
19.633333333332388,0.49792385309007536,0.09886111810871445,0.5020761469099246,0.0
19.637499999999054,0.49792699384479583,0.09871453188758153,0.5020730061552041,0.0
19.64166666666572,0.49793013084082405,0.0985681124004383,0.502069869159176,0.0
19.645833333332387,0.4979332640796402,0.09842185960858102,0.5020667359203597,0.0
19.649999999999054,0.4979363935627366,0.09827577347272431,0.5020636064372634,0.0
19.65416666666572,0.4979395192916167,0.0981298539530028,0.5020604807083833,0.0
19.658333333332386,0.497942641267796,0.09798410100897222,0.502057358732204,0.0
19.662499999999053,0.49794575948938496,0.09783851472876645,0.502054240510615,0.0
19.66666666666572,0.4979488739552655,0.09769309517121658,0.5020511260447345,0.0
19.670833333332386,0.49795198467199936,0.0975478421046983,0.5020480153280006,0.0
19.674999999999052,0.4979550916410884,0.09740275548872801,0.5020449083589116,0.0
19.67916666666572,0.4979581948640442,0.09725783528231853,0.5020418051359559,0.0
19.683333333332385,0.49796129434238773,0.09711308144398166,0.5020387056576123,0.0
19.68749999999905,0.4979643900776497,0.09696849393173063,0.5020356099223504,0.0
19.691666666665718,0.4979674820713702,0.09682407270308196,0.5020325179286298,0.0
19.695833333332384,0.4979705703250987,0.09667981771505775,0.5020294296749013,0.0
19.69999999999905,0.49797365484039413,0.09653572892418795,0.5020263451596059,0.0
19.704166666665717,0.4979767356188246,0.0963918062865128,0.5020232643811754,0.0
19.708333333332384,0.49797981266196756,0.09624804975758482,0.5020201873380324,0.0
19.71249999999905,0.4979828859714095,0.09610445929247101,0.5020171140285906,0.0
19.716666666665716,0.497985955548746,0.09596103484575515,0.502014044451254,0.0
19.720833333332383,0.4979890213955821,0.09581777637154024,0.502010978604418,0.0
19.72499999999905,0.4979920835135311,0.09567468382345046,0.5020079164864689,0.0
19.729166666665716,0.4979951419042159,0.09553175715463343,0.502004858095784,0.0
19.733333333332382,0.49799819656926797,0.0953889963177624,0.5020018034307321,0.0
19.73749999999905,0.4980012475103274,0.09524640126503878,0.5019987524896725,0.0
19.741666666665715,0.4980042947290436,0.09510397194819419,0.5019957052709564,0.0
19.74583333333238,0.4980073382270741,0.09496170831849236,0.5019926617729259,0.0
19.749999999999048,0.4980103780060852,0.09481961032673182,0.5019896219939147,0.0
19.754166666665714,0.49801341406775196,0.09467767792324804,0.501986585932248,0.0
19.75833333333238,0.49801644641375786,0.09453591105791558,0.5019835535862422,0.0
19.762499999999047,0.49801947504579447,0.09439430968015011,0.5019805249542054,0.0
19.766666666665714,0.4980224999655623,0.09425287373891102,0.5019775000344376,0.0
19.77083333333238,0.49802552117476995,0.0941116031827034,0.50197447882523,0.0
19.774999999999046,0.4980285386751341,0.09397049795958051,0.5019714613248659,0.0
19.779166666665713,0.4980315524683799,0.09382955801714557,0.5019684475316202,0.0
19.78333333333238,0.4980345625562403,0.09368878330255431,0.5019654374437597,0.0
19.787499999999046,0.49803756894045687,0.0935481737625173,0.5019624310595432,0.0
19.791666666665712,0.4980405716227786,0.09340772934330191,0.5019594283772213,0.0
19.79583333333238,0.49804357060496296,0.09326744999073464,0.5019564293950372,0.0
19.799999999999045,0.4980465658887749,0.09312733565020315,0.5019534341112252,0.0
19.80416666666571,0.49804955747598745,0.09298738626665902,0.5019504425240127,0.0
19.808333333332378,0.49805254536838117,0.09284760178461947,0.5019474546316188,0.0
19.812499999999044,0.49805552956774474,0.09270798214816965,0.5019444704322552,0.0
19.81666666666571,0.4980585100756663,0.09256852737822306,0.5019414899243336,0.0
19.820833333332377,0.4980614868941134,0.09242923735711607,0.5019385131058867,0.0
19.824999999999044,0.4980644600249138,0.09229011202147674,0.5019355399750862,0.0
19.82916666666571,0.4980674294698847,0.09215115131425189,0.5019325705301152,0.0
19.833333333332376,0.49807039523085084,0.09201235517798453,0.5019296047691493,0.0
19.837499999999043,0.49807335730964375,0.09187372355481661,0.5019266426903563,0.0
19.84166666666571,0.49807631570810273,0.09173525638649131,0.5019236842918973,0.0
19.845833333332376,0.49807927042807404,0.0915969536143552,0.501920729571926,0.0
19.849999999999042,0.49808222147141096,0.09145881517936105,0.501917778528589,0.0
19.85416666666571,0.49808516883997406,0.0913208410220702,0.5019148311600259,0.0
19.858333333332375,0.4980881125356307,0.09118303108265506,0.5019118874643692,0.0
19.86249999999904,0.4980910525602554,0.09104538530090127,0.5019089474397446,0.0
19.866666666665708,0.4980939889157293,0.09090790361621033,0.5019060110842707,0.0
19.870833333332374,0.49809692160394053,0.09077058596760222,0.5019030783960594,0.0
19.87499999999904,0.498099850626784,0.09063343229371773,0.501900149373216,0.0
19.879166666665707,0.49810277598616115,0.09049644253282062,0.5018972240138388,0.0
19.883333333332374,0.4981056976839801,0.09035961662280036,0.5018943023160198,0.0
19.88749999999904,0.4981086157221557,0.09022295450117468,0.5018913842778442,0.0
19.891666666665706,0.49811153010260917,0.09008645610509183,0.5018884698973908,0.0
19.895833333332373,0.49811444082726813,0.0899501213713329,0.5018855591727318,0.0
19.89999999999904,0.4981173478980669,0.08981395023631446,0.5018826521019332,0.0
19.904166666665706,0.4981202513169456,0.08967794263609098,0.5018797486830545,0.0
19.908333333332372,0.498123151085851,0.08954209850635739,0.5018768489141491,0.0
19.91249999999904,0.498126047206736,0.08940641778245116,0.501873952793264,0.0
19.916666666665705,0.49812893968155963,0.08927090039935501,0.5018710603184403,0.0
19.92083333333237,0.4981318285122871,0.08913554629169942,0.5018681714877129,0.0
19.924999999999038,0.4981347137008894,0.08900035539376501,0.5018652862991105,0.0
19.929166666665704,0.49813759524934376,0.08886532763948474,0.5018624047506564,0.0
19.93333333333237,0.4981404731596329,0.08873046296244654,0.501859526840367,0.0
19.937499999999037,0.49814334743374594,0.08859576129589598,0.501856652566254,0.0
19.941666666665704,0.4981462180736774,0.08846122257273843,0.5018537819263225,0.0
19.94583333333237,0.4981490850814277,0.08832684672554146,0.5018509149185723,0.0
19.949999999999037,0.4981519484590027,0.08819263368653732,0.5018480515409973,0.0
19.954166666665703,0.4981548082084139,0.08805858338762565,0.501845191791586,0.0
19.95833333333237,0.4981576643316786,0.08792469576037573,0.5018423356683215,0.0
19.962499999999036,0.4981605168308193,0.0877909707360287,0.5018394831691807,0.0
19.966666666665702,0.4981633657109948,0.08765740815680177,0.5018366342890053,0.0
19.97083333333237,0.49816621097564345,0.08752400791348722,0.5018337890243566,0.0
19.974999999999035,0.49816905262312344,0.08739077004062676,0.5018309473768765,0.0
19.9791666666657,0.49817189065552675,0.08725769446680999,0.5018281093444733,0.0
19.983333333332368,0.4981747250749521,0.08712478112026913,0.5018252749250478,0.0
19.987499999999034,0.4981775558835047,0.08699202992888126,0.5018224441164953,0.0
19.9916666666657,0.49818038308329643,0.08685944082016983,0.5018196169167036,0.0
19.995833333332367,0.4981832066764455,0.0867270137213066,0.5018167933235546,0.0
19.999999999999034,0.4981860266650769,0.08659474855911353,0.5018139733349232,0.0
20.0041666666657,0.4981888430513216,0.08646264526006486,0.5018111569486783,0.0
20.008333333332367,0.49819165583731745,0.08633070375028899,0.5018083441626825,0.0
20.012499999999033,0.4981944650252083,0.08619892395556997,0.5018055349747916,0.0
20.0166666666657,0.4981972706171445,0.08606730580134972,0.5018027293828554,0.0
20.020833333332366,0.4982000726152825,0.08593584921273001,0.5017999273847175,0.0
20.024999999999032,0.4982028710217851,0.0858045541144742,0.5017971289782149,0.0
20.0291666666657,0.4982056658388211,0.08567342043100896,0.5017943341611788,0.0
20.033333333332365,0.49820845706856576,0.08554244808642637,0.5017915429314342,0.0
20.03749999999903,0.49821124471320016,0.08541163700448585,0.5017887552867999,0.0
20.041666666665698,0.4982140287749114,0.08528098710861604,0.5017859712250886,0.0
20.045833333332364,0.49821680925589285,0.0851504983219164,0.5017831907441072,0.0
20.04999999999903,0.49821958615834366,0.08502017056715933,0.5017804138416563,0.0
20.054166666665697,0.498222359484469,0.08489000376679215,0.501777640515531,0.0
20.058333333332364,0.4982251292364798,0.08475999784293892,0.5017748707635201,0.0
20.06249999999903,0.4982278954165932,0.0846301527174021,0.5017721045834068,0.0
20.066666666665697,0.49823065802703154,0.08450046831166458,0.5017693419729684,0.0
20.070833333332363,0.4982334170700234,0.0843709445468918,0.5017665829299766,0.0
20.07499999999903,0.498236172547803,0.0842415813439334,0.501763827452197,0.0
20.079166666665696,0.49823892446261003,0.08411237862332499,0.5017610755373899,0.0
20.083333333332362,0.49824167281669013,0.08398333630529022,0.5017583271833098,0.0
20.08749999999903,0.4982444176122943,0.08385445430974271,0.5017555823877056,0.0
20.091666666665695,0.4982471588516795,0.08372573255628793,0.5017528411483206,0.0
20.09583333333236,0.4982498965371073,0.08359717096422477,0.5017501034628927,0.0
20.099999999999028,0.49825263067084574,0.08346876945254773,0.5017473693291543,0.0
20.104166666665694,0.49825536125516784,0.08334052793994891,0.5017446387448322,0.0
20.10833333333236,0.49825808829235196,0.08321244634481963,0.501741911707648,0.0
20.112499999999027,0.498260811784682,0.08308452458525233,0.5017391882153179,0.0
20.116666666665694,0.4982635317344471,0.0829567625790425,0.5017364682655528,0.0
20.12083333333236,0.49826624814847015,0.08282916003379147,0.5017337518515299,0.0
20.124999999999027,0.4982689610251926,0.08270171704553564,0.5017310389748075,0.0
20.129166666665693,0.4982716703668132,0.08257443353610325,0.5017283296331869,0.0
20.13333333333236,0.4982743761756732,0.08244730942066711,0.5017256238243267,0.0
20.137499999999026,0.49827707845412017,0.08232034461406873,0.5017229215458797,0.0
20.141666666665692,0.4982797772045074,0.08219353903081957,0.5017202227954927,0.0
20.14583333333236,0.4982824724291942,0.08206689258510207,0.5017175275708058,0.0
20.149999999999025,0.49828516413054597,0.08194040519077123,0.5017148358694541,0.0
20.15416666666569,0.49828785231093387,0.08181407676135592,0.5017121476890661,0.0
20.158333333332358,0.49829053697273523,0.08168790721006026,0.5017094630272648,0.0
20.162499999999024,0.49829321811833294,0.08156189644976447,0.5017067818816671,0.0
20.16666666666569,0.49829589575011607,0.08143604439302665,0.501704104249884,0.0
20.170833333332357,0.4982985698704792,0.08131035095208397,0.5017014301295207,0.0
20.174999999999024,0.498301240481823,0.08118481603885395,0.5016987595181771,0.0
20.17916666666569,0.49830390758655346,0.08105943956493564,0.5016960924134466,0.0
20.183333333332357,0.4983065711870829,0.08093422144161097,0.5016934288129172,0.0
20.187499999999023,0.4983092312858287,0.08080916157984631,0.5016907687141714,0.0
20.19166666666569,0.4983118878852144,0.08068425989029354,0.5016881121147855,0.0
20.195833333332356,0.4983145409876691,0.0805595162832913,0.5016854590123309,0.0
20.199999999999022,0.4983171905956273,0.08043493066886634,0.5016828094043727,0.0
20.20416666666569,0.4983198367115293,0.08031050295673502,0.5016801632884706,0.0
20.208333333332355,0.49832247933782087,0.08018623305630447,0.5016775206621792,0.0
20.21249999999902,0.4983251184769532,0.08006212087667375,0.5016748815230468,0.0
20.216666666665688,0.49832775413138325,0.07993816632663527,0.5016722458686168,0.0
20.220833333332354,0.4983303863035733,0.0798143693146763,0.5016696136964268,0.0
20.22499999999902,0.4983330149959908,0.07969072974898002,0.5016669850040091,0.0
20.229166666665687,0.4983356402111093,0.07956724753742682,0.5016643597888908,0.0
20.233333333332354,0.49833826195140707,0.07944392258759561,0.5016617380485929,0.0
20.23749999999902,0.4983408802193681,0.0793207548067654,0.5016591197806319,0.0
20.241666666665687,0.49834349501748143,0.0791977441019163,0.5016565049825186,0.0
20.245833333332353,0.4983461063482417,0.0790748903797308,0.5016538936517583,0.0
20.24999999999902,0.4983487142141487,0.07895219354659522,0.5016512857858513,0.0
20.254166666665686,0.4983513186177074,0.07882965350860108,0.5016486813822927,0.0
20.258333333332352,0.498353919561428,0.07870727017154631,0.5016460804385721,0.0
20.26249999999902,0.4983565170478258,0.07858504344093638,0.5016434829521741,0.0
20.266666666665685,0.4983591110794216,0.07846297322198578,0.5016408889205783,0.0
20.27083333333235,0.4983617016586135,0.07834105939558676,0.5016382983413865,0.0
20.274999999999018,0.4983642887879078,0.07821930186179062,0.5016357112120922,0.0
20.279166666665684,0.4983668724699612,0.07809770054770646,0.5016331275300387,0.0
20.28333333333235,0.4983694527073129,0.07797625535706829,0.501630547292687,0.0
20.287499999999017,0.498372029502507,0.07785496619331567,0.501627970497493,0.0
20.291666666665684,0.4983746028580924,0.0777338329595948,0.5016253971419076,0.0
20.29583333333235,0.4983771727766232,0.07761285555875957,0.5016228272233768,0.0
20.299999999999017,0.49837973926065804,0.07749203389337281,0.501620260739342,0.0
20.304166666665683,0.4983823023127606,0.07737136786570763,0.5016176976872393,0.0
20.30833333333235,0.4983848619354993,0.07725085737774845,0.5016151380645006,0.0
20.312499999999016,0.4983874181314475,0.07713050233119208,0.5016125818685525,0.0
20.316666666665682,0.49838997090318293,0.07701030262744886,0.5016100290968171,0.0
20.32083333333235,0.4983925202532884,0.0768902581676442,0.5016074797467116,0.0
20.324999999999015,0.49839506618435125,0.07677036885261937,0.5016049338156487,0.0
20.32916666666568,0.4983976086989636,0.07665063458293274,0.5016023913010363,0.0
20.333333333332348,0.4984001477997221,0.07653105525886095,0.5015998522002779,0.0
20.337499999999014,0.4984026834892279,0.07641163078040024,0.5015973165107721,0.0
20.34166666666568,0.498405215770087,0.0762923610472675,0.501594784229913,0.0
20.345833333332347,0.4984077446449096,0.07617324595890129,0.5015922553550903,0.0
20.349999999999014,0.4984102701163109,0.07605428541446321,0.5015897298836892,0.0
20.35416666666568,0.4984127921869099,0.07593547931283902,0.5015872078130901,0.0
20.358333333332347,0.4984153108593309,0.0758168275526399,0.5015846891406692,0.0
20.362499999999013,0.49841782613620167,0.07569833003220326,0.5015821738637982,0.0
20.36666666666568,0.4984203380201553,0.07557998664959426,0.5015796619798447,0.0
20.370833333332346,0.49842284651382845,0.07546179730260692,0.5015771534861715,0.0
20.374999999999012,0.4984253516198628,0.07534376188876525,0.5015746483801371,0.0
20.37916666666568,0.4984278533409039,0.07522588030532432,0.5015721466590961,0.0
20.383333333332345,0.4984303516796017,0.07510815244927142,0.5015696483203984,0.0
20.38749999999901,0.4984328466386103,0.07499057821732745,0.5015671533613896,0.0
20.391666666665678,0.4984353382205883,0.07487315750594802,0.5015646617794117,0.0
20.395833333332344,0.49843782642819817,0.0747558902113243,0.5015621735718019,0.0
20.39999999999901,0.4984403112641067,0.0746387762293845,0.5015596887358933,0.0
20.404166666665677,0.4984427927309848,0.07452181545579507,0.5015572072690152,0.0
20.408333333332344,0.49844527083150747,0.07440500778596174,0.5015547291684925,0.0
20.41249999999901,0.4984477455683538,0.07428835311503054,0.5015522544316461,0.0
20.416666666665677,0.49845021694420694,0.0741718513378892,0.5015497830557931,0.0
20.420833333332343,0.4984526849617609,0.07405550235021881,0.5015473150382391,0.0
20.42499999999901,0.4984551496240184,0.07393930609361343,0.5015448503759815,0.0
20.429166666665676,0.49845761093339314,0.0738232624195518,0.501542389066607,0.0
20.433333333332342,0.49846006889258615,0.07370737122222011,0.5015399311074139,0.0
20.43749999999901,0.4984625235043025,0.07359163239556213,0.5015374764956975,0.0
20.441666666665675,0.49846497477125123,0.07347604583328014,0.5015350252287488,0.0
20.44583333333234,0.49846742269614513,0.07336061142883618,0.5015325773038548,0.0
20.449999999999008,0.4984698672817012,0.07324532907545346,0.5015301327182988,0.0
20.454166666665675,0.4984723085306397,0.07313019866611777,0.5015276914693603,0.0
20.45833333333234,0.49847474644568535,0.07301522009357866,0.5015252535543147,0.0
20.462499999999007,0.4984771810295663,0.07290039325035065,0.5015228189704337,0.0
20.466666666665674,0.4984796122850145,0.07278571802871456,0.5015203877149856,0.0
20.47083333333234,0.49848204021476544,0.07267119432071895,0.5015179597852346,0.0
20.474999999999007,0.4984844648215589,0.07255682201818141,0.5015155351784412,0.0
20.479166666665673,0.49848688610813774,0.07244260101268957,0.5015131138918623,0.0
20.48333333333234,0.4984893040772488,0.07232853119560259,0.5015106959227513,0.0
20.487499999999006,0.4984917187316423,0.0722146124580526,0.5015082812683578,0.0
20.491666666665672,0.4984941300740723,0.0721008446909458,0.5015058699259278,0.0
20.49583333333234,0.49849653810729616,0.07198722778496369,0.5015034618927039,0.0
20.499999999999005,0.498498942834075,0.07187376163056451,0.5015010571659251,0.0
20.50416666666567,0.49850134425717335,0.07176044611798457,0.5014986557428267,0.0
20.508333333332338,0.4985037423793591,0.07164728113723946,0.5014962576206409,0.0
20.512499999999005,0.4985061372034039,0.07153426657812527,0.5014938627965961,0.0
20.51666666666567,0.49850852873208246,0.0714214023302199,0.5014914712679176,0.0
20.520833333332337,0.49851091696817307,0.07130868828288461,0.501489083031827,0.0
20.524999999999004,0.4985133019144573,0.07119612432526508,0.5014866980855427,0.0
20.52916666666567,0.4985156835737201,0.0710837103462926,0.5014843164262799,0.0
20.533333333332337,0.4985180619487498,0.07097144623468556,0.5014819380512502,0.0
20.537499999999003,0.4985204370423378,0.07085933187895073,0.5014795629576622,0.0
20.54166666666567,0.498522808857279,0.07074736716738463,0.501477191142721,0.0
20.545833333332336,0.49852517739637126,0.07063555198807442,0.5014748226036287,0.0
20.549999999999002,0.4985275426624159,0.0705238862288996,0.5014724573375842,0.0
20.55416666666567,0.49852990465821684,0.07041236977753328,0.5014700953417831,0.0
20.558333333332335,0.49853226338658213,0.0703010025214433,0.5014677366134178,0.0
20.562499999999,0.498534618850322,0.07018978434789354,0.501465381149678,0.0
20.566666666665668,0.49853697105225003,0.07007871514394524,0.5014630289477499,0.0
20.570833333332335,0.4985393199951831,0.06996779479645844,0.501460680004817,0.0
20.574999999999,0.4985416656832646,0.06985702320383477,0.5014583343167355,0.0
20.579166666665667,0.49854400811926036,0.0697464002520338,0.5014559918807396,0.0
20.583333333332334,0.4985463473049724,0.06963592581823742,0.5014536526950276,0.0
20.587499999999,0.49854868324324064,0.06952559978861592,0.5014513167567594,0.0
20.591666666665667,0.4985510159369086,0.06941542204914734,0.5014489840630915,0.0
20.595833333332333,0.49855334538882257,0.0693053924856187,0.5014466546111775,0.0
20.599999999999,0.49855567160183223,0.06919551098362745,0.5014443283981678,0.0
20.604166666665666,0.4985579945787905,0.06908577742858288,0.5014420054212094,0.0
20.608333333332332,0.49856031432255327,0.0689761917057074,0.5014396856774467,0.0
20.612499999999,0.4985626308359794,0.06886675370003761,0.5014373691640206,0.0
20.616666666665665,0.498564944121931,0.0687574632964259,0.5014350558780691,0.0
20.62083333333233,0.4985672541832728,0.0686483203795417,0.5014327458167273,0.0
20.624999999998998,0.4985695610228731,0.0685393248338729,0.5014304389771268,0.0
20.629166666665665,0.49857186464360287,0.06843047654372686,0.5014281353563971,0.0
20.63333333333233,0.49857416504833607,0.06832177539323195,0.5014258349516639,0.0
20.637499999998997,0.49857646223994945,0.06821322126633896,0.5014235377600504,0.0
20.641666666665664,0.498578756221323,0.06810481404682234,0.501421243778677,0.0
20.64583333333233,0.4985810469953391,0.06799655361828133,0.5014189530046609,0.0
20.649999999998997,0.4985833345648834,0.06788843986414145,0.5014166654351165,0.0
20.654166666665663,0.4985856189328442,0.06778047266765591,0.5014143810671557,0.0
20.65833333333233,0.4985879001021127,0.0676726519119069,0.5014120998978874,0.0
20.662499999998996,0.4985901780755825,0.06756497747980661,0.5014098219244174,0.0
20.666666666665662,0.49859245285615056,0.06745744925409886,0.5014075471438494,0.0
20.67083333333233,0.49859472444671604,0.06735006711736041,0.501405275553284,0.0
20.674999999998995,0.49859699285018105,0.06724283095200224,0.501403007149819,0.0
20.67916666666566,0.4985992580694503,0.06713574064027068,0.5014007419305497,0.0
20.683333333332328,0.49860152010743114,0.0670287960642489,0.5013984798925688,0.0
20.687499999998995,0.49860377896703356,0.06692199710585835,0.5013962210329663,0.0
20.69166666666566,0.4986060346511703,0.06681534364685993,0.5013939653488297,0.0
20.695833333332327,0.49860828716275635,0.06670883556885518,0.5013917128372436,0.0
20.699999999998994,0.4986105365047095,0.06660247275328778,0.5013894634952905,0.0
20.70416666666566,0.49861278267994996,0.0664962550814449,0.5013872173200501,0.0
20.708333333332327,0.4986150256914003,0.06639018243445852,0.5013849743085997,0.0
20.712499999998993,0.49861726554198604,0.0662842546933065,0.501382734458014,0.0
20.71666666666566,0.49861950223463447,0.06617847173881407,0.5013804977653656,0.0
20.720833333332326,0.4986217357722759,0.06607283345165531,0.501378264227724,0.0
20.724999999998992,0.49862396615784266,0.06596733971235431,0.5013760338421572,0.0
20.72916666666566,0.49862619339426967,0.06586199040128635,0.5013738066057304,0.0
20.733333333332325,0.498628417484494,0.06575678539867937,0.501371582515506,0.0
20.73749999999899,0.4986306384314552,0.06565172458461538,0.5013693615685447,0.0
20.741666666665658,0.49863285623809517,0.06554680783903173,0.5013671437619049,0.0
20.745833333332325,0.4986350709073577,0.0654420350417222,0.5013649290926424,0.0
20.74999999999899,0.49863728244218924,0.0653374060723385,0.5013627175578108,0.0
20.754166666665657,0.4986394908454451,0.0652329207934288,0.501360509154555,0.0
20.758333333332324,0.49864169611986264,0.06512857904557857,0.5013583038801375,0.0
20.76249999999899,0.49864389826866323,0.06502438075685125,0.5013561017313368,0.0
20.766666666665657,0.4986460972948001,0.06492032580601269,0.5013539027051999,0.0
20.770833333332323,0.49864829320122855,0.0648164140716847,0.5013517067987714,0.0
20.77499999999899,0.49865048599090595,0.0647126454323464,0.501349514009094,0.0
20.779166666665656,0.49865267566679156,0.06460901976633511,0.5013473243332085,0.0
20.783333333332322,0.49865486223184674,0.06450553695184782,0.5013451377681533,0.0
20.78749999999899,0.4986570456890349,0.06440219686694246,0.5013429543109652,0.0
20.791666666665655,0.4986592260413211,0.06429899938953897,0.5013407739586788,0.0
20.79583333333232,0.49866140329167274,0.06419594439742055,0.5013385967083274,0.0
20.799999999998988,0.49866357744305867,0.06409303176823483,0.5013364225569413,0.0
20.804166666665655,0.4986657484984501,0.06399026137949533,0.50133425150155,0.0
20.80833333333232,0.4986679164608194,0.06388763310858249,0.5013320835391805,0.0
20.812499999998987,0.49867008133314156,0.06378514683274479,0.5013299186668584,0.0
20.816666666665654,0.4986722431183928,0.0636828024291001,0.5013277568816072,0.0
20.82083333333232,0.4986744018195512,0.06358059977463706,0.5013255981804489,0.0
20.824999999998987,0.49867655743959666,0.06347853874621606,0.5013234425604033,0.0
20.829166666665653,0.4986787099815109,0.06337661922057049,0.5013212900184891,0.0
20.83333333333232,0.49868085944827717,0.06327484107430797,0.5013191405517229,0.0
20.837499999998986,0.4986830058428802,0.06317320418391174,0.5013169941571198,0.0
20.841666666665652,0.4986851491683069,0.06307170842574174,0.5013148508316931,0.0
20.84583333333232,0.4986872894275452,0.06297035367603573,0.5013127105724549,0.0
20.849999999998985,0.498689426623585,0.06286913981091061,0.501310573376415,0.0
20.85416666666565,0.4986915607594177,0.06276806670636378,0.5013084392405824,0.0
20.858333333332318,0.4986936918380359,0.0626671342382742,0.5013063081619641,0.0
20.862499999998985,0.4986958198624343,0.0625663422824036,0.5013041801375657,0.0
20.86666666666565,0.49869794483560864,0.06246569071439762,0.5013020551643914,0.0
20.870833333332317,0.49870006676055617,0.06236517940978735,0.5012999332394438,0.0
20.874999999998984,0.49870218564027563,0.06226480824399034,0.5012978143597243,0.0
20.87916666666565,0.4987043014777673,0.062164577092311685,0.5012956985222327,0.0
20.883333333332317,0.4987064142760327,0.0620644858299454,0.5012935857239673,0.0
20.887499999998983,0.4987085240380746,0.061964534331975754,0.5012914759619255,0.0
20.89166666666565,0.4987106307668972,0.06186472247337831,0.5012893692331027,0.0
20.895833333332316,0.4987127344655062,0.06176505012902118,0.5012872655344938,0.0
20.899999999998983,0.4987148351369083,0.06166551717366617,0.5012851648630917,0.0
20.90416666666565,0.4987169327841115,0.061566123481970256,0.5012830672158886,0.0
20.908333333332315,0.4987190274101251,0.06146686892848657,0.5012809725898748,0.0
20.912499999998982,0.4987211190179596,0.0613677533876657,0.5012788809820403,0.0
20.916666666665648,0.4987232076106268,0.06126877673385677,0.5012767923893733,0.0
20.920833333332315,0.4987252931911392,0.061169938841308946,0.5012747068088609,0.0
20.92499999999898,0.4987273757625109,0.06107123958417251,0.5012726242374892,0.0
20.929166666665648,0.4987294553277569,0.060972678836499906,0.5012705446722431,0.0
20.933333333332314,0.4987315318898933,0.06087425647224718,0.5012684681101067,0.0
20.93749999999898,0.4987336054533899,0.06077597225967208,0.50126639454661,0.0
20.941666666665647,0.49873567602003965,0.060677826161607905,0.5012643239799603,0.0
20.945833333332313,0.4987377435927893,0.060579818057000356,0.5012622564072108,0.0
20.94999999999898,0.498739808174666,0.0604819478189013,0.501260191825334,0.0
20.954166666665646,0.49874186976869855,0.06038421532025871,0.5012581302313015,0.0
20.958333333332313,0.4987439283779166,0.0602866204339177,0.5012560716220833,0.0
20.96249999999898,0.49874598400535086,0.060189163032621444,0.501254015994649,0.0
20.966666666665645,0.4987480366540332,0.060091842989012406,0.5012519633459669,0.0
20.970833333332312,0.49875008632699636,0.059994660175633395,0.5012499136730036,0.0
20.97499999999898,0.4987521330272743,0.059897614464928715,0.5012478669727257,0.0
20.979166666665645,0.49875417675790185,0.0598007057292449,0.5012458232420982,0.0
20.98333333333231,0.4987562175219148,0.0597039338408321,0.5012437824780852,0.0
20.987499999998978,0.4987582553223499,0.05960729867184509,0.5012417446776501,0.0
20.991666666665644,0.4987602901622449,0.059510800094344334,0.501239709837755,0.0
20.99583333333231,0.4987623220446384,0.0594144379802969,0.5012376779553616,0.0
20.999999999998977,0.4987643509725697,0.05931821220157764,0.5012356490274302,0.0
21.004166666665643,0.4987663769490793,0.05922212262997034,0.5012336230509208,0.0
21.00833333333231,0.49876839997720823,0.05912616913716875,0.5012316000227919,0.0
21.012499999998976,0.49877042005999844,0.05903035159477746,0.5012295799400016,0.0
21.016666666665643,0.4987724372004926,0.05893466987431312,0.5012275627995073,0.0
21.02083333333231,0.49877445140173426,0.058839123847205625,0.5012255485982657,0.0
21.024999999998975,0.4987764626667675,0.05874371338479903,0.5012235373332324,0.0
21.029166666665642,0.49877847099863737,0.058648438358352525,0.5012215290013626,0.0
21.03333333333231,0.49878047640038936,0.05855329863904164,0.5012195235996105,0.0
21.037499999998975,0.49878247887506977,0.05845829409795941,0.5012175211249302,0.0
21.04166666666564,0.49878447842572543,0.05836342460611723,0.5012155215742745,0.0
21.045833333332308,0.49878647505540397,0.058268690034446013,0.501213524944596,0.0
21.049999999998974,0.49878846876715327,0.058174090253797175,0.5012115312328467,0.0
21.05416666666564,0.49879045956402235,0.05807962513494391,0.5012095404359778,0.0
21.058333333332307,0.49879244744906,0.057985294548582145,0.50120755255094,0.0
21.062499999998973,0.49879443242531635,0.057891098365331434,0.5012055675746837,0.0
21.06666666666564,0.49879641449584117,0.0577970364557362,0.5012035855041588,0.0
21.070833333332306,0.49879839366368567,0.0577031086902669,0.5012016063363144,0.0
21.074999999998973,0.49880036993190063,0.05760931493932091,0.5011996300680994,0.0
21.07916666666564,0.4988023433035377,0.05751565507322357,0.5011976566964623,0.0
21.083333333332305,0.4988043137816489,0.05742212896222936,0.501195686218351,0.0
21.087499999998972,0.49880628136928673,0.05732873647652297,0.5011937186307133,0.0
21.09166666666564,0.4988082460695037,0.057235477486220404,0.5011917539304963,0.0
21.095833333332305,0.4988102078853529,0.05714235186136977,0.5011897921146471,0.0
21.09999999999897,0.4988121668198878,0.05704935947195262,0.5011878331801123,0.0
21.104166666665638,0.4988141228761619,0.056956500187885,0.5011858771238381,0.0
21.108333333332304,0.4988160760572292,0.05686377387901849,0.5011839239427708,0.0
21.11249999999897,0.49881802636614375,0.0567711804151411,0.5011819736338563,0.0
21.116666666665637,0.4988199738080392,0.05667871961505471,0.5011800261919609,0.0
21.120833333332303,0.4988219183852981,0.05658639136488024,0.5011780816147018,0.0
21.12499999999897,0.4988238600998939,0.05649419556070903,0.501176139900106,0.0
21.129166666665636,0.49882579895489676,0.05640213207170787,0.5011742010451032,0.0
21.133333333332303,0.4988277349533775,0.056310200766975654,0.5011722650466224,0.0
21.13749999999897,0.49882966809840756,0.056218401515544594,0.5011703319015923,0.0
21.141666666665635,0.4988315983930588,0.056126734186380936,0.5011684016069413,0.0
21.145833333332302,0.49883352584040314,0.05603519864838583,0.5011664741595968,0.0
21.14999999999897,0.4988354504435137,0.05594379477039653,0.5011645495564864,0.0
21.154166666665635,0.4988373722054633,0.055852522421187246,0.5011626277945368,0.0
21.1583333333323,0.49883929112932573,0.05576138146947012,0.5011607088706743,0.0
21.162499999998968,0.49884120721817465,0.05567037178389607,0.5011587927818253,0.0
21.166666666665634,0.4988431204750847,0.05557949323305586,0.5011568795249154,0.0
21.1708333333323,0.4988450309031301,0.05548874568548107,0.5011549690968699,0.0
21.174999999998967,0.49884693850538614,0.055398129009645074,0.5011530614946138,0.0
21.179166666665633,0.4988488432849281,0.05530764307396381,0.5011511567150719,0.0
21.1833333333323,0.49885074524483125,0.05521728774679684,0.5011492547551687,0.0
21.187499999998966,0.49885264438817173,0.05512706289644848,0.5011473556118283,0.0
21.191666666665633,0.4988545407180254,0.05503696839116855,0.5011454592819745,0.0
21.1958333333323,0.4988564342374687,0.054947004099153325,0.5011435657625314,0.0
21.199999999998965,0.49885832494957816,0.054857169888546504,0.5011416750504217,0.0
21.204166666665632,0.49886021285743043,0.054767465627440365,0.5011397871425695,0.0
21.2083333333323,0.4988620979641026,0.05467789118387655,0.5011379020358975,0.0
21.212499999998965,0.4988639802726716,0.05458844642584691,0.5011360197273285,0.0
21.21666666666563,0.49886585978621456,0.054499131221294614,0.5011341402137856,0.0
21.220833333332298,0.49886773650780886,0.05440994543811516,0.5011322634921911,0.0
21.224999999998964,0.4988696104405321,0.05432088894415729,0.501130389559468,0.0
21.22916666666563,0.4988714815874614,0.05423196160722378,0.5011285184125386,0.0
21.233333333332297,0.49887334995167465,0.054143163295072495,0.5011266500483252,0.0
21.237499999998963,0.4988752155362494,0.05405449387541754,0.5011247844637506,0.0
21.24166666666563,0.49887707834426315,0.05396595321592998,0.5011229216557369,0.0
21.245833333332296,0.4988789383787936,0.053877541184238785,0.5011210616212063,0.0
21.249999999998963,0.49888079564291843,0.05378925764793188,0.5011192043570817,0.0
21.25416666666563,0.4988826501397151,0.053701102474557165,0.5011173498602849,0.0
21.258333333332295,0.4988845018722612,0.053613075531623394,0.5011154981277387,0.0
21.262499999998962,0.49888635084363425,0.053525176686601034,0.5011136491563657,0.0
21.26666666666563,0.49888819705691156,0.05343740580692329,0.5011118029430883,0.0
21.270833333332295,0.49889004051517044,0.053349762759987214,0.5011099594848295,0.0
21.27499999999896,0.49889188122148803,0.05326224741315449,0.501108118778512,0.0
21.279166666665628,0.4988937191789412,0.053174859633752375,0.5011062808210589,0.0
21.283333333332294,0.49889555439060695,0.05308759928907466,0.5011044456093932,0.0
21.28749999999896,0.49889738685956164,0.05300046624638279,0.5011026131404384,0.0
21.291666666665627,0.49889921658888203,0.052913460372906736,0.5011007834111181,0.0
21.295833333332293,0.4989010435823186,0.052826581517867,0.5010989564176813,0.0
21.29999999999896,0.49890286784369975,0.05273982952838427,0.5010971321563004,0.0
21.304166666665626,0.4989046893748733,0.05265320430432175,0.5010953106251268,0.0
21.308333333332293,0.49890650817892424,0.052566705712539845,0.5010934918210758,0.0
21.31249999999896,0.4989083242589375,0.0524803336198656,0.5010916757410624,0.0
21.316666666665625,0.4989101376179978,0.05239408789309368,0.5010898623820021,0.0
21.320833333332292,0.4989119482591899,0.05230796839898732,0.5010880517408101,0.0
21.32499999999896,0.49891375618559847,0.05222197500427916,0.5010862438144016,0.0
21.329166666665625,0.4989155614003078,0.05213610757567199,0.5010844385996922,0.0
21.33333333333229,0.49891736390640234,0.052050365979839766,0.5010826360935976,0.0
21.337499999998958,0.4989191637069664,0.05196475008342856,0.5010808362930336,0.0
21.341666666665628,0.49892096080508386,0.05187925975305727,0.5010790391949163,0.0
21.34583333333229,0.49892275520383855,0.05179389485531873,0.5010772447961614,0.0
21.349999999998957,0.49892454690631427,0.05170865525678014,0.5010754530936857,0.0
21.354166666665623,0.4989263359155943,0.05162354082398451,0.5010736640844057,0.0
21.358333333332286,0.4989281222347619,0.051538551423451304,0.501071877765238,0.0
21.362499999998956,0.49892990586690006,0.05145368692167705,0.5010700941331,0.0
21.366666666665623,0.4989316868150914,0.05136894718513672,0.5010683131849086,0.0
21.37083333333229,0.4989334650824183,0.05128433208028425,0.5010665349175817,0.0
21.37499999999896,0.4989352406719629,0.05119984147355361,0.5010647593280371,0.0
21.379166666665622,0.498937013586807,0.051115475231359626,0.5010629864131929,0.0
21.38333333333229,0.49893878383003204,0.051031233220098615,0.5010612161699679,0.0
21.387499999998955,0.4989405514047191,0.05094711530614976,0.501059448595281,0.0
21.391666666665618,0.498942316313949,0.05086312135587574,0.5010576836860511,0.0
21.395833333332288,0.4989440785608019,0.0507792512356233,0.501055921439198,0.0
21.399999999998954,0.49894583814835813,0.05069550481172477,0.5010541618516419,0.0
21.40416666666562,0.49894759507969694,0.050611881950498434,0.501052404920303,0.0
21.40833333333229,0.4989493493578976,0.050528382518249676,0.5010506506421024,0.0
21.412499999998953,0.4989511009860388,0.05044500638127179,0.5010488990139613,0.0
21.41666666666562,0.4989528499671987,0.050361753405846615,0.5010471500328014,0.0
21.420833333332286,0.498954596304455,0.050278623458245894,0.501045403695545,0.0
21.42499999999895,0.4989563400008851,0.050195616404731934,0.5010436599991149,0.0
21.42916666666562,0.49895808105956574,0.05011273211155815,0.5010419189404342,0.0
21.433333333332286,0.4989598194835731,0.05002997044497059,0.501040180516427,0.0
21.437499999998952,0.49896155527598285,0.04994733127120832,0.5010384447240173,0.0
21.441666666665622,0.49896328843987003,0.04986481445650451,0.5010367115601301,0.0
21.445833333332285,0.49896501897830925,0.04978241986708737,0.5010349810216908,0.0
21.44999999999895,0.49896674689437454,0.049700147369180624,0.5010332531056254,0.0
21.454166666665618,0.49896847219113927,0.049617996829005015,0.5010315278088608,0.0
21.45833333333228,0.49897019487167604,0.04953596811277886,0.5010298051283241,0.0
21.46249999999895,0.49897191493905696,0.049454061086718654,0.5010280850609431,0.0
21.466666666665617,0.4989736323963535,0.04937227561704053,0.5010263676036466,0.0
21.470833333332283,0.4989753472466364,0.04929061156996076,0.5010246527533635,0.0
21.474999999998953,0.49897705949299564,0.04920906880932934,0.5010229405070044,0.0
21.479166666665616,0.49897876913898004,0.049127647144096155,0.5010212308610199,0.0
21.483333333332283,0.49898047618720887,0.049046346494163666,0.501019523812791,0.0
21.48749999999895,0.49898218064075234,0.04896516672547195,0.5010178193592476,0.0
21.491666666665612,0.4989838825026801,0.048884107703958304,0.5010161174973199,0.0
21.495833333332282,0.498985581776061,0.04880316929555775,0.5010144182239389,0.0
21.49999999999895,0.4989872784639633,0.04872235136620441,0.5010127215360367,0.0
21.504166666665615,0.4989889725694544,0.04864165378183192,0.5010110274305456,0.0
21.508333333332285,0.49899066409560094,0.048561076408374315,0.501009335904399,0.0
21.512499999998948,0.4989923530454691,0.04848061911176694,0.5010076469545309,0.0
21.516666666665614,0.49899403942212367,0.04840028175794685,0.5010059605778764,0.0
21.52083333333228,0.49899572322862923,0.04832006421285417,0.5010042767713708,0.0
21.524999999998943,0.4989974044680492,0.048239966342432626,0.5010025955319508,0.0
21.529166666665613,0.4989990831434463,0.048159988012630085,0.5010009168565536,0.0
21.53333333333228,0.4990007592578825,0.048080129089399855,0.5009992407421175,0.0
21.537499999998946,0.49900243281441864,0.04800038943870112,0.5009975671855813,0.0
21.541666666665616,0.4990041038161148,0.04792076892649989,0.5009958961838851,0.0
21.54583333333228,0.4990057722660305,0.04784126741876984,0.5009942277339695,0.0
21.549999999998946,0.4990074381672237,0.04776188478149271,0.5009925618327763,0.0
21.554166666665612,0.4990091015227519,0.047682620880659735,0.5009908984772482,0.0
21.558333333332275,0.49901076233567154,0.0476034755822721,0.5009892376643285,0.0
21.562499999998945,0.4990124206090382,0.047524448752341505,0.5009875793909618,0.0
21.56666666666561,0.4990140763459064,0.04744554025689147,0.5009859236540937,0.0
21.570833333332278,0.4990157295493294,0.0473667499619578,0.5009842704506705,0.0
21.574999999998948,0.4990173802223601,0.04728807773358946,0.5009826197776398,0.0
21.57916666666561,0.4990190283680499,0.047209523437849475,0.5009809716319502,0.0
21.583333333332277,0.49902067398944916,0.04713108694081533,0.5009793260105508,0.0
21.587499999998943,0.4990223170896074,0.04705276810858036,0.5009776829103926,0.0
21.591666666665606,0.49902395767157304,0.04697456680725423,0.500976042328427,0.0
21.595833333332276,0.4990255957383933,0.046896482902963506,0.5009744042616068,0.0
21.599999999998943,0.49902723129311427,0.04681851626185295,0.5009727687068857,0.0
21.60416666666561,0.4990288643387814,0.04674066675008597,0.5009711356612186,0.0
21.60833333333228,0.49903049487843826,0.04666293423384553,0.5009695051215618,0.0
21.612499999998942,0.4990321229151278,0.046585318579335025,0.5009678770848722,0.0
21.61666666666561,0.4990337484518917,0.046507819652778705,0.5009662515481083,0.0
21.620833333332275,0.4990353714917705,0.046430437320422985,0.5009646285082295,0.0
21.624999999998938,0.4990369920378034,0.04635317144853707,0.5009630079621966,0.0
21.629166666665608,0.49903861009302847,0.04627602190341338,0.5009613899069715,0.0
21.633333333332274,0.4990402256604828,0.04619898855136894,0.5009597743395172,0.0
21.63749999999894,0.4990418387432018,0.046122071258745796,0.5009581612567983,0.0
21.64166666666561,0.49904344934421996,0.0460452698919119,0.50095655065578,0.0
21.645833333332273,0.49904505746657035,0.04596858431726203,0.5009549425334296,0.0
21.64999999999894,0.49904666311328494,0.045892014401218185,0.5009533368867152,0.0
21.654166666665606,0.49904826628739407,0.045815560010230946,0.5009517337126059,0.0
21.65833333333227,0.49904986699294007,0.04573922094441492,0.5009501330070599,0.0
21.66249999999894,0.4990514652324013,0.045662997106279336,0.5009485347675987,0.0
21.666666666665606,0.4990530610084658,0.0455868883845463,0.5009469389915342,0.0
21.670833333332272,0.4990546543241641,0.04551089464543589,0.5009453456758359,0.0
21.674999999998942,0.49905624518252556,0.04543501575519229,0.5009437548174744,0.0
21.679166666665605,0.4990578335865782,0.04535925158008457,0.5009421664134218,0.0
21.68333333333227,0.4990594195393488,0.045283601986407046,0.5009405804606513,0.0
21.687499999998938,0.4990610030438629,0.045208066840480524,0.5009389969561371,0.0
21.6916666666656,0.4990625841031445,0.04513264600865276,0.5009374158968554,0.0
21.69583333333227,0.49906416272021675,0.045057339357298894,0.5009358372797832,0.0
21.699999999998937,0.49906573889810096,0.044982146752822735,0.500934261101899,0.0
21.704166666665603,0.4990673126398174,0.04490706806165706,0.5009326873601827,0.0
21.708333333332273,0.4990688839483846,0.044832103150264424,0.5009311160516153,0.0
21.712499999998936,0.49907045282682044,0.04475725188513803,0.5009295471731795,0.0
21.716666666665603,0.4990720192781407,0.044682514132802005,0.5009279807218594,0.0
21.72083333333227,0.4990735833053599,0.0446078897598127,0.50092641669464,0.0
21.724999999998932,0.4990751449114916,0.0445333786327591,0.5009248550885085,0.0
21.729166666665602,0.4990767040995472,0.044458980618263325,0.5009232959004527,0.0
21.73333333333227,0.4990782608725373,0.0443846955829818,0.5009217391274627,0.0
21.737499999998935,0.4990798152334705,0.04431052339360566,0.5009201847665294,0.0
21.741666666665605,0.4990813671853545,0.04423646391686159,0.5009186328146454,0.0
21.745833333332268,0.49908291673119504,0.044162517019512536,0.500917083268805,0.0
21.749999999998934,0.49908446387399635,0.04408868256835813,0.5009155361260037,0.0
21.7541666666656,0.49908600861676145,0.04401496043023591,0.5009139913832384,0.0
21.758333333332263,0.49908755096249174,0.0439413504720218,0.5009124490375083,0.0
21.762499999998933,0.4990890909141869,0.0438678525606305,0.5009109090858131,0.0
21.7666666666656,0.4990906284748451,0.04379446656301677,0.5009093715251549,0.0
21.770833333332266,0.4990921636474631,0.043721192346175816,0.500907836352537,0.0
21.774999999998936,0.49909369643503587,0.043648029777144014,0.5009063035649641,0.0
21.7791666666656,0.49909522684055685,0.043574978722999785,0.5009047731594433,0.0
21.783333333332266,0.4990967548670179,0.043502039050863923,0.5009032451329821,0.0
21.787499999998932,0.4990982805174091,0.04342921062790083,0.5009017194825909,0.0
21.791666666665595,0.4990998037947191,0.043356493321319,0.5009001962052809,0.0
21.795833333332265,0.4991013247019347,0.04328388699837143,0.5008986752980652,0.0
21.79999999999893,0.4991028432420411,0.043211391526356877,0.5008971567579588,0.0
21.804166666665598,0.49910435941802195,0.043139006772620225,0.500895640581978,0.0
21.808333333332268,0.49910587323285893,0.04306673260455328,0.5008941267671412,0.0
21.81249999999893,0.4991073846895319,0.042994568889595554,0.500892615310468,0.0
21.816666666665597,0.4991088937910197,0.0429225154952347,0.5008911062089804,0.0
21.820833333332263,0.4991104005402983,0.04285057228900763,0.5008895994597016,0.0
21.824999999998926,0.4991119049403431,0.04277873913850108,0.5008880950596569,0.0
21.829166666665596,0.4991134069941268,0.042707015911352016,0.5008865930058731,0.0
21.833333333332263,0.4991149067046208,0.042635402475248836,0.5008850932953792,0.0
21.83749999999893,0.4991164040747944,0.042563898697931785,0.5008835959252055,0.0
21.8416666666656,0.49911789910761556,0.04249250444719376,0.5008821008923845,0.0
21.845833333332262,0.4991193918060497,0.042421219590881055,0.5008806081939503,0.0
21.84999999999893,0.4991208821730609,0.0423500439968938,0.5008791178269391,0.0
21.854166666665595,0.49912237021161143,0.04227897753318713,0.5008776297883887,0.0
21.858333333332258,0.4991238559278007,0.04220801995398953,0.5008761440721993,0.0
21.862499999998928,0.4991253393218688,0.04213717122588732,0.5008746606781312,0.0
21.866666666665594,0.4991268203966495,0.04206643122144512,0.5008731796033504,0.0
21.87083333333226,0.4991282991551103,0.041995799808381265,0.5008717008448897,0.0
21.87499999999893,0.49912977560021665,0.04192527685446162,0.5008702243997835,0.0
21.879166666665594,0.49913124973493245,0.04185486222750031,0.5008687502650675,0.0
21.88333333333226,0.49913272156222027,0.04178455579536002,0.5008672784377798,0.0
21.887499999998926,0.49913419108504054,0.04171435742595306,0.5008658089149595,0.0
21.89166666666559,0.49913565830635226,0.04164426698724171,0.5008643416936477,0.0
21.89583333333226,0.49913712322911286,0.041574284347238616,0.5008628767708871,0.0
21.899999999998926,0.4991385858562777,0.041504409374007865,0.5008614141437224,0.0
21.904166666665592,0.4991400461908006,0.041434641935665255,0.5008599538091993,0.0
21.908333333332262,0.4991415042356339,0.041364981900379016,0.500858495764366,0.0
21.912499999998925,0.49914295999372793,0.041295429136370444,0.5008570400062721,0.0
21.91666666666559,0.4991444134680311,0.04122598351191421,0.5008555865319688,0.0
21.920833333332258,0.4991458646614906,0.04115664489533948,0.5008541353385093,0.0
21.92499999999892,0.49914731357705133,0.041087413155030214,0.5008526864229487,0.0
21.92916666666559,0.4991487602176567,0.04101828815942556,0.5008512397823434,0.0
21.933333333332257,0.4991502045862481,0.040949269777020965,0.500849795413752,0.0
21.937499999998924,0.49915164668576534,0.040880357876368414,0.5008483533142347,0.0
21.941666666665594,0.4991530865191462,0.04081155232607714,0.5008469134808538,0.0
21.945833333332256,0.499154524089327,0.0407428529948143,0.5008454759106731,0.0
21.949999999998923,0.4991559593992417,0.04067425975130528,0.5008440406007584,0.0
21.95416666666559,0.4991573924518227,0.040605772464334736,0.5008426075481772,0.0
21.958333333332252,0.49915882325000077,0.04053739100274702,0.5008411767499993,0.0
21.962499999998922,0.4991602517967043,0.04046911523544647,0.5008397482032957,0.0
21.96666666666559,0.49916167809486,0.040400945031398565,0.5008383219051399,0.0
21.970833333332255,0.49916310214739296,0.040332880259630166,0.500836897852607,0.0
21.974999999998925,0.499164523957226,0.040264920789230205,0.500835476042774,0.0
21.979166666665588,0.4991659435272801,0.04019706648935039,0.50083405647272,0.0
21.983333333332254,0.4991673608604745,0.040129317229205486,0.5008326391395256,0.0
21.98749999999892,0.49916877595972603,0.04006167287807436,0.5008312240402739,0.0
21.991666666665584,0.49917018882795045,0.03999413330530041,0.5008298111720496,0.0
21.995833333332254,0.49917159946806033,0.039926698380291864,0.5008284005319396,0.0
21.99999999999892,0.49917300788296753,0.03985936797252293,0.5008269921170324,0.0
22.004166666665586,0.4991744140755811,0.03979214195153403,0.500825585924419,0.0
22.008333333332256,0.49917581804880823,0.039725020186932476,0.5008241819511918,0.0
22.01249999999892,0.4991772198055542,0.039658002548393224,0.5008227801944457,0.0
22.016666666665586,0.4991786193487224,0.0395910889056591,0.5008213806512776,0.0
22.020833333332252,0.499180016681214,0.03952427912854188,0.5008199833187861,0.0
22.024999999998915,0.4991814118059281,0.039457573086922694,0.5008185881940719,0.0
22.029166666665585,0.4991828047257618,0.03939097065075237,0.5008171952742382,0.0
22.03333333333225,0.4991841954436104,0.03932447169005251,0.5008158045563896,0.0
22.037499999998918,0.4991855839623665,0.03925807607491577,0.5008144160376334,0.0
22.041666666665588,0.4991869702849213,0.0391917836755066,0.5008130297150787,0.0
22.04583333333225,0.49918835441416354,0.03912559436206184,0.5008116455858364,0.0
22.049999999998917,0.4991897363529798,0.039059508004891094,0.5008102636470202,0.0
22.054166666665584,0.49919111610472416,0.03899352445486876,0.5008088838952758,0.0
22.058333333332246,0.4991924936741502,0.03892764350471102,0.5008075063258498,0.0
22.062499999998916,0.49919386906204083,0.038861865112091824,0.5008061309379592,0.0
22.066666666665583,0.49919524227128476,0.0387961891471798,0.5008047577287152,0.0
22.07083333333225,0.4991966133047688,0.038730615480209174,0.5008033866952312,0.0
22.07499999999892,0.4991979821653778,0.038665143981480334,0.5008020178346223,0.0
22.079166666665582,0.4991993488559946,0.03859977452136042,0.5008006511440054,0.0
22.08333333333225,0.49920071337950017,0.03853450697028349,0.5007992866204998,0.0
22.087499999998915,0.4992020757387737,0.03846934119875151,0.5007979242612263,0.0
22.091666666665578,0.49920343593669203,0.0384042770773346,0.500796564063308,0.0
22.095833333332248,0.49920479397613043,0.03833931447667131,0.5007952060238696,0.0
22.099999999998914,0.49920614985996176,0.0382744532674696,0.5007938501400382,0.0
22.10416666666558,0.4992075035910573,0.038209693320507,0.5007924964089427,0.0
22.10833333333225,0.4992088551722862,0.0381450345066312,0.5007911448277139,0.0
22.112499999998914,0.4992102046065154,0.03808047669676061,0.5007897953934846,0.0
22.11666666666558,0.4992115518966101,0.03801601976188462,0.5007884481033898,0.0
22.120833333332246,0.4992128970454335,0.03795166357306447,0.5007871029545666,0.0
22.12499999999891,0.4992142400558464,0.03788740800143353,0.5007857599441536,0.0
22.12916666666558,0.49921558093070784,0.037823252918197665,0.500784419069292,0.0
22.133333333332246,0.4992169196728749,0.037759198194636086,0.500783080327125,0.0
22.137499999998912,0.49921825628520244,0.03769524370210159,0.5007817437147977,0.0
22.141666666665582,0.4992195907705433,0.03763138931202112,0.5007804092294568,0.0
22.145833333332245,0.49922092313174793,0.037567634895896346,0.500779076868252,0.0
22.14999999999891,0.49922225337166537,0.037503980325303915,0.5007777466283346,0.0
22.154166666665578,0.49922358149314205,0.0374404254718963,0.5007764185068581,0.0
22.15833333333224,0.49922490749902243,0.03737697020740212,0.5007750925009775,0.0
22.16249999999891,0.49922623139214894,0.03731361440362648,0.5007737686078512,0.0
22.166666666665577,0.4992275531753617,0.037250357932451815,0.5007724468246383,0.0
22.170833333332244,0.49922887285149886,0.037187200665838145,0.5007711271485012,0.0
22.174999999998914,0.4992301904233963,0.03712414247582363,0.5007698095766037,0.0
22.179166666665576,0.4992315058938882,0.0370611832345252,0.5007684941061119,0.0
22.183333333332243,0.49923281926580576,0.03699832281413866,0.5007671807341942,0.0
22.18749999999891,0.4992341305419788,0.03693556108693971,0.5007658694580213,0.0
22.191666666665572,0.4992354397252345,0.03687289792528421,0.5007645602747655,0.0
22.195833333332242,0.49923674681839814,0.036810333201608425,0.5007632531816019,0.0
22.19999999999891,0.4992380518242926,0.03674786678843,0.5007619481757075,0.0
22.204166666665575,0.49923935474573866,0.036685498558348156,0.5007606452542613,0.0
22.208333333332245,0.49924065558555497,0.03662322838404425,0.5007593444144451,0.0
22.212499999998908,0.49924195434655777,0.03656105613828237,0.5007580456534423,0.0
22.216666666665574,0.4992432510315611,0.036498981693909534,0.5007567489684388,0.0
22.22083333333224,0.49924454564337706,0.03643700492385662,0.5007554543566229,0.0
22.224999999998904,0.49924583818481516,0.036375125701138634,0.5007541618151848,0.0
22.229166666665574,0.4992471286586828,0.03631334389885505,0.5007528713413171,0.0
22.23333333333224,0.4992484170677853,0.03625165939019068,0.5007515829322148,0.0
22.237499999998906,0.49924970341492514,0.03619007204841588,0.5007502965850748,0.0
22.241666666665576,0.4992509877029034,0.036128581746887226,0.5007490122970967,0.0
22.24583333333224,0.4992522699345179,0.03606718835904791,0.500747730065482,0.0
22.249999999998906,0.499253550112565,0.03600589175842816,0.500746449887435,0.0
22.254166666665572,0.49925482824048006,0.03594469178135136,0.5007451717595199,0.0
22.258333333332235,0.49925610432149764,0.03588358827577505,0.5007438956785023,0.0
22.262499999998905,0.49925737835747,0.03582258116992853,0.5007426216425299,0.0
22.26666666666557,0.49925865035119044,0.035761670337323415,0.5007413496488096,0.0
22.270833333332238,0.49925992030544974,0.035700855651552135,0.5007400796945503,0.0
22.274999999998908,0.4992611882230367,0.035640136986288484,0.5007388117769633,0.0
22.27916666666557,0.499262454106738,0.03557951421528804,0.5007375458932619,0.0
22.283333333332237,0.4992637179593379,0.03551898721238834,0.5007362820406621,0.0
22.287499999998904,0.4992649797836185,0.035458555851509664,0.5007350202163815,0.0
22.291666666665567,0.4992662395823599,0.035398220006655295,0.5007337604176402,0.0
22.295833333332236,0.49926749735833953,0.03533797955191165,0.5007325026416604,0.0
22.299999999998903,0.4992687531143331,0.035277834361449184,0.500731246885667,0.0
22.30416666666557,0.49927000685311357,0.035217784309522465,0.5007299931468864,0.0
22.30833333333224,0.49927125857745214,0.035157829270470675,0.5007287414225478,0.0
22.312499999998902,0.4992725082901174,0.035097969118718104,0.5007274917098826,0.0
22.31666666666557,0.4992737559938756,0.03503820372877426,0.5007262440061243,0.0
22.320833333332235,0.49927500169149114,0.034978532975234705,0.5007249983085088,0.0
22.324999999998898,0.4992762453857257,0.03491895673278125,0.5007237546142742,0.0
22.329166666665568,0.49927748707933906,0.034859474876182205,0.5007225129206611,0.0
22.333333333332234,0.4992787267750882,0.0348000872802931,0.5007212732249118,0.0
22.3374999999989,0.49927996447572837,0.03474079382005696,0.5007200355242716,0.0
22.34166666666557,0.4992812001840122,0.03468159437050467,0.5007187998159879,0.0
22.345833333332234,0.4992824339026899,0.034622488806755496,0.5007175660973101,0.0
22.3499999999989,0.4992836656345096,0.03456347700401724,0.5007163343654905,0.0
22.354166666665567,0.499284895382217,0.03450455883758703,0.5007151046177831,0.0
22.35833333333223,0.49928612314855525,0.03444573418285154,0.5007138768514446,0.0
22.3624999999989,0.49928734893626564,0.034387002915287214,0.5007126510637343,0.0
22.366666666665566,0.4992885727480867,0.03432836491046105,0.5007114272519132,0.0
22.370833333332232,0.4992897945867547,0.03426982004403075,0.5007102054132452,0.0
22.374999999998902,0.4992910144550037,0.03421136819174525,0.5007089855449964,0.0
22.379166666665565,0.499292232355565,0.034153009229445086,0.5007077676444349,0.0
22.38333333333223,0.49929344829116795,0.034094743033062674,0.500706551708832,0.0
22.387499999998898,0.4992946622645393,0.034036569478623005,0.5007053377354608,0.0
22.39166666666556,0.49929587427840333,0.03397848844224392,0.5007041257215967,0.0
22.39583333333223,0.4992970843354821,0.03392049980013633,0.500702915664518,0.0
22.399999999998897,0.49929829243849505,0.03386260342860496,0.500701707561505,0.0
22.404166666665564,0.49929949859015943,0.033804799204048566,0.5007005014098405,0.0
22.408333333332234,0.49930070279319005,0.03374708700296039,0.50069929720681,0.0
22.412499999998897,0.49930190505029903,0.0336894667019286,0.500698094949701,0.0
22.416666666665563,0.49930310536419625,0.03363193817763649,0.5006968946358038,0.0
22.42083333333223,0.4993043037375891,0.03357450130686326,0.5006956962624108,0.0
22.424999999998892,0.49930550017318254,0.03351715596648423,0.5006944998268174,0.0
22.429166666665562,0.499306694673679,0.03345990203347109,0.500693305326321,0.0
22.43333333333223,0.49930788724177855,0.033402739384892625,0.5006921127582215,0.0
22.437499999998895,0.49930907788017864,0.03334566789791494,0.5006909221198214,0.0
22.441666666665565,0.4993102665915744,0.03328868744980191,0.5006897334084256,0.0
22.445833333332228,0.4993114533786583,0.03323179791791564,0.5006885466213417,0.0
22.449999999998894,0.4993126382441204,0.03317499917971667,0.5006873617558795,0.0
22.45416666666556,0.499313821191533,0.03311829106248599,0.5006861788084669,0.0
22.458333333332224,0.49931500222335623,0.03306167345664932,0.5006849977766437,0.0
22.462499999998894,0.4993161813417442,0.03300514627001255,0.5006838186582557,0.0
22.46666666666556,0.4993173585493824,0.03294870938011335,0.5006826414506175,0.0
22.470833333332227,0.4993185338489543,0.03289236266458247,0.5006814661510457,0.0
22.474999999998897,0.49931970724314045,0.032836106001144075,0.5006802927568594,0.0
22.47916666666556,0.49932087873461944,0.03277993926761629,0.5006791212653805,0.0
22.483333333332226,0.49932204832606725,0.03272386234191114,0.5006779516739328,0.0
22.487499999998892,0.4993232160201574,0.03266787510203529,0.5006767839798425,0.0
22.491666666665555,0.49932438181956107,0.03261197742609027,0.5006756181804388,0.0
22.495833333332225,0.49932554572694704,0.03255616919227255,0.500674454273053,0.0
22.49999999999889,0.49932670774498134,0.03250045027887425,0.5006732922550187,0.0
22.504166666665558,0.499327867876328,0.03244482056428327,0.500672132123672,0.0
22.508333333332228,0.49932902612364827,0.03238927992698365,0.5006709738763517,0.0
22.51249999999889,0.4993301824896011,0.03233382824555599,0.5006698175103989,0.0
22.516666666665557,0.49933133697684284,0.03227846539867749,0.5006686630231572,0.0
22.520833333332224,0.49933248958802756,0.03222319126512275,0.5006675104119724,0.0
22.524999999998887,0.4993336403258066,0.03216800572376381,0.5006663596741934,0.0
22.529166666665557,0.49933478919282903,0.03211290865357039,0.5006652108071709,0.0
22.533333333332223,0.4993359361917413,0.032057899933610544,0.5006640638082587,0.0
22.53749999999889,0.49933708132518756,0.03200297944305075,0.5006629186748125,0.0
22.54166666666556,0.49933822459580907,0.03194814706115634,0.500661775404191,0.0
22.545833333332222,0.4993393660062449,0.031893402667291876,0.500660633993755,0.0
22.54999999999889,0.4993405055591317,0.03183874614092122,0.5006594944408683,0.0
22.554166666665555,0.4993416432571032,0.031784177361608275,0.5006583567428968,0.0
22.558333333332218,0.49934277910279085,0.03172969620901712,0.5006572208972092,0.0
22.562499999998888,0.4993439130988237,0.03167530256291214,0.5006560869011764,0.0
22.566666666665554,0.49934504524782786,0.031620996303158774,0.500654954752172,0.0
22.57083333333222,0.4993461755524275,0.031566777309723584,0.5006538244475726,0.0
22.57499999999889,0.49934730401524346,0.0315126454626746,0.5006526959847565,0.0
22.579166666665554,0.49934843063889484,0.031458600642181825,0.5006515693611051,0.0
22.58333333333222,0.4993495554259976,0.031404642728517236,0.5006504445740023,0.0
22.587499999998887,0.49935067837916536,0.031350771602055516,0.5006493216208348,0.0
22.59166666666555,0.49935179950100894,0.03129698714327421,0.5006482004989911,0.0
22.59583333333222,0.499352918794137,0.031243289232753876,0.500647081205863,0.0
22.599999999998886,0.4993540362611553,0.031189677751178778,0.5006459637388446,0.0
22.604166666665552,0.4993551519046672,0.03113615257933699,0.5006448480953327,0.0
22.608333333332222,0.4993562657272732,0.03108271359812078,0.5006437342727268,0.0
22.612499999998885,0.49935737773157146,0.03102936068852702,0.5006426222684286,0.0
22.61666666666555,0.4993584879201572,0.030976093731657266,0.5006415120798429,0.0
22.620833333332218,0.49935959629562354,0.03092291260871845,0.5006404037043766,0.0
22.62499999999888,0.4993607028605605,0.030869817201023077,0.5006392971394396,0.0
22.62916666666555,0.4993618076175556,0.03081680738998931,0.5006381923824443,0.0
22.633333333332217,0.4993629105691941,0.03076388305714174,0.500637089430806,0.0
22.637499999998884,0.499364011718058,0.03071104408411144,0.500635988281942,0.0
22.641666666665554,0.49936511106672704,0.03065829035263635,0.5006348889332729,0.0
22.645833333332217,0.49936620861777825,0.030605621744561697,0.5006337913822216,0.0
22.649999999998883,0.4993673043737862,0.030553038141840103,0.5006326956262139,0.0
22.65416666666555,0.49936839833878394,0.030500539361761933,0.500631601661216,0.0
22.658333333332212,0.4993694905143151,0.03044812533194929,0.5006305094856849,0.0
22.662499999998882,0.4993705809026698,0.0303957959469094,0.5006294190973303,0.0
22.66666666666555,0.4993716695064186,0.030343551088724663,0.5006283304935815,0.0
22.670833333332215,0.4993727563281295,0.030291390639579575,0.5006272436718705,0.0
22.674999999998885,0.49937384137036794,0.03023931448176104,0.500626158629632,0.0
22.679166666665548,0.49937492463569705,0.030187322497658712,0.5006250753643029,0.0
22.683333333332214,0.49937600612667704,0.030135414569764988,0.5006239938733229,0.0
22.68749999999888,0.49937708584586593,0.030083590580675678,0.500622914154134,0.0
22.691666666665544,0.4993781637958189,0.030031850413090047,0.5006218362041811,0.0
22.695833333332214,0.49937923997908873,0.02998019394981092,0.5006207600209113,0.0
22.69999999999888,0.4993803143982257,0.029928621073745307,0.5006196856017743,0.0
22.704166666665547,0.4993813870557774,0.029877131667904407,0.5006186129442226,0.0
22.708333333332217,0.499382457954289,0.02982572561540397,0.5006175420457111,0.0
22.71249999999888,0.49938352709630285,0.029774402799464566,0.5006164729036973,0.0
22.716666666665546,0.499384594484359,0.02972316310341167,0.5006154055156409,0.0
22.720833333332212,0.49938566012099483,0.029672006410676237,0.500614339879005,0.0
22.724999999998875,0.49938672400874523,0.029620932604794828,0.5006132759912548,0.0
22.729166666665545,0.4993877861501421,0.029569941569409636,0.5006122138498579,0.0
22.73333333333221,0.49938884654771537,0.02951903318826918,0.5006111534522847,0.0
22.737499999998878,0.49938990520399185,0.029468207345228283,0.5006100947960082,0.0
22.741666666665548,0.49939096212149603,0.029417463924248398,0.500609037878504,0.0
22.74583333333221,0.4993920173027497,0.029366802809397963,0.5006079826972504,0.0
22.749999999998877,0.499393070750272,0.029316223884852388,0.5006069292497279,0.0
22.754166666665544,0.49939412246657966,0.029265727034894697,0.5006058775334202,0.0
22.758333333332207,0.49939517245418663,0.02921531214391562,0.5006048275458133,0.0
22.762499999998877,0.4993962207156043,0.029164979096413676,0.5006037792843958,0.0
22.766666666665543,0.49939726725334116,0.029114727776995756,0.5006027327466588,0.0
22.77083333333221,0.49939831206990365,0.02906455807037721,0.5006016879300964,0.0
22.77499999999888,0.49939935516779504,0.029014469861382137,0.500600644832205,0.0
22.779166666665542,0.4994003965495161,0.0289644630349437,0.5005996034504838,0.0
22.78333333333221,0.4994014362175653,0.028914537476104195,0.5005985637824347,0.0
22.787499999998875,0.49940247417443795,0.02886469307001562,0.500597525825562,0.0
22.791666666665538,0.49940351042262704,0.028814929701939777,0.5005964895773729,0.0
22.795833333332208,0.49940454496462283,0.028765247257248393,0.5005954550353772,0.0
22.799999999998875,0.4994055778029128,0.02871564562142369,0.5005944221970872,0.0
22.80416666666554,0.499406608939982,0.02866612468005846,0.500593391060018,0.0
22.80833333333221,0.49940763837831265,0.028616684318856327,0.5005923616216873,0.0
22.812499999998874,0.4994086661203842,0.028567324423632145,0.5005913338796157,0.0
22.81666666666554,0.49940969216867387,0.02851804488031197,0.5005903078313262,0.0
22.820833333332207,0.4994107165256555,0.028468845574933687,0.5005892834743445,0.0
22.82499999999887,0.4994117391938007,0.02841972639364714,0.5005882608061992,0.0
22.82916666666554,0.4994127601755788,0.028370687222714155,0.5005872398244212,0.0
22.833333333332206,0.49941377947345533,0.028321727948509217,0.5005862205265447,0.0
22.837499999998872,0.49941479708989417,0.028272848457519456,0.5005852029101059,0.0
22.841666666665542,0.4994158130273557,0.028224048636344982,0.5005841869726442,0.0
22.845833333332205,0.4994168272882984,0.028175328371699233,0.5005831727117016,0.0
22.84999999999887,0.49941783987525373,0.02812668754685583,0.5005821601247463,0.0
22.854166666665538,0.4994188507920971,0.02807812598251556,0.5005811492079029,0.0
22.8583333333322,0.49941986003991645,0.028029643629142592,0.5005801399600837,0.0
22.86249999999887,0.49942086762116494,0.027981240373627824,0.500579132378835,0.0
22.866666666665537,0.49942187353829315,0.02793291610297038,0.5005781264617069,0.0
22.870833333332204,0.499422877793749,0.027884670704277536,0.500577122206251,0.0
22.874999999998874,0.49942388038997804,0.027836504064765007,0.5005761196100219,0.0
22.879166666665537,0.4994248813294229,0.027788416071757173,0.500575118670577,0.0
22.883333333332203,0.49942588061452386,0.027740406612687073,0.5005741193854762,0.0
22.88749999999887,0.4994268782477185,0.027692475575096923,0.5005731217522816,0.0
22.891666666665532,0.49942787423144175,0.027644622846638163,0.5005721257685583,0.0
22.895833333332202,0.499428868568126,0.02759684831507148,0.500571131431874,0.0
22.89999999999887,0.4994298612602011,0.027549151868267327,0.5005701387397988,0.0
22.904166666665535,0.4994308523100942,0.027501533394205933,0.5005691476899058,0.0
22.908333333332205,0.49943184172022986,0.02745399278097751,0.5005681582797702,0.0
22.912499999998868,0.4994328294930298,0.02740652991678253,0.5005671705069702,0.0
22.916666666665535,0.4994338156309136,0.02735914468993172,0.5005661843690864,0.0
22.9208333333322,0.4994348001362978,0.027311836988846563,0.5005651998637021,0.0
22.924999999998864,0.4994357830115966,0.027264606702059345,0.5005642169884035,0.0
22.929166666665534,0.4994367642592212,0.027217453718213165,0.5005632357407788,0.0
22.9333333333322,0.49943774388158046,0.02717037792606251,0.5005622561184194,0.0
22.937499999998867,0.4994387218810806,0.027123379214473185,0.5005612781189194,0.0
22.941666666665537,0.4994396982601252,0.027076457472422585,0.5005603017398749,0.0
22.9458333333322,0.49944067302111494,0.027029612588999954,0.5005593269788849,0.0
22.949999999998866,0.4994416461664482,0.02698284445340637,0.5005583538335519,0.0
22.954166666665532,0.4994426176985205,0.02693615295495523,0.5005573823014796,0.0
22.958333333332195,0.49944358761972485,0.026889537983072344,0.5005564123802753,0.0
22.962499999998865,0.49944455593245135,0.026842999427295913,0.5005554440675486,0.0
22.96666666666553,0.49944552263908776,0.026796537177277105,0.5005544773609122,0.0
22.970833333332198,0.49944648774201916,0.026750151122779987,0.500553512257981,0.0
22.974999999998868,0.49944745124362755,0.026703841153681823,0.5005525487563723,0.0
22.97916666666553,0.49944841314629296,0.026657607159973295,0.5005515868537072,0.0
22.983333333332197,0.49944937345239204,0.026611449031758484,0.5005506265476081,0.0
22.987499999998864,0.49945033216429907,0.026565366659255414,0.5005496678357009,0.0
22.991666666665527,0.499451289284386,0.026519359932796083,0.500548710715614,0.0
22.995833333332197,0.4994522448150215,0.02647342874282648,0.5005477551849785,0.0
22.999999999998863,0.49945319875857197,0.026427572979907128,0.500546801241428,0.0
23.00416666666553,0.49945415111740094,0.02638179253471306,0.5005458488825991,0.0
23.0083333333322,0.49945510189386944,0.026336087298034064,0.5005448981061307,0.0
23.012499999998862,0.4994560510903354,0.026290457160774938,0.5005439489096645,0.0
23.01666666666553,0.4994569987091548,0.026244902013955497,0.5005430012908453,0.0
23.020833333332195,0.49945794475268007,0.02619942174871105,0.5005420552473199,0.0
23.024999999998858,0.49945888922326154,0.02615401625629248,0.5005411107767385,0.0
23.029166666665528,0.4994598321232466,0.026108685428066238,0.5005401678767535,0.0
23.033333333332195,0.4994607734549801,0.02606342915551491,0.50053922654502,0.0
23.03749999999886,0.4994617132208039,0.02601824733023716,0.5005382867791961,0.0
23.04166666666553,0.4994626514230574,0.025973139843948025,0.5005373485769425,0.0
23.045833333332194,0.4994635880640773,0.025928106588479116,0.5005364119359227,0.0
23.04999999999886,0.4994645231464885,0.025883147439140317,0.5005354768535116,0.0
23.054166666665527,0.4994654566731806,0.025838262256064722,0.5005345433268195,0.0
23.05833333333219,0.49946638864573095,0.025793450974381488,0.500533611354269,0.0
23.06249999999886,0.4994673190664697,0.02574871348614639,0.5005326809335303,0.0
23.066666666665526,0.499468247937724,0.025704049683527182,0.5005317520622761,0.0
23.070833333332192,0.49946917526181867,0.025659459458803505,0.5005308247381812,0.0
23.074999999998862,0.49947010104107603,0.025614942704367108,0.500529898958924,0.0
23.079166666665525,0.4994710252778154,0.025570499312722022,0.5005289747221846,0.0
23.08333333333219,0.4994719479743537,0.0255261291764845,0.5005280520256463,0.0
23.087499999998858,0.49947286913300515,0.02548183218838346,0.500527130866995,0.0
23.09166666666552,0.49947378875608134,0.025437608241260484,0.5005262112439187,0.0
23.09583333333219,0.49947470684589124,0.025393457228069787,0.5005252931541088,0.0
23.099999999998857,0.4994756234047411,0.025349379041878676,0.5005243765952588,0.0
23.104166666665524,0.4994765384349349,0.02530537357586749,0.5005234615650652,0.0
23.108333333332194,0.49947745193877324,0.025261440723329778,0.5005225480612268,0.0
23.112499999998857,0.4994783639185549,0.02521758037767249,0.5005216360814452,0.0
23.116666666665523,0.49947927437657536,0.025173792432415933,0.5005207256234246,0.0
23.12083333333219,0.49948018331512783,0.025130076781194208,0.5005198166848721,0.0
23.124999999998852,0.49948109073650265,0.02508643331775517,0.5005189092634973,0.0
23.129166666665522,0.4994819966429878,0.025042861935960472,0.5005180033570121,0.0
23.13333333333219,0.4994829010368683,0.02499936252978594,0.5005170989631316,0.0
23.137499999998855,0.49948380392042663,0.024955934993321594,0.5005161960795733,0.0
23.141666666665525,0.49948470529594263,0.024912579220771745,0.5005152947040573,0.0
23.145833333332188,0.4994856051656935,0.02486929510645527,0.5005143948343066,0.0
23.149999999998855,0.49948650353195356,0.024826082544805495,0.5005134964680463,0.0
23.15416666666552,0.49948740039699496,0.02478294143037068,0.5005125996030051,0.0
23.158333333332184,0.4994882957630866,0.024739871657813946,0.5005117042369135,0.0
23.162499999998854,0.49948918963249506,0.02469687312191335,0.5005108103675049,0.0
23.16666666666552,0.4994900820074842,0.02465394571756225,0.5005099179925158,0.0
23.170833333332187,0.49949097289031513,0.024611089339769295,0.5005090271096848,0.0
23.174999999998857,0.49949186228324643,0.02456830388365859,0.5005081377167535,0.0
23.17916666666552,0.49949275018853384,0.0245255892444699,0.5005072498114661,0.0
23.183333333332186,0.4994936366084305,0.02448294531755857,0.5005063633915695,0.0
23.187499999998852,0.499494521545187,0.02444037199839598,0.5005054784548131,0.0
23.191666666665515,0.49949540500105083,0.024397869182569566,0.5005045949989492,0.0
23.195833333332185,0.4994962869782673,0.024355436765782744,0.5005037130217327,0.0
23.19999999999885,0.49949716747907885,0.024313074643855407,0.5005028325209211,0.0
23.204166666665518,0.49949804650572505,0.024270782712723843,0.500501953494275,0.0
23.208333333332188,0.499498924060443,0.024228560868440916,0.5005010759395571,0.0
23.21249999999885,0.499499800145467,0.02418640900717628,0.5005001998545329,0.0
23.216666666665517,0.49950067476302895,0.024144327025216322,0.5004993252369712,0.0
23.220833333332184,0.49950154791535745,0.02410231481896456,0.5004984520846426,0.0
23.224999999998847,0.4995024196046789,0.024060372284941678,0.5004975803953212,0.0
23.229166666665517,0.4995032898332169,0.024018499319785506,0.5004967101667831,0.0
23.233333333332183,0.49950415860319236,0.023976695820251456,0.5004958413968077,0.0
23.23749999999885,0.49950502591682333,0.023934961683212456,0.5004949740831767,0.0
23.24166666666552,0.4995058917763253,0.02389329680565916,0.5004941082236747,0.0
23.245833333332182,0.49950675618391105,0.023851701084700107,0.500493243816089,0.0
23.24999999999885,0.49950761914222996,0.023810174392182488,0.50049238085777,0.0
23.254166666665515,0.4995084806535695,0.023768716620821282,0.5004915193464305,0.0
23.25833333333218,0.49950934071969666,0.023727327693354398,0.5004906592803033,0.0
23.262499999998848,0.49951019934281704,0.023686007507158657,0.5004898006571828,0.0
23.266666666665515,0.49951105652513345,0.023644755959724824,0.5004889434748665,0.0
23.27083333333218,0.499511912268846,0.023603572948657458,0.5004880877311539,0.0
23.27499999999885,0.4995127665761524,0.023562458371675095,0.5004872334238476,0.0
23.279166666665514,0.49951361944924744,0.023521412126610356,0.5004863805507526,0.0
23.28333333333218,0.4995144708903233,0.02348043411140988,0.5004855291096766,0.0
23.287499999998847,0.49951532090156997,0.023439524224134665,0.5004846790984301,0.0
23.29166666666551,0.4995161694851741,0.023398682362960055,0.500483830514826,0.0
23.29583333333218,0.4995170166433202,0.02335790842617565,0.5004829833566798,0.0
23.299999999998846,0.49951786237818996,0.02331720231218574,0.5004821376218099,0.0
23.304166666665513,0.49951870669196263,0.023276563919509146,0.5004812933080375,0.0
23.308333333332182,0.49951954958681444,0.023235993146779387,0.5004804504131856,0.0
23.312499999998845,0.49952039106491936,0.02319548989274483,0.5004796089350806,0.0
23.316666666665512,0.49952123112844843,0.023155054056268578,0.5004787688715515,0.0
23.32083333333218,0.49952206977957025,0.023114685536328856,0.5004779302204296,0.0
23.32499999999884,0.49952290702045066,0.023074384232018953,0.5004770929795495,0.0
23.32916666666551,0.4995237428532528,0.02303415004254716,0.5004762571467471,0.0
23.333333333332178,0.49952457728013744,0.022993982867237195,0.5004754227198626,0.0
23.337499999998844,0.49952541030326225,0.022953882605528043,0.5004745896967377,0.0
23.341666666665514,0.4995262419247826,0.022913849156974146,0.5004737580752173,0.0
23.345833333332177,0.49952707214685127,0.022873882421245505,0.5004729278531487,0.0
23.349999999998843,0.499527900971618,0.022833982298127616,0.500472099028382,0.0
23.35416666666551,0.49952872840123025,0.022794148687521835,0.5004712715987698,0.0
23.358333333332173,0.4995295544378326,0.022754381489445308,0.5004704455621675,0.0
23.362499999998843,0.49953037908356707,0.022714680604030948,0.500469620916433,0.0
23.36666666666551,0.49953120234057297,0.0226750459315278,0.5004687976594271,0.0
23.370833333332175,0.499532024210987,0.02263547737230096,0.5004679757890129,0.0
23.374999999998845,0.49953284469694326,0.02259597482683168,0.5004671553030566,0.0
23.37916666666551,0.4995336638005731,0.022556538195717544,0.5004663361994268,0.0
23.383333333332175,0.49953448152400526,0.022517167379672364,0.5004655184759947,0.0
23.38749999999884,0.4995352978693657,0.02247786227952652,0.5004647021306343,0.0
23.391666666665504,0.4995361128387778,0.02243862279622697,0.5004638871612223,0.0
23.395833333332174,0.4995369264343623,0.022399448830837165,0.5004630735656377,0.0
23.39999999999884,0.49953773865823736,0.022360340284537414,0.5004622613417626,0.0
23.404166666665507,0.49953854951251825,0.02232129705862483,0.5004614504874818,0.0
23.408333333332177,0.4995393589993176,0.022282319054513427,0.5004606410006823,0.0
23.41249999999884,0.4995401671207458,0.022243406173734288,0.5004598328792543,0.0
23.416666666665506,0.49954097387890983,0.022204558317935455,0.5004590261210902,0.0
23.420833333332173,0.4995417792759146,0.022165775388882307,0.5004582207240853,0.0
23.424999999998835,0.4995425833138622,0.022127057288457524,0.5004574166861377,0.0
23.429166666665505,0.49954338599485193,0.022088403918661015,0.5004566140051481,0.0
23.433333333332172,0.4995441873209805,0.022049815181610314,0.5004558126790195,0.0
23.43749999999884,0.4995449872943419,0.022011290979540476,0.5004550127056582,0.0
23.44166666666551,0.49954578591702753,0.021972831214804218,0.5004542140829725,0.0
23.44583333333217,0.49954658319112594,0.021934435789872052,0.500453416808874,0.0
23.449999999998838,0.49954737911948127,0.021896104569466935,0.5004526208805188,0.0
23.454166666665504,0.4995481737038055,0.021857837474840876,0.5004518262961946,0.0
23.458333333332167,0.4995489669458804,0.02181963442374543,0.5004510330541196,0.0
23.462499999998837,0.4995497588477874,0.02178149531895179,0.5004502411522126,0.0
23.466666666665503,0.49955054941160526,0.021743420063345897,0.5004494505883946,0.0
23.47083333333217,0.49955133863941015,0.021705408559928294,0.5004486613605897,0.0
23.47499999999884,0.49955212653327563,0.021667460711814246,0.5004478734667244,0.0
23.479166666665503,0.4995529130952726,0.02162957642223383,0.5004470869047273,0.0
23.48333333333217,0.4995536983274695,0.021591755594531845,0.5004463016725306,0.0
23.487499999998835,0.4995544822319319,0.02155399813216811,0.5004455177680682,0.0
23.4916666666655,0.4995552648107228,0.0215163039387174,0.5004447351892771,0.0
23.49583333333217,0.49955604606590304,0.021478672917869382,0.500443953934097,0.0
23.499999999998835,0.49955682599953016,0.021441104973428923,0.5004431740004699,0.0
23.5041666666655,0.49955760461365956,0.021403600009315994,0.5004423953863405,0.0
23.50833333333217,0.4995583819103439,0.02136615792956575,0.5004416180896561,0.0
23.512499999998834,0.49955915789163313,0.021328778638328647,0.5004408421083668,0.0
23.5166666666655,0.49955993255957487,0.021291462039870337,0.500440067440425,0.0
23.520833333332167,0.49956070591621377,0.021254208038571976,0.5004392940837863,0.0
23.52499999999883,0.49956147796359207,0.02121701653893014,0.500438522036408,0.0
23.5291666666655,0.4995622487037492,0.021179887445556784,0.5004377512962508,0.0
23.533333333332166,0.4995630181387224,0.021142820663179546,0.5004369818612776,0.0
23.537499999998833,0.4995637862705458,0.02110581609664164,0.5004362137294542,0.0
23.541666666665503,0.49956455310125125,0.021068873650901945,0.5004354468987489,0.0
23.545833333332165,0.49956531863286774,0.021031993231035113,0.5004346813671322,0.0
23.549999999998832,0.4995660828674219,0.020995174742231497,0.5004339171325782,0.0
23.5541666666655,0.49956684580693744,0.02095841808979739,0.5004331541930626,0.0
23.55833333333216,0.49956760745343576,0.02092172317915502,0.5004323925465642,0.0
23.56249999999883,0.49956836780893543,0.020885089915842467,0.5004316321910645,0.0
23.566666666665498,0.4995691268754527,0.02084851820551397,0.5004308731245474,0.0
23.570833333332164,0.49956988465500063,0.02081200795393981,0.5004301153449995,0.0
23.574999999998834,0.49957064114959004,0.020775559067006424,0.5004293588504098,0.0
23.579166666665497,0.4995713963612293,0.020739171450716524,0.5004286036387706,0.0
23.583333333332163,0.49957215029192387,0.020702845011188957,0.5004278497080761,0.0
23.58749999999883,0.4995729029436766,0.020666579654659033,0.5004270970563233,0.0
23.591666666665493,0.49957365431848794,0.02063037528747846,0.5004263456815121,0.0
23.595833333332163,0.4995744044183554,0.020594231816115267,0.5004255955816447,0.0
23.59999999999883,0.499575153245274,0.020558149147154134,0.5004248467547259,0.0
23.604166666665495,0.4995759008012364,0.020522127187296277,0.5004240991987636,0.0
23.608333333332165,0.49957664708823224,0.020486165843359536,0.5004233529117678,0.0
23.61249999999883,0.4995773921082488,0.020450265022278497,0.5004226078917513,0.0
23.616666666665495,0.49957813586327054,0.02041442463110437,0.5004218641367295,0.0
23.62083333333216,0.4995788783552794,0.020378644577005316,0.5004211216447205,0.0
23.624999999998824,0.4995796195862548,0.02034292476726637,0.5004203804137451,0.0
23.629166666665494,0.4995803595581734,0.020307265109289378,0.5004196404418265,0.0
23.63333333333216,0.49958109827300934,0.020271665510593305,0.5004189017269908,0.0
23.637499999998827,0.4995818357327338,0.020236125878814126,0.5004181642672662,0.0
23.641666666665497,0.4995825719393158,0.020200646121704958,0.5004174280606841,0.0
23.64583333333216,0.4995833068947215,0.02016522614713611,0.5004166931052785,0.0
23.649999999998826,0.4995840406009145,0.020129865863095023,0.5004159593990856,0.0
23.654166666665493,0.4995847730598556,0.020094565177686544,0.5004152269401444,0.0
23.658333333332155,0.4995855042735032,0.0200593239991329,0.5004144957264968,0.0
23.662499999998825,0.49958623424381293,0.020024142235773593,0.500413765756187,0.0
23.666666666665492,0.4995869629727379,0.01998901979606575,0.5004130370272621,0.0
23.67083333333216,0.49958769046327284,0.01995395653551348,0.5004123095367271,0.0
23.67499999999883,0.49958841671656573,0.01991895240345273,0.5004115832834343,0.0
23.67916666666549,0.4995891417344156,0.0198840073161193,0.5004108582655844,0.0
23.683333333332158,0.49958986551876877,0.019849121182246413,0.5004101344812312,0.0
23.687499999998824,0.4995905880715692,0.0198142939106811,0.5004094119284308,0.0
23.691666666665487,0.49959130939475793,0.019779525410384087,0.5004086906052421,0.0
23.695833333332157,0.49959202949027376,0.01974481559042971,0.5004079705097262,0.0
23.699999999998823,0.4995927483600529,0.019710164360006163,0.5004072516399471,0.0
23.70416666666549,0.4995934660060289,0.019675571628415385,0.5004065339939712,0.0
23.70833333333216,0.4995941824301327,0.019641037305073095,0.5004058175698672,0.0
23.712499999998823,0.49959489763429304,0.019606561299508874,0.5004051023657069,0.0
23.71666666666549,0.4995956116204358,0.019572143521366023,0.5004043883795641,0.0
23.720833333332155,0.4995963243904844,0.019537783880401824,0.5004036756095157,0.0
23.72499999999882,0.49959703594635957,0.019503482286487434,0.5004029640536405,0.0
23.72916666666549,0.4995977462899799,0.019469238649607805,0.5004022537100202,0.0
23.733333333332155,0.4995984554232608,0.01943505287986195,0.5004015445767392,0.0
23.73749999999882,0.4995991633481159,0.01940092488746277,0.5004008366518842,0.0
23.74166666666549,0.4995998700664556,0.019366854582737163,0.5004001299335444,0.0
23.745833333332154,0.4996005755801882,0.019332841876126057,0.5003994244198119,0.0
23.74999999999882,0.49960127989121916,0.019298886678184277,0.5003987201087807,0.0
23.754166666665487,0.49960198300145175,0.01926498889958083,0.5003980169985482,0.0
23.75833333333215,0.4996026849127862,0.019231148451098766,0.5003973150872137,0.0
23.76249999999882,0.49960338562712076,0.019197365243635123,0.5003966143728792,0.0
23.766666666665486,0.4996040851463507,0.019163639188201173,0.5003959148536493,0.0
23.770833333332153,0.4996047834723689,0.019129970195922275,0.5003952165276312,0.0
23.774999999998823,0.49960548060706567,0.019096358178037943,0.5003945193929343,0.0
23.779166666665486,0.4996061765523288,0.019062803045901935,0.5003938234476711,0.0
23.783333333332152,0.4996068713100436,0.019029304710982076,0.5003931286899563,0.0
23.78749999999882,0.49960756488209285,0.018995863084860547,0.5003924351179072,0.0
23.79166666666548,0.4996082572703565,0.018962478079233774,0.5003917427296436,0.0
23.79583333333215,0.4996089484767123,0.018929149605912347,0.5003910515232877,0.0
23.799999999998818,0.49960963850303547,0.018895877576821273,0.5003903614969646,0.0
23.804166666665484,0.4996103273511983,0.01886266190399983,0.5003896726488017,0.0
23.808333333332154,0.4996110150230709,0.01882950249960165,0.500388984976929,0.0
23.812499999998817,0.49961170152052087,0.018796399275894767,0.5003882984794792,0.0
23.816666666665483,0.49961238684541287,0.01876335214526149,0.500387613154587,0.0
23.82083333333215,0.49961307099960955,0.01873036102019866,0.5003869290003904,0.0
23.824999999998813,0.4996137539849706,0.018697425813317545,0.5003862460150293,0.0
23.829166666665483,0.4996144358033533,0.018664546437343773,0.5003855641966466,0.0
23.83333333333215,0.4996151164566126,0.018631722805117563,0.5003848835433874,0.0
23.837499999998816,0.49961579594660066,0.0185989548295936,0.5003842040533995,0.0
23.841666666665486,0.499616474275167,0.01856624242384109,0.5003835257248329,0.0
23.84583333333215,0.499617151444159,0.018533585501043857,0.500382848555841,0.0
23.849999999998815,0.4996178274554211,0.018500983974500163,0.5003821725445788,0.0
23.85416666666548,0.4996185023107956,0.018468437757622986,0.5003814976892044,0.0
23.858333333332144,0.4996191760121219,0.018435946763939944,0.5003808239878782,0.0
23.862499999998814,0.49961984856123703,0.01840351090709316,0.5003801514387629,0.0
23.86666666666548,0.4996205199599756,0.01837113010083957,0.5003794800400244,0.0
23.870833333332147,0.4996211902101692,0.018338804259050746,0.5003788097898308,0.0
23.874999999998817,0.4996218593136476,0.018306533295712978,0.5003781406863524,0.0
23.87916666666548,0.4996225272722375,0.01827431712492733,0.5003774727277625,0.0
23.883333333332146,0.49962319408776334,0.018242155660909542,0.5003768059122367,0.0
23.887499999998813,0.4996238597620794,0.018210048816110897,0.5003761402379207,0.0
23.891666666665476,0.49962452429795345,0.018177996450083108,0.5003754757020467,0.0
23.895833333332146,0.49962518769630104,0.01814599852953898,0.500374812303699,0.0
23.899999999998812,0.49962584995893955,0.018114054968971456,0.5003741500410605,0.0
23.90416666666548,0.49962651108768386,0.01808216568298444,0.5003734889123163,0.0
23.90833333333215,0.4996271710843463,0.018050330586292813,0.5003728289156538,0.0
23.91249999999881,0.4996278299507369,0.01801854959372247,0.5003721700492632,0.0
23.916666666665478,0.49962848768866314,0.017986822620210143,0.5003715123113368,0.0
23.920833333332144,0.4996291442999302,0.01795514958080363,0.5003708557000698,0.0
23.924999999998807,0.4996297997863404,0.017923530390661652,0.5003702002136595,0.0
23.929166666665477,0.4996304541496941,0.01789196496505375,0.5003695458503059,0.0
23.933333333332143,0.4996311073917887,0.01786045321936046,0.5003688926082113,0.0
23.93749999999881,0.4996317595144197,0.017828995069073206,0.5003682404855804,0.0
23.94166666666548,0.49963241051937946,0.01779759042979427,0.5003675894806205,0.0
23.945833333332143,0.49963306040845856,0.017766239217236853,0.5003669395915414,0.0
23.94999999999881,0.49963370918344474,0.017734941347224902,0.5003662908165553,0.0
23.954166666665476,0.49963435684612334,0.017703696735693313,0.5003656431538765,0.0
23.95833333333214,0.4996350033982774,0.017672505298687826,0.5003649966017226,0.0
23.96249999999881,0.49963564884168726,0.017641366952364873,0.5003643511583128,0.0
23.966666666665475,0.49963629317813096,0.017610281612991822,0.500363706821869,0.0
23.97083333333214,0.49963693640938406,0.01757924919694679,0.5003630635906159,0.0
23.97499999999881,0.4996375785372198,0.017548269620718676,0.5003624214627802,0.0
23.979166666665474,0.49963821956340865,0.017517342800907196,0.5003617804365914,0.0
23.98333333333214,0.499638859489719,0.017486468654222702,0.500361140510281,0.0
23.987499999998807,0.4996394983179165,0.017455647097486406,0.5003605016820835,0.0
23.99166666666547,0.49964013604976454,0.017424878047630266,0.5003598639502355,0.0
23.99583333333214,0.49964077268702406,0.017394161421696835,0.500359227312976,0.0
23.999999999998806,0.4996414082314534,0.017363497136839486,0.5003585917685467,0.0
24.004166666665473,0.4996420426848085,0.017332885110322268,0.5003579573151914,0.0
24.008333333332143,0.49964267604884316,0.017302325259519902,0.500357323951157,0.0
24.012499999998806,0.49964330832530823,0.01727181750191781,0.5003566916746918,0.0
24.016666666665472,0.4996439395159526,0.017241361755111994,0.5003560604840475,0.0
24.02083333333214,0.49964456962252235,0.017210957936809178,0.5003554303774778,0.0
24.0249999999988,0.4996451986467612,0.017180605964826748,0.5003548013532387,0.0
24.02916666666547,0.49964582659041074,0.017150305757092595,0.5003541734095892,0.0
24.033333333332138,0.49964645345520975,0.01712005723164533,0.5003535465447903,0.0
24.037499999998804,0.4996470792428948,0.017089860306634126,0.5003529207571051,0.0
24.041666666665474,0.49964770395519986,0.017059714900318754,0.5003522960448001,0.0
24.045833333332137,0.49964832759385663,0.017029620931069578,0.5003516724061434,0.0
24.049999999998803,0.4996489501605942,0.016999578317367432,0.5003510498394058,0.0
24.05416666666547,0.4996495716571393,0.0169695869778038,0.5003504283428606,0.0
24.058333333332133,0.4996501920852163,0.016939646831080717,0.5003498079147836,0.0
24.062499999998803,0.4996508114465473,0.01690975779601063,0.5003491885534528,0.0
24.06666666666547,0.4996514297428514,0.0168799197915166,0.5003485702571485,0.0
24.070833333332136,0.499652046975846,0.016850132736632162,0.5003479530241541,0.0
24.074999999998806,0.4996526631472454,0.01682039655050135,0.5003473368527547,0.0
24.07916666666547,0.4996532782587618,0.016790711152378696,0.5003467217412382,0.0
24.083333333332135,0.4996538923121053,0.01676107646162911,0.5003461076878948,0.0
24.0874999999988,0.4996545053089828,0.016731492397728056,0.5003454946910173,0.0
24.091666666665464,0.4996551172510994,0.016701958880261426,0.5003448827489005,0.0
24.095833333332134,0.4996557281401577,0.01667247582892546,0.5003442718598422,0.0
24.0999999999988,0.49965633797785763,0.016643043163526914,0.5003436620221424,0.0
24.104166666665467,0.4996569467658969,0.016613660803982914,0.5003430532341032,0.0
24.108333333332137,0.4996575545061153,0.01658432866190054,0.5003424454938846,0.0
24.1124999999988,0.499658161200688,0.016555046629385346,0.5003418387993119,0.0
24.116666666665466,0.49965876685073884,0.01652581465962531,0.5003412331492613,0.0
24.120833333332133,0.4996593714579581,0.01649663267284098,0.500340628542042,0.0
24.124999999998796,0.49965997502403364,0.016467500589360324,0.5003400249759663,0.0
24.129166666665466,0.49966057755065146,0.016438418329618565,0.5003394224493485,0.0
24.133333333332132,0.4996611790394946,0.016409385814158364,0.5003388209605053,0.0
24.1374999999988,0.49966177949224394,0.016380402963629637,0.5003382205077561,0.0
24.14166666666547,0.499662378910578,0.016351469698789558,0.500337621089422,0.0
24.14583333333213,0.49966297729617304,0.016322585940502524,0.500337022703827,0.0
24.149999999998798,0.4996635746507028,0.016293751609740035,0.5003364253492972,0.0
24.154166666665464,0.49966417097583876,0.016264966627580806,0.5003358290241613,0.0
24.158333333332127,0.49966476627325,0.016236230915210644,0.5003352337267499,0.0
24.162499999998797,0.4996653605446034,0.016207544393922333,0.5003346394553966,0.0
24.166666666665463,0.4996659537915633,0.016178906985115753,0.5003340462084366,0.0
24.17083333333213,0.4996665460157917,0.016150318610297747,0.5003334539842083,0.0
24.1749999999988,0.49966713721894834,0.016121779191082073,0.5003328627810516,0.0
24.179166666665463,0.4996677274026906,0.016093288649189446,0.5003322725973094,0.0
24.18333333333213,0.49966831656867344,0.016064846906447335,0.5003316834313265,0.0
24.187499999998796,0.4996689047185496,0.016036453884790126,0.5003310952814504,0.0
24.19166666666546,0.49966949185396936,0.01600810950625899,0.5003305081460306,0.0
24.19583333333213,0.4996700779765807,0.01597981369300175,0.5003299220234193,0.0
24.199999999998795,0.49967066308802927,0.015951566367273025,0.5003293369119707,0.0
24.20416666666546,0.4996712471899584,0.01592336745143408,0.5003287528100416,0.0
24.20833333333213,0.49967183028400897,0.015895216867952797,0.500328169715991,0.0
24.212499999998794,0.49967241237181975,0.015867114539403676,0.5003275876281803,0.0
24.21666666666546,0.499672993455027,0.015839060388467687,0.500327006544973,0.0
24.220833333332127,0.49967357353526454,0.0158110543379324,0.5003264264647355,0.0
24.22499999999879,0.4996741526141641,0.015783096310691844,0.5003258473858359,0.0
24.22916666666546,0.4996747306933551,0.01575518622974641,0.5003252693066449,0.0
24.233333333332126,0.4996753077744643,0.015727324018202964,0.5003246922255358,0.0
24.237499999998793,0.4996758838591165,0.01569950959927471,0.5003241161408836,0.0
24.241666666665463,0.49967645894893387,0.015671742896281142,0.5003235410510661,0.0
24.245833333332126,0.49967703304553657,0.015644023832648103,0.5003229669544634,0.0
24.249999999998792,0.4996776061505421,0.015616352331907552,0.5003223938494579,0.0
24.25416666666546,0.4996781782655659,0.015588728317697753,0.5003218217344341,0.0
24.25833333333212,0.49967874939222107,0.015561151713763138,0.500321250607779,0.0
24.26249999999879,0.49967931953211814,0.015533622443954162,0.5003206804678818,0.0
24.266666666665458,0.4996798886868656,0.015506140432227464,0.5003201113131344,0.0
24.270833333332124,0.49968045685806955,0.015478705602645693,0.5003195431419304,0.0
24.274999999998794,0.4996810240473337,0.015451317879377518,0.5003189759526663,0.0
24.279166666665457,0.49968159025625947,0.01542397718669759,0.5003184097437404,0.0
24.283333333332124,0.4996821554864462,0.015396683448986414,0.5003178445135539,0.0
24.28749999999879,0.49968271973949024,0.015369436590730466,0.5003172802605097,0.0
24.291666666665453,0.4996832830169865,0.015342236536522095,0.5003167169830135,0.0
24.295833333332123,0.4996838453205271,0.015315083211059356,0.500316154679473,0.0
24.29999999999879,0.49968440665170183,0.015287976539146172,0.5003155933482982,0.0
24.304166666665456,0.49968496701209836,0.015260916445692186,0.5003150329879017,0.0
24.308333333332126,0.499685526403302,0.015233902855712732,0.5003144735966981,0.0
24.31249999999879,0.4996860848268956,0.015206935694328832,0.5003139151731044,0.0
24.316666666665455,0.49968664228445997,0.015180014886767046,0.50031335771554,0.0
24.32083333333212,0.4996871987775734,0.015153140358359603,0.5003128012224265,0.0
24.324999999998784,0.4996877543078121,0.015126312034544287,0.500312245692188,0.0
24.329166666665454,0.4996883088769209,0.015099529830286009,0.500311691123079,0.0
24.33333333333212,0.4996888624866303,0.015072793661402437,0.5003111375133696,0.0
24.337499999998787,0.49968941513821846,0.015046103471645979,0.5003105848617815,0.0
24.341666666665457,0.4996899668332537,0.015019459186781648,0.5003100331667463,0.0
24.34583333333212,0.49969051757330213,0.014992860732677844,0.5003094824266979,0.0
24.349999999998786,0.4996910673599277,0.014966308035306153,0.5003089326400723,0.0
24.354166666665453,0.4996916161946922,0.014939801020741501,0.5003083838053078,0.0
24.358333333332116,0.49969216407915495,0.014913339615161968,0.5003078359208452,0.0
24.362499999998786,0.49969271101487295,0.014886923744848665,0.5003072889851271,0.0
24.366666666665452,0.4996932570034013,0.014860553336185862,0.5003067429965987,0.0
24.37083333333212,0.49969380204629255,0.014834228315660789,0.5003061979537075,0.0
24.37499999999879,0.49969434614509706,0.014807948609863633,0.5003056538549029,0.0
24.37916666666545,0.49969488930136313,0.01478171414548749,0.5003051106986368,0.0
24.383333333332118,0.4996954315166366,0.014755524849328204,0.5003045684833635,0.0
24.387499999998784,0.4996959727924611,0.01472938064828448,0.500304027207539,0.0
24.391666666665447,0.4996965131303781,0.01470328146935774,0.500303486869622,0.0
24.395833333332117,0.49969705253192676,0.01467722723965198,0.5003029474680732,0.0
24.399999999998784,0.4996975909986441,0.014651217886373897,0.5003024090013559,0.0
24.40416666666545,0.49969812853206474,0.014625253336832686,0.5003018714679353,0.0
24.40833333333212,0.49969866513372124,0.014599333518440054,0.5003013348662788,0.0
24.412499999998783,0.49969920080514374,0.01457345835871015,0.5003007991948561,0.0
24.41666666666545,0.4996997355478604,0.014547627785259431,0.5003002644521396,0.0
24.420833333332116,0.49970026936339695,0.014521841725806745,0.500299730636603,0.0
24.42499999999878,0.4997008022532769,0.014496100108173215,0.500299197746723,0.0
24.42916666666545,0.49970133421902174,0.014470402860282082,0.5002986657809783,0.0
24.433333333332115,0.4997018652621504,0.014444749910158814,0.5002981347378496,0.0
24.43749999999878,0.49970239538417993,0.014419141185930948,0.5002976046158202,0.0
24.44166666666545,0.49970292458662485,0.014393576615828059,0.5002970754133752,0.0
24.445833333332114,0.4997034528709977,0.01436805612818173,0.5002965471290023,0.0
24.44999999999878,0.49970398023880874,0.014342579651425373,0.5002960197611912,0.0
24.454166666665447,0.4997045066915659,0.014317147114094363,0.5002954933084341,0.0
24.45833333333211,0.4997050322307751,0.01429175844482587,0.5002949677692249,0.0
24.46249999999878,0.49970555685793977,0.014266413572358744,0.5002944431420602,0.0
24.466666666665446,0.4997060805745615,0.014241112425533603,0.5002939194254385,0.0
24.470833333332113,0.49970660338213924,0.014215854933292683,0.5002933966178607,0.0
24.474999999998783,0.49970712528217015,0.014190641024679804,0.5002928747178298,0.0
24.479166666665446,0.49970764627614883,0.014165470628840335,0.5002923537238511,0.0
24.483333333332112,0.49970816636556803,0.014140343675021027,0.500291833634432,0.0
24.48749999999878,0.499708685551918,0.014115260092570131,0.5002913144480821,0.0
24.49166666666544,0.4997092038366868,0.014090219810937256,0.5002907961633133,0.0
24.49583333333211,0.49970972122136054,0.014065222759673214,0.5002902787786395,0.0
24.499999999998778,0.4997102377074228,0.014040268868430156,0.5002897622925773,0.0
24.504166666665444,0.49971075329635534,0.014015358066961381,0.5002892467036447,0.0
24.508333333332114,0.4997112679896373,0.013990490285121327,0.5002887320103627,0.0
24.512499999998777,0.4997117817887461,0.01396566545286552,0.5002882182112539,0.0
24.516666666665444,0.4997122946951566,0.013940883500250429,0.5002877053048433,0.0
24.52083333333211,0.4997128067103417,0.013916144357433552,0.5002871932896583,0.0
24.524999999998773,0.49971331783577183,0.013891447954673307,0.5002866821642281,0.0
24.529166666665443,0.49971382807291553,0.01386679422232886,0.5002861719270845,0.0
24.53333333333211,0.499714337423239,0.013842183090860256,0.500285662576761,0.0
24.537499999998776,0.4997148458882064,0.013817614490828245,0.5002851541117935,0.0
24.541666666665446,0.4997153534692795,0.013793088352894244,0.5002846465307205,0.0
24.54583333333211,0.4997158601679181,0.01376860460782034,0.500284139832082,0.0
24.549999999998775,0.49971636598577956,0.013744163174913254,0.5002836340142204,0.0
24.55416666666544,0.49971687092432493,0.013719763984819977,0.5002831290756751,0.0
24.558333333332104,0.4997173749848331,0.013695406978664261,0.5002826250151668,0.0
24.562499999998774,0.49971787816875635,0.013671092087539185,0.5002821218312437,0.0
24.56666666666544,0.4997183804775448,0.013646819242636747,0.5002816195224552,0.0
24.570833333332107,0.49971888191264624,0.013622588375247687,0.5002811180873538,0.0
24.574999999998777,0.4997193824755067,0.013598399416761433,0.5002806175244934,0.0
24.57916666666544,0.4997198821675695,0.01357425229866606,0.5002801178324304,0.0
24.583333333332106,0.4997203809902766,0.013550146952548137,0.5002796190097234,0.0
24.587499999998773,0.49972087894506706,0.013526083310092772,0.5002791210549329,0.0
24.591666666665436,0.4997213760333783,0.01350206130308351,0.5002786239666216,0.0
24.595833333332106,0.4997218722566454,0.01347808086340214,0.5002781277433547,0.0
24.599999999998772,0.4997223676163013,0.013454141923028816,0.5002776323836987,0.0
24.60416666666544,0.4997228621137769,0.01343024441404186,0.5002771378862231,0.0
24.60833333333211,0.49972335575050103,0.013406388268617734,0.5002766442494989,0.0
24.61249999999877,0.4997238485279002,0.013382573419030992,0.5002761514720998,0.0
24.616666666665438,0.49972434044739905,0.013358799797654088,0.500275659552601,0.0
24.620833333332104,0.49972483151041974,0.013335067336957482,0.5002751684895803,0.0
24.624999999998767,0.49972532171838274,0.013311375969509496,0.5002746782816173,0.0
24.629166666665437,0.499725811072706,0.013287725627976138,0.500274188927294,0.0
24.633333333332104,0.4997262995748058,0.013264116245121225,0.5002737004251943,0.0
24.63749999999877,0.49972678722609576,0.01324054775380617,0.5002732127739041,0.0
24.64166666666544,0.49972727402798806,0.013217020086989974,0.500272725972012,0.0
24.645833333332103,0.49972775998189206,0.013193533177729153,0.500272240018108,0.0
24.64999999999877,0.49972824508921554,0.01317008695917758,0.5002717549107846,0.0
24.654166666665436,0.4997287293513639,0.013146681364586566,0.5002712706486361,0.0
24.6583333333321,0.4997292127697407,0.013123316327304716,0.5002707872302593,0.0
24.66249999999877,0.49972969534574707,0.013099991780777776,0.500270304654253,0.0
24.666666666665435,0.49973017708078216,0.013076707658548715,0.5002698229192178,0.0
24.6708333333321,0.49973065797624316,0.013053463894257565,0.5002693420237568,0.0
24.67499999999877,0.4997311380335251,0.013030260421641364,0.5002688619664749,0.0
24.679166666665434,0.4997316172540208,0.013007097174534113,0.5002683827459792,0.0
24.6833333333321,0.49973209563912113,0.012983974086866608,0.5002679043608789,0.0
24.687499999998767,0.49973257319021475,0.012960891092666524,0.5002674268097852,0.0
24.69166666666543,0.49973304990868844,0.012937848126058266,0.5002669500913115,0.0
24.6958333333321,0.49973352579592667,0.012914845121262824,0.5002664742040733,0.0
24.699999999998766,0.4997340008533118,0.012891882012597845,0.5002659991466881,0.0
24.704166666665433,0.49973447508222446,0.012868958734477484,0.5002655249177757,0.0
24.708333333332103,0.4997349484840427,0.012846075221412331,0.5002650515159572,0.0
24.712499999998766,0.4997354210601429,0.012823231408009396,0.500264578939857,0.0
24.716666666665432,0.4997358928118993,0.012800427228971914,0.5002641071881008,0.0
24.7208333333321,0.49973636374068375,0.012777662619099437,0.5002636362593162,0.0
24.72499999999876,0.49973683384786644,0.01275493751328769,0.5002631661521335,0.0
24.72916666666543,0.49973730313481535,0.012732251846528422,0.5002626968651848,0.0
24.733333333332098,0.4997377716028961,0.012709605553909481,0.500262228397104,0.0
24.737499999998764,0.4997382392534727,0.012686998570614661,0.5002617607465274,0.0
24.741666666665434,0.49973870608790694,0.012664430831923632,0.5002612939120932,0.0
24.745833333332097,0.4997391721075582,0.012641902273211925,0.5002608278924418,0.0
24.749999999998764,0.49973963731378446,0.01261941282995074,0.5002603626862154,0.0
24.75416666666543,0.49974010170794114,0.01259696243770703,0.5002598982920589,0.0
24.758333333332093,0.4997405652913817,0.012574551032143357,0.5002594347086183,0.0
24.762499999998763,0.4997410280654576,0.012552178549017754,0.5002589719345424,0.0
24.76666666666543,0.4997414900315183,0.012529844924183799,0.5002585099684818,0.0
24.770833333332096,0.49974195119120307,0.01250755007427934,0.500258048808797,0.0
24.774999999998766,0.49974241154572135,0.01248529394433207,0.5002575884542786,0.0
24.77916666666543,0.499742871096288,0.012463076478978966,0.500257128903712,0.0
24.783333333332095,0.4997433298442451,0.012440897614397468,0.5002566701557549,0.0
24.78749999999876,0.4997437877909326,0.012418757286859237,0.5002562122090675,0.0
24.791666666665424,0.49974424493768843,0.012396655432730011,0.5002557550623116,0.0
24.795833333332094,0.4997447012858488,0.012374591988469444,0.5002552987141512,0.0
24.79999999999876,0.49974515683674753,0.012352566890631187,0.5002548431632525,0.0
24.804166666665427,0.4997456115917166,0.012330580075862702,0.5002543884082834,0.0
24.808333333332097,0.499746065552086,0.012308631480905217,0.500253934447914,0.0
24.81249999999876,0.49974651871918346,0.012286721042593672,0.5002534812808165,0.0
24.816666666665427,0.49974697109433514,0.012264848697856543,0.5002530289056649,0.0
24.820833333332093,0.4997474226788647,0.012243014383715913,0.5002525773211353,0.0
24.824999999998756,0.49974787347409416,0.012221218037287316,0.5002521265259059,0.0
24.829166666665426,0.4997483234813433,0.012199459595779606,0.5002516765186568,0.0
24.833333333332092,0.49974877270192986,0.012177738996494988,0.50025122729807,0.0
24.83749999999876,0.4997492211371699,0.012156056176828894,0.50025077886283,0.0
24.84166666666543,0.49974966878837723,0.012134411074269885,0.5002503312116227,0.0
24.84583333333209,0.49975011565686367,0.012112803626399635,0.5002498843431363,0.0
24.849999999998758,0.49975056174393906,0.012091233770892718,0.5002494382560609,0.0
24.854166666665424,0.49975100705091136,0.012069701445516718,0.5002489929490886,0.0
24.858333333332087,0.4997514515790862,0.012048206588132049,0.5002485484209138,0.0
24.862499999998757,0.49975189532976766,0.012026749136691816,0.5002481046702324,0.0
24.866666666665424,0.4997523383042574,0.01200532902924189,0.5002476616957425,0.0
24.87083333333209,0.49975278050385563,0.011983946203920725,0.5002472194961445,0.0
24.87499999999876,0.49975322192985994,0.011962600598959304,0.5002467780701401,0.0
24.879166666665423,0.4997536625835664,0.011941292152681094,0.5002463374164337,0.0
24.88333333333209,0.49975410246626895,0.011920020803501874,0.500245897533731,0.0
24.887499999998756,0.4997545415792595,0.011898786489929787,0.5002454584207405,0.0
24.89166666666542,0.49975497992382806,0.01187758915056521,0.500245020076172,0.0
24.89583333333209,0.4997554175012625,0.011856428724100594,0.5002445824987375,0.0
24.899999999998755,0.4997558543128491,0.011835305149320536,0.5002441456871509,0.0
24.90416666666542,0.4997562903598716,0.011814218365101601,0.5002437096401283,0.0
24.90833333333209,0.49975672564361234,0.01179316831041228,0.5002432743563876,0.0
24.912499999998754,0.4997571601653514,0.011772154924312918,0.5002428398346487,0.0
24.91666666666542,0.4997575939263668,0.011751178145955566,0.5002424060736332,0.0
24.920833333332087,0.4997580269279348,0.011730237914584026,0.5002419730720652,0.0
24.92499999999875,0.49975845917132955,0.011709334169533717,0.5002415408286705,0.0
24.92916666666542,0.4997588906578234,0.011688466850231513,0.5002411093421766,0.0
24.933333333332087,0.49975932138868656,0.01166763589619583,0.5002406786113134,0.0
24.937499999998753,0.49975975136518763,0.011646841247036436,0.5002402486348124,0.0
24.941666666665423,0.4997601805885926,0.011626082842454397,0.5002398194114074,0.0
24.945833333332086,0.49976060906016617,0.01160536062224204,0.5002393909398338,0.0
24.949999999998752,0.49976103678117073,0.011584674526282767,0.5002389632188292,0.0
24.95416666666542,0.49976146375286695,0.011564024494551132,0.5002385362471331,0.0
24.95833333333208,0.4997618899765133,0.011543410467112672,0.5002381100234867,0.0
24.96249999999875,0.4997623154533664,0.01152283238412379,0.5002376845466336,0.0
24.966666666665418,0.49976274018468103,0.011502290185831801,0.5002372598153191,0.0
24.970833333332084,0.49976316417170985,0.011481783812574756,0.5002368358282901,0.0
24.974999999998754,0.4997635874157038,0.011461313204781408,0.5002364125842961,0.0
24.979166666665417,0.4997640099179118,0.01144087830297114,0.5002359900820882,0.0
24.983333333332084,0.4997644316795807,0.011420479047753803,0.5002355683204193,0.0
24.98749999999875,0.49976485270195564,0.011400115379829788,0.5002351472980444,0.0
24.991666666665413,0.49976527298627954,0.011379787239989857,0.5002347270137205,0.0
24.995833333332083,0.49976569253379377,0.011359494569115022,0.5002343074662063,0.0
24.99999999999875,0.49976611134573734,0.011339237308176592,0.5002338886542628,0.0
25.004166666665416,0.4997665294233477,0.011319015398236,0.5002334705766524,0.0
25.008333333332086,0.4997669467678602,0.011298828780444773,0.5002330532321397,0.0
25.01249999999875,0.49976736338050837,0.011278677396044446,0.5002326366194916,0.0
25.016666666665415,0.49976777926252375,0.011258561186366428,0.5002322207374763,0.0
25.02083333333208,0.49976819441513587,0.011238480092832024,0.500231805584864,0.0
25.024999999998744,0.4997686088395726,0.01121843405695233,0.5002313911604275,0.0
25.029166666665414,0.4997690225370596,0.011198423020328056,0.5002309774629404,0.0
25.03333333333208,0.49976943550882086,0.011178446924649603,0.5002305644911791,0.0
25.037499999998747,0.49976984775607836,0.011158505711696898,0.5002301522439216,0.0
25.041666666665417,0.4997702592800522,0.011138599323339321,0.5002297407199477,0.0
25.04583333333208,0.4997706700822669,0.011118727678236847,0.5002293299177332,0.0
25.049999999998747,0.4997710801638729,0.011098890723445403,0.500228919836127,0.0
25.054166666665413,0.49977148952587797,0.011079088416817446,0.5002285104741221,0.0
25.058333333332076,0.4997718981694956,0.011059320700498799,0.5002281018305045,0.0
25.062499999998746,0.49977230609593726,0.011039587516722939,0.5002276939040627,0.0
25.066666666665412,0.4997727133064131,0.011019888807811025,0.500227286693587,0.0
25.07083333333208,0.4997731198021308,0.01100022451617174,0.5002268801978692,0.0
25.07499999999875,0.4997735255842964,0.010980594584301213,0.5002264744157037,0.0
25.07916666666541,0.4997739306541141,0.010960998954782959,0.5002260693458859,0.0
25.083333333332078,0.4997743350127863,0.01094143757028771,0.5002256649872138,0.0
25.087499999998744,0.4997747386615132,0.010921910373573446,0.5002252613384868,0.0
25.091666666665407,0.49977514160149356,0.010902417307485264,0.5002248583985065,0.0
25.095833333332077,0.4997755438339241,0.0108829583149552,0.500224456166076,0.0
25.099999999998744,0.49977594535999953,0.010863533339002297,0.5002240546400005,0.0
25.10416666666541,0.49977634618091293,0.010844142322732413,0.5002236538190871,0.0
25.10833333333208,0.49977674629785546,0.010824785209338173,0.5002232537021446,0.0
25.112499999998743,0.49977714571201626,0.010805461942098889,0.5002228542879836,0.0
25.11666666666541,0.49977754442458294,0.010786172464380395,0.500222455575417,0.0
25.120833333332076,0.49977794243674106,0.010766916719635086,0.5002220575632589,0.0
25.12499999999874,0.49977833974967434,0.010747694651401771,0.5002216602503257,0.0
25.12916666666541,0.4997787363645646,0.01072850620330552,0.5002212636354354,0.0
25.133333333332075,0.4997791322825919,0.010709351319057706,0.500220867717408,0.0
25.13749999999874,0.4997795275049345,0.010690229942455831,0.5002204724950654,0.0
25.14166666666541,0.4997799220327689,0.010671142017383468,0.5002200779672312,0.0
25.145833333332074,0.49978031586726934,0.010652087487810179,0.5002196841327307,0.0
25.14999999999874,0.49978070900960875,0.010633066297791368,0.5002192909903912,0.0
25.154166666665407,0.499781101460958,0.010614078391468305,0.5002188985390421,0.0
25.15833333333207,0.49978149322248594,0.01059512371306797,0.500218506777514,0.0
25.16249999999874,0.49978188429536,0.010576202206902929,0.50021811570464,0.0
25.166666666665407,0.49978227468074554,0.010557313817371345,0.5002177253192546,0.0
25.170833333332073,0.499782664379806,0.010538458488956825,0.5002173356201941,0.0
25.174999999998743,0.4997830533937032,0.010519636166228348,0.5002169466062968,0.0
25.179166666665406,0.49978344172359707,0.010500846793840208,0.500216558276403,0.0
25.183333333332072,0.4997838293706457,0.010482090316531823,0.5002161706293542,0.0
25.18749999999874,0.4997842163360055,0.010463366679127803,0.5002157836639946,0.0
25.1916666666654,0.4997846026208308,0.010444675826537778,0.5002153973791692,0.0
25.19583333333207,0.4997849882262744,0.010426017703756256,0.5002150117737257,0.0
25.199999999998738,0.49978537315348703,0.010407392255862668,0.5002146268465131,0.0
25.204166666665405,0.4997857574036178,0.010388799428021183,0.5002142425963823,0.0
25.208333333332074,0.4997861409778141,0.010370239165480667,0.500213859022186,0.0
25.212499999998737,0.4997865238772211,0.010351711413574589,0.5002134761227789,0.0
25.216666666665404,0.4997869061029827,0.010333216117720872,0.5002130938970173,0.0
25.22083333333207,0.49978728765624075,0.010314753223421918,0.5002127123437593,0.0
25.224999999998733,0.49978766853813517,0.010296322676264477,0.500212331461865,0.0
25.229166666665403,0.49978804874980426,0.01027792442191947,0.5002119512501957,0.0
25.23333333333207,0.4997884282923846,0.010259558406142063,0.5002115717076153,0.0
25.237499999998736,0.49978880716701085,0.010241224574771467,0.5002111928329892,0.0
25.241666666665406,0.49978918537481576,0.010222922873730883,0.5002108146251842,0.0
25.24583333333207,0.4997895629169307,0.010204653249027442,0.5002104370830692,0.0
25.249999999998735,0.4997899397944848,0.010186415646752033,0.5002100602055153,0.0
25.2541666666654,0.4997903160086057,0.01016821001307933,0.5002096839913943,0.0
25.258333333332065,0.4997906915604191,0.010150036294267663,0.5002093084395809,0.0
25.262499999998735,0.499791066451049,0.010131894436658856,0.5002089335489509,0.0
25.2666666666654,0.4997914406816178,0.010113784386678263,0.5002085593183822,0.0
25.270833333332067,0.49979181425324576,0.01009570609083461,0.5002081857467543,0.0
25.274999999998737,0.49979218716705165,0.010077659495719923,0.5002078128329485,0.0
25.2791666666654,0.4997925594241523,0.010059644548009455,0.5002074405758477,0.0
25.283333333332067,0.4997929310256629,0.010041661194461536,0.500207068974337,0.0
25.287499999998733,0.49979330197269695,0.010023709381917593,0.500206698027303,0.0
25.291666666665396,0.49979367226636595,0.01000578905730201,0.500206327733634,0.0
25.295833333332066,0.49979404190777976,0.009987900167621973,0.5002059580922202,0.0
25.299999999998732,0.49979441089804644,0.00997004265996752,0.5002055891019535,0.0
25.3041666666654,0.4997947792382726,0.009952216481511364,0.5002052207617275,0.0
25.30833333333207,0.49979514692956256,0.009934421579508818,0.5002048530704375,0.0
25.31249999999873,0.4997955139730192,0.009916657901297752,0.5002044860269808,0.0
25.316666666665398,0.4997958803697438,0.009898925394298408,0.5002041196302562,0.0
25.320833333332065,0.4997962461210226,0.009881223990403679,0.5002037538789774,0.0
25.324999999998727,0.4997966112279787,0.009863553635087681,0.5002033887720212,0.0
25.329166666665397,0.4997969756915203,0.009845914291667639,0.5002030243084796,0.0
25.333333333332064,0.49979733951274236,0.009828305907827802,0.5002026604872577,0.0
25.33749999999873,0.4997977026927379,0.009810728431333302,0.5002022973072621,0.0
25.3416666666654,0.4997980652325986,0.009793181810030083,0.5002019347674014,0.0
25.345833333332063,0.499798427133414,0.009775665991844817,0.5002015728665861,0.0
25.34999999999873,0.49979878839627223,0.00975818092478473,0.5002012116037279,0.0
25.354166666665396,0.49979914902225936,0.009740726556937638,0.5002008509777406,0.0
25.35833333333206,0.4997995090124604,0.009723302836471784,0.5002004909875397,0.0
25.36249999999873,0.4997998683679579,0.009705909711635683,0.5002001316320421,0.0
25.366666666665395,0.49980022708983307,0.009688547130758153,0.5001997729101669,0.0
25.37083333333206,0.4998005851791654,0.009671215042248138,0.5001994148208345,0.0
25.37499999999873,0.4998009426370328,0.009653913394594631,0.5001990573629671,0.0
25.379166666665395,0.49980129946451113,0.009636642136366608,0.5001987005354889,0.0
25.38333333333206,0.4998016556626748,0.009619401216212837,0.5001983443373252,0.0
25.387499999998727,0.4998020112325964,0.009602190582861924,0.5001979887674035,0.0
25.39166666666539,0.499802366175347,0.009585010185122146,0.500197633824653,0.0
25.39583333333206,0.49980272049199587,0.009567859971881301,0.5001972795080042,0.0
25.399999999998727,0.49980307418361036,0.009550739892106728,0.5001969258163895,0.0
25.404166666665393,0.4998034272512567,0.009533649894845142,0.5001965727487432,0.0
25.408333333332063,0.49980377969599893,0.009516589929222557,0.5001962203040011,0.0
25.412499999998726,0.4998041315188995,0.009499559944444198,0.5001958684811005,0.0
25.416666666665392,0.4998044827210192,0.00948255988979435,0.5001955172789808,0.0
25.42083333333206,0.4998048333034173,0.009465589714636369,0.5001951666965827,0.0
25.42499999999872,0.49980518326715123,0.009448649368412524,0.5001948167328487,0.0
25.42916666666539,0.4998055326132768,0.00943173880064386,0.5001944673867232,0.0
25.433333333332058,0.4998058813428481,0.009414857960930206,0.5001941186571518,0.0
25.437499999998725,0.49980622945691766,0.009398006798950007,0.5001937705430822,0.0
25.441666666665395,0.49980657695653613,0.009381185264460256,0.5001934230434638,0.0
25.445833333332057,0.4998069238427527,0.009364393307296411,0.5001930761572473,0.0
25.449999999998724,0.49980727011661485,0.009347630877372223,0.5001927298833853,0.0
25.45416666666539,0.49980761577916827,0.009330897924679758,0.5001923842208317,0.0
25.458333333332053,0.4998079608314571,0.009314194399289261,0.5001920391685428,0.0
25.462499999998723,0.4998083052745239,0.00929752025134898,0.5001916947254761,0.0
25.46666666666539,0.49980864910940936,0.009280875431085196,0.5001913508905905,0.0
25.470833333332056,0.49980899233715276,0.00926425988880206,0.5001910076628472,0.0
25.474999999998726,0.49980933495879154,0.009247673574881508,0.5001906650412083,0.0
25.47916666666539,0.4998096769753615,0.009231116439783192,0.5001903230246384,0.0
25.483333333332055,0.4998100183878969,0.009214588434044301,0.500189981612103,0.0
25.48749999999872,0.4998103591974304,0.009198089508279595,0.5001896408025696,0.0
25.491666666665385,0.4998106994049928,0.00918161961318124,0.5001893005950072,0.0
25.495833333332055,0.4998110390116133,0.009165178699518663,0.5001889609883866,0.0
25.49999999999872,0.49981137801831976,0.009148766718138576,0.5001886219816802,0.0
25.504166666665387,0.499811716426138,0.009132383619964794,0.500188283573862,0.0
25.508333333332057,0.4998120542360925,0.009116029355998175,0.5001879457639076,0.0
25.51249999999872,0.499812391449206,0.009099703877316527,0.5001876085507941,0.0
25.516666666665387,0.4998127280664995,0.009083407135074459,0.5001872719335005,0.0
25.520833333332053,0.49981306408899245,0.00906713908050338,0.5001869359110075,0.0
25.524999999998716,0.499813399517703,0.00905089966491136,0.500186600482297,0.0
25.529166666665386,0.4998137343536471,0.009034688839682982,0.5001862656463529,0.0
25.533333333332052,0.4998140685978395,0.009018506556279348,0.5001859314021606,0.0
25.53749999999872,0.4998144022512931,0.00900235276623792,0.500185597748707,0.0
25.54166666666539,0.4998147353150193,0.008986227421172442,0.5001852646849806,0.0
25.54583333333205,0.499815067790028,0.008970130472772866,0.5001849322099721,0.0
25.549999999998718,0.49981539967732713,0.00895406187280518,0.5001846003226728,0.0
25.554166666665385,0.4998157309779234,0.008938021573111422,0.5001842690220765,0.0
25.558333333332047,0.49981606169282183,0.008922009525609545,0.5001839383071782,0.0
25.562499999998717,0.49981639182302556,0.008906025682293255,0.5001836081769745,0.0
25.566666666665384,0.49981672136953625,0.008890069995232019,0.5001832786304636,0.0
25.57083333333205,0.4998170503333543,0.00887414241657093,0.5001829496666458,0.0
25.57499999999872,0.49981737871547804,0.00885824289853059,0.500182621284522,0.0
25.579166666665383,0.49981770651690444,0.008842371393407064,0.5001822934830955,0.0
25.58333333333205,0.49981803373862893,0.008826527853571702,0.5001819662613711,0.0
25.587499999998716,0.4998183603816452,0.008810712231471151,0.5001816396183548,0.0
25.59166666666538,0.4998186864469453,0.008794924479627219,0.5001813135530546,0.0
25.59583333333205,0.4998190119355446,0.008779164546046362,0.5001809880644554,0.0
25.599999999998715,0.499819336848448,0.008763432380370428,0.500180663151552,0.0
25.60416666666538,0.4998196611866066,0.008747727942205685,0.5001803388133935,0.0
25.60833333333205,0.49981998495100594,0.00873205118434969,0.5001800150489941,0.0
25.612499999998715,0.4998203081426306,0.008716402059674298,0.5001796918573693,0.0
25.61666666666538,0.4998206307624633,0.008700780521125492,0.5001793692375366,0.0
25.620833333332047,0.49982095281148536,0.008685186521723377,0.5001790471885146,0.0
25.62499999999871,0.49982127429067635,0.008669620014562056,0.5001787257093236,0.0
25.62916666666538,0.49982159520101443,0.008654080952809453,0.5001784047989856,0.0
25.633333333332047,0.499821915543476,0.008638569289707347,0.5001780844565239,0.0
25.637499999998713,0.4998222353190362,0.008623084978571185,0.5001777646809639,0.0
25.641666666665383,0.49982255452866825,0.00860762797279001,0.5001774454713317,0.0
25.645833333332046,0.4998228731733442,0.008592198225826388,0.5001771268266559,0.0
25.649999999998712,0.49982319125403407,0.008576795691216221,0.5001768087459659,0.0
25.65416666666538,0.49982350877170684,0.008561420322568788,0.5001764912282932,0.0
25.658333333332042,0.4998238257273295,0.008546072073566554,0.5001761742726706,0.0
25.662499999998712,0.49982414212186776,0.008530750897965057,0.5001758578781322,0.0
25.666666666665378,0.4998244579562857,0.008515456749592898,0.5001755420437143,0.0
25.670833333332045,0.49982477323154595,0.008500189582351577,0.5001752267684542,0.0
25.674999999998715,0.4998250879486093,0.008484949350215409,0.5001749120513906,0.0
25.679166666665378,0.49982540210843546,0.008469736007231459,0.5001745978915646,0.0
25.683333333332044,0.49982571571198203,0.008454549507519357,0.500174284288018,0.0
25.68749999999871,0.4998260287602057,0.008439389805271317,0.5001739712397943,0.0
25.691666666665373,0.4998263412540611,0.008424256854751988,0.5001736587459389,0.0
25.695833333332043,0.49982665319450165,0.008409150610298295,0.5001733468054984,0.0
25.69999999999871,0.4998269645824791,0.008394071026319463,0.5001730354175209,0.0
25.704166666665376,0.4998272754189436,0.00837901805729683,0.5001727245810563,0.0
25.708333333332046,0.4998275857048441,0.008363991657783783,0.5001724142951558,0.0
25.71249999999871,0.49982789544112777,0.008348991782405678,0.5001721045588723,0.0
25.716666666665375,0.49982820462874006,0.008334018385859659,0.5001717953712599,0.0
25.720833333332042,0.4998285132686254,0.008319071422914687,0.5001714867313747,0.0
25.724999999998705,0.49982882136172635,0.008304150848411367,0.5001711786382738,0.0
25.729166666665375,0.49982912890898396,0.008289256617261822,0.5001708710910161,0.0
25.73333333333204,0.49982943591133794,0.008274388684449683,0.5001705640886621,0.0
25.737499999998708,0.4998297423697264,0.008259547005029934,0.5001702576302736,0.0
25.741666666665378,0.4998300482850859,0.008244731534128824,0.5001699517149141,0.0
25.74583333333204,0.49983035365835166,0.008229942226943792,0.5001696463416483,0.0
25.749999999998707,0.4998306584904573,0.008215179038743302,0.5001693415095427,0.0
25.754166666665373,0.4998309627823347,0.008200441924866842,0.5001690372176654,0.0
25.758333333332036,0.4998312665349146,0.00818573084072479,0.5001687334650854,0.0
25.762499999998706,0.49983156974912607,0.00817104574179825,0.5001684302508739,0.0
25.766666666665373,0.49983187242589694,0.008156386583639067,0.5001681275741031,0.0
25.77083333333204,0.499832174566153,0.00814175332186966,0.5001678254338471,0.0
25.77499999999871,0.499832476170819,0.008127145912182934,0.500167523829181,0.0
25.779166666665372,0.4998327772408181,0.008112564310342222,0.5001672227591818,0.0
25.78333333333204,0.4998330777770721,0.008098008472181097,0.500166922222928,0.0
25.787499999998705,0.4998333777805009,0.008083478353603384,0.5001666222194991,0.0
25.791666666665368,0.4998336772520234,0.00806897391058302,0.5001663227479767,0.0
25.795833333332038,0.49983397619255665,0.008054495099163896,0.5001660238074433,0.0
25.799999999998704,0.49983427460301655,0.008040041875459869,0.5001657253969835,0.0
25.80416666666537,0.4998345724843173,0.008025614195654592,0.5001654275156827,0.0
25.80833333333204,0.49983486983737163,0.008011212016001436,0.5001651301626283,0.0
25.812499999998703,0.499835166663091,0.00799683529282342,0.500164833336909,0.0
25.81666666666537,0.49983546296238524,0.007982483982513026,0.5001645370376148,0.0
25.820833333332036,0.49983575873616265,0.007968158041532223,0.5001642412638374,0.0
25.8249999999987,0.49983605398533015,0.007953857426412301,0.50016394601467,0.0
25.82916666666537,0.4998363487107932,0.007939582093753745,0.5001636512892067,0.0
25.833333333332035,0.49983664291345603,0.007925332000226227,0.5001633570865439,0.0
25.837499999998702,0.4998369365942209,0.007911107102568439,0.500163063405779,0.0
25.841666666665372,0.4998372297539891,0.007896907357588016,0.5001627702460109,0.0
25.845833333332035,0.4998375223936603,0.007882732722161463,0.5001624776063397,0.0
25.8499999999987,0.49983781451413256,0.007868583153233981,0.5001621854858674,0.0
25.854166666665368,0.4998381061163026,0.007854458607819479,0.5001618938836974,0.0
25.85833333333203,0.49983839720106593,0.007840359043000417,0.5001616027989341,0.0
25.8624999999987,0.4998386877693162,0.00782628441592767,0.5001613122306837,0.0
25.866666666665367,0.49983897782194603,0.0078122346838205275,0.500161022178054,0.0
25.870833333332033,0.4998392673597789,0.00779820980520195,0.5001607326402212,0.0
25.874999999998703,0.4998395563836009,0.007784209739322494,0.500160443616399,0.0
25.879166666665366,0.4998398448944562,0.007770234440748469,0.5001601551055438,0.0
25.883333333332033,0.4998401328932308,0.007756283866980175,0.5001598671067691,0.0
25.8874999999987,0.4998404203808098,0.007742357975585992,0.5001595796191902,0.0
25.891666666665362,0.49984070735807623,0.0077284567242022284,0.5001592926419238,0.0
25.895833333332032,0.4998409938259122,0.007714580070532981,0.5001590061740879,0.0
25.8999999999987,0.49984127978519793,0.007700727972350129,0.5001587202148021,0.0
25.904166666665365,0.49984156523681283,0.007686900387493186,0.5001584347631872,0.0
25.908333333332035,0.49984185018163424,0.007673097273869208,0.5001581498183658,0.0
25.912499999998698,0.49984213462053834,0.0076593185894527184,0.5001578653794616,0.0
25.916666666665364,0.4998424185544001,0.0076455642922855565,0.5001575814455999,0.0
25.92083333333203,0.49984270198409286,0.007631834340476862,0.5001572980159071,0.0
25.924999999998693,0.4998429849104884,0.007618128692202946,0.5001570150895116,0.0
25.929166666665363,0.4998432673344573,0.0076044473057071335,0.5001567326655426,0.0
25.93333333333203,0.49984354925686875,0.007590790139299784,0.5001564507431312,0.0
25.937499999998696,0.4998438306785904,0.007577157151358105,0.5001561693214096,0.0
25.941666666665366,0.4998441116004884,0.0075635483003261,0.5001558883995116,0.0
25.94583333333203,0.4998443920234278,0.007549963544714462,0.5001556079765721,0.0
25.949999999998695,0.4998446719482721,0.007536402843100443,0.500155328051728,0.0
25.954166666665362,0.4998449513758831,0.0075228661541278255,0.5001550486241169,0.0
25.958333333332025,0.4998452303071218,0.007509353436506798,0.5001547696928782,0.0
25.962499999998695,0.4998455087428472,0.00749586464901381,0.5001544912571528,0.0
25.96666666666536,0.4998457866839174,0.007482399750491558,0.5001542133160826,0.0
25.970833333332028,0.49984606413118876,0.007468958699848846,0.5001539358688113,0.0
25.974999999998698,0.49984634108551634,0.007455541456060491,0.5001536589144837,0.0
25.97916666666536,0.49984661754775384,0.007442147978167249,0.5001533824522463,0.0
25.983333333332027,0.4998468935187536,0.007428778225275657,0.5001531064812464,0.0
25.987499999998693,0.49984716899936654,0.0074154321565580265,0.5001528310006333,0.0
25.991666666665356,0.4998474439904423,0.007402109731252311,0.5001525560095578,0.0
25.995833333332026,0.49984771849282883,0.007388810908661951,0.5001522815071711,0.0
25.999999999998693,0.49984799250737316,0.007375535648155886,0.5001520074926269,0.0
26.00416666666536,0.4998482660349205,0.007362283909168379,0.5001517339650795,0.0
26.00833333333203,0.49984853907631493,0.007349055651198958,0.5001514609236851,0.0
26.012499999998692,0.4998488116323991,0.007335850833812312,0.500151188367601,0.0
26.01666666666536,0.49984908370401426,0.007322669416638159,0.5001509162959857,0.0
26.020833333332025,0.4998493552920004,0.007309511359371219,0.5001506447079995,0.0
26.024999999998688,0.49984962639719605,0.007296376621771093,0.500150373602804,0.0
26.029166666665358,0.4998498970204384,0.0072832651636621035,0.5001501029795616,0.0
26.033333333332024,0.4998501671625632,0.007270176944933305,0.5001498328374367,0.0
26.03749999999869,0.49985043682440505,0.0072571119255383214,0.500149563175595,0.0
26.04166666666536,0.49985070600679693,0.007244070065495259,0.500149293993203,0.0
26.045833333332023,0.49985097471057066,0.007231051324886646,0.5001490252894294,0.0
26.04999999999869,0.4998512429365566,0.007218055663859247,0.5001487570634433,0.0
26.054166666665356,0.49985151068558387,0.007205083042624093,0.5001484893144162,0.0
26.05833333333202,0.49985177795848,0.0071921334214563055,0.50014822204152,0.0
26.06249999999869,0.4998520447560715,0.007179206760694985,0.5001479552439285,0.0
26.066666666665355,0.4998523110791833,0.007166303020743186,0.5001476889208166,0.0
26.070833333332022,0.49985257692863927,0.007153422162067774,0.5001474230713608,0.0
26.074999999998692,0.49985284230526134,0.007140564145199334,0.5001471576947386,0.0
26.079166666665355,0.4998531072098707,0.007127728930732103,0.5001468927901292,0.0
26.08333333333202,0.4998533716432872,0.007114916479323803,0.5001466283567129,0.0
26.087499999998688,0.49985363560632884,0.007102126751695638,0.5001463643936712,0.0
26.09166666666535,0.49985389909981265,0.00708935970863216,0.5001461009001873,0.0
26.09583333333202,0.4998541621245545,0.007076615310981123,0.5001458378754455,0.0
26.099999999998687,0.49985442468136854,0.00706389351965348,0.5001455753186316,0.0
26.104166666665353,0.4998546867710678,0.007051194295623217,0.5001453132289323,0.0
26.108333333332023,0.4998549483944639,0.007038517599927296,0.5001450516055361,0.0
26.112499999998686,0.4998552095523673,0.007025863393665547,0.5001447904476326,0.0
26.116666666665353,0.4998554702455871,0.007013231638000535,0.500144529754413,0.0
26.12083333333202,0.49985573047493076,0.007000622294157541,0.5001442695250692,0.0
26.124999999998682,0.499855990241205,0.006988035323424427,0.500144009758795,0.0
26.129166666665352,0.4998562495452147,0.006975470687151494,0.5001437504547853,0.0
26.13333333333202,0.49985650838776374,0.006962928346751478,0.5001434916122364,0.0
26.137499999998685,0.4998567667696545,0.00695040826369939,0.5001432332303455,0.0
26.141666666665355,0.4998570246916883,0.006937910399532446,0.5001429753083118,0.0
26.145833333332018,0.49985728215459363,0.006925434717863223,0.5001427178454063,0.0
26.149999999998684,0.49985753915893544,0.00691298118695115,0.5001424608410645,0.0
26.15416666666535,0.4998577957057924,0.0069005497605739465,0.5001422042942076,0.0
26.158333333332013,0.49985805179595966,0.006888140400537648,0.5001419482040403,0.0
26.162499999998683,0.49985830743023113,0.0068757530687103266,0.5001416925697688,0.0
26.16666666666535,0.4998585626093995,0.006863387727022085,0.5001414373906006,0.0
26.170833333332016,0.49985881733425597,0.006851044337464902,0.500141182665744,0.0
26.174999999998686,0.4998590716055907,0.006838722862092564,0.5001409283944094,0.0
26.17916666666535,0.4998593254241922,0.006826423263020569,0.5001406745758079,0.0
26.183333333332016,0.4998595787908481,0.006814145502425997,0.500140421209152,0.0
26.187499999998682,0.4998598317063443,0.00680188954254749,0.5001401682936557,0.0
26.191666666665345,0.4998600841714658,0.00678965534568512,0.5001399158285342,0.0
26.195833333332015,0.499860336186996,0.006777442874200254,0.5001396638130039,0.0
26.19999999999868,0.49986058775371733,0.006765252090515545,0.5001394122462827,0.0
26.204166666665348,0.4998608388724105,0.006753082957114785,0.5001391611275895,0.0
26.208333333332018,0.49986108954385544,0.006740935436542825,0.5001389104561447,0.0
26.21249999999868,0.4998613397688303,0.006728809491405496,0.5001386602311697,0.0
26.216666666665347,0.49986158954811233,0.00671670508436946,0.5001384104518877,0.0
26.220833333332013,0.4998618388824773,0.006704622178162202,0.5001381611175227,0.0
26.224999999998676,0.49986208777269986,0.006692560735571899,0.5001379122273002,0.0
26.229166666665346,0.49986233621955317,0.006680520719447277,0.5001376637804469,0.0
26.233333333332013,0.49986258422380925,0.006668502092697607,0.5001374157761908,0.0
26.23749999999868,0.49986283178623886,0.006656504818292563,0.5001371682137611,0.0
26.24166666666535,0.49986307890761145,0.006644528859262125,0.5001369210923885,0.0
26.245833333332012,0.49986332558869534,0.006632574178696523,0.5001366744113047,0.0
26.24999999999868,0.49986357183025726,0.006620640739746072,0.5001364281697427,0.0
26.254166666665345,0.4998638176330631,0.006608728505621169,0.500136182366937,0.0
26.258333333332008,0.4998640629978771,0.006596837439592157,0.500135937002123,0.0
26.262499999998678,0.4998643079254623,0.006584967504989193,0.5001356920745376,0.0
26.266666666665344,0.49986455241658106,0.006573118665202238,0.500135447583419,0.0
26.27083333333201,0.49986479647199356,0.006561290883680906,0.5001352035280064,0.0
26.27499999999868,0.4998650400924593,0.006549484123934391,0.5001349599075406,0.0
26.279166666665343,0.49986528327873664,0.006537698349531378,0.5001347167212633,0.0
26.28333333333201,0.49986552603158224,0.006525933524099904,0.5001344739684177,0.0
26.287499999998676,0.4998657683517519,0.006514189611327351,0.500134231648248,0.0
26.29166666666534,0.49986601023999994,0.006502466574960303,0.50013398976,0.0
26.29583333333201,0.4998662516970795,0.00649076437880441,0.5001337483029206,0.0
26.299999999998676,0.49986649272374256,0.006479082986724395,0.5001335072762575,0.0
26.304166666665342,0.49986673332073983,0.006467422362643884,0.5001332666792602,0.0
26.308333333332012,0.4998669734888206,0.006455782470545348,0.5001330265111794,0.0
26.312499999998675,0.49986721322873323,0.006444163274470007,0.5001327867712667,0.0
26.31666666666534,0.4998674525412248,0.0064325647385176914,0.5001325474587752,0.0
26.320833333332008,0.49986769142704085,0.006420986826846834,0.5001323085729592,0.0
26.32499999999867,0.49986792988692597,0.006409429503674326,0.500132070113074,0.0
26.32916666666534,0.49986816792162353,0.006397892733275394,0.5001318320783765,0.0
26.333333333332007,0.4998684055318756,0.006386376479983583,0.5001315944681244,0.0
26.337499999998673,0.49986864271842296,0.0063748807081906176,0.5001313572815771,0.0
26.341666666665343,0.4998688794820053,0.006363405382346303,0.5001311205179947,0.0
26.345833333332006,0.4998691158233611,0.006351950466958473,0.500130884176639,0.0
26.349999999998673,0.4998693517432275,0.006340515926592824,0.5001306482567726,0.0
26.35416666666534,0.4998695872423405,0.006329101725872907,0.5001304127576595,0.0
26.358333333332002,0.49986982232143484,0.0063177078294800034,0.500130177678565,0.0
26.362499999998672,0.49987005698124426,0.006306334202152981,0.5001299430187558,0.0
26.36666666666534,0.49987029122250093,0.006294980808688289,0.5001297087774991,0.0
26.370833333332005,0.4998705250459362,0.006283647613939805,0.5001294749540639,0.0
26.374999999998675,0.49987075845227985,0.006272334582818765,0.5001292415477202,0.0
26.379166666665338,0.4998709914422607,0.006261041680293676,0.5001290085577393,0.0
26.383333333332004,0.4998712240166064,0.006249768871390177,0.5001287759833937,0.0
26.38749999999867,0.4998714561760432,0.0062385161211910185,0.5001285438239568,0.0
26.391666666665333,0.4998716879212964,0.006227283394835937,0.5001283120787037,0.0
26.395833333332003,0.4998719192530899,0.0062160706575215205,0.5001280807469102,0.0
26.39999999999867,0.4998721501721464,0.006204877874501192,0.5001278498278535,0.0
26.404166666665336,0.4998723806791877,0.00619370501108507,0.5001276193208124,0.0
26.408333333332006,0.499872610774934,0.006182552032639883,0.5001273892250659,0.0
26.41249999999867,0.4998728404601047,0.006171418904588894,0.5001271595398953,0.0
26.416666666665336,0.4998730697354178,0.006160305592411757,0.5001269302645821,0.0
26.420833333332002,0.4998732986015215,0.006149212063953373,0.5001267013984785,0.0
26.424999999998665,0.49987352705855553,0.00613813830416016,0.5001264729414444,0.0
26.429166666665335,0.49987375510784615,0.0061270842581225525,0.5001262448921538,0.0
26.433333333332,0.499873982750106,0.006116049891570614,0.500126017249894,0.0
26.437499999998668,0.49987420998604637,0.006105035170290691,0.5001257900139536,0.0
26.441666666665338,0.49987443681637755,0.006094040060125321,0.5001255631836224,0.0
26.445833333332,0.4998746632418085,0.006083064526973156,0.5001253367581915,0.0
26.449999999998667,0.49987488926304713,0.006072108536788833,0.5001251107369528,0.0
26.454166666665333,0.4998751148808003,0.006061172055582944,0.5001248851191998,0.0
26.458333333331996,0.4998753400957732,0.006050255049421911,0.5001246599042267,0.0
26.462499999998666,0.4998755649086705,0.006039357484427872,0.5001244350913295,0.0
26.466666666665333,0.4998757893201952,0.006028479326778643,0.5001242106798048,0.0
26.470833333332,0.4998760133310493,0.006017620542707591,0.5001239866689506,0.0
26.47499999999867,0.49987623694193384,0.006006781098503555,0.500123763058066,0.0
26.479166666665332,0.4998764601535485,0.005995960960510766,0.5001235398464516,0.0
26.483333333332,0.49987668296659155,0.005985160095128701,0.5001233170334085,0.0
26.487499999998665,0.4998769053817606,0.005974378468812078,0.5001230946182394,0.0
26.491666666665328,0.4998771273997519,0.005963616048070716,0.5001228726002482,0.0
26.495833333331998,0.4998773490212603,0.005952872799469418,0.5001226509787398,0.0
26.499999999998664,0.4998775702469799,0.005942148689627945,0.50012242975302,0.0
26.50416666666533,0.49987779107760355,0.005931443685220887,0.5001222089223964,0.0
26.508333333332,0.49987801151382266,0.0059207577529775705,0.5001219884861774,0.0
26.512499999998663,0.4998782315563278,0.00591009085968199,0.5001217684436722,0.0
26.51666666666533,0.4998784512058084,0.005899442972172669,0.5001215487941916,0.0
26.520833333331996,0.4998786704629526,0.005888814057342637,0.5001213295370475,0.0
26.52499999999866,0.49987888932844726,0.005878204082139301,0.5001211106715526,0.0
26.52916666666533,0.4998791078029787,0.0058676130135643274,0.5001208921970214,0.0
26.533333333331996,0.49987932588723133,0.005857040818673616,0.5001206741127687,0.0
26.537499999998662,0.49987954358188885,0.005846487464577166,0.5001204564181111,0.0
26.541666666665332,0.499879760887634,0.005835952918438991,0.5001202391123659,0.0
26.545833333331995,0.4998799778051481,0.005825437147477046,0.500120022194852,0.0
26.54999999999866,0.4998801943351112,0.005814940118963087,0.5001198056648888,0.0
26.554166666665328,0.4998804104782027,0.0058044618002226515,0.5001195895217972,0.0
26.55833333333199,0.49988062623510054,0.005794002158634933,0.5001193737648996,0.0
26.56249999999866,0.49988084160648144,0.005783561161632655,0.5001191583935185,0.0
26.566666666665327,0.4998810565930214,0.005773138776702048,0.5001189434069786,0.0
26.570833333331993,0.499881271195395,0.005762734971382714,0.500118728804605,0.0
26.574999999998663,0.49988148541427585,0.005752349713267554,0.5001185145857242,0.0
26.579166666665326,0.4998816992503362,0.005741982970002673,0.5001183007496639,0.0
26.583333333331993,0.49988191270424753,0.00573163470928726,0.5001180872957526,0.0
26.58749999999866,0.49988212577668,0.005721304898873557,0.5001178742233201,0.0
26.591666666665322,0.49988233846830266,0.005710993506566733,0.5001176615316973,0.0
26.595833333331992,0.49988255077978355,0.005700700500224768,0.5001174492202165,0.0
26.59999999999866,0.49988276271178955,0.00569042584775842,0.5001172372882104,0.0
26.604166666665325,0.4998829742649865,0.005680169517131094,0.5001170257350134,0.0
26.608333333331995,0.4998831854400391,0.005669931476358765,0.5001168145599609,0.0
26.612499999998658,0.49988339623761086,0.005659711693509895,0.5001166037623891,0.0
26.616666666665324,0.4998836066583644,0.005649510136705295,0.5001163933416356,0.0
26.62083333333199,0.49988381670296106,0.00563932677411811,0.500116183297039,0.0
26.624999999998654,0.49988402637206114,0.005629161573973687,0.5001159736279389,0.0
26.629166666665324,0.4998842356663238,0.005619014504549453,0.5001157643336761,0.0
26.63333333333199,0.49988444458640746,0.005608885534174894,0.5001155554135926,0.0
26.637499999998656,0.4998846531329688,0.005598774631231413,0.5001153468670312,0.0
26.641666666665326,0.49988486130666404,0.005588681764152264,0.5001151386933359,0.0
26.64583333333199,0.49988506910814806,0.005578606901422453,0.5001149308918519,0.0
26.649999999998656,0.49988527653807463,0.005568550011578621,0.5001147234619254,0.0
26.654166666665322,0.4998854835970964,0.0055585110632090096,0.5001145164029036,0.0
26.658333333331985,0.4998856902858652,0.005548490024953341,0.5001143097141348,0.0
26.662499999998655,0.4998858966050315,0.005538486865502689,0.5001141033949684,0.0
26.66666666666532,0.49988610255524485,0.005528501553599467,0.5001138974447551,0.0
26.670833333331988,0.49988630813715373,0.005518534058037278,0.5001136918628463,0.0
26.674999999998658,0.49988651335140544,0.005508584347660845,0.5001134866485946,0.0
26.67916666666532,0.49988671819864644,0.005498652391365928,0.5001132818013536,0.0
26.683333333331987,0.4998869226795218,0.005488738158099188,0.5001130773204783,0.0
26.687499999998654,0.49988712679467573,0.005478841616858168,0.5001128732053242,0.0
26.691666666665316,0.49988733054475165,0.005468962736691163,0.5001126694552485,0.0
26.695833333331986,0.4998875339303913,0.005459101486697097,0.5001124660696088,0.0
26.699999999998653,0.4998877369522359,0.005449257836025506,0.5001122630477641,0.0
26.70416666666532,0.49988793961092515,0.005439431753876392,0.5001120603890747,0.0
26.70833333333199,0.49988814190709835,0.005429623209500153,0.5001118580929016,0.0
26.712499999998652,0.4998883438413932,0.0054198321721975,0.5001116561586069,0.0
26.71666666666532,0.49988854541444633,0.005410058611319316,0.5001114545855536,0.0
26.720833333331985,0.4998887466268938,0.005400302496266644,0.5001112533731062,0.0
26.724999999998648,0.4998889474793702,0.005390563796490553,0.5001110525206297,0.0
26.729166666665318,0.4998891479725092,0.005380842481492022,0.5001108520274907,0.0
26.733333333331984,0.49988934810694363,0.0053711385208219066,0.5001106518930564,0.0
26.73749999999865,0.4998895478833049,0.005361451884080811,0.500110452116695,0.0
26.74166666666532,0.4998897473022237,0.005351782540919011,0.5001102526977762,0.0
26.745833333331984,0.4998899463643296,0.005342130461036364,0.5001100536356704,0.0
26.74999999999865,0.49989014507025104,0.005332495614182183,0.5001098549297489,0.0
26.754166666665316,0.49989034342061556,0.005322877970155212,0.5001096565793844,0.0
26.75833333333198,0.4998905414160495,0.005313277498803496,0.5001094585839504,0.0
26.76249999999865,0.4998907390571785,0.005303694170024267,0.5001092609428215,0.0
26.766666666665316,0.4998909363446269,0.005294127953763906,0.5001090636553731,0.0
26.770833333331982,0.49989113327901796,0.005284578820017824,0.500108866720982,0.0
26.774999999998652,0.4998913298609742,0.005275046738830372,0.5001086701390258,0.0
26.779166666665315,0.499891526091117,0.005265531680294761,0.500108473908883,0.0
26.78333333333198,0.49989172197006654,0.0052560336145529366,0.5001082780299334,0.0
26.787499999998648,0.4998919174984423,0.005246552511795545,0.5001080825015578,0.0
26.79166666666531,0.4998921126768625,0.005237088342261811,0.5001078873231375,0.0
26.79583333333198,0.4998923075059446,0.005227641076239421,0.5001076924940555,0.0
26.799999999998647,0.49989250198481266,0.005218210737740461,0.5001074980151874,0.0
26.804166666665314,0.49989269611534193,0.005208797251826231,0.5001073038846582,0.0
26.808333333331984,0.4998928898983008,0.0051994005833852506,0.5001071101016992,0.0
26.812499999998646,0.4998930833343008,0.005190020702962794,0.5001069166656992,0.0
26.816666666665313,0.49989327642395237,0.005180657581152943,0.5001067235760476,0.0
26.82083333333198,0.49989346916786503,0.005171311188598571,0.5001065308321349,0.0
26.824999999998642,0.4998936615666472,0.00516198149599122,0.5001063384333528,0.0
26.829166666665312,0.4998938536209062,0.005152668474070984,0.5001061463790938,0.0
26.83333333333198,0.49989404533124865,0.005143372093626488,0.5001059546687514,0.0
26.837499999998645,0.4998942366982798,0.0051340923254947594,0.5001057633017203,0.0
26.841666666665315,0.49989442772260406,0.00512482914056115,0.5001055722773959,0.0
26.845833333331978,0.4998946184048248,0.005115582509759264,0.5001053815951751,0.0
26.849999999998644,0.49989480874554443,0.005106352404070825,0.5001051912544555,0.0
26.85416666666531,0.49989499874536436,0.005097138794525659,0.5001050012546358,0.0
26.858333333331974,0.49989518840488484,0.005087941652201568,0.5001048115951152,0.0
26.862499999998644,0.4998953777247053,0.005078760948224225,0.5001046222752946,0.0
26.86666666666531,0.49989556670542423,0.005069596653767139,0.5001044332945759,0.0
26.870833333331976,0.4998957553476388,0.005060448740051533,0.5001042446523613,0.0
26.874999999998646,0.49989594365194545,0.005051317178346265,0.5001040563480545,0.0
26.87916666666531,0.4998961316189397,0.005042201939967758,0.5001038683810604,0.0
26.883333333331976,0.49989631924921574,0.0050331029962798635,0.5001036807507842,0.0
26.887499999998642,0.49989650654336715,0.005024020318693848,0.5001034934566327,0.0
26.891666666665305,0.4998966935019862,0.005014953878668268,0.5001033064980137,0.0
26.895833333331975,0.49989688012566447,0.005005903647708856,0.5001031198743355,0.0
26.89999999999864,0.49989706641499226,0.004996869597368493,0.5001029335850078,0.0
26.904166666665308,0.4998972523705591,0.004987851699247087,0.500102747629441,0.0
26.908333333331978,0.4998974379929535,0.004978849924991493,0.5001025620070465,0.0
26.91249999999864,0.49989762328276294,0.004969864246295437,0.5001023767172371,0.0
26.916666666665307,0.49989780824057384,0.004960894634899392,0.500102191759426,0.0
26.920833333331974,0.49989799286697195,0.004951941062590553,0.500102007133028,0.0
26.924999999998636,0.4998981771625418,0.004943003501202713,0.5001018228374582,0.0
26.929166666665306,0.499898361127867,0.004934081922616156,0.500101638872133,0.0
26.933333333331973,0.49989854476353013,0.004925176298757628,0.5001014552364699,0.0
26.93749999999864,0.4998987280701129,0.004916286601600209,0.5001012719298872,0.0
26.94166666666531,0.499898911048196,0.004907412803163239,0.5001010889518039,0.0
26.945833333331972,0.4998990936983593,0.00489855487551224,0.5001009063016407,0.0
26.94999999999864,0.49989927602118145,0.0048897127907587936,0.5001007239788187,0.0
26.954166666665305,0.49989945801724023,0.004880886521060508,0.5001005419827598,0.0
26.958333333331968,0.49989963968711265,0.004872076038620911,0.5001003603128873,0.0
26.962499999998638,0.49989982103137465,0.004863281315689327,0.5001001789686254,0.0
26.966666666665304,0.4999000020506011,0.004854502324560853,0.500099997949399,0.0
26.97083333333197,0.499900182745366,0.004845739037576232,0.500099817254634,0.0
26.97499999999864,0.49990036311624236,0.004836991427121781,0.5000996368837576,0.0
26.979166666665304,0.49990054316380256,0.004828259465629307,0.5000994568361974,0.0
26.98333333333197,0.4999007228886175,0.00481954312557599,0.5000992771113825,0.0
26.987499999998636,0.49990090229125744,0.004810842379484347,0.5000990977087425,0.0
26.9916666666653,0.4999010813722918,0.004802157199922126,0.5000989186277083,0.0
26.99583333333197,0.49990126013228875,0.004793487559502185,0.5000987398677114,0.0
26.999999999998636,0.49990143857181574,0.004784833430882461,0.5000985614281843,0.0
27.004166666665302,0.49990161669143923,0.0047761947867658566,0.5000983833085607,0.0
27.008333333331972,0.4999017944917249,0.00476757159990015,0.5000982055082751,0.0
27.012499999998635,0.49990197197323716,0.004758963843077931,0.500098028026763,0.0
27.0166666666653,0.4999021491365396,0.004750371489136464,0.5000978508634604,0.0
27.020833333331968,0.4999023259821952,0.00474179451095767,0.5000976740178048,0.0
27.02499999999863,0.4999025025107657,0.00473323288146801,0.5000974974892344,0.0
27.0291666666653,0.4999026787228118,0.004724686573638361,0.5000973212771882,0.0
27.033333333331967,0.49990285461889356,0.004716155560484003,0.5000971453811064,0.0
27.037499999998634,0.4999030301995702,0.004707639815064478,0.5000969698004298,0.0
27.041666666665304,0.4999032054653996,0.004699139310483528,0.5000967945346004,0.0
27.045833333331966,0.4999033804169391,0.0046906540198890095,0.500096619583061,0.0
27.049999999998633,0.49990355505474493,0.00468218391647277,0.5000964449452552,0.0
27.0541666666653,0.4999037293793723,0.004673728973470627,0.5000962706206277,0.0
27.058333333331962,0.4999039033913759,0.0046652891641622415,0.5000960966086241,0.0
27.062499999998632,0.4999040770913092,0.00465686446187101,0.5000959229086908,0.0
27.0666666666653,0.4999042504797248,0.004648454839964041,0.5000957495202752,0.0
27.070833333331965,0.49990442355717446,0.004640060271852016,0.5000955764428254,0.0
27.074999999998635,0.49990459632420897,0.0046316807309891295,0.500095403675791,0.0
27.079166666665298,0.4999047687813783,0.004623316190872999,0.5000952312186216,0.0
27.083333333331964,0.4999049409292315,0.004614966625044552,0.5000950590707685,0.0
27.08749999999863,0.4999051127683165,0.004606632007087987,0.5000948872316834,0.0
27.091666666665294,0.4999052842991808,0.004598312310630668,0.5000947157008192,0.0
27.095833333331964,0.49990545552237053,0.004590007509343002,0.5000945444776294,0.0
27.09999999999863,0.4999056264384311,0.004581717576938417,0.5000943735615688,0.0
27.104166666665297,0.4999057970479073,0.004573442487173231,0.5000942029520926,0.0
27.108333333331966,0.4999059673513425,0.004565182213846584,0.5000940326486574,0.0
27.11249999999863,0.4999061373492797,0.004556936730800352,0.5000938626507204,0.0
27.116666666665296,0.4999063070422605,0.004548706011919028,0.5000936929577394,0.0
27.120833333331962,0.49990647643082614,0.004540490031129697,0.5000935235691738,0.0
27.124999999998625,0.4999066455155166,0.004532288762401914,0.5000933544844833,0.0
27.129166666665295,0.49990681429687117,0.004524102179747592,0.5000931857031288,0.0
27.13333333333196,0.4999069827754283,0.004515930257220975,0.5000930172245718,0.0
27.137499999998628,0.4999071509517251,0.004507772968918511,0.5000928490482748,0.0
27.141666666665298,0.49990731882629863,0.0044996302889787785,0.5000926811737013,0.0
27.14583333333196,0.49990748639968435,0.004491502191582409,0.5000925136003157,0.0
27.149999999998627,0.49990765367241713,0.004483388650951962,0.5000923463275828,0.0
27.154166666665294,0.49990782064503114,0.004475289641351896,0.500092179354969,0.0
27.158333333331957,0.4999079873180592,0.004467205137088455,0.5000920126819408,0.0
27.162499999998627,0.49990815369203384,0.004459135112509554,0.5000918463079662,0.0
27.166666666665293,0.4999083197674862,0.0044510795420047485,0.5000916802325137,0.0
27.17083333333196,0.49990848554494705,0.004443038400005114,0.500091514455053,0.0
27.17499999999863,0.4999086510233015,0.004435011726776958,0.5000913489766984,0.0
27.179166666665292,0.49990881620395305,0.004426999461842898,0.5000911837960469,0.0
27.18333333333196,0.49990898108808957,0.004419001553348416,0.5000910189119104,0.0
27.187499999998625,0.49990914567623573,0.004411017975990929,0.5000908543237642,0.0
27.191666666665288,0.49990930996891514,0.004403048704510218,0.5000906900310849,0.0
27.195833333331958,0.4999094739666507,0.004395093713688317,0.5000905260333494,0.0
27.199999999998624,0.49990963766996427,0.00438715297834949,0.5000903623300358,0.0
27.20416666666529,0.4999098010793769,0.004379226473360118,0.5000901989206231,0.0
27.20833333333196,0.49990996419540873,0.004371314173628628,0.5000900358045913,0.0
27.212499999998624,0.4999101270185791,0.004363416054105417,0.5000898729814208,0.0
27.21666666666529,0.49991028954940653,0.004355532089782751,0.5000897104505935,0.0
27.220833333331957,0.4999104517884084,0.004347662255694723,0.5000895482115916,0.0
27.22499999999862,0.49991061373610146,0.004339806526917155,0.5000893862638984,0.0
27.22916666666529,0.4999107753930016,0.004331964878567499,0.5000892246069985,0.0
27.233333333331956,0.4999109367596236,0.0043241372858047996,0.5000890632403765,0.0
27.237499999998622,0.49991109783648163,0.004316323723829582,0.5000889021635184,0.0
27.241666666665292,0.4999112586240889,0.004308524167883789,0.5000887413759111,0.0
27.245833333331955,0.4999114191229578,0.004300738593250703,0.5000885808770421,0.0
27.24999999999862,0.49991157933359975,0.0042929669752548374,0.5000884206664002,0.0
27.254166666665288,0.4999117392565254,0.0042852092892619025,0.5000882607434746,0.0
27.25833333333195,0.49991189889224463,0.0042774655106787105,0.5000881011077554,0.0
27.26249999999862,0.4999120582412662,0.00426973561495306,0.5000879417587338,0.0
27.266666666665287,0.4999122173040983,0.004262019577573717,0.5000877826959017,0.0
27.270833333331954,0.4999123760812481,0.004254317374070298,0.500087623918752,0.0
27.274999999998624,0.4999125345732219,0.004246628980013197,0.5000874654267781,0.0
27.279166666665287,0.49991269278052536,0.004238954371013523,0.5000873072194746,0.0
27.283333333331953,0.49991285070366315,0.0042312935227229774,0.5000871492963369,0.0
27.28749999999862,0.4999130083431389,0.004223646410833829,0.5000869916568611,0.0
27.291666666665282,0.49991316569945576,0.004216013011078814,0.5000868343005441,0.0
27.295833333331952,0.49991332277311595,0.004208393299231029,0.500086677226884,0.0
27.29999999999862,0.4999134795646206,0.004200787251103898,0.5000865204353795,0.0
27.304166666665285,0.4999136360744702,0.004193194842551065,0.5000863639255299,0.0
27.308333333331955,0.49991379230316446,0.004185616049466325,0.5000862076968355,0.0
27.312499999998618,0.4999139482512021,0.004178050847783544,0.5000860517487979,0.0
27.316666666665284,0.4999141039190812,0.004170499213476559,0.5000858960809189,0.0
27.32083333333195,0.4999142593072987,0.004162961122559139,0.5000857406927013,0.0
27.324999999998614,0.49991441441635104,0.004155436551084887,0.500085585583649,0.0
27.329166666665284,0.49991456924673366,0.00414792547514713,0.5000854307532663,0.0
27.33333333333195,0.49991472379894125,0.004140427870878901,0.5000852762010588,0.0
27.337499999998617,0.4999148780734676,0.0041329437144528094,0.5000851219265324,0.0
27.341666666665287,0.4999150320708057,0.004125472982080989,0.5000849679291944,0.0
27.34583333333195,0.49991518579144767,0.004118015650015014,0.5000848142085523,0.0
27.349999999998616,0.499915339235885,0.004110571694545792,0.5000846607641151,0.0
27.354166666665282,0.4999154924046081,0.004103141092003534,0.5000845075953918,0.0
27.358333333331945,0.4999156452981067,0.0040957238187576545,0.5000843547018932,0.0
27.362499999998615,0.4999157979168699,0.004088319851216655,0.50008420208313,0.0
27.36666666666528,0.4999159502613857,0.004080929165828112,0.5000840497386143,0.0
27.370833333331948,0.4999161023321413,0.0040735517390785535,0.5000838976678588,0.0
27.374999999998618,0.4999162541296232,0.004066187547493386,0.5000837458703769,0.0
27.37916666666528,0.4999164056543172,0.0040588365676368365,0.5000835943456828,0.0
27.383333333331947,0.49991655690670805,0.004051498776111828,0.500083443093292,0.0
27.387499999998614,0.4999167078872797,0.004044174149559956,0.5000832921127202,0.0
27.391666666665277,0.49991685859651575,0.004036862664661383,0.5000831414034843,0.0
27.395833333331947,0.4999170090348984,0.004029564298134736,0.5000829909651016,0.0
27.399999999998613,0.49991715920290936,0.004022279026737075,0.5000828407970906,0.0
27.40416666666528,0.4999173091010295,0.004015006827263784,0.5000826908989705,0.0
27.40833333333195,0.4999174587297389,0.004007747676548498,0.5000825412702611,0.0
27.412499999998612,0.4999176080895169,0.00400050155146303,0.5000823919104832,0.0
27.41666666666528,0.4999177571808418,0.003993268428917263,0.5000822428191583,0.0
27.420833333331945,0.4999179060041914,0.003986048285859122,0.5000820939958085,0.0
27.424999999998608,0.49991805456004274,0.003978841099274464,0.5000819454399573,0.0
27.429166666665278,0.4999182028488717,0.00397164684618698,0.5000817971511282,0.0
27.433333333331944,0.49991835087115377,0.0039644655036581615,0.5000816491288462,0.0
27.43749999999861,0.4999184986273634,0.00395729704878719,0.5000815013726365,0.0
27.44166666666528,0.49991864611797443,0.003950141458710869,0.5000813538820256,0.0
27.445833333331944,0.49991879334345973,0.003942998710603546,0.5000812066565402,0.0
27.44999999999861,0.4999189403042917,0.003935868781677012,0.5000810596957083,0.0
27.454166666665277,0.4999190870009416,0.003928751649180458,0.5000809129990583,0.0
27.45833333333194,0.4999192334338802,0.003921647290400384,0.5000807665661198,0.0
27.46249999999861,0.49991937960357735,0.003914555682660486,0.5000806203964228,0.0
27.466666666665276,0.49991952551050206,0.003907476803321632,0.500080474489498,0.0
27.470833333331942,0.4999196711551227,0.0039004106297817497,0.5000803288448772,0.0
27.474999999998612,0.499919816537907,0.0038933571394757518,0.500080183462093,0.0
27.479166666665275,0.4999199616593216,0.0038863163098754685,0.5000800383406784,0.0
27.48333333333194,0.4999201065198326,0.0038792881184895357,0.5000798934801673,0.0
27.487499999998608,0.49992025111990535,0.0038722725428633645,0.5000797488800948,0.0
27.49166666666527,0.4999203954600043,0.0038652695605790356,0.5000796045399958,0.0
27.49583333333194,0.499920539540593,0.0038582791492552,0.5000794604594069,0.0
27.499999999998607,0.4999206833621348,0.0038513012865470475,0.5000793166378652,0.0
27.504166666665274,0.4999208269250917,0.003844335950146192,0.5000791730749082,0.0
27.508333333331944,0.4999209702299253,0.0038373831177806045,0.5000790297700746,0.0
27.512499999998607,0.4999211132770965,0.0038304427672145405,0.5000788867229036,0.0
27.516666666665273,0.49992125606706483,0.0038235148762484302,0.5000787439329352,0.0
27.52083333333194,0.4999213986002899,0.003816599422718845,0.50007860139971,0.0
27.524999999998602,0.49992154087723006,0.003809696384498397,0.5000784591227699,0.0
27.529166666665272,0.4999216828983431,0.0038028057394956364,0.5000783171016568,0.0
27.53333333333194,0.499921824664086,0.003795927465655017,0.500078175335914,0.0
27.537499999998605,0.49992196617491497,0.0037890615409567883,0.5000780338250851,0.0
27.541666666665275,0.49992210743128546,0.003782207943416925,0.5000778925687145,0.0
27.545833333331938,0.4999222484336524,0.0037753666510870537,0.5000777515663476,0.0
27.549999999998604,0.4999223891812368,0.0037685376958252175,0.5000776108187632,0.0
27.55416666666527,0.49992252967446865,0.003761721056769595,0.5000774703255313,0.0
27.558333333331934,0.49992266991494316,0.003754916662250192,0.500077330085057,0.0
27.562499999998604,0.49992280990310944,0.0037481244905747317,0.5000771900968907,0.0
27.56666666666527,0.49992294963941586,0.0037413445200876446,0.500077050360584,0.0
27.570833333331937,0.4999230891243104,0.003734576729169965,0.5000769108756897,0.0
27.574999999998607,0.49992322835823966,0.003727821096239265,0.5000767716417605,0.0
27.57916666666527,0.4999233673416499,0.0037210775997495935,0.5000766326583501,0.0
27.583333333331936,0.49992350607498653,0.0037143462181913767,0.5000764939250134,0.0
27.587499999998602,0.4999236445586943,0.0037076269300913875,0.5000763554413056,0.0
27.591666666665265,0.49992378279321703,0.0037009197140126567,0.5000762172067829,0.0
27.595833333331935,0.4999239207789979,0.0036942245485543745,0.5000760792210022,0.0
27.5999999999986,0.49992405851647925,0.003687541412351867,0.5000759414835207,0.0
27.604166666665268,0.49992419600610266,0.0036808702840764973,0.5000758039938973,0.0
27.608333333331938,0.4999243332483092,0.003674211142435598,0.5000756667516908,0.0
27.6124999999986,0.4999244702435388,0.003667563966172409,0.5000755297564611,0.0
27.616666666665267,0.4999246069922311,0.0036609287340659763,0.5000753930077688,0.0
27.620833333331934,0.4999247434948246,0.0036543054249311264,0.5000752565051754,0.0
27.624999999998597,0.4999248797517573,0.003647694017618373,0.5000751202482427,0.0
27.629166666665267,0.4999250157634662,0.0036410944910138213,0.5000749842365337,0.0
27.633333333331933,0.49992515153038797,0.0036345068240391447,0.500074848469612,0.0
27.6374999999986,0.49992528705295813,0.003627930995651482,0.5000747129470419,0.0
27.64166666666527,0.49992542233161175,0.003621366984843374,0.5000745776683883,0.0
27.645833333331932,0.4999255573667829,0.0036148147706426994,0.500074442633217,0.0
27.6499999999986,0.4999256921589053,0.0036082743321125756,0.5000743078410946,0.0
27.654166666665265,0.4999258267084116,0.0036017456483513305,0.5000741732915884,0.0
27.658333333331928,0.4999259610157338,0.00359522869849241,0.5000740389842663,0.0
27.662499999998598,0.49992609508130315,0.0035887234617042827,0.5000739049186969,0.0
27.666666666665265,0.49992622890555033,0.003582229917190419,0.5000737710944496,0.0
27.67083333333193,0.49992636248890515,0.0035757480441891806,0.5000736375110948,0.0
27.6749999999986,0.4999264958317968,0.003569277821973768,0.5000735041682033,0.0
27.679166666665264,0.4999266289346535,0.0035628192298521482,0.5000733710653464,0.0
27.68333333333193,0.49992676179790313,0.0035563722471669574,0.5000732382020968,0.0
27.687499999998597,0.49992689442197263,0.003549936853295475,0.5000731055780274,0.0
27.69166666666526,0.49992702680728807,0.003543513027649529,0.5000729731927119,0.0
27.69583333333193,0.49992715895427514,0.003537100749675402,0.5000728410457248,0.0
27.699999999998596,0.4999272908633587,0.003530699998853808,0.5000727091366414,0.0
27.704166666665262,0.4999274225349626,0.0035243107546997863,0.5000725774650375,0.0
27.708333333331932,0.49992755396951033,0.0035179329967626417,0.5000724460304896,0.0
27.712499999998595,0.49992768516742475,0.0035115667046258813,0.5000723148325753,0.0
27.71666666666526,0.49992781612912773,0.003505211857907112,0.5000721838708724,0.0
27.720833333331928,0.4999279468550404,0.0034988684362580124,0.5000720531449597,0.0
27.72499999999859,0.4999280773455833,0.003492536419364242,0.5000719226544167,0.0
27.72916666666526,0.49992820760117646,0.00348621578694535,0.5000717923988235,0.0
27.733333333331927,0.4999283376222389,0.0034799065187547423,0.500071662377761,0.0
27.737499999998594,0.4999284674091892,0.003473608594579587,0.5000715325908108,0.0
27.741666666665264,0.499928596962445,0.0034673219942407446,0.500071403037555,0.0
27.745833333331927,0.4999287262824233,0.003461046697592711,0.5000712737175766,0.0
27.749999999998593,0.49992885536954057,0.0034547826845235147,0.5000711446304594,0.0
27.75416666666526,0.49992898422421245,0.003448529934954684,0.5000710157757876,0.0
27.758333333331922,0.4999291128468537,0.003442288428841163,0.5000708871531463,0.0
27.762499999998592,0.49992924123787885,0.0034360581461712132,0.5000707587621213,0.0
27.76666666666526,0.4999293693977013,0.0034298390669663874,0.5000706306022987,0.0
27.770833333331925,0.49992949732673403,0.003423631171281429,0.5000705026732659,0.0
27.774999999998595,0.4999296250253892,0.0034174344392042103,0.5000703749746108,0.0
27.779166666665258,0.49992975249407834,0.0034112488508556632,0.5000702475059216,0.0
27.783333333331925,0.4999298797332124,0.00340507438638969,0.5000701202667877,0.0
27.78749999999859,0.49993000674320126,0.00339891102599312,0.5000699932567987,0.0
27.791666666665254,0.4999301335244546,0.003392758749885633,0.5000698664755454,0.0
27.795833333331924,0.4999302600773811,0.0033866175383196542,0.5000697399226189,0.0
27.79999999999859,0.49993038640238896,0.0033804873715803344,0.500069613597611,0.0
27.804166666665257,0.49993051249988557,0.0033743682299854447,0.5000694875001145,0.0
27.808333333331927,0.49993063837027757,0.0033682600938853167,0.5000693616297224,0.0
27.81249999999859,0.4999307640139712,0.0033621629436627765,0.5000692359860288,0.0
27.816666666665256,0.4999308894313718,0.0033560767597330438,0.5000691105686282,0.0
27.820833333331922,0.4999310146228842,0.0033500015225437075,0.5000689853771159,0.0
27.824999999998585,0.4999311395889123,0.0033439372125746293,0.5000688604110878,0.0
27.829166666665255,0.49993126432985957,0.003337883810337854,0.5000687356701405,0.0
27.83333333333192,0.49993138884612875,0.003331841296377579,0.5000686111538712,0.0
27.837499999998588,0.4999315131381219,0.003325809651270058,0.5000684868618781,0.0
27.841666666665258,0.49993163720624045,0.003319788855623533,0.5000683627937595,0.0
27.84583333333192,0.4999317610508851,0.0033137788900781716,0.5000682389491148,0.0
27.849999999998587,0.4999318846724561,0.0033077797353059718,0.5000681153275439,0.0
27.854166666665254,0.4999320080713526,0.0033017913720107257,0.5000679919286474,0.0
27.858333333331917,0.4999321312479736,0.003295813780927935,0.5000678687520265,0.0
27.862499999998587,0.49993225420271703,0.0032898469428247123,0.500067745797283,0.0
27.866666666665253,0.49993237693598036,0.0032838908384997573,0.5000676230640195,0.0
27.87083333333192,0.4999324994481606,0.003277945448783255,0.5000675005518394,0.0
27.87499999999859,0.49993262173965375,0.003272010754536812,0.5000673782603463,0.0
27.879166666665252,0.4999327438108553,0.003266086736653393,0.5000672561891447,0.0
27.88333333333192,0.49993286566216016,0.0032601733760572204,0.5000671343378399,0.0
27.887499999998585,0.49993298729396246,0.003254270653703748,0.5000670127060376,0.0
27.891666666665248,0.4999331087066558,0.003248378550579565,0.5000668912933441,0.0
27.895833333331918,0.4999332299006332,0.00324249704770231,0.5000667700993668,0.0
27.899999999998585,0.49993335087628676,0.0032366261261206337,0.5000666491237131,0.0
27.90416666666525,0.4999334716340083,0.003230765766914108,0.5000665283659917,0.0
27.90833333333192,0.4999335921741887,0.0032249159511931547,0.5000664078258114,0.0
27.912499999998584,0.49993371249721835,0.003219076660098987,0.5000662875027817,0.0
27.91666666666525,0.49993383260348695,0.003213247874803511,0.5000661673965131,0.0
27.920833333331917,0.4999339524933835,0.003207429576509289,0.5000660475066165,0.0
27.92499999999858,0.499934072166587,0.003201621778146148,0.5000659278334131,0.0
27.92916666666525,0.4999341916225996,0.0031958245005236233,0.5000658083774003,0.0
27.933333333331916,0.4999343108632981,0.0031900376584154105,0.5000656891367019,0.0
27.937499999998582,0.4999344298890665,0.0031842612332550315,0.5000655701109336,0.0
27.941666666665252,0.49993454870028825,0.003178495206507658,0.5000654512997118,0.0
27.945833333331915,0.4999346672973462,0.0031727395596700607,0.5000653327026537,0.0
27.94999999999858,0.49993478568062255,0.0031669942742705176,0.5000652143193774,0.0
27.954166666665248,0.49993490385049877,0.003161259331868788,0.5000650961495012,0.0
27.95833333333191,0.4999350218073557,0.0031555347140560307,0.5000649781926444,0.0
27.96249999999858,0.4999351395515735,0.003149820402454721,0.5000648604484265,0.0
27.966666666665247,0.49993525708353176,0.003144116378718627,0.5000647429164682,0.0
27.970833333331914,0.4999353744036094,0.00313842262453272,0.5000646255963905,0.0
27.974999999998584,0.4999354915121847,0.003132739121613113,0.5000645084878154,0.0
27.979166666665247,0.4999356084096352,0.0031270658517070105,0.5000643915903649,0.0
27.983333333331913,0.4999357250963378,0.0031214027965926158,0.5000642749036621,0.0
27.98749999999858,0.49993584157266896,0.003115749938079104,0.500064158427331,0.0
27.991666666665243,0.4999359578390044,0.0031101072580065445,0.5000640421609956,0.0
27.995833333331912,0.49993607389571904,0.0031044747382458124,0.5000639261042811,0.0
27.99999999999858,0.4999361897431872,0.003098852360698566,0.5000638102568127,0.0
28.004166666665245,0.49993630538178296,0.003093240107297161,0.5000636946182171,0.0
28.008333333331915,0.4999364208118791,0.0030876379600045865,0.5000635791881208,0.0
28.012499999998578,0.49993653603384836,0.003082045900814414,0.5000634639661516,0.0
28.016666666665245,0.49993665104806245,0.0030764639117507033,0.5000633489519375,0.0
28.02083333333191,0.4999367658548928,0.0030708919748679846,0.5000632341451073,0.0
28.024999999998574,0.4999368804547097,0.0030653300722511645,0.5000631195452903,0.0
28.029166666665244,0.49993699484788334,0.0030597781860154548,0.5000630051521167,0.0
28.03333333333191,0.499937109034783,0.0030542362983063402,0.5000628909652169,0.0
28.037499999998577,0.4999372230157774,0.0030487043912994934,0.5000627769842225,0.0
28.041666666665247,0.4999373367912347,0.003043182447200712,0.5000626632087654,0.0
28.04583333333191,0.49993745036152226,0.003037670448245869,0.5000625496384777,0.0
28.049999999998576,0.499937563727007,0.0030321683767008186,0.500062436272993,0.0
28.054166666665243,0.49993767688805507,0.0030266762148613725,0.5000623231119449,0.0
28.058333333331905,0.4999377898450322,0.003021193945053217,0.5000622101549678,0.0
28.062499999998575,0.4999379025983033,0.00301572154963183,0.5000620974016967,0.0
28.066666666665242,0.4999380151482326,0.0030102590109824584,0.5000619848517673,0.0
28.070833333331908,0.4999381274951841,0.003004806311520023,0.5000618725048158,0.0
28.074999999998578,0.4999382396395209,0.00299936343368907,0.5000617603604792,0.0
28.07916666666524,0.49993835158160527,0.002993930359963704,0.5000616484183947,0.0
28.083333333331908,0.49993846332179936,0.0029885070728475093,0.5000615366782006,0.0
28.087499999998574,0.4999385748604645,0.0029830935548735152,0.5000614251395356,0.0
28.091666666665237,0.49993868619796117,0.0029776897886041186,0.5000613138020388,0.0
28.095833333331907,0.49993879733464974,0.0029722957566310033,0.5000612026653503,0.0
28.099999999998573,0.49993890827088944,0.0029669114415751077,0.5000610917291105,0.0
28.10416666666524,0.4999390190070393,0.0029615368260865415,0.5000609809929607,0.0
28.10833333333191,0.49993912954345754,0.0029561718928445275,0.5000608704565425,0.0
28.112499999998573,0.49993923988050176,0.002950816624557343,0.5000607601194982,0.0
28.11666666666524,0.4999393500185292,0.0029454710039622323,0.5000606499814707,0.0
28.120833333331905,0.4999394599578962,0.00294013501382538,0.5000605400421038,0.0
28.12499999999857,0.4999395696989587,0.00293480863694183,0.5000604303010413,0.0
28.12916666666524,0.4999396792420719,0.0029294918561354015,0.5000603207579281,0.0
28.133333333331905,0.4999397885875906,0.002924184654258666,0.5000602114124095,0.0
28.13749999999857,0.4999398977358687,0.002918887014192853,0.5000601022641313,0.0
28.14166666666524,0.49994000668725985,0.0029135989188477994,0.5000599933127402,0.0
28.145833333331904,0.499940115442117,0.002908320351161887,0.5000598845578831,0.0
28.14999999999857,0.49994022400079213,0.0029030512941019605,0.5000597759992078,0.0
28.154166666665237,0.4999403323636374,0.002897791730663292,0.5000596676363627,0.0
28.1583333333319,0.4999404405310036,0.002892541643869507,0.5000595594689964,0.0
28.16249999999857,0.49994054850324154,0.0028873010167724993,0.5000594514967585,0.0
28.166666666665236,0.49994065628070106,0.0028820698324524036,0.5000593437192989,0.0
28.170833333331903,0.49994076386373154,0.002876848074017509,0.5000592361362685,0.0
28.174999999998573,0.4999408712526818,0.0028716357246042013,0.5000591287473183,0.0
28.179166666665235,0.49994097844790003,0.0028664327673769033,0.5000590215521,0.0
28.183333333331902,0.49994108544973387,0.002861239185527992,0.5000589145502661,0.0
28.18749999999857,0.4999411922585305,0.0028560549622777672,0.5000588077414695,0.0
28.19166666666523,0.4999412988746363,0.0028508800808743685,0.5000587011253637,0.0
28.1958333333319,0.4999414052983972,0.0028457145245937023,0.5000585947016029,0.0
28.199999999998568,0.4999415115301584,0.0028405582767394013,0.5000584884698415,0.0
28.204166666665234,0.499941617570265,0.002835411320642751,0.5000583824297351,0.0
28.208333333331904,0.4999417234190609,0.00283027363966262,0.5000582765809392,0.0
28.212499999998567,0.4999418290768898,0.0028251452171854097,0.5000581709231101,0.0
28.216666666665233,0.49994193454409486,0.0028200260366249667,0.5000580654559053,0.0
28.2208333333319,0.49994203982101837,0.0028149160814225503,0.5000579601789815,0.0
28.224999999998563,0.4999421449080025,0.002809815335046757,0.5000578550919976,0.0
28.229166666665233,0.49994224980538843,0.002804723780993435,0.5000577501946116,0.0
28.2333333333319,0.49994235451351693,0.0027996414027856567,0.500057645486483,0.0
28.237499999998565,0.4999424590327283,0.0027945681839736366,0.5000575409672717,0.0
28.241666666665235,0.49994256336336235,0.002789504108134665,0.5000574366366377,0.0
28.2458333333319,0.49994266750575794,0.0027844491588730562,0.500057332494242,0.0
28.249999999998565,0.4999427714602539,0.0027794033198200643,0.5000572285397462,0.0
28.25416666666523,0.499942875227188,0.0027743665746338456,0.5000571247728121,0.0
28.258333333331894,0.49994297880689775,0.0027693389069993854,0.5000570211931022,0.0
28.262499999998564,0.49994308219972006,0.0027643203006284156,0.5000569178002799,0.0
28.26666666666523,0.4999431854059913,0.0027593107392593834,0.5000568145940087,0.0
28.270833333331897,0.49994328842604724,0.0027543102066573664,0.5000567115739528,0.0
28.274999999998567,0.49994339126022314,0.002749318686614016,0.5000566087397769,0.0
28.27916666666523,0.4999434939088536,0.0027443361629474966,0.5000565060911464,0.0
28.283333333331896,0.4999435963722729,0.0027393626195024033,0.5000564036277272,0.0
28.287499999998563,0.4999436986508145,0.0027343980401497285,0.5000563013491854,0.0
28.291666666665225,0.49994380074481165,0.0027294424087867847,0.5000561992551884,0.0
28.295833333331895,0.4999439026545967,0.0027244957093371207,0.5000560973454032,0.0
28.299999999998562,0.49994400438024994,0.002719557936975348,0.50005599561975,0.0
28.30416666666523,0.4999441059204891,0.002714629147654566,0.5000558940795109,0.0
28.3083333333319,0.4999442072774129,0.00270970924652547,0.500055792722587,0.0
28.31249999999856,0.4999443084513496,0.0027047982177167487,0.5000556915486505,0.0
28.316666666665228,0.49994440944262647,0.0026998960453842756,0.5000555905573736,0.0
28.320833333331894,0.49994451025157066,0.002695002713711088,0.5000554897484293,0.0
28.324999999998557,0.4999446108785085,0.0026901182069073134,0.5000553891214914,0.0
28.329166666665227,0.4999447113237661,0.002685242509210096,0.5000552886762339,0.0
28.333333333331893,0.49994481158766835,0.0026803756048835725,0.5000551884123317,0.0
28.33749999999856,0.49994491167054017,0.0026755174782187962,0.5000550883294599,0.0
28.34166666666523,0.4999450115727057,0.0026706681135336813,0.5000549884272942,0.0
28.345833333331893,0.4999451112944887,0.002665827495172958,0.5000548887055113,0.0
28.34999999999856,0.4999452108362121,0.0026609956075080883,0.500054789163788,0.0
28.354166666665225,0.4999453101981983,0.002656172434937245,0.5000546898018017,0.0
28.35833333333189,0.4999454093807694,0.0026513579618852394,0.5000545906192305,0.0
28.36249999999856,0.4999455083842468,0.002646552172803447,0.5000544916157531,0.0
28.366666666665225,0.4999456072089514,0.0026417550521697845,0.5000543927910487,0.0
28.37083333333189,0.49994570585520337,0.002636966584488629,0.5000542941447966,0.0
28.37499999999856,0.49994580432332253,0.002632186754290773,0.5000541956766775,0.0
28.379166666665224,0.49994590261362815,0.002627415546133365,0.500054097386372,0.0
28.38333333333189,0.49994600072643874,0.002622652944599838,0.5000539992735612,0.0
28.387499999998557,0.49994609866207257,0.002617898934299884,0.5000539013379275,0.0
28.39166666666522,0.4999461964208472,0.0026131534998693764,0.5000538035791527,0.0
28.39583333333189,0.4999462940030796,0.002608416625970306,0.5000537059969205,0.0
28.399999999998556,0.49994639140908637,0.0026036882972907474,0.5000536085909137,0.0
28.404166666665223,0.49994648863918334,0.0025989684985447893,0.5000535113608168,0.0
28.408333333331893,0.49994658569368594,0.002594257214472477,0.5000534143063141,0.0
28.412499999998555,0.4999466825729092,0.0025895544298397645,0.5000533174270909,0.0
28.416666666665222,0.49994677927716735,0.002584860129438436,0.5000532207228328,0.0
28.42083333333189,0.4999468758067741,0.002580174298086081,0.5000531241932258,0.0
28.42499999999855,0.4999469721620429,0.0025754969206260225,0.500053027837957,0.0
28.42916666666522,0.4999470683432866,0.002570827981927244,0.5000529316567134,0.0
28.433333333331888,0.4999471643508171,0.0025661674668843635,0.5000528356491828,0.0
28.437499999998554,0.49994726018494634,0.0025615153604175585,0.5000527398150536,0.0
28.441666666665224,0.4999473558459854,0.0025568716474725136,0.5000526441540146,0.0
28.445833333331887,0.4999474513342449,0.002552236313020367,0.5000525486657551,0.0
28.449999999998553,0.4999475466500349,0.0025476093420576376,0.5000524533499651,0.0
28.45416666666522,0.499947641793665,0.0025429907196061956,0.500052358206335,0.0
28.458333333331883,0.4999477367654443,0.002538380430713193,0.5000522632345558,0.0
28.462499999998553,0.4999478315656813,0.0025337784604509894,0.5000521684343188,0.0
28.46666666666522,0.49994792619468403,0.0025291847939171285,0.5000520738053159,0.0
28.470833333331885,0.49994802065276006,0.0025245994162342595,0.50005197934724,0.0
28.474999999998555,0.4999481149402162,0.0025200223125500863,0.5000518850597839,0.0
28.47916666666522,0.4999482090573589,0.0025154534680373168,0.5000517909426411,0.0
28.483333333331885,0.4999483030044942,0.002510892867893584,0.5000516969955057,0.0
28.48749999999855,0.49994839678192765,0.002506340497341423,0.5000516032180724,0.0
28.491666666665214,0.4999484903899639,0.0025017963416281955,0.5000515096100361,0.0
28.495833333331884,0.49994858382890744,0.0024972603860260218,0.5000514161710925,0.0
28.49999999999855,0.49994867709906227,0.0024927326158317507,0.5000513229009377,0.0
28.504166666665217,0.4999487702007316,0.0024882130163668887,0.5000512297992684,0.0
28.508333333331887,0.4999488631342183,0.002483701572977541,0.5000511368657816,0.0
28.51249999999855,0.4999489558998249,0.0024791982710343653,0.5000510441001751,0.0
28.516666666665216,0.4999490484978531,0.0024747030959324946,0.500050951502147,0.0
28.520833333331883,0.49994914092860426,0.002470216033091508,0.5000508590713958,0.0
28.524999999998546,0.49994923319237916,0.0024657370679553635,0.5000507668076207,0.0
28.529166666665216,0.4999493252894783,0.002461266185992322,0.5000506747105218,0.0
28.533333333331882,0.49994941722020136,0.0024568033726949223,0.5000505827797985,0.0
28.53749999999855,0.4999495089848478,0.0024523486135799083,0.5000504910151523,0.0
28.54166666666522,0.4999496005837163,0.0024479018941881703,0.5000503994162837,0.0
28.54583333333188,0.4999496920171053,0.0024434632000847,0.5000503079828946,0.0
28.549999999998548,0.49994978328531264,0.002439032516858511,0.5000502167146873,0.0
28.554166666665214,0.4999498743886356,0.002434609830122613,0.5000501256113644,0.0
28.558333333331877,0.49994996532737107,0.002430195125513939,0.500050034672629,0.0
28.562499999998547,0.4999500561018153,0.0024257883886932754,0.5000499438981846,0.0
28.566666666665213,0.4999501467122643,0.0024213896053452344,0.5000498532877357,0.0
28.57083333333188,0.4999502371590135,0.00241699876117818,0.5000497628409866,0.0
28.57499999999855,0.49995032744235746,0.002412615841924171,0.5000496725576425,0.0
28.579166666665213,0.49995041756259073,0.002408240833338916,0.5000495824374093,0.0
28.58333333333188,0.49995050752000725,0.002403873721201693,0.5000494924799926,0.0
28.587499999998546,0.4999505973149006,0.002399514491315323,0.5000494026850995,0.0
28.59166666666521,0.49995068694756334,0.0023951631295060995,0.5000493130524367,0.0
28.59583333333188,0.49995077641828806,0.0023908196216237175,0.5000492235817119,0.0
28.599999999998545,0.4999508657273668,0.0023864839535412464,0.5000491342726333,0.0
28.60416666666521,0.4999509548750909,0.0023821561111550507,0.500049045124909,0.0
28.60833333333188,0.4999510438617515,0.0023778360803847452,0.5000489561382484,0.0
28.612499999998544,0.4999511326876391,0.0023735238471731357,0.5000488673123609,0.0
28.61666666666521,0.4999512213530436,0.0023692193974861487,0.5000487786469563,0.0
28.620833333331877,0.49995130985825476,0.0023649227173128014,0.5000486901417452,0.0
28.62499999999854,0.4999513982035615,0.0023606337926651306,0.5000486017964385,0.0
28.62916666666521,0.49995148638925246,0.0023563526095781227,0.5000485136107475,0.0
28.633333333331876,0.4999515744156158,0.002352079154109687,0.5000484255843841,0.0
28.637499999998543,0.4999516622829392,0.0023478134123405764,0.5000483377170607,0.0
28.641666666665213,0.4999517499915099,0.0023435553703743395,0.5000482500084902,0.0
28.645833333331876,0.49995183754161443,0.002339305014337267,0.5000481624583856,0.0
28.649999999998542,0.49995192493353924,0.002335062330378316,0.5000480750664607,0.0
28.65416666666521,0.49995201216757007,0.002330827304669084,0.5000479878324299,0.0
28.65833333333187,0.49995209924399225,0.002326599923403735,0.5000479007560078,0.0
28.66249999999854,0.4999521861630905,0.002322380172798931,0.5000478138369094,0.0
28.666666666665208,0.4999522729251494,0.002318168039093804,0.5000477270748506,0.0
28.670833333331874,0.49995235953045286,0.0023139635085498793,0.5000476404695472,0.0
28.674999999998544,0.4999524459792842,0.0023097665674510245,0.5000475540207159,0.0
28.679166666665207,0.4999525322701085,0.0023055772849302427,0.5000474677298916,0.0
28.683333333331873,0.4999526184047949,0.002301395575029329,0.5000473815952051,0.0
28.68749999999854,0.49995270438376427,0.0022972214177843105,0.5000472956162358,0.0
28.691666666665203,0.49995279020729577,0.002293054799664885,0.5000472097927041,0.0
28.695833333331873,0.49995287587566883,0.0022888957071640088,0.5000471241243312,0.0
28.69999999999854,0.4999529613891618,0.002284744126797872,0.5000470386108382,0.0
28.704166666665206,0.49995304674805263,0.002280600045105835,0.5000469532519473,0.0
28.708333333331876,0.4999531319526191,0.0022764634486503775,0.500046868047381,0.0
28.71249999999854,0.49995321700313816,0.0022723343240170554,0.5000467829968619,0.0
28.716666666665205,0.4999533018998865,0.002268212657814434,0.5000466981001135,0.0
28.72083333333187,0.4999533866431403,0.0022640984366740636,0.5000466133568597,0.0
28.724999999998534,0.4999534712331751,0.002259991647250418,0.500046528766825,0.0
28.729166666665204,0.4999535556702661,0.002255892276220828,0.5000464443297338,0.0
28.73333333333187,0.49995363995468833,0.0022518003102854622,0.5000463600453117,0.0
28.737499999998537,0.49995372408671573,0.0022477157361672556,0.5000462759132843,0.0
28.741666666665207,0.4999538080666222,0.0022436385406118674,0.5000461919333778,0.0
28.74583333333187,0.499953891894681,0.0022395687103876328,0.5000461081053191,0.0
28.749999999998536,0.49995397557116494,0.0022355062322854968,0.5000460244288351,0.0
28.754166666665203,0.4999540590963465,0.002231451093118992,0.5000459409036534,0.0
28.758333333331866,0.4999541424704976,0.0022274032797241724,0.5000458575295024,0.0
28.762499999998536,0.4999542256938896,0.0022233627789595535,0.5000457743061104,0.0
28.766666666665202,0.49995430876679353,0.0022193295777060864,0.5000456912332064,0.0
28.77083333333187,0.49995439168947986,0.0022153036628670924,0.5000456083105201,0.0
28.77499999999854,0.4999544744622188,0.0022112850213682153,0.5000455255377813,0.0
28.7791666666652,0.49995455708527975,0.002207273640157378,0.5000454429147203,0.0
28.783333333331868,0.4999546395589318,0.002203269506204713,0.5000453604410682,0.0
28.787499999998534,0.4999547218834439,0.002199272606502541,0.5000452781165561,0.0
28.791666666665197,0.49995480405908405,0.0021952829280653067,0.5000451959409159,0.0
28.795833333331867,0.4999548860861201,0.0021913004579295165,0.50004511391388,0.0
28.799999999998533,0.4999549679648193,0.0021873251831537126,0.5000450320351808,0.0
28.8041666666652,0.49995504969544846,0.0021833570908184087,0.5000449503045515,0.0
28.80833333333187,0.499955131278274,0.0021793961680260424,0.5000448687217259,0.0
28.812499999998533,0.499955212713562,0.002175442401900932,0.5000447872864381,0.0
28.8166666666652,0.49995529400157784,0.0021714957795892055,0.5000447059984222,0.0
28.820833333331866,0.4999553751425865,0.0021675562882587803,0.5000446248574136,0.0
28.82499999999853,0.4999554561368526,0.0021636239150992984,0.5000445438631473,0.0
28.8291666666652,0.49995553698464035,0.0021596986473220643,0.5000444630153597,0.0
28.833333333331865,0.4999556176862134,0.0021557804721600215,0.5000443823137867,0.0
28.83749999999853,0.4999556982418349,0.002151869376867683,0.500044301758165,0.0
28.8416666666652,0.4999557786517678,0.00214796534872109,0.5000442213482322,0.0
28.845833333331864,0.49995585891627436,0.0021440683750177615,0.5000441410837256,0.0
28.84999999999853,0.4999559390356165,0.0021401784430766305,0.5000440609643835,0.0
28.854166666665197,0.4999560190100559,0.0021362955402380187,0.5000439809899442,0.0
28.85833333333186,0.4999560988398532,0.0021324196538635735,0.5000439011601469,0.0
28.86249999999853,0.49995617852526925,0.002128550771336208,0.5000438214747307,0.0
28.866666666665196,0.4999562580665641,0.0021246888800600717,0.5000437419334359,0.0
28.870833333331863,0.4999563374639975,0.0021208339674604884,0.5000436625360024,0.0
28.874999999998533,0.49995641671782876,0.0021169860209839073,0.5000435832821712,0.0
28.879166666665196,0.49995649582831664,0.00211314502809786,0.5000435041716833,0.0
28.883333333331862,0.4999565747957196,0.0021093109762908907,0.5000434252042805,0.0
28.88749999999853,0.4999566536202955,0.0021054838530725345,0.5000433463797044,0.0
28.89166666666519,0.49995673230230203,0.002101663645973255,0.500043267697698,0.0
28.89583333333186,0.4999568108419961,0.0020978503425443775,0.5000431891580038,0.0
28.899999999998528,0.49995688923963455,0.0020940439303580695,0.5000431107603653,0.0
28.904166666665194,0.49995696749547364,0.002090244397007272,0.5000430325045264,0.0
28.908333333331864,0.49995704560976906,0.002086451730105652,0.5000429543902309,0.0
28.912499999998527,0.4999571235827762,0.002082665917287562,0.5000428764172238,0.0
28.916666666665193,0.4999572014147501,0.0020788869462079656,0.5000427985852499,0.0
28.92083333333186,0.49995727910594523,0.0020751148045424213,0.5000427208940548,0.0
28.924999999998523,0.4999573566566157,0.0020713494799870133,0.5000426433433843,0.0
28.929166666665193,0.4999574340670152,0.0020675909602582924,0.5000425659329849,0.0
28.93333333333186,0.49995751133739696,0.00206383923309325,0.5000424886626029,0.0
28.937499999998526,0.4999575884680139,0.002060094286249254,0.500042411531986,0.0
28.941666666665196,0.4999576654591184,0.0020563561075039997,0.5000423345408815,0.0
28.94583333333186,0.49995774231096246,0.002052624684655465,0.5000422576890374,0.0
28.949999999998525,0.49995781902379777,0.002048900005521846,0.5000421809762023,0.0
28.95416666666519,0.49995789559787523,0.002045182057941529,0.5000421044021248,0.0
28.958333333331854,0.4999579720334458,0.0020414708297730316,0.5000420279665542,0.0
28.962499999998524,0.49995804833075963,0.0020377663088949364,0.5000419516692403,0.0
28.96666666666519,0.49995812449006694,0.0020340684832058703,0.5000418755099331,0.0
28.970833333331857,0.4999582005116169,0.002030377340624434,0.500041799488383,0.0
28.974999999998527,0.4999582763956588,0.0020266928690891592,0.5000417236043412,0.0
28.97916666666519,0.49995835214244133,0.0020230150565584623,0.5000416478575586,0.0
28.983333333331856,0.4999584277522127,0.0020193438910105764,0.5000415722477873,0.0
28.987499999998523,0.49995850322522073,0.0020156793604435286,0.5000414967747793,0.0
28.991666666665186,0.499958578561713,0.0020120214528750752,0.500041421438287,0.0
28.995833333331856,0.49995865376193643,0.0020083701563426426,0.5000413462380635,0.0
28.999999999998522,0.49995872882613773,0.002004725458903299,0.5000412711738622,0.0
29.00416666666519,0.4999588037545631,0.0020010873486336904,0.5000411962454369,0.0
29.00833333333186,0.4999588785474584,0.0019974558136299932,0.5000411214525415,0.0
29.01249999999852,0.4999589532050691,0.0019938308420078695,0.5000410467949309,0.0
29.016666666665188,0.4999590277276401,0.0019902124219024005,0.5000409722723598,0.0
29.020833333331854,0.49995910211541633,0.001986600541468062,0.5000408978845837,0.0
29.024999999998517,0.4999591763686416,0.0019829951888786597,0.5000408236313584,0.0
29.029166666665187,0.49995925048756,0.001979396352327271,0.5000407495124399,0.0
29.033333333331854,0.499959324472415,0.0019758040200262166,0.500040675527585,0.0
29.03749999999852,0.4999593983234495,0.0019722181802069956,0.5000406016765506,0.0
29.04166666666519,0.4999594720409061,0.001968638821120238,0.5000405279590939,0.0
29.045833333331853,0.4999595456250272,0.0019650659310356624,0.5000404543749727,0.0
29.04999999999852,0.49995961907605463,0.0019614994982420073,0.5000403809239454,0.0
29.054166666665186,0.49995969239290444,0.0019579395729802896,0.5000403076070956,0.0
29.05833333333185,0.49995976557658334,0.001954386107799429,0.5000402344234166,0.0
29.06249999999852,0.49995983862780613,0.0019508390688934482,0.5000401613721939,0.0
29.066666666665185,0.4999599115468111,0.0019472984447188484,0.5000400884531889,0.0
29.07083333333185,0.49995998433383604,0.0019437642237520618,0.500040015666164,0.0
29.07499999999852,0.4999600569891186,0.0019402363944894133,0.5000399430108814,0.0
29.079166666665184,0.4999601295128958,0.0019367149454470798,0.5000398704871043,0.0
29.08333333333185,0.49996020190540424,0.0019331998651610299,0.5000397980945956,0.0
29.087499999998517,0.4999602741668803,0.0019296911421870077,0.5000397258331197,0.0
29.09166666666518,0.49996034629755987,0.0019261887651004722,0.5000396537024402,0.0
29.09583333333185,0.49996041829767823,0.0019226927224965467,0.5000395817023218,0.0
29.099999999998516,0.4999604901674705,0.0019192030029899958,0.5000395098325294,0.0
29.104166666665183,0.4999605619071715,0.0019157195952151681,0.5000394380928286,0.0
29.108333333331853,0.49996063351701514,0.0019122424878259537,0.5000393664829847,0.0
29.112499999998516,0.4999607049972356,0.001908771669495749,0.5000392950027645,0.0
29.116666666665182,0.499960776348066,0.0019053071289173924,0.500039223651934,0.0
29.12083333333185,0.4999608475697396,0.0019018488548031493,0.5000391524302605,0.0
29.12499999999851,0.4999609186624888,0.0018983968358846518,0.5000390813375113,0.0
29.12916666666518,0.49996098962654606,0.001894951060912848,0.500039010373454,0.0
29.133333333331848,0.49996106046214295,0.0018915115186579783,0.5000389395378569,0.0
29.137499999998514,0.49996113116951113,0.001888078197909519,0.5000388688304888,0.0
29.141666666665184,0.49996120174888165,0.0018846510874761398,0.5000387982511183,0.0
29.145833333331847,0.499961272200485,0.0018812301761856672,0.500038727799515,0.0
29.149999999998514,0.4999613425245515,0.0018778154528850239,0.5000386574754486,0.0
29.15416666666518,0.49996141272131084,0.001874406906440206,0.5000385872786891,0.0
29.158333333331843,0.49996148279099273,0.001871004525736234,0.5000385172090073,0.0
29.162499999998513,0.499961552733826,0.0018676082996770917,0.500038447266174,0.0
29.16666666666518,0.49996162255003956,0.0018642182171857095,0.5000383774499605,0.0
29.170833333331846,0.4999616922398615,0.0018608342672039016,0.5000383077601386,0.0
29.174999999998516,0.49996176180351976,0.001857456438692332,0.5000382381964803,0.0
29.17916666666518,0.49996183124124177,0.0018540847206304691,0.5000381687587583,0.0
29.183333333331845,0.4999619005532548,0.0018507191020165302,0.5000380994467452,0.0
29.18749999999851,0.49996196973978546,0.00184735957186746,0.5000380302602145,0.0
29.191666666665174,0.4999620388010601,0.001844006119218876,0.5000379611989398,0.0
29.195833333331844,0.4999621077373047,0.0018406587331250117,0.5000378922626953,0.0
29.19999999999851,0.49996217654874486,0.001837317402658698,0.5000378234512551,0.0
29.204166666665177,0.4999622452356057,0.0018339821169113045,0.5000377547643943,0.0
29.208333333331847,0.499962313798112,0.0018306528649926974,0.5000376862018879,0.0
29.21249999999851,0.4999623822364883,0.0018273296360312025,0.5000376177635116,0.0
29.216666666665176,0.4999624505509586,0.0018240124191735447,0.5000375494490414,0.0
29.220833333331843,0.49996251874174646,0.0018207012035848283,0.5000374812582535,0.0
29.224999999998506,0.4999625868090753,0.0018173959784484807,0.5000374131909248,0.0
29.229166666665176,0.49996265475316787,0.001814096732966199,0.5000373452468321,0.0
29.233333333331842,0.49996272257424684,0.0018108034563579288,0.5000372774257532,0.0
29.23749999999851,0.4999627902725343,0.0018075161378618043,0.5000372097274657,0.0
29.24166666666518,0.4999628578482521,0.00180423476673411,0.500037142151748,0.0
29.24583333333184,0.4999629253016215,0.0018009593322492403,0.5000370746983784,0.0
29.249999999998508,0.49996299263286365,0.0017976898236996416,0.5000370073671363,0.0
29.254166666665174,0.4999630598421992,0.00179442623039579,0.5000369401578009,0.0
29.258333333331837,0.4999631269298483,0.0017911685416661363,0.5000368730701517,0.0
29.262499999998507,0.49996319389603094,0.0017879167468570546,0.500036806103969,0.0
29.266666666665174,0.49996326074096686,0.0017846708353328167,0.5000367392590332,0.0
29.27083333333184,0.4999633274648749,0.001781430796475536,0.5000366725351252,0.0
29.27499999999851,0.4999633940679741,0.0017781966196851278,0.500036605932026,0.0
29.279166666665173,0.4999634605504828,0.0017749682943792682,0.5000365394495173,0.0
29.28333333333184,0.4999635269126191,0.0017717458099933373,0.500036473087381,0.0
29.287499999998506,0.49996359315460054,0.0017685291559803968,0.5000364068453994,0.0
29.29166666666517,0.4999636592766449,0.0017653183218111356,0.5000363407233551,0.0
29.29583333333184,0.49996372527896876,0.0017621132969738156,0.5000362747210313,0.0
29.299999999998505,0.49996379116178885,0.0017589140709742485,0.5000362088382111,0.0
29.30416666666517,0.4999638569253215,0.0017557206333357414,0.5000361430746785,0.0
29.30833333333184,0.49996392256978256,0.0017525329735990519,0.5000360774302174,0.0
29.312499999998504,0.49996398809538756,0.0017493510813223526,0.5000360119046124,0.0
29.31666666666517,0.4999640535023517,0.0017461749460811699,0.5000359464976484,0.0
29.320833333331837,0.4999641187908897,0.0017430045574683645,0.5000358812091102,0.0
29.3249999999985,0.4999641839612163,0.0017398399050940754,0.5000358160387838,0.0
29.32916666666517,0.49996424901354525,0.0017366809785856665,0.5000357509864548,0.0
29.333333333331836,0.49996431394809043,0.0017335277675877045,0.5000356860519095,0.0
29.337499999998503,0.49996437876506533,0.0017303802617618998,0.5000356212349346,0.0
29.341666666665173,0.499964443464683,0.0017272384507870688,0.500035556535317,0.0
29.345833333331836,0.49996450804715603,0.0017241023243590922,0.5000354919528439,0.0
29.349999999998502,0.4999645725126969,0.0017209718721908573,0.5000354274873031,0.0
29.35416666666517,0.4999646368615173,0.0017178470840122364,0.5000353631384826,0.0
29.35833333333183,0.49996470109382923,0.001714727949570033,0.5000352989061708,0.0
29.3624999999985,0.49996476520984373,0.0017116144586279255,0.5000352347901562,0.0
29.366666666665168,0.499964829209772,0.0017085066009664487,0.5000351707902281,0.0
29.370833333331834,0.49996489309382425,0.0017054043663829318,0.5000351069061758,0.0
29.374999999998504,0.49996495686221104,0.001702307744691461,0.5000350431377889,0.0
29.379166666665167,0.4999650205151423,0.0016992167257228403,0.5000349794848578,0.0
29.383333333331834,0.4999650840528274,0.0016961312993245303,0.5000349159471726,0.0
29.3874999999985,0.4999651474754756,0.0016930514553606293,0.5000348525245244,0.0
29.391666666665163,0.4999652107832959,0.001689977183711818,0.5000347892167041,0.0
29.395833333331833,0.49996527397649665,0.0016869084742753043,0.5000347260235033,0.0
29.3999999999985,0.49996533705528634,0.0016838453169648036,0.5000346629447138,0.0
29.404166666665166,0.4999654000198725,0.0016807877017104773,0.5000345999801276,0.0
29.408333333331836,0.49996546287046284,0.0016777356184588968,0.5000345371295373,0.0
29.4124999999985,0.49996552560726437,0.0016746890571730007,0.5000344743927356,0.0
29.416666666665165,0.49996558823048415,0.001671648007832038,0.5000344117695159,0.0
29.42083333333183,0.49996565074032845,0.001668612460431547,0.5000343492596715,0.0
29.424999999998494,0.4999657131370038,0.001665582404983298,0.5000342868629963,0.0
29.429166666665164,0.49996577541983717,0.0016625578727317715,0.5000342245801628,0.0
29.43333333333183,0.4999658375890938,0.0016595388509383058,0.5000341624109063,0.0
29.437499999998497,0.49996589964572014,0.001656525294865511,0.5000341003542798,0.0
29.441666666665167,0.49996596158991946,0.0016535171946734837,0.5000340384100805,0.0
29.44583333333183,0.4999660234218944,0.0016505145405393878,0.5000339765781057,0.0
29.449999999998496,0.4999660851418472,0.0016475173226574052,0.5000339148581529,0.0
29.454166666665163,0.49996614674997986,0.0016445255312387197,0.50003385325002,0.0
29.458333333331826,0.49996620824649424,0.001641539156511468,0.5000337917535058,0.0
29.462499999998496,0.49996626963159135,0.0016385581887206901,0.5000337303684086,0.0
29.466666666665162,0.49996633090547243,0.001635582618128315,0.5000336690945276,0.0
29.47083333333183,0.49996639206833793,0.001632612435013107,0.5000336079316622,0.0
29.4749999999985,0.49996645312038795,0.0016296476296706313,0.500033546879612,0.0
29.47916666666516,0.4999665140618226,0.0016266881924132217,0.5000334859381773,0.0
29.483333333331828,0.49996657489284146,0.001623734113569927,0.5000334251071585,0.0
29.487499999998494,0.49996663561364363,0.0016207853834864948,0.5000333643863565,0.0
29.491666666665157,0.49996669622442796,0.0016178419925253215,0.500033303775572,0.0
29.495833333331827,0.4999667567253931,0.0016149039310654088,0.5000332432746069,0.0
29.499999999998494,0.4999668171167372,0.0016119711895023416,0.5000331828832628,0.0
29.50416666666516,0.49996687739865797,0.0016090437582482386,0.5000331226013419,0.0
29.50833333333183,0.49996693757135313,0.001606121627731718,0.5000330624286469,0.0
29.512499999998493,0.49996699763501967,0.0016032047883978628,0.5000330023649803,0.0
29.51666666666516,0.49996705758985455,0.0016002932307081698,0.5000329424101455,0.0
29.520833333331826,0.49996711743605415,0.0015973869451405313,0.500032882563946,0.0
29.52499999999849,0.4999671771738145,0.0015944859221891882,0.5000328228261856,0.0
29.52916666666516,0.4999672368033316,0.0015915901523646811,0.5000327631966683,0.0
29.533333333331825,0.49996729632480097,0.0015886996261938343,0.500032703675199,0.0
29.53749999999849,0.4999673557384176,0.0015858143342197017,0.5000326442615823,0.0
29.54166666666516,0.49996741504437636,0.0015829342670015361,0.5000325849556236,0.0
29.545833333331824,0.49996747424287163,0.0015800594151147516,0.5000325257571283,0.0
29.54999999999849,0.49996753333409766,0.0015771897691508733,0.5000324666659023,0.0
29.554166666665157,0.4999675923182483,0.0015743253197175215,0.5000324076817518,0.0
29.55833333333182,0.4999676511955167,0.0015714660574383602,0.5000323488044832,0.0
29.56249999999849,0.49996770996609635,0.001568611972953054,0.5000322900339037,0.0
29.566666666665157,0.49996776863017994,0.0015657630569172448,0.5000322313698201,0.0
29.570833333331823,0.4999678271879599,0.0015629193000025058,0.50003217281204,0.0
29.574999999998493,0.4999678856396285,0.0015600806928963034,0.5000321143603714,0.0
29.579166666665156,0.4999679439853775,0.001557247226301966,0.5000320560146225,0.0
29.583333333331822,0.49996800222539833,0.001554418890938629,0.5000319977746017,0.0
29.58749999999849,0.4999680603598822,0.0015515956775412206,0.5000319396401177,0.0
29.59166666666515,0.49996811838902006,0.0015487775768604117,0.5000318816109799,0.0
29.59583333333182,0.4999681763130024,0.0015459645796625694,0.5000318236869977,0.0
29.599999999998488,0.49996823413201924,0.001543156676729738,0.5000317658679807,0.0
29.604166666665154,0.4999682918462607,0.0015403538588595895,0.5000317081537394,0.0
29.608333333331824,0.4999683494559162,0.0015375561168653878,0.5000316505440839,0.0
29.612499999998487,0.49996840696117495,0.0015347634415759546,0.5000315930388252,0.0
29.616666666665154,0.4999684643622259,0.0015319758238356185,0.5000315356377741,0.0
29.62083333333182,0.4999685216592577,0.0015291932545041982,0.5000314783407424,0.0
29.624999999998483,0.49996857885245855,0.001526415724456951,0.5000314211475414,0.0
29.629166666665153,0.49996863594201646,0.00152364322458453,0.5000313640579835,0.0
29.63333333333182,0.499968692928119,0.0015208757457929635,0.5000313070718809,0.0
29.637499999998486,0.4999687498109536,0.0015181132790036038,0.5000312501890464,0.0
29.641666666665156,0.49996880659070725,0.0015153558151530938,0.5000311934092928,0.0
29.64583333333182,0.4999688632675665,0.0015126033451933305,0.5000311367324336,0.0
29.649999999998485,0.49996891984171776,0.001509855860091418,0.5000310801582822,0.0
29.65416666666515,0.49996897631334725,0.0015071133508296453,0.5000310236866528,0.0
29.658333333331814,0.4999690326826406,0.0015043758084054407,0.5000309673173594,0.0
29.662499999998484,0.49996908894978326,0.001501643223831324,0.5000309110502167,0.0
29.66666666666515,0.4999691451149604,0.0014989155881348886,0.5000308548850397,0.0
29.670833333331817,0.49996920117835675,0.001496192892358749,0.5000307988216433,0.0
29.674999999998487,0.49996925714015694,0.0014934751275605092,0.5000307428598431,0.0
29.67916666666515,0.49996931300054515,0.0014907622848127251,0.500030686999455,0.0
29.683333333331817,0.49996936875970505,0.0014880543552028553,0.5000306312402949,0.0
29.687499999998483,0.4999694244178205,0.0014853513298332438,0.5000305755821794,0.0
29.691666666665146,0.49996947997507474,0.00148265319982107,0.5000305200249252,0.0
29.695833333331816,0.4999695354316507,0.0014799599562983028,0.5000304645683492,0.0
29.699999999998482,0.49996959078773096,0.001477271590411683,0.500030409212269,0.0
29.70416666666515,0.499969646043498,0.0014745880933226695,0.500030353956502,0.0
29.70833333333182,0.4999697011991338,0.0014719094562074086,0.5000302988008661,0.0
29.71249999999848,0.4999697562548202,0.0014692356702566967,0.5000302437451797,0.0
29.716666666665148,0.49996981121073863,0.001466566726675931,0.5000301887892613,0.0
29.720833333331814,0.49996986606707033,0.0014639026166850904,0.5000301339329297,0.0
29.724999999998477,0.4999699208239959,0.0014612433315186876,0.5000300791760041,0.0
29.729166666665147,0.4999699754816962,0.0014585888624257244,0.5000300245183039,0.0
29.733333333331814,0.49997003004035123,0.0014559392006696684,0.5000299699596487,0.0
29.73749999999848,0.4999700845001412,0.0014532943375284073,0.5000299154998589,0.0
29.74166666666515,0.49997013886124547,0.0014506542642942113,0.5000298611387545,0.0
29.745833333331813,0.49997019312384383,0.0014480189722736985,0.5000298068761562,0.0
29.74999999999848,0.49997024728811496,0.0014453884527877874,0.500029752711885,0.0
29.754166666665146,0.49997030135423787,0.001442762697171674,0.5000296986457622,0.0
29.75833333333181,0.49997035532239087,0.0014401416967747872,0.500029644677609,0.0
29.76249999999848,0.4999704091927524,0.0014375254429607417,0.5000295908072476,0.0
29.766666666665145,0.4999704629655001,0.0014349139271073168,0.5000295370344999,0.0
29.77083333333181,0.49997051664081177,0.001432307140606409,0.5000294833591883,0.0
29.77499999999848,0.4999705702188646,0.0014297050748639946,0.5000294297811353,0.0
29.779166666665144,0.4999706236998357,0.001427107721300098,0.5000293763001643,0.0
29.78333333333181,0.4999706770839018,0.0014245150713487382,0.5000293229160983,0.0
29.787499999998477,0.4999707303712394,0.0014219271164579127,0.5000292696287607,0.0
29.79166666666514,0.4999707835620245,0.0014193438480895474,0.5000292164379756,0.0
29.79583333333181,0.49997083665643316,0.001416765257719453,0.500029163343567,0.0
29.799999999998477,0.49997088965464087,0.0014141913368373026,0.5000291103453592,0.0
29.804166666665143,0.499970942556334,0.0014116220998596123,0.5000290574436661,0.0
29.808333333331813,0.4999709953611849,0.0014090575618574339,0.5000290046388151,0.0
29.812499999998476,0.4999710480702921,0.0014064976710760925,0.5000289519297079,0.0
29.816666666665142,0.49997110068382844,0.0014039424191337785,0.5000288993161716,0.0
29.82083333333181,0.49997115320196656,0.0014013917976632784,0.5000288467980334,0.0
29.82499999999847,0.49997120562487873,0.0013988457983119336,0.5000287943751214,0.0
29.82916666666514,0.49997125795273684,0.0013963044127415977,0.5000287420472631,0.0
29.833333333331808,0.4999713101857128,0.0013937676326286237,0.5000286898142873,0.0
29.837499999998474,0.4999713623239777,0.0013912354496638157,0.5000286376760222,0.0
29.841666666665144,0.4999714143677029,0.0013887078555524033,0.5000285856322971,0.0
29.845833333331807,0.499971466317059,0.0013861848420140077,0.5000285336829409,0.0
29.849999999998474,0.49997151817221674,0.0013836664007826017,0.5000284818277833,0.0
29.85416666666514,0.49997156993334607,0.001381152523606491,0.5000284300666539,0.0
29.858333333331803,0.49997162160061703,0.0013786432022482734,0.5000283783993831,0.0
29.862499999998473,0.4999716731741992,0.0013761384284847987,0.5000283268258009,0.0
29.86666666666514,0.49997172465426176,0.0013736381941071517,0.5000282753457381,0.0
29.870833333331806,0.499971776040974,0.0013711424909206103,0.5000282239590259,0.0
29.874999999998476,0.4999718273345045,0.0013686513107446124,0.5000281726654954,0.0
29.87916666666514,0.4999718785350218,0.0013661646454127285,0.5000281214649782,0.0
29.883333333331805,0.4999719296426939,0.0013636824867726159,0.5000280703573061,0.0
29.88749999999847,0.4999719806576887,0.0013612048266860056,0.5000280193423113,0.0
29.891666666665134,0.49997203158017384,0.0013587316570286578,0.5000279684198262,0.0
29.895833333331804,0.49997208241031654,0.0013562629696903226,0.5000279175896835,0.0
29.89999999999847,0.4999721331482838,0.0013537987565747246,0.5000278668517162,0.0
29.904166666665137,0.4999721837942423,0.001351339009599517,0.5000278162057576,0.0
29.908333333331807,0.49997223434835864,0.001348883720696254,0.5000277656516414,0.0
29.91249999999847,0.4999722848107987,0.0013464328818103587,0.5000277151892014,0.0
29.916666666665137,0.49997233518172846,0.001343986484901081,0.5000276648182717,0.0
29.920833333331803,0.49997238546131334,0.0013415445219414801,0.5000276145386866,0.0
29.924999999998466,0.4999724356497188,0.0013391069849183852,0.5000275643502813,0.0
29.929166666665136,0.49997248574710973,0.0013366738658323518,0.5000275142528903,0.0
29.933333333331802,0.49997253575365086,0.0013342451566976485,0.5000274642463491,0.0
29.93749999999847,0.4999725856695066,0.0013318208495422116,0.5000274143304934,0.0
29.94166666666514,0.4999726354948411,0.0013294009364076152,0.5000273645051589,0.0
29.9458333333318,0.49997268522981825,0.0013269854093490416,0.5000273147701818,0.0
29.949999999998468,0.49997273487460153,0.001324574260435237,0.5000272651253984,0.0
29.954166666665134,0.49997278442935444,0.0013221674817484963,0.5000272155706456,0.0
29.958333333331797,0.49997283389423985,0.0013197650653846212,0.5000271661057601,0.0
29.962499999998467,0.4999728832694205,0.0013173670034528795,0.5000271167305794,0.0
29.966666666665134,0.49997293255505904,0.0013149732880759894,0.5000270674449411,0.0
29.9708333333318,0.4999729817513173,0.0013125839113900745,0.5000270182486826,0.0
29.97499999999847,0.4999730308583576,0.0013101988655446354,0.5000269691416424,0.0
29.979166666665133,0.4999730798763413,0.0013078181427025179,0.5000269201236587,0.0
29.9833333333318,0.4999731288054299,0.0013054417350398715,0.5000268711945701,0.0
29.987499999998466,0.4999731776457845,0.0013030696347461315,0.5000268223542155,0.0
29.99166666666513,0.49997322639756586,0.0013007018340239782,0.5000267736024342,0.0
29.9958333333318,0.4999732750609344,0.0012983383250892964,0.5000267249390656,0.0
29.999999999998465,0.4999733236360507,0.0012959791001711596,0.5000266763639494,0.0
30.00416666666513,0.4999733721230744,0.0012936241515117848,0.5000266278769255,0.0
30.0083333333318,0.49997342052216553,0.001291273471366504,0.5000265794778345,0.0
30.012499999998465,0.49997346883348337,0.0012889270520037334,0.5000265311665165,0.0
30.01666666666513,0.4999735170571873,0.0012865848857049299,0.5000264829428126,0.0
30.020833333331797,0.49997356519343605,0.0012842469647645755,0.5000264348065638,0.0
30.02499999999846,0.4999736132423884,0.0012819132814901346,0.5000263867576117,0.0
30.02916666666513,0.4999736612042026,0.001279583828202015,0.5000263387957974,0.0
30.033333333331797,0.4999737090790369,0.0012772585972335502,0.5000262909209632,0.0
30.037499999998463,0.49997375686704904,0.0012749375809309575,0.500026243132951,0.0
30.041666666665133,0.49997380456839674,0.0012726207716533052,0.5000261954316033,0.0
30.045833333331796,0.49997385218323726,0.0012703081617724858,0.5000261478167628,0.0
30.049999999998462,0.4999738997117275,0.001267999743673169,0.5000261002882724,0.0
30.05416666666513,0.4999739471540246,0.001265695509752789,0.5000260528459753,0.0
30.05833333333179,0.4999739945102848,0.0012633954524215005,0.5000260054897151,0.0
30.06249999999846,0.49997404178066457,0.00126109956410214,0.5000259582193355,0.0
30.066666666665128,0.49997408896531975,0.0012588078372302077,0.5000259110346803,0.0
30.070833333331795,0.4999741360644062,0.0012565202642538242,0.5000258639355938,0.0
30.074999999998465,0.4999741830780794,0.0012542368376337024,0.5000258169219206,0.0
30.079166666665127,0.4999742300064945,0.0012519575498431148,0.5000257699935055,0.0
30.083333333331794,0.4999742768498066,0.001249682393367852,0.5000257231501933,0.0
30.08749999999846,0.49997432360817035,0.0012474113607062046,0.5000256763918297,0.0
30.091666666665123,0.4999743702817402,0.001245144444368924,0.5000256297182598,0.0
30.095833333331793,0.49997441687067035,0.0012428816368791802,0.5000255831293297,0.0
30.09999999999846,0.49997446337511475,0.0012406229307725459,0.5000255366248852,0.0
30.104166666665126,0.49997450979522706,0.0012383683185969532,0.5000254902047728,0.0
30.108333333331796,0.4999745561311609,0.0012361177929126632,0.5000254438688392,0.0
30.11249999999846,0.4999746023830692,0.0012338713462922348,0.5000253976169308,0.0
30.116666666665125,0.499974648551105,0.0012316289713204848,0.500025351448895,0.0
30.12083333333179,0.499974694635421,0.001229390660594467,0.500025305364579,0.0
30.124999999998455,0.49997474063616953,0.0012271564067234347,0.5000252593638305,0.0
30.129166666665125,0.4999747865535029,0.001224926202328798,0.5000252134464972,0.0
30.13333333333179,0.49997483238757295,0.0012227000400441073,0.500025167612427,0.0
30.137499999998457,0.4999748781385315,0.0012204779125150114,0.5000251218614686,0.0
30.141666666665127,0.4999749238065297,0.0012182598123992264,0.5000250761934704,0.0
30.14583333333179,0.49997496939171887,0.001216045732366504,0.5000250306082811,0.0
30.149999999998457,0.49997501489425,0.0012138356650985922,0.50002498510575,0.0
30.154166666665123,0.49997506031427374,0.0012116296032892147,0.5000249396857263,0.0
30.158333333331786,0.4999751056519405,0.0012094275396440314,0.5000248943480595,0.0
30.162499999998456,0.49997515090740047,0.001207229466880599,0.5000248490925995,0.0
30.166666666665122,0.49997519608080365,0.0012050353777283529,0.5000248039191965,0.0
30.17083333333179,0.49997524117229963,0.0012028452649285632,0.5000247588277005,0.0
30.17499999999846,0.49997528618203796,0.0012006591212343064,0.500024713817962,0.0
30.17916666666512,0.49997533110998826,0.0011984769479110977,0.5000246688900118,0.0
30.183333333331788,0.49997537595538816,0.0011962987808486988,0.5000246240446118,0.0
30.187499999998455,0.49997542071941886,0.0011941245639899897,0.5000245792805812,0.0
30.191666666665117,0.4999754654022274,0.0011919542901990272,0.5000245345977725,0.0
30.195833333331787,0.49997551000396073,0.0011897879523523082,0.5000244899960392,0.0
30.199999999998454,0.4999755545247655,0.0011876255433387554,0.5000244454752345,0.0
30.20416666666512,0.499975598964788,0.0011854670560596781,0.5000244010352121,0.0
30.20833333333179,0.4999756433241743,0.0011833124834287484,0.5000243566758256,0.0
30.212499999998453,0.49997568760307043,0.0011811618183719748,0.5000243123969296,0.0
30.21666666666512,0.49997573180162186,0.0011790150538276624,0.5000242681983782,0.0
30.220833333331786,0.49997577591997394,0.0011768721827464016,0.5000242240800261,0.0
30.22499999999845,0.4999758199582718,0.0011747331980910302,0.5000241800417282,0.0
30.22916666666512,0.4999758639166604,0.0011725980928366003,0.5000241360833397,0.0
30.233333333331785,0.4999759077952841,0.0011704668599703627,0.500024092204716,0.0
30.23749999999845,0.49997595159428737,0.001168339492491729,0.5000240484057126,0.0
30.24166666666512,0.4999759953138143,0.001166215983412247,0.5000240046861858,0.0
30.245833333331785,0.4999760389540087,0.0011640963257555734,0.5000239610459913,0.0
30.24999999999845,0.49997608251501424,0.0011619805125574363,0.5000239174849858,0.0
30.254166666665117,0.4999761259969742,0.0011598685368656215,0.5000238740030257,0.0
30.25833333333178,0.4999761694000317,0.0011577603917399379,0.5000238305999684,0.0
30.26249999999845,0.4999762127243296,0.0011556560702521799,0.5000237872756704,0.0
30.266666666665117,0.49997625597001033,0.0011535555654861144,0.5000237440299896,0.0
30.270833333331783,0.49997629913721664,0.0011514588705374446,0.5000237008627835,0.0
30.274999999998453,0.4999763422260901,0.001149365978513781,0.5000236577739098,0.0
30.279166666665116,0.4999763852367731,0.0011472768825346177,0.500023614763227,0.0
30.283333333331782,0.4999764281694069,0.0011451915757312943,0.5000235718305931,0.0
30.28749999999845,0.499976471024133,0.001143110051246981,0.500023528975867,0.0
30.29166666666511,0.4999765138010926,0.0011410323022366436,0.5000234861989075,0.0
30.29583333333178,0.49997655650042644,0.0011389583218670092,0.5000234434995736,0.0
30.299999999998448,0.49997659912227527,0.001136888103316549,0.5000234008777248,0.0
30.304166666665115,0.4999766416667794,0.0011348216397754453,0.5000233583332206,0.0
30.308333333331785,0.49997668413407914,0.0011327589244455605,0.500023315865921,0.0
30.312499999998447,0.4999767265243142,0.0011306999505404146,0.5000232734756858,0.0
30.316666666665114,0.49997676883762443,0.0011286447112851465,0.5000232311623756,0.0
30.32083333333178,0.49997681107414926,0.0011265931999164989,0.5000231889258507,0.0
30.324999999998443,0.49997685323402785,0.0011245454096827842,0.500023146765972,0.0
30.329166666665113,0.4999768953173992,0.0011225013338438494,0.5000231046826008,0.0
30.33333333333178,0.49997693732440196,0.0011204609656710598,0.5000230626755979,0.0
30.337499999998446,0.49997697925517476,0.0011184242984472635,0.5000230207448253,0.0
30.341666666665116,0.4999770211098557,0.0011163913254667644,0.5000229788901442,0.0
30.34583333333178,0.49997706288858285,0.0011143620400352965,0.5000229371114171,0.0
30.349999999998445,0.4999771045914941,0.0011123364354699863,0.5000228954085059,0.0
30.35416666666511,0.49997714621872685,0.0011103145050993378,0.5000228537812731,0.0
30.358333333331775,0.49997718777041844,0.0011082962422631986,0.5000228122295816,0.0
30.362499999998445,0.49997722924670607,0.0011062816403127232,0.5000227707532939,0.0
30.36666666666511,0.4999772706477264,0.0011042706926103602,0.5000227293522737,0.0
30.370833333331777,0.4999773119736162,0.0011022633925298123,0.5000226880263838,0.0
30.374999999998447,0.49997735322451176,0.0011002597334560124,0.5000226467754881,0.0
30.37916666666511,0.4999773944005493,0.001098259708785098,0.5000226055994507,0.0
30.383333333331777,0.49997743550186463,0.001096263311924371,0.5000225644981353,0.0
30.387499999998443,0.49997747652859376,0.0010942705362922862,0.5000225234714063,0.0
30.391666666665106,0.49997751748087166,0.0010922813753184134,0.5000224825191283,0.0
30.395833333331776,0.49997755835883395,0.001090295822443405,0.5000224416411659,0.0
30.399999999998442,0.49997759916261547,0.0010883138711189795,0.5000224008373845,0.0
30.40416666666511,0.49997763989235106,0.0010863355148078846,0.500022360107649,0.0
30.40833333333178,0.4999776805481752,0.00108436074698387,0.5000223194518247,0.0
30.412499999998442,0.4999777211302223,0.0010823895611316648,0.5000222788697778,0.0
30.416666666665108,0.49997776163862634,0.0010804219507469354,0.5000222383613736,0.0
30.420833333331775,0.4999778020735213,0.0010784579093362752,0.5000221979264786,0.0
30.424999999998438,0.49997784243504084,0.0010764974304171664,0.500022157564959,0.0
30.429166666665107,0.4999778827233184,0.0010745405075179466,0.5000221172766817,0.0
30.433333333331774,0.49997792293848703,0.0010725871341777933,0.500022077061513,0.0
30.43749999999844,0.49997796308067977,0.0010706373039466863,0.5000220369193202,0.0
30.44166666666511,0.4999780031500294,0.0010686910103853834,0.5000219968499705,0.0
30.445833333331773,0.49997804314666855,0.001066748247065392,0.5000219568533315,0.0
30.44999999999844,0.4999780830707294,0.0010648090075689328,0.5000219169292707,0.0
30.454166666665106,0.49997812292234406,0.0010628732854889257,0.500021877077656,0.0
30.45833333333177,0.49997816270164436,0.001060941074428954,0.5000218372983556,0.0
30.46249999999844,0.4999782024087621,0.001059012368003229,0.5000217975912379,0.0
30.466666666665105,0.4999782420438286,0.0010570871598365764,0.5000217579561713,0.0
30.470833333331772,0.49997828160697516,0.0010551654435643975,0.5000217183930248,0.0
30.474999999998442,0.49997832109833273,0.0010532472128326445,0.5000216789016673,0.0
30.479166666665105,0.49997836051803196,0.0010513324612977939,0.500021639481968,0.0
30.48333333333177,0.4999783998662037,0.0010494211826268085,0.5000216001337964,0.0
30.487499999998438,0.49997843914297796,0.0010475133704971238,0.500021560857022,0.0
30.4916666666651,0.4999784783484852,0.0010456090185966122,0.5000215216515148,0.0
30.49583333333177,0.49997851748285516,0.0010437081206235484,0.5000214825171448,0.0
30.499999999998437,0.49997855654621753,0.0010418106702865942,0.5000214434537825,0.0
30.504166666665103,0.49997859553870183,0.0010399166613047617,0.5000214044612983,0.0
30.508333333331773,0.49997863446043744,0.001038026087407386,0.5000213655395627,0.0
30.512499999998436,0.4999786733115532,0.0010361389423341008,0.5000213266884468,0.0
30.516666666665103,0.49997871209217815,0.0010342552198348005,0.5000212879078217,0.0
30.52083333333177,0.4999787508024409,0.0010323749136696252,0.5000212491975591,0.0
30.524999999998432,0.49997878944246993,0.0010304980176089249,0.5000212105575301,0.0
30.529166666665102,0.4999788280123933,0.0010286245254332261,0.5000211719876066,0.0
30.53333333333177,0.49997886651233914,0.0010267544309332161,0.5000211334876609,0.0
30.537499999998435,0.4999789049424352,0.001024887727909705,0.5000210950575648,0.0
30.541666666665105,0.4999789433028092,0.0010230244101736019,0.5000210566971909,0.0
30.545833333331768,0.4999789815935884,0.0010211644715458859,0.5000210184064117,0.0
30.549999999998434,0.4999790198148999,0.0010193079058575707,0.5000209801851,0.0
30.5541666666651,0.499979057966871,0.00101745470694969,0.5000209420331291,0.0
30.558333333331763,0.49997909604857915,0.001015604918768568,0.500020903951421,0.0
30.562499999998433,0.4999791340610949,0.0010137584901034914,0.5000208659389052,0.0
30.5666666666651,0.4999791720045974,0.001011915412295135,0.5000208279954025,0.0
30.570833333331766,0.49997920987921185,0.001010075679281533,0.5000207901207882,0.0
30.574999999998436,0.4999792476850629,0.0010082392850113047,0.5000207523149371,0.0
30.5791666666651,0.49997928542227493,0.0010064062234436337,0.5000207145777251,0.0
30.583333333331765,0.4999793230909724,0.0010045764885482334,0.5000206769090276,0.0
30.587499999998432,0.4999793606912794,0.0010027500743053368,0.5000206393087206,0.0
30.591666666665095,0.49997939822331955,0.0010009269747056654,0.5000206017766804,0.0
30.595833333331765,0.4999794356872168,0.0009991071837503979,0.5000205643127832,0.0
30.59999999999843,0.4999794730830946,0.0009972906954511585,0.5000205269169055,0.0
30.604166666665098,0.49997951041107586,0.0009954775038299845,0.5000204895889241,0.0
30.608333333331768,0.49997954767128394,0.0009936676029193043,0.5000204523287161,0.0
30.61249999999843,0.49997958486384136,0.000991860986761914,0.5000204151361587,0.0
30.616666666665097,0.4999796219888709,0.000990057649410945,0.5000203780111291,0.0
30.620833333331763,0.49997965904649483,0.000988257584929854,0.5000203409535052,0.0
30.624999999998426,0.4999796960368351,0.0009864607873923891,0.5000203039631648,0.0
30.629166666665096,0.4999797329600142,0.0009846672508825615,0.5000202670399858,0.0
30.633333333331763,0.49997976981615333,0.0009828769694946325,0.5000202301838466,0.0
30.63749999999843,0.49997980660537433,0.000981089937333082,0.5000201933946257,0.0
30.6416666666651,0.49997984332779827,0.000979306148512584,0.5000201566722017,0.0
30.645833333331762,0.49997987998354654,0.000977525597157987,0.5000201200164535,0.0
30.64999999999843,0.49997991657273977,0.0009757482774042791,0.5000200834272603,0.0
30.654166666665095,0.49997995309549875,0.0009739741833965772,0.5000200469045013,0.0
30.658333333331758,0.49997998955194395,0.000972203309290096,0.5000200104480561,0.0
30.662499999998428,0.4999800259421956,0.000970435649250117,0.5000199740578044,0.0
30.666666666665094,0.49998006226637387,0.0009686711974519778,0.5000199377336262,0.0
30.67083333333176,0.4999800985245984,0.0009669099480810378,0.5000199014754017,0.0
30.67499999999843,0.4999801347169891,0.0009651518953326574,0.5000198652830109,0.0
30.679166666665093,0.4999801708436652,0.000963397033412174,0.5000198291563347,0.0
30.68333333333176,0.49998020690474604,0.0009616453565348715,0.5000197930952539,0.0
30.687499999998426,0.4999802429003506,0.000959896858925966,0.5000197570996494,0.0
30.69166666666509,0.4999802788305978,0.0009581515348205762,0.5000197211694023,0.0
30.69583333333176,0.4999803146956061,0.0009564093784636937,0.5000196853043939,0.0
30.699999999998425,0.4999803504954941,0.0009546703841101698,0.500019649504506,0.0
30.704166666665092,0.4999803862303799,0.0009529345460246829,0.5000196137696201,0.0
30.708333333331762,0.4999804219003815,0.0009512018584817172,0.5000195780996185,0.0
30.712499999998425,0.4999804575056167,0.0009494723157655385,0.5000195424943832,0.0
30.71666666666509,0.4999804930462034,0.0009477459121701639,0.5000195069537967,0.0
30.720833333331758,0.4999805285222586,0.0009460226419993478,0.5000194714777414,0.0
30.72499999999842,0.4999805639338997,0.0009443024995665525,0.5000194360661003,0.0
30.72916666666509,0.4999805992812437,0.0009425854791949167,0.5000194007187564,0.0
30.733333333331757,0.49998063456440733,0.0009408715752172446,0.5000193654355927,0.0
30.737499999998423,0.4999806697835073,0.000939160781975972,0.5000193302164926,0.0
30.741666666665093,0.4999807049386602,0.0009374530938231453,0.5000192950613399,0.0
30.745833333331756,0.4999807400299818,0.0009357485051203978,0.5000192599700182,0.0
30.749999999998423,0.49998077505758853,0.0009340470102389181,0.5000192249424116,0.0
30.75416666666509,0.4999808100215959,0.0009323486035594376,0.5000191899784041,0.0
30.758333333331752,0.4999808449221198,0.0009306532794721999,0.5000191550778802,0.0
30.762499999998422,0.49998087975927547,0.0009289610323769303,0.5000191202407245,0.0
30.76666666666509,0.4999809145331783,0.0009272718566828245,0.5000190854668217,0.0
30.770833333331755,0.4999809492439432,0.0009255857468085143,0.5000190507560569,0.0
30.774999999998425,0.49998098389168505,0.0009239026971820464,0.5000190161083149,0.0
30.779166666665088,0.4999810184765185,0.00092222270224086,0.5000189815234815,0.0
30.783333333331754,0.4999810529985581,0.0009205457564317548,0.5000189470014419,0.0
30.78749999999842,0.4999810874579181,0.0009188718542108771,0.500018912542082,0.0
30.791666666665083,0.4999811218547123,0.0009172009900436904,0.5000188781452877,0.0
30.795833333331753,0.499981156189055,0.0009155331584049461,0.500018843810945,0.0
30.79999999999842,0.4999811904610596,0.0009138683537786687,0.5000188095389404,0.0
30.804166666665086,0.4999812246708398,0.0009122065706581247,0.5000187753291602,0.0
30.808333333331756,0.49998125881850874,0.0009105478035458013,0.5000187411814913,0.0
30.81249999999842,0.4999812929041796,0.0009088920469533814,0.5000187070958204,0.0
30.816666666665085,0.49998132692796526,0.0009072392954017138,0.5000186730720346,0.0
30.820833333331752,0.49998136088997863,0.0009055895434207989,0.5000186391100213,0.0
30.824999999998415,0.49998139479033216,0.0009039427855497595,0.5000186052096678,0.0
30.829166666665085,0.4999814286291382,0.00090229901633681,0.5000185713708617,0.0
30.83333333333175,0.49998146240650904,0.0009006582303392438,0.500018537593491,0.0
30.837499999998418,0.4999814961225565,0.000899020422123401,0.5000185038774435,0.0
30.841666666665088,0.49998152977739246,0.0008973855862646464,0.5000184702226076,0.0
30.84583333333175,0.4999815633711286,0.0008957537173473462,0.5000184366288714,0.0
30.849999999998417,0.49998159690387634,0.0008941248099648373,0.5000184030961238,0.0
30.854166666665083,0.4999816303757468,0.0008924988587194128,0.5000183696242532,0.0
30.858333333331746,0.49998166378685127,0.0008908758582222929,0.5000183362131487,0.0
30.862499999998416,0.49998169713730056,0.0008892558030935943,0.5000183028626995,0.0
30.866666666665083,0.49998173042720523,0.0008876386879623178,0.5000182695727947,0.0
30.87083333333175,0.499981763656676,0.0008860245074663156,0.500018236343324,0.0
30.87499999999842,0.49998179682582305,0.0008844132562522696,0.5000182031741769,0.0
30.879166666665082,0.49998182993475665,0.0008828049289756675,0.5000181700652433,0.0
30.88333333333175,0.4999818629835868,0.0008811995203007728,0.5000181370164132,0.0
30.887499999998415,0.49998189597242315,0.0008795970249006101,0.5000181040275767,0.0
30.891666666665078,0.49998192890137544,0.000877997437456936,0.5000180710986245,0.0
30.895833333331748,0.49998196177055304,0.0008764007526602083,0.500018038229447,0.0
30.899999999998414,0.4999819945800652,0.0008748069652095737,0.5000180054199347,0.0
30.90416666666508,0.4999820273300212,0.0008732160698128358,0.5000179726699789,0.0
30.90833333333175,0.49998206002052953,0.0008716280611864311,0.5000179399794704,0.0
30.912499999998413,0.49998209265169935,0.0008700429340554088,0.5000179073483008,0.0
30.91666666666508,0.4999821252236389,0.0008684606831533975,0.5000178747763612,0.0
30.920833333331746,0.49998215773645666,0.0008668813032225917,0.5000178422635434,0.0
30.92499999999841,0.49998219019026086,0.0008653047890137234,0.5000178098097392,0.0
30.92916666666508,0.49998222258515945,0.0008637311352860305,0.5000177774148407,0.0
30.933333333331746,0.4999822549205268,0.0008621603718294432,0.5000177450794733,0.0
30.937499999998412,0.4999822871969256,0.0008605924716814179,0.5000177128030745,0.0
30.941666666665082,0.499982319414696,0.0008590274185377206,0.500017680585304,0.0
30.945833333331745,0.49998235157394405,0.0008574652072418787,0.5000176484260559,0.0
30.94999999999841,0.4999823836747759,0.0008559058326464347,0.500017616325224,0.0
30.954166666665078,0.4999824157172975,0.0008543492896129373,0.5000175842827024,0.0
30.95833333333174,0.49998244770161454,0.0008527955730119142,0.5000175522983854,0.0
30.96249999999841,0.49998247962783243,0.0008512446777228472,0.5000175203721675,0.0
30.966666666665077,0.49998251149605666,0.0008496965986341599,0.5000174885039433,0.0
30.970833333331743,0.4999825433063923,0.0008481513306431914,0.5000174566936078,0.0
30.974999999998413,0.4999825750589442,0.0008466088686561768,0.5000174249410557,0.0
30.979166666665076,0.4999826067538174,0.0008450692075882268,0.5000173932461826,0.0
30.983333333331743,0.49998263839111645,0.0008435323423633014,0.5000173616088835,0.0
30.98749999999841,0.49998266997094565,0.0008419982679141983,0.5000173300290544,0.0
30.991666666665072,0.49998270149340934,0.000840466979182527,0.5000172985065907,0.0
30.995833333331742,0.49998273295861145,0.0008389384711186832,0.5000172670413886,0.0
30.99999999999841,0.499982764366656,0.0008374127386818375,0.500017235633344,0.0
