time_noAb,P_noAb,time_Ab,P_Ab
0.0,30.0,0.0,30.0
0.004166666666666667,29.93768040146471,0.004166666666666667,29.93768040146471
0.008333333333333333,29.87699322817346,0.008333333333333333,29.87699322817346
0.012500000000000002,29.817899934241655,0.012500000000000002,29.817899934241655
0.016666666666666666,29.760358981122998,0.016666666666666666,29.760358981122998
0.020833333333333332,29.704328632401992,0.020833333333333332,29.704328632401992
0.025000000000000005,29.649766449948817,0.025000000000000005,29.649766449948817
0.02916666666666667,29.596629574065545,0.02916666666666667,29.596629574065545
0.03333333333333333,29.544874687489514,0.03333333333333333,29.544874687489514
0.0375,29.494458543561652,0.0375,29.494458543561652
0.041666666666666664,29.4453377592014,0.041666666666666664,29.4453377592014
0.04583333333333334,29.397469035914064,0.04583333333333334,29.397469035914064
0.05000000000000001,29.350809247471926,0.05000000000000001,29.350809247471926
0.05416666666666667,29.3053156185764,0.05416666666666667,29.3053156185764
0.05833333333333334,29.260945651038522,0.05833333333333334,29.260945651038522
0.0625,29.217657412862465,0.0625,29.217657412862465
0.06666666666666667,29.175409605496178,0.06666666666666667,29.175409605496178
0.07083333333333335,29.13416155204256,0.07083333333333335,29.13416155204256
0.075,29.09387323286243,0.075,29.09387323286243
0.07916666666666668,29.05450543082094,0.07916666666666668,29.05450543082094
0.08333333333333333,29.016019763268513,0.08333333333333333,29.016019763268513
0.08750000000000001,28.978378722752023,0.08750000000000001,28.978378722752023
0.09166666666666667,28.941545713058936,0.09166666666666667,28.941545713058936
0.09583333333333334,28.905485091680056,0.09583333333333334,28.905485091680056
0.10000000000000002,28.87016219189003,0.10000000000000002,28.87016219189003
0.10416666666666667,28.835543331607017,0.10416666666666667,28.835543331607017
0.10833333333333334,28.801595857795153,0.10833333333333334,28.801595857795153
0.1125,28.768288116747815,0.1125,28.768288116747815
0.11666666666666668,28.735589508770985,0.11666666666666668,28.735589508770985
0.12083333333333335,28.703470479668415,0.12083333333333335,28.703470479668415
0.125,28.6719024731884,0.125,28.6719024731884
0.12916666666666668,28.640857963807164,0.12916666666666668,28.640857963807164
0.13333333333333333,28.61031044024892,0.13333333333333333,28.61031044024892
0.1375,28.580234415977973,0.1375,28.580234415977973
0.1416666666666667,28.55060539066216,0.1416666666666667,28.55060539066216
0.14583333333333334,28.521399837932144,0.14583333333333334,28.521399837932144
0.15,28.49259519725521,0.15,28.49259519725521
0.15416666666666667,28.46416984537592,0.15416666666666667,28.46416984537592
0.15833333333333335,28.4361030755823,0.15833333333333335,28.4361030755823
0.1625,28.408375082659337,0.1625,28.408375082659337
0.16666666666666666,28.380966931443513,0.16666666666666666,28.380966931443513
0.17083333333333336,28.353860532187298,0.17083333333333336,28.353860532187298
0.17500000000000002,28.32703862842592,0.17500000000000002,28.32703862842592
0.17916666666666667,28.30048476026046,0.17916666666666667,28.30048476026046
0.18333333333333335,28.274183237788236,0.18333333333333335,28.274183237788236
0.1875,28.248119125987152,0.1875,28.248119125987152
0.19166666666666668,28.222278209392375,0.19166666666666668,28.222278209392375
0.19583333333333333,28.19664696506972,0.19583333333333333,28.19664696506972
0.20000000000000004,28.171212551585707,0.20000000000000004,28.171212551585707
0.2041666666666667,28.145962768667275,0.2041666666666667,28.145962768667275
0.20833333333333334,28.12088602942282,0.20833333333333334,28.12088602942282
0.21250000000000002,28.095971335454973,0.21250000000000002,28.095971335454973
0.21666666666666667,28.07120827373003,0.21666666666666667,28.07120827373003
0.22083333333333335,28.04658698265174,0.22083333333333335,28.04658698265174
0.225,28.02209812302907,0.225,28.02209812302907
0.22916666666666666,27.997732864023888,0.22916666666666666,27.997732864023888
0.23333333333333336,27.973482845596592,0.23333333333333336,27.973482845596592
0.23750000000000002,27.949340157186143,0.23750000000000002,27.949340157186143
0.2416666666666667,27.92529733612914,0.2416666666666667,27.92529733612914
0.24583333333333335,27.901347341701772,0.24583333333333335,27.901347341701772
0.25,27.877483528462506,0.25,27.877483528462506
0.2541666666666667,27.853699616845535,0.2541666666666667,27.853699616845535
0.25833333333333336,27.82998969646372,0.25833333333333336,27.82998969646372
0.2625,27.806348201919022,0.2625,27.806348201919022
0.26666666666666666,27.782769894702557,0.26666666666666666,27.782769894702557
0.2708333333333333,27.75924984031303,0.2708333333333333,27.75924984031303
0.275,27.73578340282744,0.275,27.73578340282744
0.2791666666666667,27.71236622835535,0.2791666666666667,27.71236622835535
0.2833333333333334,27.688994230082237,0.2833333333333334,27.688994230082237
0.28750000000000003,27.665663564270695,0.28750000000000003,27.665663564270695
0.2916666666666667,27.642370627496156,0.2916666666666667,27.642370627496156
0.29583333333333334,27.619112042725448,0.29583333333333334,27.619112042725448
0.3,27.595884646249207,0.3,27.595884646249207
0.3041666666666667,27.572685476152724,0.3041666666666667,27.572685476152724
0.30833333333333335,27.549511761743435,0.30833333333333335,27.549511761743435
0.3125,27.52636091351507,0.3125,27.52636091351507
0.3166666666666667,27.50323051374281,0.3166666666666667,27.50323051374281
0.32083333333333336,27.480118303587876,0.32083333333333336,27.480118303587876
0.325,27.457022175905553,0.325,27.457022175905553
0.32916666666666666,27.433940168299877,0.32916666666666666,27.433940168299877
0.3333333333333333,27.41087045441828,0.3333333333333333,27.41087045441828
0.33749999999999997,27.387811333981254,0.33749999999999997,27.387811333981254
0.34166666666666673,27.364761225104584,0.34166666666666673,27.364761225104584
0.3458333333333334,27.341718661321785,0.3458333333333334,27.341718661321785
0.35000000000000003,27.318682283679895,0.35000000000000003,27.318682283679895
0.3541666666666667,27.29565083498562,0.3541666666666667,27.29565083498562
0.35833333333333334,27.272623149304305,0.35833333333333334,27.272623149304305
0.36250000000000004,27.249598146335234,0.36250000000000004,27.249598146335234
0.3666666666666667,27.22657483250937,0.3666666666666667,27.22657483250937
0.37083333333333335,27.203552293198708,0.37083333333333335,27.203552293198708
0.375,27.180529688263398,0.375,27.180529688263398
0.37916666666666665,27.157506244019576,0.37916666666666665,27.157506244019576
0.38333333333333336,27.13448124947505,0.38333333333333336,27.13448124947505
0.3875,27.111454056269267,0.3875,27.111454056269267
0.39166666666666666,27.08842407295758,0.39166666666666666,27.08842407295758
0.3958333333333333,27.065390761528235,0.3958333333333333,27.065390761528235
0.4000000000000001,27.042353632758974,0.4000000000000001,27.042353632758974
0.40416666666666673,27.0193122433972,0.40416666666666673,27.0193122433972
0.4083333333333334,26.996266194375963,0.4083333333333334,26.996266194375963
0.41250000000000003,26.9732151274235,0.41250000000000003,26.9732151274235
0.4166666666666667,26.95015872248563,0.4166666666666667,26.95015872248563
0.4208333333333334,26.927096693739678,0.4208333333333334,26.927096693739678
0.42500000000000004,26.904028787810386,0.42500000000000004,26.904028787810386
0.4291666666666667,26.88095478269139,0.4291666666666667,26.88095478269139
0.43333333333333335,26.857874485052225,0.43333333333333335,26.857874485052225
0.4375,26.834787728326447,0.4375,26.834787728326447
0.4416666666666667,26.811694369761362,0.4416666666666667,26.811694369761362
0.44583333333333336,26.788594289238954,0.44583333333333336,26.788594289238954
0.45,26.765487388360132,0.45,26.765487388360132
0.45416666666666666,26.74237358852565,0.45416666666666666,26.74237358852565
0.4583333333333333,26.71925282954504,0.4583333333333333,26.71925282954504
0.4625000000000001,26.696125067327042,0.4625000000000001,26.696125067327042
0.46666666666666673,26.672990273206914,0.46666666666666673,26.672990273206914
0.4708333333333334,26.649848433283424,0.4708333333333334,26.649848433283424
0.47500000000000003,26.626699547012535,0.47500000000000003,26.626699547012535
0.4791666666666667,26.60354362619946,0.4791666666666667,26.60354362619946
0.4833333333333334,26.580380692909124,0.4833333333333334,26.580380692909124
0.48750000000000004,26.55721077941373,0.48750000000000004,26.55721077941373
0.4916666666666667,26.534033927799754,0.4916666666666667,26.534033927799754
0.49583333333333335,26.510850188841996,0.49583333333333335,26.510850188841996
0.5,26.487659621310705,0.5,26.487659621310705
0.5041666666666668,26.464462290850214,0.5041666666666668,26.464462290850214
0.5083333333333334,26.44125826845336,0.5083333333333334,26.44125826845336
0.5125000000000001,26.41804763159918,0.5125000000000001,26.41804763159918
0.5166666666666667,26.394830463079394,0.5166666666666667,26.394830463079394
0.5208333333333334,26.37160685044586,0.5208333333333334,26.37160685044586
0.525,26.34837688551988,0.525,26.34837688551988
0.5291666666666667,26.325140663393853,0.5291666666666667,26.325140663393853
0.5333333333333333,26.30189828254212,0.5333333333333333,26.30189828254212
0.5375,26.278649844524,0.5375,26.278649844524
0.5416666666666666,26.255395453497872,0.5416666666666666,26.255395453497872
0.5458333333333334,26.232135215904812,0.5458333333333334,26.232135215904812
0.55,26.20886923993677,0.55,26.20886923993677
0.5541666666666667,26.185597635012964,0.5541666666666667,26.185597635012964
0.5583333333333333,26.162320512155535,0.5583333333333333,26.162320512155535
0.5625,26.139037983488674,0.5625,26.139037983488674
0.5666666666666668,26.11575016201062,0.5666666666666668,26.11575016201062
0.5708333333333334,26.09245716136548,0.5708333333333334,26.09245716136548
0.5750000000000001,26.06915909533188,0.5750000000000001,26.06915909533188
0.5791666666666667,26.045856077999318,0.5791666666666667,26.045856077999318
0.5833333333333334,26.022548223590103,0.5833333333333334,26.022548223590103
0.5875,25.99923564624414,0.5875,25.99923564624414
0.5916666666666667,25.97591845987794,0.5916666666666667,25.97591845987794
0.5958333333333333,25.952596778097455,0.5958333333333333,25.952596778097455
0.6,25.929270714119795,0.6,25.929270714119795
0.6041666666666666,25.905940380598825,0.6041666666666666,25.905940380598825
0.6083333333333334,25.882605889564697,0.6083333333333334,25.882605889564697
0.6125,25.859267352341643,0.6125,25.859267352341643
0.6166666666666667,25.83592487960112,0.6166666666666667,25.83592487960112
0.6208333333333333,25.81257858058687,0.6208333333333333,25.81257858058687
0.625,25.789228564333218,0.625,25.789228564333218
0.6291666666666668,25.76587493855521,0.6291666666666668,25.76587493855521
0.6333333333333334,25.74251780996922,0.6333333333333334,25.74251780996922
0.6375000000000001,25.719157284229798,0.6375000000000001,25.719157284229798
0.6416666666666667,25.695793465989137,0.6416666666666667,25.695793465989137
0.6458333333333334,25.672426458842445,0.6458333333333334,25.672426458842445
0.65,25.649056365157463,0.65,25.649056365157463
0.6541666666666667,25.62568328612349,0.6541666666666667,25.62568328612349
0.6583333333333333,25.602307321735623,0.6583333333333333,25.602307321735623
0.6625,25.578928570787205,0.6625,25.578928570787205
0.6666666666666666,25.55554713085375,0.6666666666666666,25.55554713085375
0.6708333333333334,25.532163098261336,0.6708333333333334,25.532163098261336
0.6749999999999999,25.508776568214557,0.6749999999999999,25.508776568214557
0.6791666666666667,25.485387634788363,0.6791666666666667,25.485387634788363
0.6833333333333335,25.461996390961833,0.6833333333333335,25.461996390961833
0.6875,25.438602928666942,0.6875,25.438602928666942
0.6916666666666668,25.41520733880282,0.6916666666666668,25.41520733880282
0.6958333333333333,25.391809710052183,0.6958333333333333,25.391809710052183
0.7000000000000001,25.368410130087142,0.7000000000000001,25.368410130087142
0.7041666666666667,25.345008685895504,0.7041666666666667,25.345008685895504
0.7083333333333334,25.32160546345733,0.7083333333333334,25.32160546345733
0.7125,25.298200547809422,0.7125,25.298200547809422
0.7166666666666667,25.27479402311735,0.7166666666666667,25.27479402311735
0.7208333333333333,25.251385971925107,0.7208333333333333,25.251385971925107
0.7250000000000001,25.227976474660256,0.7250000000000001,25.227976474660256
0.7291666666666666,25.204565611691613,0.7291666666666666,25.204565611691613
0.7333333333333334,25.18115346248334,0.7333333333333334,25.18115346248334
0.7374999999999999,25.157740105635067,0.7374999999999999,25.157740105635067
0.7416666666666667,25.134325618948722,0.7416666666666667,25.134325618948722
0.7458333333333335,25.11091007925879,0.7458333333333335,25.11091007925879
0.75,25.087493560852163,0.75,25.087493560852163
0.7541666666666668,25.064076137798093,0.7541666666666668,25.064076137798093
0.7583333333333333,25.040657883556722,0.7583333333333333,25.040657883556722
0.7625000000000001,25.017238870775426,0.7625000000000001,25.017238870775426
0.7666666666666667,24.993819171344967,0.7666666666666667,24.993819171344967
0.7708333333333334,24.970398856454707,0.7708333333333334,24.970398856454707
0.775,24.946977995646474,0.775,24.946977995646474
0.7791666666666667,24.923556657423294,0.7791666666666667,24.923556657423294
0.7833333333333333,24.900134910020945,0.7833333333333333,24.900134910020945
0.7875000000000001,24.876712820960066,0.7875000000000001,24.876712820960066
0.7916666666666666,24.853290457095056,0.7916666666666666,24.853290457095056
0.7958333333333334,24.8298678846663,0.7958333333333334,24.8298678846663
0.8000000000000002,24.806445168924807,0.8000000000000002,24.806445168924807
0.8041666666666667,24.783022373385236,0.8041666666666667,24.783022373385236
0.8083333333333335,24.759599561709695,0.8083333333333335,24.759599561709695
0.8125,24.736176797036062,0.8125,24.736176797036062
0.8166666666666668,24.712754141960723,0.8166666666666668,24.712754141960723
0.8208333333333334,24.689331658588916,0.8208333333333334,24.689331658588916
0.8250000000000001,24.6659094085878,0.8250000000000001,24.6659094085878
0.8291666666666667,24.6424874532314,0.8291666666666667,24.6424874532314
0.8333333333333334,24.61906585177571,0.8333333333333334,24.61906585177571
0.8375,24.595644662668747,0.8375,24.595644662668747
0.8416666666666668,24.572223944699655,0.8416666666666668,24.572223944699655
0.8458333333333333,24.548803756178557,0.8458333333333333,24.548803756178557
0.8500000000000001,24.525384154973644,0.8500000000000001,24.525384154973644
0.8541666666666666,24.501965198550106,0.8541666666666666,24.501965198550106
0.8583333333333334,24.47854694401098,0.8583333333333334,24.47854694401098
0.8625000000000002,24.45512944792905,0.8625000000000002,24.45512944792905
0.8666666666666667,24.431712765125525,0.8666666666666667,24.431712765125525
0.8708333333333335,24.40829695065144,0.8708333333333335,24.40829695065144
0.875,24.384882059360553,0.875,24.384882059360553
0.8791666666666668,24.3614681457362,0.8791666666666668,24.3614681457362
0.8833333333333334,24.3380552639221,0.8833333333333334,24.3380552639221
0.8875000000000001,24.31464346775446,0.8875000000000001,24.31464346775446
0.8916666666666667,24.29123281079562,0.8916666666666667,24.29123281079562
0.8958333333333334,24.267823345766352,0.8958333333333334,24.267823345766352
0.9,24.244415124363258,0.9,24.244415124363258
0.9041666666666668,24.221008198620897,0.9041666666666668,24.221008198620897
0.9083333333333333,24.197602620272477,0.9083333333333333,24.197602620272477
0.9125000000000001,24.174198440762787,0.9125000000000001,24.174198440762787
0.9166666666666666,24.150795711272735,0.9166666666666666,24.150795711272735
0.9208333333333334,24.127394482744823,0.9208333333333334,24.127394482744823
0.9250000000000002,24.10399480587303,0.9250000000000002,24.10399480587303
0.9291666666666667,24.08059673033352,0.9291666666666667,24.08059673033352
0.9333333333333335,24.05720030568682,0.9333333333333335,24.05720030568682
0.9375,24.033805581474912,0.9375,24.033805581474912
0.9416666666666668,24.010412607000905,0.9416666666666668,24.010412607000905
0.9458333333333334,23.987021431347575,0.9458333333333334,23.987021431347575
0.9500000000000001,23.963632103396577,0.9500000000000001,23.963632103396577
0.9541666666666667,23.940244671848312,0.9541666666666667,23.940244671848312
0.9583333333333334,23.916859187660805,0.9583333333333334,23.916859187660805
0.9625,23.893475691749014,0.9625,23.893475691749014
0.9666666666666668,23.870094236537085,0.9666666666666668,23.870094236537085
0.9708333333333333,23.846714869314248,0.9708333333333333,23.846714869314248
0.9750000000000001,23.823337637275767,0.9750000000000001,23.823337637275767
0.9791666666666666,23.79996258751977,0.9791666666666666,23.79996258751977
0.9833333333333334,23.776589767044058,0.9833333333333334,23.776589767044058
0.9875000000000002,23.753219222742047,0.9875000000000002,23.753219222742047
0.9916666666666667,23.729851000870084,0.9916666666666667,23.729851000870084
0.9958333333333335,23.70648514744893,0.9958333333333335,23.70648514744893
1.0,23.68312170871315,1.0,23.68312170871315
1.0041666666666667,23.659760730747827,1.0041666666666667,23.659760730747827
1.0083333333333335,23.636402259484885,1.0083333333333335,23.636402259484885
1.0125,23.613046340699228,1.0125,23.613046340699228
1.0166666666666668,23.58969302000507,1.0166666666666668,23.58969302000507
1.0208333333333333,23.5663423428521,1.0208333333333333,23.5663423428521
1.0250000000000001,23.542994354521785,1.0250000000000001,23.542994354521785
1.0291666666666668,23.519649100128788,1.0291666666666668,23.519649100128788
1.0333333333333334,23.49630662472319,1.0333333333333334,23.49630662472319
1.0375,23.472966973142842,1.0375,23.472966973142842
1.0416666666666667,23.449630190009334,1.0416666666666667,23.449630190009334
1.0458333333333334,23.42629631976116,1.0458333333333334,23.42629631976116
1.05,23.40296540664986,1.05,23.40296540664986
1.0541666666666667,23.379637494736237,1.0541666666666667,23.379637494736237
1.0583333333333333,23.3563126278865,1.0583333333333333,23.3563126278865
1.0625,23.332990849768485,1.0625,23.332990849768485
1.0666666666666667,23.30967220384781,1.0666666666666667,23.30967220384781
1.0708333333333335,23.286356733639415,1.0708333333333335,23.286356733639415
1.075,23.26304448411147,1.075,23.26304448411147
1.0791666666666668,23.239735499115337,1.0791666666666668,23.239735499115337
1.0833333333333333,23.216429822094266,1.0833333333333333,23.216429822094266
1.0875000000000001,23.19312749634981,1.0875000000000001,23.19312749634981
1.0916666666666668,23.169828565039285,1.0916666666666668,23.169828565039285
1.0958333333333334,23.14653307117331,1.0958333333333334,23.14653307117331
1.1,23.123241057613267,1.1,23.123241057613267
1.1041666666666667,23.099952567068886,1.1041666666666667,23.099952567068886
1.1083333333333334,23.076667642095654,1.1083333333333334,23.076667642095654
1.1125,23.053386325490212,1.1125,23.053386325490212
1.1166666666666667,23.030108660903096,1.1166666666666667,23.030108660903096
1.1208333333333333,23.00683469102988,1.1208333333333333,23.00683469102988
1.125,22.983564458390994,1.125,22.983564458390994
1.1291666666666667,22.960298005397505,1.1291666666666667,22.960298005397505
1.1333333333333335,22.937035374349556,1.1333333333333335,22.937035374349556
1.1375,22.91377660743475,1.1375,22.91377660743475
1.1416666666666668,22.890521746726645,1.1416666666666668,22.890521746726645
1.1458333333333333,22.867270834183103,1.1458333333333333,22.867270834183103
1.1500000000000001,22.844023911644772,1.1500000000000001,22.844023911644772
1.1541666666666668,22.820781046576407,1.1541666666666668,22.820781046576407
1.1583333333333334,22.797542221283134,1.1583333333333334,22.797542221283134
1.1625,22.774307515488946,1.1625,22.774307515488946
1.1666666666666667,22.75107697024465,1.1666666666666667,22.75107697024465
1.1708333333333334,22.72785062660436,1.1708333333333334,22.72785062660436
1.175,22.70462852562547,1.175,22.70462852562547
1.1791666666666667,22.68141070836863,1.1791666666666667,22.68141070836863
1.1833333333333333,22.658197215897808,1.1833333333333333,22.658197215897808
1.1875,22.634988089280235,1.1875,22.634988089280235
1.1916666666666667,22.611783369587823,1.1916666666666667,22.611783369587823
1.1958333333333335,22.588583097999724,1.1958333333333335,22.588583097999724
1.2,22.56538731568441,1.2,22.56538731568441
1.2041666666666668,22.542196063759718,1.2041666666666668,22.542196063759718
1.2083333333333333,22.519009383348482,1.2083333333333333,22.519009383348482
1.2125000000000001,22.495827315578563,1.2125000000000001,22.495827315578563
1.2166666666666668,22.472649901582827,1.2166666666666668,22.472649901582827
1.2208333333333334,22.449477182499145,1.2208333333333334,22.449477182499145
1.225,22.426309199470403,1.225,22.426309199470403
1.2291666666666667,22.403145993644497,1.2291666666666667,22.403145993644497
1.2333333333333334,22.37998760617431,1.2333333333333334,22.37998760617431
1.2375,22.356834078217748,1.2375,22.356834078217748
1.2416666666666667,22.333685450578464,1.2416666666666667,22.333685450578464
1.2458333333333333,22.310541761718515,1.2458333333333333,22.310541761718515
1.25,22.287403051788704,1.25,22.287403051788704
1.2541666666666667,22.264269361396913,1.2541666666666667,22.264269361396913
1.2583333333333335,22.241140731154157,1.2583333333333335,22.241140731154157
1.2625,22.21801720167456,1.2625,22.21801720167456
1.2666666666666668,22.19489881357536,1.2666666666666668,22.19489881357536
1.2708333333333333,22.17178560747694,1.2708333333333333,22.17178560747694
1.2750000000000001,22.148677624002787,1.2750000000000001,22.148677624002787
1.2791666666666668,22.125574903779494,1.2791666666666668,22.125574903779494
1.2833333333333334,22.102477487436794,1.2833333333333334,22.102477487436794
1.2875,22.079385415607504,1.2875,22.079385415607504
1.2916666666666667,22.05629872760186,1.2916666666666667,22.05629872760186
1.2958333333333334,22.033217460901863,1.2958333333333334,22.033217460901863
1.3,22.01014165536321,1.3,22.01014165536321
1.3041666666666667,21.987071350925028,1.3041666666666667,21.987071350925028
1.3083333333333333,21.96400658752669,1.3083333333333333,21.96400658752669
1.3125,21.94094740510782,1.3125,21.94094740510782
1.3166666666666667,21.91789384360831,1.3166666666666667,21.91789384360831
1.3208333333333335,21.894845942968306,1.3208333333333335,21.894845942968306
1.325,21.871803743128197,1.325,21.871803743128197
1.3291666666666668,21.848767284028632,1.3291666666666668,21.848767284028632
1.3333333333333333,21.825736605610548,1.3333333333333333,21.825736605610548
1.3375000000000001,21.802711747786294,1.3375000000000001,21.802711747786294
1.3416666666666668,21.779692748172717,1.3416666666666668,21.779692748172717
1.3458333333333334,21.756679644801853,1.3458333333333334,21.756679644801853
1.3499999999999999,21.7336724769967,1.3499999999999999,21.7336724769967
1.3541666666666667,21.71067128407922,1.3541666666666667,21.71067128407922
1.3583333333333334,21.687676105370414,1.3583333333333334,21.687676105370414
1.3625,21.664686980190258,1.3625,21.664686980190258
1.366666666666667,21.641703947857774,1.366666666666667,21.641703947857774
1.3708333333333333,21.618727047690957,1.3708333333333333,21.618727047690957
1.375,21.59575631900683,1.375,21.59575631900683
1.3791666666666667,21.572791801121415,1.3791666666666667,21.572791801121415
1.3833333333333335,21.549833533349762,1.3833333333333335,21.549833533349762
1.3875000000000002,21.526881554621337,1.3875000000000002,21.526881554621337
1.3916666666666666,21.503935901295026,1.3916666666666666,21.503935901295026
1.3958333333333333,21.480996611573833,1.3958333333333333,21.480996611573833
1.4000000000000001,21.4580637241676,1.4000000000000001,21.4580637241676
1.4041666666666668,21.43513727778463,1.4041666666666668,21.43513727778463
1.4083333333333334,21.41221731113163,1.4083333333333334,21.41221731113163
1.4124999999999999,21.389303862913792,1.4124999999999999,21.389303862913792
1.4166666666666667,21.366396971834714,1.4166666666666667,21.366396971834714
1.4208333333333334,21.343496676596473,1.4208333333333334,21.343496676596473
1.425,21.320603015899565,1.425,21.320603015899565
1.429166666666667,21.29771602844296,1.429166666666667,21.29771602844296
1.4333333333333333,21.27483575292407,1.4333333333333333,21.27483575292407
1.4375,21.251962227551914,1.4375,21.251962227551914
1.4416666666666667,21.2290954878815,1.4416666666666667,21.2290954878815
1.4458333333333335,21.206235571518864,1.4458333333333335,21.206235571518864
1.4500000000000002,21.18338251652221,1.4500000000000002,21.18338251652221
1.4541666666666666,21.16053636094768,1.4541666666666666,21.16053636094768
1.4583333333333333,21.137697142849312,1.4583333333333333,21.137697142849312
1.4625000000000001,21.11486490027909,1.4625000000000001,21.11486490027909
1.4666666666666668,21.092039671286912,1.4666666666666668,21.092039671286912
1.4708333333333334,21.069221493920594,1.4708333333333334,21.069221493920594
1.4749999999999999,21.046410406225906,1.4749999999999999,21.046410406225906
1.4791666666666667,21.023606446246518,1.4791666666666667,21.023606446246518
1.4833333333333334,21.000809652024056,1.4833333333333334,21.000809652024056
1.4875,20.97802006101465,1.4875,20.97802006101465
1.491666666666667,20.955237708064615,1.491666666666667,20.955237708064615
1.4958333333333333,20.932462630186112,1.4958333333333333,20.932462630186112
1.5,20.909694864773172,1.5,20.909694864773172
1.5041666666666667,20.886934449217463,1.5041666666666667,20.886934449217463
1.5083333333333335,20.86418142090829,1.5083333333333335,20.86418142090829
1.5125000000000002,20.841435817232643,1.5125000000000002,20.841435817232643
1.5166666666666666,20.81869767557513,1.5166666666666666,20.81869767557513
1.5208333333333333,20.795967033318043,1.5208333333333333,20.795967033318043
1.5250000000000001,20.773243927841296,1.5250000000000001,20.773243927841296
1.5291666666666668,20.750528396522512,1.5291666666666668,20.750528396522512
1.5333333333333334,20.727820476736944,1.5333333333333334,20.727820476736944
1.5374999999999999,20.705120166938467,1.5374999999999999,20.705120166938467
1.5416666666666667,20.682427589419238,1.5416666666666667,20.682427589419238
1.5458333333333334,20.659742727619665,1.5458333333333334,20.659742727619665
1.55,20.637065618790057,1.55,20.637065618790057
1.554166666666667,20.61439630012345,1.554166666666667,20.61439630012345
1.5583333333333333,20.591734808755607,1.5583333333333333,20.591734808755607
1.5625,20.569081181765004,1.5625,20.569081181765004
1.5666666666666667,20.546435456172812,1.5666666666666667,20.546435456172812
1.5708333333333335,20.52379766894292,1.5708333333333335,20.52379766894292
1.5750000000000002,20.50116785698189,1.5750000000000002,20.50116785698189
1.5791666666666666,20.478546057138978,1.5791666666666666,20.478546057138978
1.5833333333333333,20.45593230620611,1.5833333333333333,20.45593230620611
1.5875000000000001,20.433326640116363,1.5875000000000001,20.433326640116363
1.5916666666666668,20.41072909239727,1.5916666666666668,20.41072909239727
1.5958333333333334,20.38813969892355,1.5958333333333334,20.38813969892355
1.6000000000000003,20.36555849575542,1.6000000000000003,20.36555849575542
1.6041666666666667,20.342985518877445,1.6041666666666667,20.342985518877445
1.6083333333333334,20.320420804198555,1.6083333333333334,20.320420804198555
1.6125,20.29786438755199,1.6125,20.29786438755199
1.616666666666667,20.275316304695338,1.616666666666667,20.275316304695338
1.6208333333333336,20.252776591310518,1.6208333333333336,20.252776591310518
1.625,20.230245283003747,1.625,20.230245283003747
1.6291666666666667,20.20772241530557,1.6291666666666667,20.20772241530557
1.6333333333333335,20.185208023670818,1.6333333333333335,20.185208023670818
1.6375000000000002,20.16270214347862,1.6375000000000002,20.16270214347862
1.6416666666666668,20.14020481003239,1.6416666666666668,20.14020481003239
1.6458333333333333,20.117716058559836,1.6458333333333333,20.117716058559836
1.6500000000000001,20.09523592421291,1.6500000000000001,20.09523592421291
1.6541666666666668,20.07276444206785,1.6541666666666668,20.07276444206785
1.6583333333333334,20.050301647125146,1.6583333333333334,20.050301647125146
1.6625000000000003,20.027847574309526,1.6625000000000003,20.027847574309526
1.6666666666666667,20.005402258469985,1.6666666666666667,20.005402258469985
1.6708333333333334,19.98296573437971,1.6708333333333334,19.98296573437971
1.675,19.960538036736168,1.675,19.960538036736168
1.679166666666667,19.938119200161005,1.679166666666667,19.938119200161005
1.6833333333333336,19.915709259200103,1.6833333333333336,19.915709259200103
1.6875,19.893308248323528,1.6875,19.893308248323528
1.6916666666666667,19.870916201962125,1.6916666666666667,19.870916201962125
1.6958333333333335,19.848533155078716,1.6958333333333335,19.848533155078716
1.7000000000000002,19.826159142233635,1.7000000000000002,19.826159142233635
1.7041666666666668,19.803794197704093,1.7041666666666668,19.803794197704093
1.7083333333333333,19.781438355695652,1.7083333333333333,19.781438355695652
1.7125000000000001,19.759091650342235,1.7125000000000001,19.759091650342235
1.7166666666666668,19.73675411570609,1.7166666666666668,19.73675411570609
1.7208333333333334,19.714425785777852,1.7208333333333334,19.714425785777852
1.7250000000000003,19.692106694476465,1.7250000000000003,19.692106694476465
1.7291666666666667,19.669796875649237,1.7291666666666667,19.669796875649237
1.7333333333333334,19.64749636307182,1.7333333333333334,19.64749636307182
1.7375,19.62520519044821,1.7375,19.62520519044821
1.741666666666667,19.602923391410755,1.741666666666667,19.602923391410755
1.7458333333333336,19.58065099952015,1.7458333333333336,19.58065099952015
1.75,19.558388048265428,1.75,19.558388048265428
1.7541666666666667,19.536134571063972,1.7541666666666667,19.536134571063972
1.7583333333333335,19.5138906012615,1.7583333333333335,19.5138906012615
1.7625000000000002,19.491656172132096,1.7625000000000002,19.491656172132096
1.7666666666666668,19.469431316878165,1.7666666666666668,19.469431316878165
1.7708333333333333,19.447216068630475,1.7708333333333333,19.447216068630475
1.7750000000000001,19.42501046044812,1.7750000000000001,19.42501046044812
1.7791666666666668,19.402814525318544,1.7791666666666668,19.402814525318544
1.7833333333333334,19.380628296157543,1.7833333333333334,19.380628296157543
1.7875000000000003,19.35845180580925,1.7875000000000003,19.35845180580925
1.7916666666666667,19.336285087046136,1.7916666666666667,19.336285087046136
1.7958333333333334,19.31412817256902,1.7958333333333334,19.31412817256902
1.8,19.29198109550476,1.8,19.29198109550476
1.804166666666667,19.26984388910496,1.804166666666667,19.26984388910496
1.8083333333333336,19.247716585992862,1.8083333333333336,19.247716585992862
1.8125,19.22559921872387,1.8125,19.22559921872387
1.8166666666666667,19.20349181978702,1.8166666666666667,19.20349181978702
1.8208333333333335,19.18139442160501,1.8208333333333335,19.18139442160501
1.8250000000000002,19.159307056534207,1.8250000000000002,19.159307056534207
1.8291666666666668,19.13722975686467,1.8291666666666668,19.13722975686467
1.8333333333333333,19.11516255482016,1.8333333333333333,19.11516255482016
1.8375000000000001,19.09310548255813,1.8375000000000001,19.09310548255813
1.8416666666666668,19.07105857216978,1.8416666666666668,19.07105857216978
1.8458333333333334,19.04902185568003,1.8458333333333334,19.04902185568003
1.8500000000000003,19.026995365047558,1.8500000000000003,19.026995365047558
1.8541666666666667,19.004979132164813,1.8541666666666667,19.004979132164813
1.8583333333333334,18.982973188857994,1.8583333333333334,18.982973188857994
1.8625,18.96097756688712,1.8625,18.96097756688712
1.866666666666667,18.93899229794599,1.866666666666667,18.93899229794599
1.8708333333333336,18.91701741366223,1.8708333333333336,18.91701741366223
1.875,18.89505294559729,1.875,18.89505294559729
1.8791666666666667,18.873098925246452,1.8791666666666667,18.873098925246452
1.8833333333333335,18.851155384038865,1.8833333333333335,18.851155384038865
1.8875000000000002,18.829222353337542,1.8875000000000002,18.829222353337542
1.8916666666666668,18.80729986443936,1.8916666666666668,18.80729986443936
1.8958333333333333,18.785387948575114,1.8958333333333333,18.785387948575114
1.9000000000000001,18.76348663690948,1.9000000000000001,18.76348663690948
1.9041666666666668,18.741595960363995,1.9041666666666668,18.741595960363995
1.9083333333333334,18.719715949205675,1.9083333333333334,18.719715949205675
1.9125000000000003,18.697846634210947,1.9125000000000003,18.697846634210947
1.9166666666666667,18.675988046158622,1.9166666666666667,18.675988046158622
1.9208333333333334,18.65414021575698,1.9208333333333334,18.65414021575698
1.925,18.632303173643866,1.925,18.632303173643866
1.929166666666667,18.610476950386627,1.929166666666667,18.610476950386627
1.9333333333333336,18.58866157648216,1.9333333333333336,18.58866157648216
1.9375,18.566857082356922,1.9375,18.566857082356922
1.9416666666666667,18.545063498366922,1.9416666666666667,18.545063498366922
1.9458333333333335,18.52328085479776,1.9458333333333335,18.52328085479776
1.9500000000000002,18.501509181864602,1.9500000000000002,18.501509181864602
1.9541666666666668,18.479748509712234,1.9541666666666668,18.479748509712234
1.9583333333333333,18.45799886841504,1.9583333333333333,18.45799886841504
1.9625000000000001,18.436260287977007,1.9625000000000001,18.436260287977007
1.9666666666666668,18.414532798331802,1.9666666666666668,18.414532798331802
1.9708333333333334,18.39281642934267,1.9708333333333334,18.39281642934267
1.9750000000000003,18.371111210802557,1.9750000000000003,18.371111210802557
1.9791666666666667,18.349417172434062,1.9791666666666667,18.349417172434062
1.9833333333333334,18.327734343889446,1.9833333333333334,18.327734343889446
1.9875,18.306062754750656,1.9875,18.306062754750656
1.991666666666667,18.284402434529365,1.991666666666667,18.284402434529365
1.9958333333333336,18.262753412666914,1.9958333333333336,18.262753412666914
2.0,18.24111571853439,2.0,18.24111571853439
2.004166666666667,18.219489381432606,2.004166666666667,18.219489381432606
2.0083333333333333,18.197875626344228,2.0083333333333333,18.197875626344228
2.0125,18.17627191065423,2.0125,18.17627191065423
2.016666666666667,18.154679659538445,2.016666666666667,18.154679659538445
2.0208333333333335,18.133098900198796,2.0208333333333335,18.133098900198796
2.025,18.11152965983533,2.025,18.11152965983533
2.029166666666667,18.089971965646196,2.029166666666667,18.089971965646196
2.0333333333333337,18.068425844827654,2.0333333333333337,18.068425844827654
2.0375,18.046891324574094,2.0375,18.046891324574094
2.0416666666666665,18.025368432078025,2.0416666666666665,18.025368432078025
2.0458333333333334,18.003857194530074,2.0458333333333334,18.003857194530074
2.0500000000000003,17.982357639119005,2.0500000000000003,17.982357639119005
2.0541666666666667,17.960869793031712,2.0541666666666667,17.960869793031712
2.0583333333333336,17.939393683453222,2.0583333333333336,17.939393683453222
2.0625,17.9179293375667,2.0625,17.9179293375667
2.066666666666667,17.896476782553467,2.066666666666667,17.896476782553467
2.0708333333333333,17.875036045592964,2.0708333333333333,17.875036045592964
2.075,17.853607153862804,2.075,17.853607153862804
2.079166666666667,17.832190134538738,2.079166666666667,17.832190134538738
2.0833333333333335,17.810785014794682,2.0833333333333335,17.810785014794682
2.0875,17.78939182180271,2.0875,17.78939182180271
2.091666666666667,17.768010582733055,2.091666666666667,17.768010582733055
2.0958333333333337,17.74664132475411,2.0958333333333337,17.74664132475411
2.1,17.725284075032448,2.1,17.725284075032448
2.1041666666666665,17.70393886073281,2.1041666666666665,17.70393886073281
2.1083333333333334,17.68260570901812,2.1083333333333334,17.68260570901812
2.1125000000000003,17.66128464704947,2.1125000000000003,17.66128464704947
2.1166666666666667,17.63997570124903,2.1166666666666667,17.63997570124903
2.1208333333333336,17.618678897632908,2.1208333333333336,17.618678897632908
2.125,17.597394263123032,2.125,17.597394263123032
2.129166666666667,17.576121824645064,2.129166666666667,17.576121824645064
2.1333333333333333,17.554861609123073,2.1333333333333333,17.554861609123073
2.1375,17.5336136434795,2.1375,17.5336136434795
2.141666666666667,17.512377954635173,2.141666666666667,17.512377954635173
2.1458333333333335,17.49115456950929,2.1458333333333335,17.49115456950929
2.15,17.469943515019466,2.15,17.469943515019466
2.154166666666667,17.448744818081682,2.154166666666667,17.448744818081682
2.1583333333333337,17.427558505610328,2.1583333333333337,17.427558505610328
2.1625,17.406384604518195,2.1625,17.406384604518195
2.1666666666666665,17.38522314171646,2.1666666666666665,17.38522314171646
2.1708333333333334,17.36407414411473,2.1708333333333334,17.36407414411473
2.1750000000000003,17.342937638227408,2.1750000000000003,17.342937638227408
2.1791666666666667,17.321813645730877,2.1791666666666667,17.321813645730877
2.1833333333333336,17.300702191182054,2.1833333333333336,17.300702191182054
2.1875,17.279603300563533,2.1875,17.279603300563533
2.191666666666667,17.258516999856806,2.191666666666667,17.258516999856806
2.1958333333333333,17.237443315042274,2.1958333333333333,17.237443315042274
2.2,17.216382272099263,2.2,17.216382272099263
2.204166666666667,17.19533389700602,2.204166666666667,17.19533389700602
2.2083333333333335,17.174298215739693,2.2083333333333335,17.174298215739693
2.2125,17.153275254276352,2.2125,17.153275254276352
2.216666666666667,17.132265038591004,2.216666666666667,17.132265038591004
2.2208333333333337,17.11126759465758,2.2208333333333337,17.11126759465758
2.225,17.09028294844893,2.225,17.09028294844893
2.2291666666666665,17.069311125936842,2.2291666666666665,17.069311125936842
2.2333333333333334,17.048352153092036,2.2333333333333334,17.048352153092036
2.2375000000000003,17.027406053381696,2.2375000000000003,17.027406053381696
2.2416666666666667,17.00647284624548,2.2416666666666667,17.00647284624548
2.2458333333333336,16.985552556256643,2.2458333333333336,16.985552556256643
2.25,16.964645208228582,2.25,16.964645208228582
2.254166666666667,16.94375082697346,2.254166666666667,16.94375082697346
2.2583333333333333,16.92286943730227,2.2583333333333333,16.92286943730227
2.2625,16.902001064024795,2.2625,16.902001064024795
2.266666666666667,16.881145731949623,2.266666666666667,16.881145731949623
2.2708333333333335,16.860303465884154,2.2708333333333335,16.860303465884154
2.275,16.839474290634605,2.275,16.839474290634605
2.279166666666667,16.818658231006,2.279166666666667,16.818658231006
2.2833333333333337,16.79785531180218,2.2833333333333337,16.79785531180218
2.2875,16.77706555782582,2.2875,16.77706555782582
2.2916666666666665,16.756288993878414,2.2916666666666665,16.756288993878414
2.2958333333333334,16.735525503088727,2.2958333333333334,16.735525503088727
2.3000000000000003,16.714775422991295,2.3000000000000003,16.714775422991295
2.3041666666666667,16.694038590472275,2.3041666666666667,16.694038590472275
2.3083333333333336,16.673315030195344,2.3083333333333336,16.673315030195344
2.3125,16.652604766744012,2.3125,16.652604766744012
2.316666666666667,16.63190782462168,2.316666666666667,16.63190782462168
2.3208333333333333,16.61122422825158,2.3208333333333333,16.61122422825158
2.325,16.590554001976813,2.325,16.590554001976813
2.329166666666667,16.56989717006035,2.329166666666667,16.56989717006035
2.3333333333333335,16.549253756684998,2.3333333333333335,16.549253756684998
2.3375,16.52862378595342,2.3375,16.52862378595342
2.341666666666667,16.50800728188815,2.341666666666667,16.50800728188815
2.3458333333333337,16.48740426843154,2.3458333333333337,16.48740426843154
2.35,16.46681476944581,2.35,16.46681476944581
2.3541666666666665,16.446238808713037,2.3541666666666665,16.446238808713037
2.3583333333333334,16.425676408572738,2.3583333333333334,16.425676408572738
2.3625000000000003,16.40512758667674,2.3625000000000003,16.40512758667674
2.3666666666666667,16.384592365168,2.3666666666666667,16.384592365168
2.3708333333333336,16.364070766675113,2.3708333333333336,16.364070766675113
2.375,16.34356281371962,2.375,16.34356281371962
2.379166666666667,16.323068528716053,2.379166666666667,16.323068528716053
2.3833333333333333,16.30258793397192,2.3833333333333333,16.30258793397192
2.3875,16.28212105168771,2.3875,16.28212105168771
2.391666666666667,16.261667903956905,2.391666666666667,16.261667903956905
2.3958333333333335,16.241228512765982,2.3958333333333335,16.241228512765982
2.4,16.220802899994403,2.4,16.220802899994403
2.404166666666667,16.20039108741466,2.404166666666667,16.20039108741466
2.4083333333333337,16.17999309669223,2.4083333333333337,16.17999309669223
2.4125,16.159608949385614,2.4125,16.159608949385614
2.4166666666666665,16.139238666946344,2.4166666666666665,16.139238666946344
2.4208333333333334,16.11888227071894,2.4208333333333334,16.11888227071894
2.4250000000000003,16.098539781940993,2.4250000000000003,16.098539781940993
2.4291666666666667,16.078211221743103,2.4291666666666667,16.078211221743103
2.4333333333333336,16.057896611148905,2.4333333333333336,16.057896611148905
2.4375,16.037595971075095,2.4375,16.037595971075095
2.441666666666667,16.017309322331396,2.441666666666667,16.017309322331396
2.4458333333333333,15.997036685620609,2.4458333333333333,15.997036685620609
2.45,15.976778081538573,2.45,15.976778081538573
2.454166666666667,15.956533530574188,2.454166666666667,15.956533530574188
2.4583333333333335,15.93630305310945,2.4583333333333335,15.93630305310945
2.4625,15.916086669419387,2.4625,15.916086669419387
2.466666666666667,15.895884399672136,2.466666666666667,15.895884399672136
2.4708333333333337,15.875696263928901,2.4708333333333337,15.875696263928901
2.475,15.85552228214398,2.475,15.85552228214398
2.4791666666666665,15.835362475438794,2.4791666666666665,15.835362475438794
2.4833333333333334,15.815216866038762,2.4833333333333334,15.815216866038762
2.4875000000000003,15.795085474003201,2.4875000000000003,15.795085474003201
2.4916666666666667,15.774968319254196,2.4916666666666667,15.774968319254196
2.4958333333333336,15.754865421619815,2.4958333333333336,15.754865421619815
2.5,15.734776800834101,2.5,15.734776800834101
2.504166666666667,15.71470247653711,2.504166666666667,15.71470247653711
2.5083333333333333,15.694642468274889,2.5083333333333333,15.694642468274889
2.5125,15.674596795499518,2.5125,15.674596795499518
2.516666666666667,15.654565477569113,2.516666666666667,15.654565477569113
2.5208333333333335,15.63454853374784,2.5208333333333335,15.63454853374784
2.525,15.614545983205918,2.525,15.614545983205918
2.529166666666667,15.594557845019635,2.529166666666667,15.594557845019635
2.5333333333333337,15.574584138171382,2.5333333333333337,15.574584138171382
2.5375,15.554624881549623,2.5375,15.554624881549623
2.5416666666666665,15.534680093948952,2.5416666666666665,15.534680093948952
2.5458333333333334,15.51474979407007,2.5458333333333334,15.51474979407007
2.5500000000000003,15.49483400051982,2.5500000000000003,15.49483400051982
2.5541666666666667,15.474932731811178,2.5541666666666667,15.474932731811178
2.5583333333333336,15.455046006363304,2.5583333333333336,15.455046006363304
2.5625,15.4351738425015,2.5625,15.4351738425015
2.566666666666667,15.415316258457262,2.566666666666667,15.415316258457262
2.5708333333333333,15.395473272368287,2.5708333333333333,15.395473272368287
2.575,15.375644902278474,2.575,15.375644902278474
2.579166666666667,15.355831166137929,2.579166666666667,15.355831166137929
2.5833333333333335,15.336032081803012,2.5833333333333335,15.336032081803012
2.5875,15.316247667036295,2.5875,15.316247667036295
2.591666666666667,15.296477939506643,2.591666666666667,15.296477939506643
2.5958333333333337,15.276722916802138,2.5958333333333337,15.276722916802138
2.6,15.25698261850702,2.6,15.25698261850702
2.6041666666666665,15.237257063796442,2.6041666666666665,15.237257063796442
2.6083333333333334,15.217546270349395,2.6083333333333334,15.217546270349395
2.6125000000000003,15.19785025576387,2.6125000000000003,15.19785025576387
2.6166666666666667,15.178169037556868,2.6166666666666667,15.178169037556868
2.6208333333333336,15.158502633164398,2.6208333333333336,15.158502633164398
2.625,15.138851059941501,2.625,15.138851059941501
2.629166666666667,15.119214335162265,2.629166666666667,15.119214335162265
2.6333333333333333,15.099592476019822,2.6333333333333333,15.099592476019822
2.6375,15.079985499626375,2.6375,15.079985499626375
2.641666666666667,15.060393423013188,2.641666666666667,15.060393423013188
2.6458333333333335,15.040816263130633,2.6458333333333335,15.040816263130633
2.65,15.021254036848147,2.65,15.021254036848147
2.654166666666667,15.001706760954308,2.654166666666667,15.001706760954308
2.6583333333333337,14.982174452156796,2.6583333333333337,14.982174452156796
2.6625,14.962657127082418,2.6625,14.962657127082418
2.6666666666666665,14.943154802277142,2.6666666666666665,14.943154802277142
2.670833333333334,14.923667494206065,2.670833333333334,14.923667494206065
2.6750000000000003,14.904195219253467,2.6750000000000003,14.904195219253467
2.6791666666666667,14.884737993722794,2.6791666666666667,14.884737993722794
2.6833333333333336,14.865295833836678,2.6833333333333336,14.865295833836678
2.6875,14.845868755736952,2.6875,14.845868755736952
2.691666666666667,14.826456775484658,2.691666666666667,14.826456775484658
2.6958333333333333,14.807059909060053,2.6958333333333333,14.807059909060053
2.6999999999999997,14.78767817236263,2.6999999999999997,14.78767817236263
2.704166666666667,14.768311581211124,2.704166666666667,14.768311581211124
2.7083333333333335,14.748960151343512,2.7083333333333335,14.748960151343512
2.7125000000000004,14.729623898417046,2.7125000000000004,14.729623898417046
2.716666666666667,14.710302838011918,2.716666666666667,14.710302838011918
2.720833333333333,14.69099698567409,2.720833333333333,14.69099698567409
2.725,14.671706356838834,2.725,14.671706356838834
2.7291666666666665,14.652430966846044,2.7291666666666665,14.652430966846044
2.733333333333334,14.633170830954926,2.733333333333334,14.633170830954926
2.7375000000000003,14.613925964344018,2.7375000000000003,14.613925964344018
2.7416666666666667,14.594696382111202,2.7416666666666667,14.594696382111202
2.7458333333333336,14.57548209927369,2.7458333333333336,14.57548209927369
2.75,14.556283130768023,2.75,14.556283130768023
2.754166666666667,14.537099491450089,2.754166666666667,14.537099491450089
2.7583333333333333,14.517931196095118,2.7583333333333333,14.517931196095118
2.7624999999999997,14.498778259397685,2.7624999999999997,14.498778259397685
2.766666666666667,14.479640695971696,2.766666666666667,14.479640695971696
2.7708333333333335,14.460518520350421,2.7708333333333335,14.460518520350421
2.7750000000000004,14.441411746986471,2.7750000000000004,14.441411746986471
2.779166666666667,14.42232039025181,2.779166666666667,14.42232039025181
2.783333333333333,14.403244464437753,2.783333333333333,14.403244464437753
2.7875,14.384183983754975,2.7875,14.384183983754975
2.7916666666666665,14.365138962333504,2.7916666666666665,14.365138962333504
2.795833333333334,14.346109414222733,2.795833333333334,14.346109414222733
2.8000000000000003,14.327095353391412,2.8000000000000003,14.327095353391412
2.8041666666666667,14.308096793727657,2.8041666666666667,14.308096793727657
2.8083333333333336,14.289113749038943,2.8083333333333336,14.289113749038943
2.8125,14.270146233052131,2.8125,14.270146233052131
2.816666666666667,14.25119425941343,2.816666666666667,14.25119425941343
2.8208333333333333,14.232257841688437,2.8208333333333333,14.232257841688437
2.8249999999999997,14.213336993362113,2.8249999999999997,14.213336993362113
2.829166666666667,14.194431727838804,2.829166666666667,14.194431727838804
2.8333333333333335,14.175542058442229,2.8333333333333335,14.175542058442229
2.8375000000000004,14.156670073598546,2.8375000000000004,14.156670073598546
2.841666666666667,14.137811357299595,2.841666666666667,14.137811357299595
2.845833333333333,14.118968306229663,2.845833333333333,14.118968306229663
2.85,14.100140931325345,2.85,14.100140931325345
2.8541666666666665,14.081329243523106,2.8541666666666665,14.081329243523106
2.858333333333334,14.062533253759202,2.858333333333334,14.062533253759202
2.8625000000000003,14.043752972969756,2.8625000000000003,14.043752972969756
2.8666666666666667,14.024988412090705,2.8666666666666667,14.024988412090705
2.8708333333333336,14.006239582057834,2.8708333333333336,14.006239582057834
2.875,13.987506493806764,2.875,13.987506493806764
2.879166666666667,13.968789158272962,2.879166666666667,13.968789158272962
2.8833333333333333,13.950087586391732,2.8833333333333333,13.950087586391732
2.8874999999999997,13.93140178909823,2.8874999999999997,13.93140178909823
2.891666666666667,13.912731777327448,2.891666666666667,13.912731777327448
2.8958333333333335,13.894077562014239,2.8958333333333335,13.894077562014239
2.9000000000000004,13.8754391540933,2.9000000000000004,13.8754391540933
2.904166666666667,13.856816564499184,2.904166666666667,13.856816564499184
2.908333333333333,13.838209804166294,2.908333333333333,13.838209804166294
2.9125,13.81961888402889,2.9125,13.81961888402889
2.9166666666666665,13.801043815021096,2.9166666666666665,13.801043815021096
2.920833333333334,13.782484608076887,2.920833333333334,13.782484608076887
2.9250000000000003,13.763941274130111,2.9250000000000003,13.763941274130111
2.9291666666666667,13.745413824114472,2.9291666666666667,13.745413824114472
2.9333333333333336,13.726902268963533,2.9333333333333336,13.726902268963533
2.9375,13.708406619610743,2.9375,13.708406619610743
2.941666666666667,13.689926886989397,2.941666666666667,13.689926886989397
2.9458333333333333,13.671463082032695,2.9458333333333333,13.671463082032695
2.9499999999999997,13.653015215673667,2.9499999999999997,13.653015215673667
2.954166666666667,13.634583298845246,2.954166666666667,13.634583298845246
2.9583333333333335,13.616167342356663,2.9583333333333335,13.616167342356663
2.9625000000000004,13.597767356865317,2.9625000000000004,13.597767356865317
2.966666666666667,13.579383353234908,2.966666666666667,13.579383353234908
2.970833333333333,13.561015342335997,2.970833333333333,13.561015342335997
2.975,13.542663335040213,2.975,13.542663335040213
2.9791666666666665,13.52432734222028,2.9791666666666665,13.52432734222028
2.983333333333334,13.506007374749974,2.983333333333334,13.506007374749974
2.9875000000000003,13.487703443504145,2.9875000000000003,13.487703443504145
2.9916666666666667,13.469415559358719,2.9916666666666667,13.469415559358719
2.9958333333333336,13.45114373319068,2.9958333333333336,13.45114373319068
3.0,13.432887975104336,3.0,14.135647088684347
3.004166666666667,13.414648292904483,3.0041666666666664,14.843854987493108
3.0083333333333333,13.396424696526573,3.008333333333333,15.575092041902462
3.0124999999999997,13.37821719613395,3.0124999999999993,16.32859575964904
3.016666666666667,13.36002580188984,3.0166666666666657,17.103514518307783
3.0208333333333335,13.341850523957396,3.020833333333332,17.898909123453706
3.0250000000000004,13.323691372499663,3.0249999999999986,18.713754377901914
3.029166666666667,13.305548357679589,3.029166666666665,19.546943343170135
3.033333333333333,13.287421489660039,3.0333333333333314,20.397291841576177
3.0375,13.26931077860377,3.037499999999998,21.263544488354192
3.0416666666666665,13.251216234255523,3.0416666666666643,22.1443816162318
3.045833333333334,13.23313786360506,3.0458333333333307,23.038427274531372
3.0500000000000003,13.215075675551743,3.049999999999997,23.944257759622957
3.0541666666666667,13.197029679517744,3.0541666666666636,24.86041076862655
3.0583333333333336,13.178999884925277,3.05833333333333,25.78539493942813
3.0625,13.160986301196603,3.0624999999999964,26.717699683990006
3.066666666666667,13.142988937753994,3.066666666666663,27.655804843818466
3.0708333333333333,13.12500780401979,3.0708333333333293,28.598190760066046
3.0749999999999997,13.107042909416352,3.0749999999999957,29.543347666783816
3.079166666666667,13.089094263366091,3.079166666666662,30.48978494819207
3.0833333333333335,13.071161875130569,3.0833333333333286,31.436039864088645
3.0875000000000004,13.053245751173412,3.087499999999995,32.38068569304705
3.091666666666667,13.035345899236884,3.0916666666666615,33.322339258044934
3.095833333333333,13.017462327992057,3.095833333333328,34.25966762169257
3.1,12.999595046110354,3.0999999999999943,35.19139398058779
3.1041666666666665,12.98174406226354,3.1041666666666607,36.11630296063331
3.108333333333334,12.963909385123717,3.108333333333327,37.03324492487059
3.1125000000000003,12.94609102336334,3.1124999999999936,37.94113936405796
3.1166666666666667,12.928288985655195,3.11666666666666,38.83897755569124
3.1208333333333336,12.910503280672426,3.1208333333333265,39.72582448986389
3.125,12.892733917058507,3.124999999999993,40.60081996666892
3.129166666666667,12.874980900385216,3.1291666666666593,41.46317895894776
3.1333333333333333,12.857244236735465,3.1333333333333258,42.31219142870967
3.1374999999999997,12.839523934048058,3.137499999999992,43.14722142288025
3.141666666666667,12.821820000262175,3.1416666666666586,43.967705560350154
3.1458333333333335,12.804132443317323,3.145833333333325,44.77315154674674
3.1500000000000004,12.786461271153367,3.1499999999999915,45.563135662299196
3.154166666666667,12.768806491710514,3.154166666666658,46.3373001829659
3.158333333333333,12.751168112929323,3.1583333333333243,47.09535066153919
3.1625,12.733546142750708,3.1624999999999908,47.83705262381034
3.1666666666666665,12.715940589115926,3.166666666666657,48.56222857278643
3.170833333333334,12.698351459966597,3.1708333333333236,49.27075437239063
3.1750000000000003,12.680778763244682,3.17499999999999,49.962556017517116
3.1791666666666667,12.663222506892508,3.1791666666666565,50.63760601919238
3.1833333333333336,12.645682696805249,3.183333333333323,51.295920042234656
3.1875,12.62815933575643,3.1874999999999893,51.93755348565799
3.191666666666667,12.610652430526104,3.1916666666666558,52.56259803943819
3.1958333333333333,12.593161988065377,3.195833333333322,53.17117840671865
3.2000000000000006,12.575688015325722,3.1999999999999886,53.76344940904178
3.204166666666667,12.558230519259014,3.204166666666655,54.339592917411736
3.2083333333333335,12.540789506817498,3.2083333333333215,54.89981455229943
3.2125000000000004,12.523364984953814,3.212499999999988,55.444341456298964
3.216666666666667,12.505956960621,3.2166666666666544,55.973419372575314
3.2208333333333337,12.48856544077247,3.220833333333321,56.48731028507169
3.225,12.471190432362043,3.224999999999987,56.9862902306132
3.2291666666666665,12.45383194234391,3.2291666666666536,57.47064705553003
3.233333333333334,12.436489977672677,3.23333333333332,57.940678551776195
3.2375000000000003,12.419164544695112,3.2374999999999865,58.39669051378479
3.241666666666667,12.401855645204725,3.241666666666653,58.83899510837919
3.2458333333333336,12.384563284214027,3.2458333333333194,59.267909331886415
3.25,12.367287467727635,3.249999999999986,59.683753603965016
3.254166666666667,12.350028201750636,3.254166666666652,60.08685047766901
3.2583333333333333,12.332785492288597,3.2583333333333186,60.47752346146156
3.2625000000000006,12.315559345347536,3.262499999999985,60.85609599518467
3.266666666666667,12.298349766933962,3.2666666666666515,61.22289047538819
3.2708333333333335,12.281156763054842,3.270833333333318,61.578227454656506
3.2750000000000004,12.263980339717623,3.2749999999999844,61.92242488669025
3.279166666666667,12.246820502930225,3.279166666666651,62.255797420415306
3.2833333333333337,12.229677258701042,3.2833333333333172,62.57865584826015
3.2875,12.212550613038943,3.2874999999999837,62.891306607312735
3.2916666666666665,12.19544048206982,3.29166666666665,63.19405137068179
3.295833333333334,12.178347071877505,3.2958333333333165,63.48718654326299
3.3000000000000003,12.161270265763509,3.299999999999983,63.77100307328788
3.304166666666667,12.144210069627462,3.3041666666666494,64.0457862291432
3.3083333333333336,12.127166489299412,3.308333333333316,64.3118151711398
3.3125,12.110139530539806,3.3124999999999822,64.56936297671886
3.316666666666667,12.0931291990395,3.3166666666666487,64.81869646860797
3.3208333333333333,12.076135500419777,3.320833333333315,65.06007596940847
3.3250000000000006,12.059158440232334,3.3249999999999815,65.29375542950729
3.329166666666667,12.042198023959317,3.329166666666648,65.51998229515455
3.3333333333333335,12.025254257013291,3.3333333333333144,65.73899741536606
3.3375000000000004,12.008327144737276,3.337499999999981,65.95103522033641
3.341666666666667,11.991416692404737,3.3416666666666472,66.15632363145745
3.3458333333333337,11.9745229052196,3.3458333333333137,66.35508408089446
3.35,11.95764578634049,3.34999999999998,66.54753170018425
3.3541666666666665,11.940785335809787,3.3541666666666465,66.73387527786129
3.358333333333334,11.92394155785499,3.358333333333313,66.91431735401055
3.3625000000000003,11.90711445682016,3.3624999999999794,67.08905440849333
3.366666666666667,11.890304036965063,3.366666666666646,67.25827686038252
3.3708333333333336,11.873510302465192,3.3708333333333123,67.42216920781877
3.375,11.856733257411767,3.3749999999999787,67.58091020113453
3.379166666666667,11.839972905811736,3.379166666666645,67.73467288553682
3.3833333333333333,11.823229251587803,3.3833333333333115,67.88362476509691
3.3875000000000006,11.806502298578401,3.387499999999978,68.02792795459109
3.391666666666667,11.789792050537734,3.3916666666666444,68.16773924932681
3.3958333333333335,11.773098511135755,3.395833333333311,68.303210286584
3.4000000000000004,11.756421683958196,3.3999999999999773,68.43448773063152
3.404166666666667,11.739761572506563,3.4041666666666437,68.56171333479438
3.4083333333333337,11.723118180198137,3.40833333333331,68.68502409456862
3.4125,11.706491510365998,3.4124999999999766,68.80455240941609
3.4166666666666665,11.689881566259016,3.416666666666643,68.92042618370957
3.420833333333334,11.673288351041853,3.4208333333333094,69.03276896113408
3.4250000000000003,11.656711867795009,3.424999999999976,69.14170007435851
3.429166666666667,11.640152119514765,3.4291666666666423,69.24733475724122
3.4333333333333336,11.623609109113252,3.4333333333333087,69.3497842692761
3.4375,11.607082839418416,3.437499999999975,69.44915602883049
3.441666666666667,11.590573313174039,3.4416666666666416,69.54555373132145
3.4458333333333333,11.57408053303975,3.445833333333308,69.63907746645073
3.4500000000000006,11.557604501591022,3.4499999999999744,69.72982383442528
3.454166666666667,11.541145221319196,3.454166666666641,69.81788606049898
3.4583333333333335,11.524702694631456,3.4583333333333073,69.90335410810874
3.4625000000000004,11.508276923850861,3.4624999999999737,69.98631478503061
3.466666666666667,11.491867911216353,3.46666666666664,70.06685184826674
3.4708333333333337,11.475475658882747,3.4708333333333066,70.14504611165067
3.475,11.45910016892075,3.474999999999973,70.2209755432376
3.4791666666666665,11.442741443316962,3.4791666666666394,70.29471535806935
3.483333333333334,11.426399483973873,3.483333333333306,70.36633812140623
3.4875000000000003,11.410074292709906,3.4874999999999723,70.4359138378644
3.491666666666667,11.393765871259369,3.4916666666666387,70.50351003283828
3.4958333333333336,11.377474221272504,3.495833333333305,70.5691918487292
3.5,11.361199344315482,3.4999999999999716,70.63302212736275
3.504166666666667,11.344941242933576,3.504166666666638,70.69506148391791
3.5083333333333333,11.328699921890028,3.5083333333333044,70.75536839281072
3.5125000000000006,11.312475383075018,3.512499999999971,70.81399926407182
3.516666666666667,11.296267628094407,3.5166666666666373,70.87100850457433
3.5208333333333335,11.280076658479565,3.5208333333333037,70.9264486028213
3.5250000000000004,11.263902475687367,3.52499999999997,70.98037020111903
3.529166666666667,11.24774508110021,3.5291666666666366,71.03282216263167
3.5333333333333337,11.231604476026016,3.533333333333303,71.08385163093482
3.5375,11.215480661698226,3.5374999999999694,71.1335040540345
3.5416666666666665,11.199373639275825,3.541666666666636,71.18182329730426
3.545833333333334,11.183283409843323,3.5458333333333023,71.22885169206107
3.5500000000000003,11.16720997441078,3.5499999999999687,71.27463009041676
3.554166666666667,11.151153333913795,3.554166666666635,71.31919790769486
3.5583333333333336,11.135113489213538,3.5583333333333016,71.3625931540335
3.5625,11.119090441096716,3.562499999999968,71.40485252794046
3.566666666666667,11.10308419027561,3.5666666666666345,71.44601145105703
3.5708333333333333,11.087094737388064,3.570833333333301,71.48610411621846
3.5750000000000006,11.07112208299749,3.5749999999999673,71.52516351447083
3.579166666666667,11.055166227592895,3.5791666666666337,71.56322147976975
3.5833333333333335,11.039227171588845,3.5833333333333,71.60030875326385
3.5875000000000004,11.023304915325504,3.5874999999999666,71.63645501392934
3.591666666666667,11.007399459068633,3.591666666666633,71.67168891815174
3.5958333333333337,10.991510803009577,3.5958333333332995,71.7060381254129
3.6,10.975638947265297,3.599999999999966,71.73952934403188
3.6041666666666665,10.959783891878352,3.6041666666666323,71.77218836987429
3.608333333333334,10.943945636816906,3.6083333333332988,71.80404011740504
3.6125000000000003,10.928124181974754,3.612499999999965,71.83510865143991
3.616666666666667,10.912319527171299,3.6166666666666316,71.86541720851349
3.6208333333333336,10.896531672151578,3.620833333333298,71.89498823838454
3.625,10.880760616586254,3.6249999999999645,71.92384343159222
3.629166666666667,10.86500636007162,3.629166666666631,71.95200374623018
3.6333333333333333,10.849268902129621,3.6333333333332973,71.9794894366987
3.6375000000000006,10.833548242207836,3.6374999999999638,72.00632005779974
3.641666666666667,10.817844379679498,3.64166666666663,72.03251452873532
3.6458333333333335,10.80215731384349,3.6458333333332966,72.05809112527733
3.6500000000000004,10.786487043924355,3.649999999999963,72.08306751404984
3.654166666666667,10.770833569072302,3.6541666666666295,72.10746077655847
3.6583333333333337,10.755196889654481,3.658333333333296,72.13128743058077
3.6625,10.73957700979288,3.6624999999999623,72.1545634453047
3.6666666666666665,10.723973929418623,3.6666666666666288,72.17730426406501
3.670833333333334,10.708387647943566,3.670833333333295,72.19952482426747
3.6750000000000003,10.692818164719496,3.6749999999999616,72.22123957636109
3.679166666666667,10.677265479038105,3.679166666666628,72.24246248667467
3.6833333333333336,10.66172959013103,3.6833333333332945,72.26320707191832
3.6875,10.646210497169816,3.687499999999961,72.28348642070802
3.691666666666667,10.630708199265952,3.6916666666666273,72.30331320742538
3.6958333333333333,10.615222695470859,3.695833333333294,72.32269971047393
3.7000000000000006,10.599753984775882,3.69999999999996,72.3416578124324
3.704166666666667,10.584302066112325,3.7041666666666266,72.36019894756674
3.7083333333333335,10.568866938351427,3.708333333333293,72.37833422776599
3.7125000000000004,10.55344860030437,3.7124999999999595,72.3960744273905
3.716666666666667,10.538047050722293,3.716666666666626,72.41342999165471
3.7208333333333337,10.522662288296285,3.7208333333332924,72.43041105207115
3.725,10.507294311657393,3.724999999999959,72.44702738876185
3.7291666666666665,10.491943119376627,3.729166666666625,72.46328842849549
3.733333333333334,10.476608709964944,3.7333333333332916,72.47920335536632
3.7375000000000003,10.461291081873286,3.737499999999958,72.49478107714978
3.741666666666667,10.445990233492552,3.7416666666666245,72.51003023764842
3.7458333333333336,10.430706163153625,3.745833333333291,72.52495922658542
3.75,10.415438869127346,3.7499999999999574,72.53957611801597
3.754166666666667,10.400188349624546,3.754166666666624,72.55388874839622
3.7583333333333333,10.384954602796034,3.7583333333332902,72.56790474296386
3.7625000000000006,10.369737626732602,3.7624999999999567,72.58163150492808
3.766666666666667,10.354537419465036,3.766666666666623,72.5950762259053
3.7708333333333335,10.339353978964104,3.7708333333332895,72.60824588129134
3.7750000000000004,10.324187303140569,3.774999999999956,72.62114717709474
3.779166666666667,10.309037389845194,3.7791666666666224,72.63378665546863
3.7833333333333337,10.293904236868737,3.783333333333289,72.64617067714646
3.7875,10.27878784194197,3.7874999999999552,72.65830542310324
3.7916666666666665,10.263688202735649,3.7916666666666217,72.67019690298099
3.795833333333334,10.248605316860553,3.795833333333288,72.68185093567408
3.8000000000000003,10.233539181867474,3.7999999999999545,72.69327314155774
3.804166666666667,10.21848979524721,3.804166666666621,72.70446900302132
3.8083333333333336,10.20345715443058,3.8083333333332874,72.71544384722031
3.8125,10.188441257136912,3.812499999999954,72.72620285218703
3.816666666666667,10.173442102427787,3.8166666666666202,72.73675104352661
3.8208333333333333,10.158459687952842,3.8208333333332867,72.74709330237442
3.8250000000000006,10.1434940110921,3.824999999999953,72.75723438082521
3.829166666666667,10.128545069170448,3.8291666666666195,72.76717890266632
3.8333333333333335,10.113612859457646,3.833333333333286,72.77693136868902
3.8375000000000004,10.098697379168327,3.8374999999999524,72.78649613538778
3.841666666666667,10.083798625462014,3.841666666666619,72.79587743698345
3.8458333333333337,10.068916595443095,3.8458333333332853,72.8050794019986
3.85,10.054051286160863,3.8499999999999517,72.8141060488928
3.8541666666666665,10.039202694609479,3.854166666666618,72.82296128971234
3.858333333333334,10.024370817728004,3.8583333333332845,72.83164891728886
3.8625000000000003,10.009555652400397,3.862499999999951,72.84017262520422
3.866666666666667,9.994757195455513,3.8666666666666174,72.84853601355546
3.8708333333333336,9.979975443667094,3.870833333333284,72.85674258906309
3.875,9.965210393753802,3.8749999999999503,72.864795767292
3.879166666666667,9.950462042379192,3.8791666666666167,72.87269886231675
3.8833333333333333,9.935730386151736,3.883333333333283,72.88045510647143
3.8875000000000006,9.921015421624809,3.8874999999999496,72.888067651758
3.891666666666667,9.90631714529671,3.891666666666616,72.89553957113185
3.8958333333333335,9.891635553610644,3.8958333333332824,72.90287385862511
3.9000000000000004,9.876970642954745,3.899999999999949,72.91007341860805
3.904166666666667,9.862322409662072,3.9041666666666153,72.91714108813996
3.9083333333333337,9.847690850010594,3.9083333333332817,72.92407963483365
3.9125,9.833075960223223,3.912499999999948,72.93089175829671
3.9166666666666665,9.818477736467798,3.9166666666666146,72.93758008690547
3.920833333333334,9.803896174857094,3.920833333333281,72.94414717028383
3.9250000000000003,9.789331271448818,3.9249999999999474,72.9505955064382
3.929166666666667,9.774783022245623,3.929166666666614,72.95692753455408
3.9333333333333336,9.760251423195095,3.9333333333332803,72.96314563674036
3.9375,9.745736470189776,3.9374999999999467,72.96925214057485
3.941666666666667,9.731238159067145,3.941666666666613,72.9752493216481
3.9458333333333333,9.716756485609643,3.9458333333332796,72.9811394022882
3.9500000000000006,9.70229144554465,3.949999999999946,72.98692451022323
3.954166666666667,9.687843034544521,3.9541666666666124,72.99260673780188
3.9583333333333335,9.673411248226554,3.958333333333279,72.9981881386756
3.9625000000000004,9.658996082153006,3.9624999999999453,73.00367071988386
3.966666666666667,9.644597532111318,3.9666666666666117,73.00905644384518
3.9708333333333337,9.63021559536813,3.970833333333278,73.01434723034762
3.975,9.615850267805135,3.9749999999999446,73.01954495853545
3.9791666666666665,9.60150154496045,3.979166666666611,73.02465144265966
3.983333333333334,9.587169422322209,3.9833333333332774,73.02966844423841
3.9875000000000003,9.572853895328555,3.987499999999944,73.03459770283561
3.991666666666667,9.558554959367632,3.9916666666666103,73.0394409196141
3.9958333333333336,9.544272609777613,3.9958333333332767,73.0441997588855
4.0,9.530006841846669,3.999999999999943,72.45887124088598
4.004166666666667,9.51575765081301,4.00416666666661,71.87562352860334
4.008333333333334,9.501525031864864,4.008333333333276,71.29505610793777
4.0125,9.487308980140474,4.0124999999999424,70.71775896164694
4.016666666666667,9.473109490728133,4.016666666666609,70.14431019714522
4.020833333333333,9.458926558666152,4.020833333333275,69.57527099785592
4.025,9.444760178942877,4.024999999999942,69.01118501025971
4.029166666666667,9.430610346496703,4.029166666666608,68.45257593955311
4.033333333333334,9.41647705621606,4.033333333333275,67.89994569967475
4.0375000000000005,9.402360302939423,4.037499999999941,67.35377383831694
4.041666666666667,9.388260081455313,4.0416666666666075,66.81451433489924
4.045833333333333,9.3741763865023,4.045833333333274,66.28259634071291
4.05,9.360109212769014,4.04999999999994,65.75842135681101
4.054166666666667,9.346058554894134,4.054166666666607,65.24236253177357
4.058333333333334,9.3320244074664,4.058333333333273,64.73476582215987
4.0625,9.318006765024618,4.06249999999994,64.23594795714396
4.066666666666667,9.304005622057652,4.066666666666606,63.7461965637839
4.070833333333334,9.290020973004436,4.0708333333332725,63.26577007227988
4.075,9.276052812253978,4.074999999999939,62.7948978546968
4.079166666666667,9.26210113414535,4.079166666666605,62.333780380797776
4.083333333333333,9.248165932967712,4.083333333333272,61.88258981116507
4.0875,9.234247202960287,4.087499999999938,61.4414703498818
4.091666666666667,9.220344938312397,4.091666666666605,61.01053929050436
4.095833333333334,9.206459133163436,4.095833333333271,60.589886934353586
4.1000000000000005,9.192589781602889,4.0999999999999375,60.17957840918228
4.104166666666667,9.178736877670325,4.104166666666604,59.77965476637508
4.108333333333333,9.164900415355417,4.10833333333327,59.3901326622346
4.1125,9.15108038859792,4.112499999999937,59.011007395556305
4.116666666666667,9.137276791287697,4.116666666666603,58.64225282116355
4.120833333333334,9.12348961746816,4.12083333333327,58.283822210516945
4.125,9.109718862673706,4.124999999999936,57.93565141829416
4.129166666666667,9.095964521199914,4.1291666666666025,57.59765791814145
4.133333333333334,9.082226586934256,4.133333333333269,57.2697430238138
4.1375,9.068505053719523,4.137499999999935,56.95179404199213
4.141666666666667,9.054799915353843,4.141666666666602,56.64368352762899
4.145833333333333,9.041111165590657,4.145833333333268,56.34527216618571
4.15,9.027438798138736,4.149999999999935,56.056409688103514
4.154166666666667,9.013782806662194,4.154166666666601,55.77693487556512
4.158333333333334,9.000143184780459,4.1583333333332675,55.50667839884742
4.1625000000000005,8.986519926068311,4.162499999999934,55.24546283667349
4.166666666666667,8.972913024055849,4.1666666666666,54.993103832024545
4.170833333333333,8.959322472228507,4.170833333333267,54.74941110743063
4.175,8.94574826402707,4.174999999999933,54.514189870081466
4.179166666666667,8.93219039284765,4.1791666666666,54.28724180706468
4.183333333333334,8.918648852041699,4.183333333333266,54.068364435880724
4.1875,8.905123634916018,4.1874999999999325,53.85735332249843
4.191666666666667,8.89161473473274,4.191666666666599,53.654002753784326
4.195833333333334,8.87812214470935,4.195833333333265,53.45810561354658
4.2,8.864645858018669,4.199999999999932,53.26945468349445
4.204166666666667,8.851185867788876,4.204166666666598,53.08784319262432
4.208333333333333,8.83774216710349,4.208333333333265,52.913064966256165
4.2125,8.824314749001378,4.212499999999931,52.74491526106985
4.216666666666667,8.810903606476765,4.2166666666665975,52.58319119108916
4.220833333333334,8.797508732479214,4.220833333333264,52.42769185361704
4.2250000000000005,8.784130119913659,4.22499999999993,52.278218944580935
4.229166666666667,8.770767761640368,4.229166666666597,52.13457706118657
4.233333333333333,8.757421650474978,4.233333333333263,51.996573805367284
4.2375,8.74409177918848,4.23749999999993,51.864020199985546
4.241666666666667,8.73077814050722,4.241666666666596,51.736730885911584
4.245833333333334,8.717480727112905,4.2458333333332625,51.61452417561134
4.25,8.7041995316426,4.249999999999929,51.49722235625038
4.254166666666667,8.690934546688734,4.254166666666595,51.38465181741617
4.258333333333334,8.677685764799095,4.258333333333262,51.27664303852404
4.2625,8.664453178476839,4.262499999999928,51.17303068944808
4.266666666666667,8.651236780180485,4.266666666666595,51.07365376935823
4.270833333333333,8.638036562889,4.270833333333261,50.978355609358196
4.275,8.624852520550423,4.2749999999999275,50.88698389043432
4.279166666666667,8.6116846457474,4.279166666666594,50.79939065093517
4.283333333333334,8.598532930945808,4.28333333333326,50.71543227250091
4.2875000000000005,8.585397368571739,4.287499999999927,50.63496949569286
4.291666666666667,8.572277951011484,4.291666666666593,50.55786736153475
4.295833333333333,8.559174670611547,4.29583333333326,50.483995143952484
4.3,8.546087519678652,4.299999999999926,50.413226328464255
4.304166666666667,8.533016490479714,4.3041666666665925,50.34543860805214
4.308333333333334,8.51996157524186,4.308333333333259,50.28051371434669
4.3125,8.506922766152421,4.312499999999925,50.218337365111424
4.316666666666667,8.493900055358925,4.316666666666592,50.15879928473389
4.320833333333334,8.480893434969111,4.320833333333258,50.10179303878537
4.325,8.467902897050905,4.324999999999925,50.04721592304122
4.329166666666667,8.45492843363244,4.329166666666591,49.99496893270421
4.333333333333333,8.441970036702049,4.3333333333332575,49.94495671114931
4.3375,8.429027698208245,4.337499999999924,49.89708734981993
4.341666666666667,8.416101410059756,4.34166666666659,49.85127233251292
4.345833333333334,8.403191164125488,4.345833333333257,49.80742655189399
4.3500000000000005,8.390296952234543,4.349999999999923,49.7654680721153
4.354166666666667,8.377418766176218,4.35416666666659,49.72531803904631
4.358333333333333,8.36455659769999,4.358333333333256,49.68690058278208
4.3625,8.351710438515534,4.3624999999999226,49.650142778370274
4.366666666666667,8.338880280292699,4.366666666666589,49.61497468204247
4.370833333333334,8.326066114661534,4.370833333333255,49.581329040824144
4.375,8.313267933212263,4.374999999999922,49.54914129247426
4.379166666666667,8.300485727495289,4.379166666666588,49.51834950606552
4.383333333333334,8.287719489021205,4.383333333333255,49.488894129659116
4.3875,8.274969209260775,4.387499999999921,49.46071792948462
4.391666666666667,8.26223487964495,4.391666666666588,49.433766089087406
4.395833333333333,8.249516491564853,4.395833333333254,49.407986058822395
4.4,8.236814036371785,4.39999999999992,49.38332748465546
4.404166666666667,8.22412750537722,4.404166666666587,49.35974193093529
4.408333333333334,8.211456889852807,4.408333333333253,49.337182976589006
4.4125000000000005,8.198802181030365,4.41249999999992,49.31560616871529
4.416666666666667,8.186163370102896,4.416666666666586,49.294968918513895
4.420833333333333,8.173540449387962,4.420833333333253,49.27523042287446
4.425,8.160933411157252,4.424999999999919,49.25635152810685
4.429166666666667,8.148342246670898,4.429166666666585,49.23829475958342
4.433333333333334,8.135766947154272,4.433333333333252,49.22102424085343
4.4375,8.123207503797966,4.437499999999918,49.20450563365528
4.441666666666667,8.110663907757807,4.441666666666585,49.18870604183041
4.445833333333334,8.098136150154856,4.445833333333251,49.17359391674167
4.45,8.085624222075385,4.449999999999918,49.15913908785975
4.454166666666667,8.07312811457091,4.454166666666584,49.14531267408483
4.458333333333333,8.06064781865817,4.45833333333325,49.13208703148299
4.4625,8.04818332531913,4.462499999999917,49.11943570112105
4.466666666666667,8.03573462550098,4.466666666666583,49.10733336293547
4.470833333333334,8.023301710116142,4.47083333333325,49.0957557921676
4.4750000000000005,8.01088457004226,4.474999999999916,49.08467981622119
4.479166666666667,7.998483196122209,4.479166666666583,49.0740832717383
4.483333333333333,7.986097579164081,4.483333333333249,49.06394493227302
4.4875,7.973727709941203,4.4874999999999154,49.05424450283093
4.491666666666667,7.96137357919212,4.491666666666582,49.044962577144446
4.495833333333334,7.949035177620607,4.495833333333248,49.036080599798495
4.5,7.936712495895658,4.499999999999915,49.027580821704426
4.504166666666667,7.924405524651494,4.504166666666581,49.01944624436659
4.508333333333334,7.91211425448756,4.508333333333248,49.01166063020345
4.5125,7.899838675968521,4.512499999999914,49.00420845876267
4.516666666666667,7.887578779624269,4.5166666666665805,48.99707489795794
4.520833333333333,7.875334555949914,4.520833333333247,48.99024577580201
4.525,7.863105995405794,4.524999999999913,48.98370750401725
4.529166666666667,7.8508930884174655,4.52916666666658,48.97744709797204
4.533333333333334,7.838695825375703,4.533333333333246,48.971452159675835
4.5375000000000005,7.826514196636508,4.537499999999913,48.965710843126985
4.541666666666667,7.8143481925211,4.541666666666579,48.96021183304944
4.545833333333333,7.802197803315917,4.5458333333332455,48.95494430402476
4.55,7.790063019272618,4.549999999999912,48.94989788235987
4.554166666666667,7.777943830608082,4.554166666666578,48.94506267378688
4.558333333333334,7.7658402275044125,4.558333333333245,48.9404292244953
4.5625,7.753752200108921,4.562499999999911,48.93598850276916
4.566666666666667,7.741679738582389,4.566666666666578,48.931731879793915
4.570833333333334,7.729622833715975,4.570833333333244,48.92765109196373
4.575,7.717581476034553,4.5749999999999105,48.92373824850503
4.579166666666667,7.7055556558898095,4.579166666666577,48.919985813868195
4.583333333333333,7.693545363631768,4.583333333333243,48.916386590030164
4.5875,7.6815505896089515,4.58749999999991,48.9129337030276
4.591666666666667,7.6695713241685715,4.591666666666576,48.90962057610507
4.595833333333334,7.657607557656684,4.595833333333243,48.90644091665887
4.6000000000000005,7.645659280418378,4.599999999999909,48.90338872170298
4.604166666666667,7.633726482685373,4.6041666666665755,48.9004582574825
4.608333333333333,7.621809153653294,4.608333333333242,48.897644048672575
4.6125,7.609907282972131,4.612499999999908,48.89494086472966
4.616666666666667,7.5980208604480906,4.616666666666575,48.89234369300477
4.620833333333334,7.58614987583485,4.620833333333241,48.88984775180869
4.625,7.574294318833273,4.624999999999908,48.88744847574652
4.629166666666667,7.56245417909118,4.629166666666574,48.88514150535692
4.633333333333334,7.550629446203072,4.6333333333332405,48.88292267895483
4.6375,7.538820109709883,4.637499999999907,48.88078801130577
4.641666666666667,7.527026159211188,4.641666666666573,48.878733692750224
4.645833333333333,7.515247584975953,4.64583333333324,48.876756089960246
4.65,7.503484376840635,4.649999999999906,48.87485173376805
4.654166666666667,7.491736524511171,4.654166666666573,48.87301731281076
4.658333333333334,7.480004017675788,4.658333333333239,48.871249662852776
4.6625000000000005,7.4682868460050775,4.6624999999999055,48.86954574901322
4.666666666666667,7.456584999152047,4.666666666666572,48.867902679642796
4.670833333333333,7.444898466752195,4.670833333333238,48.86631769427
4.675,7.433227238423569,4.674999999999905,48.86478815772492
4.679166666666667,7.421571303741263,4.679166666666571,48.863311554976576
4.683333333333334,7.409930652145396,4.683333333333238,48.86188547486425
4.6875,7.3983052731305925,4.687499999999904,48.860507614623636
4.691666666666667,7.386695156182503,4.6916666666665705,48.85917577829982
4.695833333333334,7.375100290763847,4.695833333333237,48.85788786948599
4.7,7.363520666314488,4.699999999999903,48.85664188751781
4.704166666666667,7.351956272251502,4.70416666666657,48.855435919719184
4.708333333333333,7.340407097969213,4.708333333333236,48.854268132039465
4.7125,7.328873132839263,4.712499999999903,48.853136777770224
4.716666666666667,7.317354371646127,4.716666666666569,48.85204018949996
4.720833333333334,7.305850790522314,4.7208333333332355,48.85097677583657
4.7250000000000005,7.29436238711522,4.724999999999902,48.84994501799142
4.729166666666667,7.282889150476068,4.729166666666568,48.84894345855113
4.733333333333333,7.271431069656738,4.733333333333235,48.84797070695791
4.7375,7.2599881337097605,4.737499999999901,48.84702543705799
4.741666666666667,7.248560331688318,4.741666666666568,48.84610638295229
4.745833333333334,7.23714765264625,4.745833333333234,48.84521233671828
4.75,7.2257500856380465,4.7499999999999005,48.84434214274222
4.754166666666667,7.214367619710958,4.754166666666567,48.843494693519126
4.758333333333334,7.203000243896632,4.758333333333233,48.842668934438024
4.7625,7.1916479472458645,4.7624999999999,48.84186385874578
4.766666666666667,7.180310718811617,4.766666666666566,48.84107850568021
4.770833333333333,7.1689885476477615,4.770833333333233,48.840311958130464
4.775,7.157681422809124,4.774999999999899,48.839563335655384
4.779166666666667,7.146389333351457,4.7791666666665655,48.838831798919664
4.783333333333334,7.135112268331429,4.783333333333232,48.838116547288166
4.7875000000000005,7.12385021680666,4.787499999999898,48.83741681657553
4.791666666666667,7.11260316783568,4.791666666666565,48.83673187423958
4.795833333333333,7.101371110349608,4.795833333333231,48.83606103139051
4.8,7.090154032620479,4.799999999999898,48.835403611943306
4.804166666666667,7.0789519234238,4.804166666666564,48.83475898019786
4.808333333333334,7.067764771640775,4.8083333333332305,48.83412652875734
4.8125,7.056592566153669,4.812499999999897,48.83350567770797
4.816666666666667,7.045435295845823,4.816666666666563,48.83289587281589
4.820833333333334,7.034292949601656,4.82083333333323,48.83229658044693
4.825,7.0231655163066495,4.824999999999896,48.83170729373056
4.829166666666667,7.012052984847357,4.829166666666563,48.831127529688274
4.833333333333333,7.000955344111398,4.833333333333229,48.83055682780382
4.8375,6.98987258292654,4.8374999999998956,48.829994749133334
4.841666666666667,6.978804689273331,4.841666666666562,48.82944087541582
4.845833333333334,6.967751651564328,4.845833333333228,48.8288948060667
4.8500000000000005,6.95671345846561,4.849999999999895,48.828356152651146
4.854166666666667,6.945690098644275,4.854166666666561,48.827824547615876
4.858333333333333,6.934681560768434,4.858333333333228,48.82729963972638
4.8625,6.923687833507221,4.862499999999894,48.826781092690744
4.866666666666667,6.912708905530781,4.866666666666561,48.826268584171814
4.870833333333334,6.901744765510277,4.870833333333227,48.82576180479931
4.875,6.890795402117882,4.874999999999893,48.825260462287844
4.879166666666667,6.87986080401812,4.87916666666656,48.82476428498676
4.883333333333334,6.868940959183408,4.883333333333226,48.82427300636181
4.8875,6.858035855695688,4.887499999999893,48.823786370679514
4.891666666666667,6.847145482021724,4.891666666666559,48.82330413242212
4.895833333333333,6.836269826629278,4.895833333333226,48.82282605546727
4.9,6.825408877987109,4.899999999999892,48.82235191226773
4.904166666666667,6.814562624564983,4.904166666666558,48.82188149250197
4.908333333333334,6.803731054833662,4.908333333333225,48.82141460248708
4.9125000000000005,6.792914157264908,4.912499999999891,48.8209510488603
4.916666666666667,6.782111920331479,4.916666666666558,48.820490646277314
4.920833333333333,6.771324332507126,4.920833333333224,48.8200332168513
4.925,6.760551381708031,4.924999999999891,48.81957858955829
4.929166666666667,6.74979305556531,4.929166666666557,48.81912659966933
4.933333333333334,6.739049342361915,4.933333333333223,48.81867709595334
4.9375,6.728320230384672,4.93749999999989,48.81822993570287
4.941666666666667,6.717605707921415,4.941666666666556,48.817784978075814
4.945833333333334,6.706905763260979,4.945833333333223,48.8173420878864
4.95,6.696220384693204,4.949999999999889,48.81690113515361
4.954166666666667,6.68554956050893,4.954166666666556,48.81646199464942
4.958333333333333,6.674893278999996,4.958333333333222,48.81602451018263
4.9625,6.664251528459237,4.9624999999998884,48.815588663976285
4.966666666666667,6.653624297180488,4.966666666666555,48.8151542867638
4.970833333333334,6.643011573458571,4.970833333333221,48.81472128025358
4.9750000000000005,6.632413345585301,4.974999999999888,48.81428954877177
4.979166666666667,6.621829600939336,4.979166666666554,48.813858999262
4.983333333333333,6.611260326951886,4.983333333333221,48.813429541285245
4.9875,6.600705511683354,4.987499999999887,48.8130010875327
4.991666666666667,6.590165143195133,4.9916666666665535,48.812573560889184
4.995833333333334,6.579639209549619,4.99583333333322,48.812146884674455
5.0,6.56912769881019,4.999999999999886,48.8117209833428
5.004166666666667,6.558630599041221,5.004166666666553,48.811295784425
5.008333333333334,6.548147898308078,5.008333333333219,48.81087121852812
5.0125,6.537679584677108,5.012499999999886,48.81044721933536
5.016666666666667,6.527225646215652,5.016666666666552,48.81002372360585
5.020833333333333,6.5167860709920316,5.0208333333332185,48.809600671027034
5.025,6.506360847075554,5.024999999999885,48.80917800357232
5.029166666666667,6.49594996250477,5.029166666666551,48.80875566670244
5.033333333333334,6.485553404362871,5.033333333333218,48.80833360900572
5.0375000000000005,6.475171160094802,5.037499999999884,48.807911782097484
5.041666666666667,6.464803217558282,5.041666666666551,48.8074901406199
5.045833333333333,6.45444956461202,5.045833333333217,48.80706864224186
5.05,6.444110189115691,5.0499999999998835,48.80664724765878
5.054166666666667,6.433785078929952,5.05416666666655,48.80622591524451
5.058333333333334,6.4234742219164325,5.058333333333216,48.80580459443459
5.0625,6.413177605937737,5.062499999999883,48.80538324644934
5.066666666666667,6.402895218857435,5.066666666666549,48.804961835241556
5.070833333333334,6.392627048540074,5.070833333333216,48.80454032690826
5.075,6.382373082851159,5.074999999999882,48.80411868969047
5.079166666666667,6.372133309657173,5.0791666666665485,48.80369689397319
5.083333333333333,6.361907701052846,5.083333333333215,48.803274912285275
5.0875,6.351696279733636,5.087499999999881,48.802852712643556
5.091666666666667,6.341499011953101,5.091666666666548,48.80243026015233
5.095833333333334,6.331315885553083,5.095833333333214,48.802007527717066
5.1000000000000005,6.321146888361001,5.099999999999881,48.801584489752926
5.104166666666667,6.310992008189826,5.104166666666547,48.8011611221654
5.108333333333333,6.300851232838091,5.1083333333332135,48.80073740235023
5.1125,6.290724550089892,5.11249999999988,48.80031330919336
5.116666666666667,6.280611947714881,5.116666666666546,48.7998888229735
5.120833333333334,6.270513413468273,5.120833333333213,48.79946391957914
5.125,6.260428935090831,5.124999999999879,48.799038576327966
5.129166666666667,6.250358500308881,5.129166666666546,48.79861277424918
5.133333333333334,6.240302096834301,5.133333333333212,48.79818649545786
5.1375,6.230259712217721,5.1374999999998785,48.79775972315495
5.141666666666667,6.22023133320487,5.141666666666545,48.79733244162715
5.145833333333333,6.210216947217518,5.145833333333211,48.796904636246936
5.15,6.2002165418102235,5.149999999999878,48.79647629288694
5.154166666666667,6.190230104520606,5.154166666666544,48.79604739162089
5.158333333333334,6.180257622869312,5.158333333333211,48.79561791649371
5.1625000000000005,6.17029908436004,5.162499999999877,48.795187854036044
5.166666666666667,6.160354476479514,5.1666666666665435,48.79475719159063
5.170833333333333,6.150423786697509,5.17083333333321,48.79432591731223
5.175,6.140507002466833,5.174999999999876,48.79389402016765
5.179166666666667,6.130604111223327,5.179166666666543,48.793461489935595
5.183333333333334,6.120715100385878,5.183333333333209,48.793028317206755
5.1875,6.110839957356397,5.187499999999876,48.79259449338371
5.191666666666667,6.10097866951983,5.191666666666542,48.79216000877993
5.195833333333334,6.091131224244168,5.1958333333332085,48.79172484647968
5.2,6.08129760888042,5.199999999999875,48.79128899573061
5.204166666666667,6.071477810762633,5.204166666666541,48.7908524471772
5.208333333333333,6.061671817207887,5.208333333333208,48.79041519193814
5.2125,6.051879615516284,5.212499999999874,48.78997722160613
5.216666666666667,6.04210119297096,5.216666666666541,48.789538528247945
5.220833333333334,6.032336536838077,5.220833333333207,48.78909910440442
5.2250000000000005,6.022585634366827,5.2249999999998735,48.7886589430904
5.229166666666667,6.0128484727894245,5.22916666666654,48.78821803779472
5.233333333333333,6.003125039321106,5.233333333333206,48.78777638075088
5.2375,5.99341532116014,5.237499999999873,48.787333961870594
5.241666666666667,5.983719305487813,5.241666666666539,48.786890774201865
5.245833333333334,5.974036979468434,5.245833333333206,48.78644681121288
5.25,5.964368330249334,5.249999999999872,48.78600206668707
5.254166666666667,5.9547133449608625,5.2541666666665385,48.78555653472313
5.258333333333334,5.945072010716393,5.258333333333205,48.78511020973495
5.2625,5.935444314612312,5.262499999999871,48.78466308645169
5.266666666666667,5.925830243728031,5.266666666666538,48.78421515991765
5.270833333333333,5.916229785125969,5.270833333333204,48.78376642549214
5.275,5.906642925851566,5.274999999999871,48.783316877000146
5.279166666666667,5.897069652933279,5.279166666666537,48.78286650793647
5.283333333333334,5.8875099533825725,5.2833333333332035,48.78241531344856
5.2875000000000005,5.877963814193931,5.28749999999987,48.78196328889663
5.291666666666667,5.868431222344844,5.291666666666536,48.781510429853455
5.295833333333333,5.858912165514344,5.295833333333203,48.78105673210457
5.3,5.84940663201355,5.299999999999869,48.78060219164808
5.304166666666667,5.839914608956078,5.304166666666536,48.780146804694766
5.308333333333334,5.8304360834186175,5.308333333333202,48.77969056766803
5.3125,5.820971042465032,5.3124999999998685,48.77923343532854
5.316666666666667,5.811519473146359,5.316666666666535,48.77877550078627
5.320833333333334,5.802081362500834,5.320833333333201,48.77831669817703
5.325,5.792656697553856,5.324999999999868,48.77785702468382
5.329166666666667,5.783245465318008,5.329166666666534,48.7773964774897
5.333333333333333,5.773847652793051,5.333333333333201,48.77693505377779
5.3374999999999995,5.764463246965915,5.337499999999867,48.77647275073124
5.341666666666668,5.75509223481071,5.341666666666534,48.776009565533215
5.345833333333334,5.745734603288721,5.3458333333332,48.775545495366934
5.3500000000000005,5.7363903393483975,5.349999999999866,48.775080537415704
5.354166666666667,5.727059429925368,5.354166666666533,48.7746146887449
5.358333333333333,5.717741861942426,5.358333333333199,48.77414794558532
5.362500000000001,5.7084376223095346,5.362499999999866,48.77368030475518
5.366666666666667,5.699146697923828,5.366666666666532,48.7732117632446
5.370833333333334,5.6898690756696,5.370833333333199,48.77274231804372
5.375,5.68060474241832,5.374999999999865,48.77227196614276
5.379166666666666,5.671353685028611,5.379166666666531,48.77180070453196
5.383333333333334,5.662115890346265,5.383333333333198,48.77132853020165
5.3875,5.652891345204238,5.387499999999864,48.77085544014217
5.391666666666667,5.643680036422642,5.391666666666531,48.77038143134393
5.395833333333333,5.63448195080875,5.395833333333197,48.76990650079739
5.3999999999999995,5.625297075156997,5.399999999999864,48.76943064549308
5.404166666666668,5.61612539624897,5.40416666666653,48.76895386264829
5.408333333333334,5.606966900853422,5.408333333333196,48.768476150786505
5.4125000000000005,5.597821575726254,5.412499999999863,48.76799750743946
5.416666666666667,5.5886894076105165,5.416666666666529,48.7675179299059
5.420833333333333,5.579570383236426,5.420833333333196,48.76703741548457
5.425000000000001,5.570464489321342,5.424999999999862,48.76655596147428
5.429166666666667,5.561371712569777,5.429166666666529,48.76607356517386
5.433333333333334,5.552292039673396,5.433333333333195,48.76559022388221
5.4375,5.543225457311006,5.4374999999998614,48.7651059348982
5.441666666666666,5.53417195214857,5.441666666666528,48.76462069552084
5.445833333333334,5.525131510839188,5.445833333333194,48.76413450304909
5.45,5.516104120071027,5.449999999999861,48.763647354781995
5.454166666666667,5.507089768213002,5.454166666666527,48.76315924834253
5.458333333333333,5.498088442907407,5.458333333333194,48.76267018288227
5.4624999999999995,5.48910013096973,5.46249999999986,48.76218015630568
5.466666666666668,5.480124819208022,5.4666666666665265,48.76168916628222
5.470833333333334,5.4711624944229165,5.470833333333193,48.76119721048133
5.4750000000000005,5.4622131434076,5.474999999999859,48.760704286572484
5.479166666666667,5.45327675294783,5.479166666666526,48.760210392225204
5.483333333333333,5.4443533098219286,5.483333333333192,48.75971552510902
5.487500000000001,5.435442800800779,5.487499999999859,48.759219682893466
5.491666666666667,5.42654521264783,5.491666666666525,48.75872286324812
5.495833333333334,5.417660532119091,5.4958333333331915,48.75822506384259
5.5,5.4087887459631245,5.499999999999858,48.75772628234649
5.504166666666666,5.399929840921055,5.504166666666524,48.75722597463646
5.508333333333334,5.391083803726561,5.508333333333191,48.756725353528815
5.5125,5.382250621105885,5.512499999999857,48.75622372138497
5.516666666666667,5.3734302797778115,5.516666666666524,48.75572107820635
5.520833333333333,5.364622766453685,5.52083333333319,48.75521742399434
5.5249999999999995,5.355828067837399,5.5249999999998565,48.75471275875033
5.529166666666668,5.347046170625389,5.529166666666523,48.754207082475745
5.533333333333334,5.338277061506657,5.533333333333189,48.75370039517196
5.5375000000000005,5.329520727162738,5.537499999999856,48.75319269684041
5.541666666666667,5.320777154267716,5.541666666666522,48.75268398748249
5.545833333333333,5.31204632948822,5.545833333333189,48.752174267099605
5.550000000000001,5.303328239483422,5.549999999999855,48.75166353569319
5.554166666666667,5.294622870905042,5.5541666666665215,48.75115179073144
5.558333333333334,5.285930210397331,5.558333333333188,48.75063902252009
5.5625,5.277250244597084,5.562499999999854,48.75012523010891
5.566666666666666,5.268582960133633,5.566666666666521,48.74961041349934
5.570833333333334,5.259928343628848,5.570833333333187,48.74909457269285
5.575,5.251286381697136,5.574999999999854,48.74857770769091
5.579166666666667,5.24265706094543,5.57916666666652,48.74805981849498
5.583333333333333,5.2340403679732095,5.5833333333331865,48.74754090510654
5.5874999999999995,5.225436289372474,5.587499999999853,48.74702096752706
5.591666666666668,5.2168448117277535,5.591666666666519,48.74650000575799
5.595833333333334,5.208265921616115,5.595833333333186,48.74597801980082
5.6000000000000005,5.199699605607145,5.599999999999852,48.74545500965704
5.604166666666667,5.191145850262962,5.604166666666519,48.7449309751354
5.608333333333333,5.18260464235205,5.608333333333185,48.74440590002236
5.612500000000001,5.174075969557453,5.6124999999998515,48.74387977395168
5.616666666666667,5.165559818685283,5.616666666666518,48.743352596924936
5.620833333333334,5.1570561763883385,5.620833333333184,48.74282436894368
5.625,5.148565029314972,5.624999999999851,48.74229509000952
5.629166666666666,5.140086364109099,5.629166666666517,48.74176476012402
5.633333333333334,5.131620167410177,5.633333333333184,48.741233379288786
5.6375,5.1231664258532295,5.63749999999985,48.740700947505395
5.641666666666667,5.114725126068821,5.6416666666665165,48.74016746477542
5.645833333333333,5.10629625468307,5.645833333333183,48.73963293110048
5.6499999999999995,5.097879798317638,5.649999999999849,48.739097346482176
5.654166666666668,5.089475743589735,5.654166666666516,48.73856071092209
5.658333333333334,5.081084077112123,5.658333333333182,48.738023620138314
5.6625000000000005,5.0727047854931016,5.662499999999849,48.73748471327244
5.666666666666667,5.064337855336511,5.666666666666515,48.73694475198652
5.670833333333333,5.055983273241737,5.6708333333331815,48.73640373413194
5.675000000000001,5.047641025803702,5.674999999999848,48.73586165756008
5.679166666666667,5.039311099612873,5.679166666666514,48.73531852012235
5.683333333333334,5.0309934812552495,5.683333333333181,48.73477431967015
5.6875,5.0226881573123645,5.687499999999847,48.734229054054886
5.691666666666666,5.014395114361289,5.691666666666514,48.733682721128
5.695833333333334,5.006114338974628,5.69583333333318,48.73313531874093
5.7,4.997845817720518,5.6999999999998465,48.73258684474512
5.704166666666667,4.989589537162623,5.704166666666513,48.732037296992026
5.708333333333333,4.98134548386014,5.708333333333179,48.73148667328045
5.7124999999999995,4.97311364436779,5.712499999999846,48.73093496694429
5.716666666666668,4.964894005235821,5.716666666666512,48.73038217264775
5.720833333333334,4.956686553010011,5.720833333333179,48.72982828783706
5.7250000000000005,4.948491274231657,5.724999999999845,48.72927330995847
5.729166666666667,4.94030815543758,5.7291666666665115,48.728717236458266
5.733333333333333,4.932137183160119,5.733333333333178,48.72816006478271
5.737500000000001,4.923978343927137,5.737499999999844,48.72760179237808
5.741666666666667,4.915831624262017,5.741666666666511,48.72704241669071
5.745833333333334,4.907697010683655,5.745833333333177,48.726481935166895
5.75,4.8995744897064615,5.749999999999844,48.725920345252945
5.754166666666666,4.8914640478403655,5.75416666666651,48.725357644395224
5.758333333333334,4.883365671590805,5.7583333333331765,48.724793830040056
5.7625,4.875279347458735,5.762499999999843,48.72422889963381
5.766666666666667,4.867205021767653,5.766666666666509,48.723662850622844
5.770833333333333,4.859142768504481,5.770833333333176,48.723095680453554
5.7749999999999995,4.851092527774646,5.774999999999842,48.72252738657234
5.779166666666668,4.843054286216067,5.779166666666509,48.72195796642559
5.783333333333334,4.8350280304623885,5.783333333333175,48.72138741745973
5.7875000000000005,4.827013747143029,5.7874999999998415,48.72081573712119
5.791666666666667,4.819011422883271,5.791666666666508,48.72024292285641
5.795833333333333,4.8110210443043275,5.795833333333174,48.71966897211185
5.800000000000001,4.803042598023407,5.799999999999841,48.71909388233396
5.804166666666667,4.795076070653798,5.804166666666507,48.718517650969225
5.808333333333334,4.787121448804933,5.808333333333174,48.71794027546414
5.8125,4.779178719082448,5.81249999999984,48.717361753265195
5.816666666666666,4.771247868088282,5.816666666666507,48.71678208181891
5.820833333333334,4.763328882420715,5.820833333333173,48.71620125857182
5.825,4.755421748674475,5.824999999999839,48.715619280970465
5.829166666666667,4.747526453440781,5.829166666666506,48.71503614646137
5.833333333333333,4.739642983307422,5.833333333333172,48.714451852491116
5.8374999999999995,4.731771324858839,5.837499999999839,48.71386639650628
5.841666666666668,4.723911464676181,5.841666666666505,48.713279775953445
5.845833333333334,4.71606338933739,5.845833333333172,48.712691988279204
5.8500000000000005,4.708227085417265,5.849999999999838,48.71210303093019
5.854166666666667,4.700402539487534,5.854166666666504,48.711512901353004
5.858333333333333,4.692589738116925,5.858333333333171,48.710921597007534
5.862500000000001,4.684788667871239,5.862499999999837,48.71032911813798
5.866666666666667,4.676999315313428,5.866666666666504,48.70973546500292
5.870833333333334,4.669221667003651,5.87083333333317,48.70914063605631
5.875,4.661455709499358,5.874999999999837,48.7085446297521
5.879166666666666,4.653701429355358,5.879166666666503,48.707947444544196
5.883333333333334,4.645958813123887,5.883333333333169,48.70734907888654
5.8875,4.638227847354692,5.887499999999836,48.706749531233065
5.891666666666667,4.63050851859508,5.891666666666502,48.706148800037624
5.895833333333333,4.622800813390013,5.895833333333169,48.70554688374443
5.8999999999999995,4.615104718282164,5.899999999999835,48.704943778046
5.904166666666668,4.607420219811993,5.904166666666502,48.7043394785296
5.908333333333334,4.599747304517824,5.908333333333168,48.703733982637154
5.9125000000000005,4.592085958935908,5.912499999999834,48.70312728781065
5.916666666666667,4.5844361696004965,5.916666666666501,48.70251939149211
5.920833333333333,4.576797923081604,5.920833333333167,48.70191029112354
5.925000000000001,4.569171206821738,5.924999999999834,48.70129998414699
5.929166666666667,4.561556007801724,5.9291666666665,48.70068846800452
5.933333333333334,4.553952312634174,5.933333333333167,48.70007574013916
5.9375,4.5463601079324105,5.937499999999833,48.69946179837277
5.941666666666666,4.538779380310556,5.9416666666664995,48.69884664055487
5.945833333333334,4.531210116383635,5.945833333333166,48.69823026426935
5.95,4.523652302767676,5.949999999999832,48.69761266710005
5.954166666666667,4.5161059260797956,5.954166666666499,48.69699384663089
5.958333333333333,4.508570972938308,5.958333333333165,48.69637380044576
5.9624999999999995,4.501047429962823,5.962499999999832,48.69575252612859
5.966666666666668,4.493535283774331,5.966666666666498,48.69513002126329
5.970833333333334,4.486034520995319,5.9708333333331645,48.69450599891701
5.9750000000000005,4.47854512824985,5.974999999999831,48.69388111080361
5.979166666666667,4.471067092163674,5.979166666666497,48.69325496631804
5.983333333333333,4.463600399364317,5.983333333333164,48.6926275654626
5.987500000000001,4.456145036481185,5.98749999999983,48.691998908239576
5.991666666666667,4.4487009901456585,5.991666666666497,48.69136899465128
5.995833333333334,4.441268246991189,5.995833333333163,48.69073782470001
6.0,4.433846793653398,5.9999999999998295,48.69010539838809
6.004166666666666,4.426436616770174,6.004166666666496,48.68947171571783
6.008333333333334,4.419037702981771,6.008333333333162,48.68883677668332
6.0125,4.411650038930908,6.012499999999829,48.68820057288105
6.016666666666667,4.404273611262862,6.016666666666495,48.687563096904015
6.020833333333333,4.396908406625566,6.020833333333162,48.68692434875456
6.0249999999999995,4.389554411669711,6.024999999999828,48.68628432843505
6.029166666666668,4.38221161304884,6.0291666666664945,48.6856430359479
6.033333333333334,4.374879997419449,6.033333333333161,48.68500047129547
6.0375000000000005,4.367559551441081,6.037499999999827,48.68435663448017
6.041666666666667,4.360250261776421,6.041666666666494,48.68371152550437
6.045833333333333,4.3529521150914015,6.04583333333316,48.68306514437051
6.050000000000001,4.345665098055294,6.049999999999827,48.68241749108096
6.054166666666667,4.3383891973408115,6.054166666666493,48.68176856563815
6.058333333333334,4.3311243996242,6.0583333333331595,48.68111836804449
6.0625,4.323870691585343,6.062499999999826,48.680466893850685
6.066666666666666,4.316628059907848,6.066666666666492,48.67981411952197
6.070833333333334,4.309396491279157,6.070833333333159,48.6791600416232
6.075,4.302175972390643,6.074999999999825,48.67850466015686
6.079166666666667,4.2949664899376945,6.079166666666492,48.67784797512546
6.083333333333333,4.287768030619826,6.083333333333158,48.6771899865315
6.0874999999999995,4.280580581140768,6.0874999999998245,48.67653069437747
6.091666666666668,4.273404128208572,6.091666666666491,48.675870098665925
6.095833333333334,4.2662386585357055,6.095833333333157,48.67520819939937
6.1000000000000005,4.259084158839144,6.099999999999824,48.67454499658031
6.104166666666667,4.251940615840471,6.10416666666649,48.67388049021131
6.108333333333333,4.244808016265984,6.108333333333157,48.673214680294876
6.112500000000001,4.23768634684678,6.112499999999823,48.67254839633757
6.116666666666667,4.230575594318862,6.1166666666664895,48.67187977822794
6.120833333333334,4.223475745423232,6.120833333333156,48.67120985392778
6.125,4.216386786905988,6.124999999999822,48.67053862087155
6.129166666666666,4.209308705518425,6.129166666666489,48.66986607649368
6.133333333333334,4.20224148801713,6.133333333333155,48.66919221822867
6.1375,4.195185121164084,6.137499999999822,48.66851704351096
6.141666666666667,4.188139591726753,6.141666666666488,48.66784054977506
6.145833333333333,4.181104886478189,6.1458333333331545,48.66716273445545
6.1499999999999995,4.174080992197126,6.149999999999821,48.66648359498665
6.154166666666668,4.167067895668082,6.154166666666487,48.665803128803184
6.158333333333334,4.160065583681456,6.158333333333154,48.66512133333959
6.1625000000000005,4.153074043033617,6.16249999999982,48.66443820603041
6.166666666666667,4.146093260526612,6.166666666666487,48.66375374300799
6.170833333333333,4.139123222968172,6.170833333333153,48.66306793461446
6.175000000000001,4.132163917172521,6.1749999999998195,48.6623807767681
6.179166666666667,4.125215329960122,6.179166666666486,48.66169226637346
6.183333333333334,4.11827744815774,6.183333333333152,48.661002400335065
6.1875,4.11135025859853,6.187499999999819,48.66031117555748
6.191666666666666,4.104433748122115,6.191666666666485,48.65961858894527
6.195833333333334,4.097527903574671,6.195833333333152,48.65892463740303
6.2,4.090632711809009,6.199999999999818,48.65822931783536
6.204166666666667,4.083748159684643,6.2041666666664845,48.65753262714686
6.208333333333333,4.076874234067877,6.208333333333151,48.656834562242146
6.2124999999999995,4.0700109218318845,6.212499999999817,48.65613512002589
6.216666666666668,4.063158209856779,6.216666666666484,48.655434297402714
6.220833333333334,4.0563160850297,6.22083333333315,48.654732091277296
6.2250000000000005,4.049484534242623,6.224999999999817,48.654028498554325
6.229166666666667,4.0426635443650865,6.229166666666483,48.6533235161385
6.233333333333333,4.035853102287909,6.2333333333331495,48.6526171409345
6.237500000000001,4.029053194916718,6.237499999999816,48.65190936984708
6.241666666666667,4.022263809163741,6.241666666666482,48.651200199780966
6.245833333333334,4.0154849319478885,6.245833333333149,48.65048962764091
6.25,4.008716550194818,6.249999999999815,48.649777650331686
6.254166666666666,4.001958650837024,6.254166666666482,48.64906426475807
6.258333333333334,3.9952112208139074,6.258333333333148,48.648349467824836
6.2625,3.988474247071863,6.2624999999998145,48.647633256436826
6.266666666666667,3.981747716564353,6.266666666666481,48.64691562749883
6.270833333333333,3.975031616252002,6.270833333333147,48.64619657791571
6.2749999999999995,3.9683259331026677,6.274999999999814,48.64547610459232
6.279166666666668,3.9616306540915405,6.27916666666648,48.644754204433504
6.283333333333334,3.9549457662012353,6.283333333333147,48.64403087434416
6.2875000000000005,3.9482712563922275,6.287499999999813,48.64330611122917
6.291666666666667,3.941607111576388,6.29166666666648,48.642579911993465
6.295833333333333,3.934953318726335,6.295833333333146,48.64185227354195
6.300000000000001,3.928309864821916,6.299999999999812,48.64112319277958
6.304166666666667,3.9216767368472087,6.304166666666479,48.64039266661131
6.308333333333334,3.915053921790427,6.308333333333145,48.639660692044224
6.3125,3.908441406643829,6.312499999999812,48.638927269334765
6.316666666666666,3.9018391784036273,6.316666666666478,48.638192397220806
6.320833333333334,3.8952472240698937,6.320833333333145,48.63745607289515
6.325,3.8886655306464664,6.324999999999811,48.636718293550615
6.329166666666667,3.8820940851408468,6.329166666666477,48.63597905638007
6.333333333333333,3.875532874564109,6.333333333333144,48.63523835857635
6.3374999999999995,3.868981885930793,6.33749999999981,48.63449619733236
6.341666666666668,3.8624411062588146,6.341666666666477,48.63375256984096
6.345833333333334,3.8559105225690615,6.345833333333143,48.63300747329505
6.3500000000000005,3.84939012187158,6.34999999999981,48.632260904887566
6.354166666666667,3.842879891182025,6.354166666666476,48.63151286181144
6.358333333333333,3.8363798175248918,6.358333333333142,48.6307633412596
6.362500000000001,3.8298898879269445,6.362499999999809,48.630012340425026
6.366666666666667,3.8234100894171097,6.366666666666475,48.62925985650069
6.370833333333334,3.8169404090263237,6.370833333333142,48.62850588667957
6.375,3.8104808337874205,6.374999999999808,48.62775042815467
6.379166666666666,3.8040313507349945,6.379166666666475,48.62699347811901
6.383333333333334,3.797591946905273,6.383333333333141,48.626235033765646
6.3875,3.791162609335989,6.387499999999807,48.62547509228761
6.391666666666667,3.7847433250662412,6.391666666666474,48.624713650877965
6.395833333333333,3.7783340811363626,6.39583333333314,48.62395070672978
6.400000000000001,3.771934864587794,6.399999999999807,48.623186257036174
6.404166666666668,3.765545662462945,6.404166666666473,48.622420298990235
6.408333333333334,3.7591664618786687,6.40833333333314,48.62165282978509
6.4125000000000005,3.752797250237187,6.412499999999806,48.620883846613886
6.416666666666667,3.7464380147304897,6.4166666666664725,48.620113346669754
6.420833333333334,3.740088742531217,6.420833333333139,48.61934132714589
6.425000000000001,3.733749420825469,6.424999999999805,48.618567785235456
6.429166666666667,3.72742003681324,6.429166666666472,48.61779271813167
6.433333333333334,3.721100577708862,6.433333333333138,48.61701612302773
6.4375,3.714791030741442,6.437499999999805,48.616237997116876
6.441666666666667,3.708491383155314,6.441666666666471,48.615458337592344
6.445833333333334,3.702201622210476,6.4458333333331375,48.614677141647405
6.45,3.6959217351830413,6.449999999999804,48.61389440647532
6.454166666666667,3.6896517093656858,6.45416666666647,48.61311012804877
6.458333333333333,3.683391532068099,6.458333333333137,48.61232430150114
6.462500000000001,3.6771411906174354,6.462499999999803,48.61153692381743
6.466666666666668,3.6709006715088095,6.46666666666647,48.610747992007745
6.470833333333334,3.6646699638143003,6.470833333333136,48.60995750308219
6.4750000000000005,3.6584490534303313,6.4749999999998025,48.60916545405088
6.479166666666667,3.6522379276393298,6.479166666666469,48.60837184192396
6.483333333333334,3.6460365737274896,6.483333333333135,48.60757666371159
6.487500000000001,3.6398449789847658,6.487499999999802,48.60677991642394
6.491666666666667,3.633663130704846,6.491666666666468,48.60598159707121
6.495833333333334,3.627491016185141,6.495833333333135,48.60518170266359
6.5,3.621328622726768,6.499999999999801,48.60438023021133
6.504166666666667,3.6151759376345343,6.5041666666664675,48.60357717672464
6.508333333333334,3.6090329482169268,6.508333333333134,48.6027725392138
6.5125,3.6028996417860863,6.5124999999998,48.60196631468907
6.516666666666667,3.596776005657799,6.516666666666467,48.60115850016076
6.520833333333333,3.590662027151481,6.520833333333133,48.60034909263914
6.525000000000001,3.584557693590159,6.5249999999998,48.59953808913458
6.529166666666668,3.578462992294736,6.529166666666466,48.598725486657386
6.533333333333334,3.5723779105423974,6.5333333333331325,48.59791128221795
6.5375000000000005,3.5663024356374264,6.537499999999799,48.59709547282661
6.541666666666667,3.5602365548948294,6.541666666666465,48.596278055493784
6.545833333333334,3.554180255631148,6.545833333333132,48.595459027229886
6.550000000000001,3.5481335251644297,6.549999999999798,48.59463838504532
6.554166666666667,3.542096350814193,6.554166666666465,48.59381612595055
6.558333333333334,3.5360687199014036,6.558333333333131,48.59299224695604
6.5625,3.5300506197484447,6.5624999999997975,48.59216674507225
6.566666666666667,3.5240420376790857,6.566666666666464,48.59133961730968
6.570833333333334,3.5180429610971182,6.57083333333313,48.59051086067886
6.575,3.512053377707288,6.574999999999797,48.58968047219031
6.579166666666667,3.5060732750089056,6.579166666666463,48.588848448854584
6.583333333333333,3.500102640484685,6.58333333333313,48.58801478768224
6.587500000000001,3.4941414616318798,6.587499999999796,48.587179485683876
6.591666666666668,3.488189725962313,6.5916666666664625,48.58634253987008
6.595833333333334,3.482247421002396,6.595833333333129,48.58550363330508
6.6000000000000005,3.4763145342931643,6.599999999999795,48.58466342271765
6.604166666666667,3.470391053390296,6.604166666666462,48.583821552534864
6.608333333333334,3.4644769658641437,6.608333333333128,48.582978019755615
6.612500000000001,3.4585722592206283,6.612499999999795,48.58213282137304
6.616666666666667,3.4526769208395933,6.616666666666461,48.58128595437448
6.620833333333334,3.446790938244387,6.6208333333331275,48.580437415741585
6.625,3.4409142989712995,6.624999999999794,48.57958720245021
6.629166666666667,3.43504699056349,6.62916666666646,48.57873531147046
6.633333333333334,3.429189000570997,6.633333333333127,48.57788173976671
6.6375,3.423340316550717,6.637499999999793,48.57702648429752
6.641666666666667,3.41750092606641,6.64166666666646,48.576169542015755
6.645833333333333,3.411670816688688,6.645833333333126,48.575310909868506
6.650000000000001,3.4058499759950096,6.6499999999997925,48.57445058479709
6.654166666666668,3.4000383915648227,6.654166666666459,48.57358856373709
6.658333333333334,3.3942360509812164,6.658333333333125,48.572724843618325
6.6625000000000005,3.3884429418385777,6.662499999999792,48.57185942136487
6.666666666666667,3.3826590517377872,6.666666666666458,48.570992293895024
6.670833333333334,3.3768843682861918,6.670833333333125,48.57012345812136
6.675000000000001,3.3711188790976045,6.674999999999791,48.569252910950674
6.679166666666667,3.365362571792286,6.6791666666664575,48.568380649284
6.683333333333334,3.359615433996939,6.683333333333124,48.567506670016655
6.6875,3.3538774533446976,6.68749999999979,48.566630970038176
6.691666666666667,3.348148613933693,6.691666666666457,48.565753546232344
6.695833333333334,3.3424289118204933,6.695833333333123,48.564874395477176
6.7,3.336718329579728,6.69999999999979,48.56399351464496
6.704166666666667,3.3310168549894477,6.704166666666456,48.56311090060222
6.708333333333333,3.325324475828209,6.7083333333331225,48.56222655020972
6.712500000000001,3.3196411798750667,6.712499999999789,48.561340460322484
6.716666666666668,3.3139669549095823,6.716666666666455,48.56045262778975
6.720833333333334,3.3083017887118102,6.720833333333122,48.55956304945505
6.7250000000000005,3.3026456690623074,6.724999999999788,48.55867172215612
6.729166666666667,3.2969985837421265,6.729166666666455,48.55777864272498
6.733333333333334,3.2913605205348584,6.733333333333121,48.556883807987845
6.737500000000001,3.285731467258204,6.7374999999997875,48.555987214700494
6.741666666666667,3.280111411713478,6.741666666666454,48.55508885776512
6.745833333333334,3.274500341691261,6.74583333333312,48.55418873298888
6.75,3.268898244982589,6.749999999999787,48.553286837018995
6.754166666666667,3.2633051093789494,6.754166666666453,48.552383166494266
6.758333333333334,3.2577209226722905,6.75833333333312,48.55147771804498
6.7625,3.2521456726550073,6.762499999999786,48.550570488292955
6.766666666666667,3.2465793471199467,6.766666666666453,48.54966147385151
6.770833333333333,3.2410219338604116,6.770833333333119,48.54875067132548
6.775000000000001,3.235473420670147,6.774999999999785,48.54783807731125
6.779166666666668,3.229933795343356,6.779166666666452,48.54692368839667
6.783333333333334,3.2244030456957637,6.783333333333118,48.54600750116113
6.7875000000000005,3.218881159892413,6.787499999999785,48.54508951217555
6.791666666666667,3.2133681259254594,6.791666666666451,48.544169718002365
6.795833333333334,3.207863931671314,6.795833333333118,48.543248115195496
6.800000000000001,3.2023685650068052,6.799999999999784,48.54232470030042
6.804166666666667,3.1968820138091747,6.80416666666645,48.5413994698541
6.808333333333334,3.191404265956081,6.808333333333117,48.54047242038501
6.8125,3.185935309325595,6.812499999999783,48.53954354841319
6.816666666666667,3.180475131796201,6.81666666666645,48.53861285045015
6.820833333333334,3.175023721246798,6.820833333333116,48.537680322998945
6.825,3.169581065556695,6.824999999999783,48.536745962554114
6.829166666666667,3.164147152605611,6.829166666666449,48.535809765601755
6.833333333333333,3.158721970302293,6.833333333333115,48.53487172861945
6.837500000000001,3.153305507031613,6.837499999999782,48.53393184807633
6.841666666666668,3.147897750943155,6.841666666666448,48.532990120433006
6.845833333333334,3.1424986900282184,6.845833333333115,48.53204654214164
6.8500000000000005,3.1371083122785146,6.849999999999781,48.53110110964589
6.854166666666667,3.131726605686161,6.854166666666448,48.53015381938096
6.858333333333334,3.1263535582436894,6.858333333333114,48.529204667773534
6.862500000000001,3.120989157944039,6.86249999999978,48.528253651241826
6.866666666666667,3.115633392780557,6.866666666666447,48.5273007661956
6.870833333333334,3.1102862507469924,6.870833333333113,48.5263460090361
6.875,3.1049477198375075,6.87499999999978,48.5253893761561
6.879166666666667,3.099617788046664,6.879166666666446,48.524430863939905
6.883333333333334,3.0942964433982882,6.883333333333113,48.52347046876332
6.8875,3.0889836743984147,6.887499999999779,48.52250818699369
6.891666666666667,3.0836794693152316,6.8916666666664455,48.52154401498986
6.895833333333333,3.0783838162562653,6.895833333333112,48.5205779491022
6.900000000000001,3.0730967033294427,6.899999999999778,48.51960998567259
6.904166666666668,3.067818118643095,6.904166666666445,48.518640121034466
6.908333333333334,3.062548050305948,6.908333333333111,48.51766835151275
6.9125000000000005,3.0572864864271314,6.912499999999778,48.516694673423856
6.916666666666667,3.0520334151161688,6.916666666666444,48.5157190830758
6.920833333333334,3.04678882448298,6.9208333333331105,48.514741576768046
6.925000000000001,3.041552702637888,6.924999999999777,48.5137621507916
6.929166666666667,3.036325037691602,6.929166666666443,48.512780801428995
6.933333333333334,3.031105817785754,6.93333333333311,48.5117975249543
6.9375,3.0258950315722335,6.937499999999776,48.51081231763304
6.941666666666667,3.0206926674461765,6.941666666666443,48.509825175722334
6.945833333333334,3.0154987136310605,6.945833333333109,48.508836095470784
6.95,3.010313158350743,6.9499999999997755,48.5078450731185
6.954166666666667,3.005135989829467,6.954166666666442,48.50685210489716
6.958333333333333,2.9999671962918595,6.958333333333108,48.50585718702993
6.962500000000001,2.9948067659629296,6.962499999999775,48.50486031573149
6.966666666666668,2.9896546870680747,6.966666666666441,48.50386148720806
6.970833333333334,2.9845109478330696,6.970833333333108,48.50286069797861
6.9750000000000005,2.9793755364840666,6.974999999999774,48.50185794485758
6.979166666666667,2.9742484412476045,6.9791666666664405,48.50085322408984
6.983333333333334,2.9691296503505944,6.983333333333107,48.499846531899465
6.987500000000001,2.9640191521273054,6.987499999999773,48.498837864503
6.991666666666667,2.958916935463662,6.99166666666644,48.49782721810939
6.995833333333334,2.9538229888037995,6.995833333333106,48.49681458892
7.0,2.948737300500315,6.999999999999773,48.4957999731286
7.004166666666667,2.943659858906177,7.004166666666439,48.4947833669214
7.008333333333334,2.9385906523747303,7.0083333333331055,48.493764766477035
7.0125,2.9335296692596837,7.012499999999772,48.492744167966514
7.016666666666667,2.928476897915121,7.016666666666438,48.49172156755332
7.020833333333333,2.92343232669549,7.020833333333105,48.49069696139334
7.025000000000001,2.9183959439556104,7.024999999999771,48.48967034563484
7.029166666666668,2.913367738050669,7.029166666666438,48.488641716418584
7.033333333333334,2.9083476973362172,7.033333333333104,48.48761106987769
7.0375000000000005,2.9033358101681737,7.0374999999997705,48.48657840213772
7.041666666666667,2.898332065128042,7.041666666666437,48.48554370931666
7.045833333333334,2.893336451216895,7.045833333333103,48.4845069875249
7.050000000000001,2.888348956945856,7.04999999999977,48.48346823286529
7.054166666666667,2.8833695707983193,7.054166666666436,48.48242744143304
7.058333333333334,2.8783982812580358,7.058333333333103,48.48138460931584
7.0625,2.8734350768091206,7.062499999999769,48.480339732593755
7.066666666666667,2.8684799459360426,7.0666666666664355,48.47929280733931
7.070833333333334,2.8635328771236335,7.070833333333102,48.47824382961742
7.075,2.8585938588570796,7.074999999999768,48.477192795485436
7.079166666666667,2.853662879621922,7.079166666666435,48.47613970099312
7.083333333333333,2.84873992790406,7.083333333333101,48.47508454218267
7.087500000000001,2.843824992189745,7.087499999999768,48.474027315088705
7.091666666666668,2.8389180609655855,7.091666666666434,48.47296801573826
7.095833333333334,2.8340191312693803,7.0958333333331005,48.47190664015079
7.1000000000000005,2.829128173389253,7.099999999999767,48.47084318433815
7.104166666666667,2.824245187117622,7.104166666666433,48.46977764430467
7.108333333333334,2.819370160967087,7.1083333333331,48.46871001604706
7.112500000000001,2.81450308346062,7.112499999999766,48.46764029555448
7.116666666666667,2.809643943131562,7.116666666666433,48.46656847880847
7.120833333333334,2.8047927285236236,7.120833333333099,48.46549456178304
7.125,2.799949428190882,7.1249999999997655,48.464418540444605
7.129166666666667,2.7951140306977833,7.129166666666432,48.463340410751975
7.133333333333334,2.7902865246191384,7.133333333333098,48.462260168656435
7.1375,2.785466898540124,7.137499999999765,48.46117781010166
7.141666666666667,2.7806551410562808,7.141666666666431,48.46009333102374
7.145833333333333,2.7758512407929605,7.145833333333098,48.459006727351216
7.150000000000001,2.7710551871856466,7.149999999999764,48.45791799500505
7.154166666666668,2.7662669693525324,7.1541666666664305,48.45682712989859
7.158333333333334,2.761486576013003,7.158333333333097,48.45573412793766
7.1625000000000005,2.75671399589851,7.162499999999763,48.454638985020466
7.166666666666667,2.751949217752571,7.16666666666643,48.45354169703766
7.170833333333334,2.747192230330762,7.170833333333096,48.4524422598723
7.175000000000001,2.7424430224007303,7.174999999999763,48.4513406693999
7.179166666666667,2.7377015827421767,7.179166666666429,48.450236921488354
7.183333333333334,2.7329679001468667,7.1833333333330955,48.44913101199803
7.1875,2.728241963418623,7.187499999999762,48.44802293678166
7.191666666666667,2.723523761373326,7.191666666666428,48.44691269168449
7.195833333333334,2.718813282838919,7.195833333333095,48.445800272544076
7.2,2.714110516655396,7.199999999999761,48.4446856752386
7.204166666666667,2.7094154516748095,7.204166666666428,48.44356889596121
7.208333333333333,2.704728076761264,7.208333333333094,48.4424499306262
7.212500000000001,2.7000483807909204,7.2124999999997605,48.4413287750678
7.216666666666668,2.695376352651991,7.216666666666427,48.440205425113156
7.220833333333334,2.690711981244739,7.220833333333093,48.43907987658226
7.2250000000000005,2.6860552554814805,7.22499999999976,48.43795212528805
7.229166666666667,2.6814061642865763,7.229166666666426,48.43682216703631
7.233333333333334,2.67676469659644,7.233333333333093,48.43568999762577
7.237500000000001,2.6721308413595346,7.237499999999759,48.434555612848044
7.241666666666667,2.667504587536366,7.2416666666664256,48.43341900848759
7.245833333333334,2.6628859240994855,7.245833333333092,48.43228018032182
7.25,2.658274840033491,7.249999999999758,48.431139124121025
7.254166666666667,2.6536713243350225,7.254166666666425,48.42999583564838
7.258333333333334,2.6490753660127675,7.258333333333091,48.42885031065997
7.2625,2.644486954087451,7.262499999999758,48.42770254490475
7.266666666666667,2.63990607759184,7.266666666666424,48.42655253412463
7.270833333333333,2.6353327255707413,7.270833333333091,48.42540027405434
7.275000000000001,2.6307668870809993,7.274999999999757,48.42424576042157
7.279166666666668,2.626208551191501,7.279166666666423,48.423088988946866
7.283333333333334,2.621657706983167,7.28333333333309,48.42192995534369
7.2875000000000005,2.617114343548955,7.287499999999756,48.42076865531838
7.291666666666667,2.612578449993857,7.291666666666423,48.41960508457022
7.295833333333334,2.6080500154348996,7.295833333333089,48.418439238791336
7.300000000000001,2.6035290290011455,7.299999999999756,48.41727111366677
7.304166666666667,2.599015479833688,7.304166666666422,48.416100704874474
7.308333333333334,2.59450935708565,7.308333333333088,48.414928008085276
7.3125,2.590010649922188,7.312499999999755,48.41375301896293
7.316666666666667,2.585519347520484,7.316666666666421,48.41257573316406
7.320833333333334,2.5810354390697556,7.320833333333088,48.4113961463382
7.325,2.576558913771243,7.324999999999754,48.41021425412777
7.329166666666667,2.572089760838214,7.329166666666421,48.40903005216812
7.333333333333333,2.5676279694959634,7.333333333333087,48.40784353608746
7.337500000000001,2.563173528981809,7.337499999999753,48.40665470150691
7.341666666666668,2.5587264285306826,7.34166666666642,48.405463544040515
7.345833333333334,2.554286657341177,7.345833333333086,48.40427005929518
7.3500000000000005,2.5498542046747708,7.349999999999753,48.40307424287074
7.354166666666667,2.5454290598114504,7.354166666666419,48.4018760903599
7.358333333333334,2.541011212043104,7.358333333333086,48.40067559734828
7.362500000000001,2.5366006506735332,7.362499999999752,48.3994727594144
7.366666666666667,2.5321973650184435,7.3666666666664185,48.39826757212969
7.370833333333334,2.5278013444054475,7.370833333333085,48.397060031058444
7.375,2.5234125781740633,7.374999999999751,48.3958501317579
7.379166666666667,2.5190310556757125,7.379166666666418,48.39463786977816
7.383333333333334,2.514656766273724,7.383333333333084,48.39342324066224
7.3875,2.5102896993433244,7.387499999999751,48.392206239946056
7.391666666666667,2.5059298442716456,7.391666666666417,48.39098686315842
7.395833333333333,2.501577190457718,7.3958333333330835,48.38976510582105
7.400000000000001,2.4972317273124744,7.39999999999975,48.38854096344857
7.404166666666668,2.4928934442587463,7.404166666666416,48.387314431548496
7.408333333333334,2.4885623307312636,7.408333333333083,48.386085505621224
7.4125000000000005,2.4842383761766516,7.412499999999749,48.384854181160094
7.416666666666667,2.479921570053433,7.416666666666416,48.38362045365132
7.420833333333334,2.475611901832027,7.420833333333082,48.38238431857402
7.425000000000001,2.4713093609947485,7.4249999999997485,48.381145771400206
7.429166666666667,2.467013937035806,7.429166666666415,48.37990480759353
7.433333333333334,2.462725619461298,7.433333333333081,48.37866142222815
7.4375,2.4584443977892194,7.437499999999748,48.37741561042554
7.441666666666667,2.4541702615494523,7.441666666666414,48.37616736759172
7.445833333333334,2.449903200283774,7.445833333333081,48.374916689124994
7.45,2.445643203545848,7.449999999999747,48.373663570415864
7.454166666666667,2.4413902609012283,7.4541666666664135,48.37240800684712
7.458333333333333,2.4371443619273547,7.45833333333308,48.37114999379373
7.462500000000001,2.4329054962135546,7.462499999999746,48.36988952662297
7.466666666666668,2.4286736533610456,7.466666666666413,48.36862660069433
7.470833333333334,2.4244488229829253,7.470833333333079,48.36736121135954
7.4750000000000005,2.42023099470418,7.474999999999746,48.366093353962576
7.479166666666667,2.4160201581616754,7.479166666666412,48.36482302383966
7.483333333333334,2.411816303004163,7.4833333333330785,48.363550216319254
7.487500000000001,2.4076194188922764,7.487499999999745,48.36227492672208
7.491666666666667,2.4034294954985302,7.491666666666411,48.36099715036108
7.495833333333334,2.399246522507319,7.495833333333078,48.359716882541434
7.5,2.3950704896149144,7.499999999999744,48.3584341185606
7.504166666666667,2.39090138652947,7.504166666666411,48.357148853708246
7.508333333333334,2.3867392029710177,7.508333333333077,48.355861083266326
7.5125,2.382583928671464,7.5124999999997435,48.35457080250898
7.516666666666667,2.3784355533745924,7.51666666666641,48.35327800670265
7.520833333333333,2.374294066836062,7.520833333333076,48.35198269110597
7.525000000000001,2.3701594588234043,7.524999999999743,48.35068485096987
7.529166666666668,2.3660317191160316,7.529166666666409,48.34938448153749
7.533333333333334,2.361910837505184,7.533333333333076,48.348081578044216
7.5375000000000005,2.357796803489656,7.537499999999742,48.346776135717704
7.541666666666667,2.3536896065673547,7.5416666666664085,48.34546814977783
7.545833333333334,2.3495892365264144,7.545833333333075,48.344157615436735
7.550000000000001,2.3454956831660345,7.549999999999741,48.34284452789879
7.554166666666667,2.3414089362964785,7.554166666666408,48.34152888236062
7.558333333333334,2.3373289857390698,7.558333333333074,48.3402106740111
7.5625,2.333255821326196,7.562499999999741,48.33888989803133
7.566666666666667,2.3291894329013045,7.566666666666407,48.337566549594705
7.570833333333334,2.325129810318906,7.5708333333330735,48.33624062386681
7.575,2.3210769434445684,7.57499999999974,48.3349121160055
7.579166666666667,2.3170308221549174,7.579166666666406,48.33358102116087
7.583333333333333,2.312991436337638,7.583333333333073,48.33224733447529
7.587500000000001,2.3089587758914716,7.587499999999739,48.33091105108335
7.591666666666668,2.30493283072622,7.591666666666406,48.32957216611188
7.595833333333334,2.300913590762735,7.595833333333072,48.32823067467999
7.6000000000000005,2.296901045932927,7.5999999999997385,48.32688657189902
7.604166666666667,2.2928951861797593,7.604166666666405,48.325539852872545
7.608333333333334,2.2888960014572466,7.608333333333071,48.324190512696404
7.612500000000001,2.2849034817304625,7.612499999999738,48.322838546458684
7.616666666666667,2.280917616975526,7.616666666666404,48.32148394923973
7.620833333333334,2.27693839717961,7.620833333333071,48.320126716112085
7.625,2.2729658123409364,7.624999999999737,48.318766842140604
7.629166666666667,2.268999852468779,7.6291666666664035,48.31740432238237
7.633333333333334,2.2650405075834588,7.63333333333307,48.316039151886706
7.6375,2.261087767716345,7.637499999999736,48.31467132569518
7.641666666666667,2.2571416229098538,7.641666666666403,48.31330083884161
7.645833333333333,2.2532020632174494,7.645833333333069,48.3119276863521
7.650000000000001,2.2492690787036396,7.649999999999736,48.310551863244946
7.654166666666668,2.2453426594439807,7.654166666666402,48.30917336453074
7.658333333333334,2.24142279552507,7.6583333333330685,48.3077921852123
7.6625000000000005,2.23750947704455,7.662499999999735,48.30640832010903
7.666666666666667,2.233602694111105,7.666666666666401,48.305021763570814
7.670833333333334,2.2297024368444616,7.670833333333068,48.303632510348
7.675000000000001,2.225808695375391,7.674999999999734,48.302240555206076
7.679166666666667,2.221921459845701,7.679166666666401,48.300845892888574
7.683333333333334,2.2180407204082404,7.683333333333067,48.2994485181172
7.6875,2.2141664672268986,7.6874999999997335,48.29804842559176
7.691666666666667,2.2102986904766,7.6916666666664,48.29664560999017
7.695833333333334,2.2064373803433126,7.695833333333066,48.295240065968514
7.7,2.202582527024036,7.699999999999733,48.29383178816097
7.704166666666667,2.198734120726808,7.704166666666399,48.29242077117987
7.708333333333333,2.194892151670704,7.708333333333066,48.29100700961563
7.712500000000001,2.191056610085828,7.712499999999732,48.28959049808289
7.716666666666668,2.187227486213327,7.7166666666663986,48.28817123213033
7.720833333333334,2.183404770305376,7.720833333333065,48.28674920694362
7.7250000000000005,2.1795884526251816,7.724999999999731,48.28532441738225
7.729166666666667,2.1757785234597127,7.729166666666398,48.28389685830894
7.733333333333334,2.171974973200837,7.733333333333064,48.2824665245897
7.737500000000001,2.168177792176187,7.737499999999731,48.281033411093766
7.741666666666667,2.1643869707023407,7.741666666666397,48.279597512693634
7.745833333333334,2.1606024991070996,7.745833333333064,48.278158824265084
7.75,2.1568243677294836,7.74999999999973,48.2767173406871
7.754166666666667,2.153052566919729,7.754166666666396,48.27527305684194
7.758333333333334,2.149287087039298,7.758333333333063,48.273825967615096
7.7625,2.145527918460862,7.762499999999729,48.27237606789532
7.766666666666667,2.1417750515683136,7.766666666666396,48.270923352383285
7.770833333333333,2.13802847675676,7.770833333333062,48.2694678155716
7.775000000000001,2.134288184432525,7.774999999999729,48.26800945222116
7.779166666666668,2.130554165013146,7.779166666666395,48.26654825709183
7.783333333333334,2.126826408927376,7.783333333333061,48.265084224937205
7.7875000000000005,2.12310490661518,7.787499999999728,48.26361735050448
7.791666666666667,2.119389648527736,7.791666666666394,48.26214762853449
7.795833333333334,2.115680625127434,7.795833333333061,48.26067505376172
7.800000000000001,2.1119778268878786,7.799999999999727,48.25919962091433
7.804166666666667,2.1082812442938796,7.804166666666394,48.257721324714076
7.808333333333334,2.104590867841461,7.80833333333306,48.25624015987638
7.8125,2.100906688037855,7.812499999999726,48.25475612111031
7.816666666666667,2.0972286954015007,7.816666666666393,48.253269203074126
7.820833333333334,2.09355688046205,7.820833333333059,48.25177940008075
7.825,2.0898912337603575,7.824999999999726,48.250286706636984
7.829166666666667,2.086231745848488,7.829166666666392,48.24879111730188
7.833333333333333,2.0825784072897098,7.833333333333059,48.247292626619384
7.837500000000001,2.078931208658497,7.837499999999725,48.24579122911848
7.841666666666668,2.075290140540531,7.8416666666663914,48.24428691931308
7.845833333333334,2.071655193532696,7.845833333333058,48.24277969170211
7.8500000000000005,2.068026358243078,7.849999999999724,48.24126954076942
7.854166666666667,2.0644036252909665,7.854166666666391,48.239756460983884
7.858333333333334,2.060786985306856,7.858333333333057,48.23824044679934
7.862500000000001,2.05717642893244,7.862499999999724,48.23672149265458
7.866666666666667,2.0535719468206133,7.86666666666639,48.23519960059008
7.870833333333334,2.049973529635471,7.8708333333330565,48.23367474781837
7.875,2.0463811680523083,7.874999999999723,48.2321469392906
7.879166666666667,2.042794852757618,7.879166666666389,48.23061616940299
7.883333333333334,2.0392145744490957,7.883333333333056,48.22908243255182
7.8875,2.0356403238356284,7.887499999999722,48.22754572313346
7.891666666666667,2.032072091637304,7.891666666666389,48.22600603554431
7.895833333333333,2.028509868585406,7.895833333333055,48.22446336418083
7.900000000000001,2.0249536454224137,7.8999999999997215,48.22291770343953
7.904166666666668,2.0214034129020026,7.904166666666388,48.22136904771702
7.908333333333334,2.017859161789042,7.908333333333054,48.21981739140989
7.9125000000000005,2.014320882859595,7.912499999999721,48.218262728914866
7.916666666666667,2.010788566900917,7.916666666666387,48.216705054628676
7.920833333333334,2.007262204711457,7.920833333333054,48.215144362929166
7.925000000000001,2.0037417874545107,7.92499999999972,48.21358064813182
7.929166666666667,2.000227305687823,7.9291666666663865,48.212013904610075
7.933333333333334,1.996718750181381,7.933333333333053,48.21044412674462
7.9375,1.9932161117792315,7.937499999999719,48.20887130891616
7.941666666666667,1.9897193813366194,7.941666666666386,48.207295445505494
7.945833333333334,1.986228549719992,7.945833333333052,48.205716530893454
7.95,1.9827436078069922,7.949999999999719,48.20413455946094
7.954166666666667,1.9792645464864613,7.954166666666385,48.2025495255889
7.958333333333333,1.9757913566584386,7.9583333333330515,48.200961423658356
7.962500000000001,1.9723240292341595,7.962499999999718,48.199370248050386
7.966666666666668,1.9688625551360577,7.966666666666384,48.1977759931461
7.970833333333334,1.9654069252977597,7.970833333333051,48.196178653154625
7.9750000000000005,1.9619571306640893,7.974999999999717,48.19457822181882
7.979166666666667,1.9585131621910623,7.979166666666384,48.192974693346606
7.983333333333334,1.9550750108458896,7.98333333333305,48.19136806199047
7.987500000000001,1.951642667606978,7.9874999999997165,48.18975832200302
7.991666666666667,1.9482161234639233,7.991666666666383,48.18814546763692
7.995833333333334,1.9447953694175129,7.995833333333049,48.18652949314489
8.0,1.9413803964797294,7.999999999999716,48.18491039277971
8.004166666666668,1.9379711956737415,8.004166666666382,48.183288160794234
8.008333333333335,1.9345677580339136,8.008333333333049,48.1816627914414
8.012500000000001,1.9311700746057963,8.012499999999715,48.180034278974155
8.016666666666667,1.92777813644613,8.016666666666382,48.178402617645595
8.020833333333334,1.9243919346228429,8.020833333333048,48.176767801532115
8.025,1.921011460215052,8.024999999999714,48.175129824318965
8.029166666666667,1.9176367043130642,8.02916666666638,48.173488680112555
8.033333333333333,1.9142676580183686,8.033333333333047,48.17184436305009
8.0375,1.910904312443643,8.037499999999714,48.17019686726887
8.041666666666666,1.9075466587127505,8.04166666666638,48.16854618690625
8.045833333333334,1.904194687960739,8.045833333333047,48.16689231609961
8.05,1.9008483913338432,8.049999999999713,48.16523524898646
8.054166666666667,1.8975077599894794,8.05416666666638,48.163574979704364
8.058333333333334,1.894172785096246,8.058333333333046,48.161911502390915
8.0625,1.8908434578339277,8.062499999999712,48.16024481118382
8.066666666666668,1.8875197693934884,8.066666666666379,48.15857490022083
8.070833333333335,1.8842017109770772,8.070833333333045,48.156901763444104
8.075000000000001,1.8808892737980212,8.074999999999712,48.15522539444489
8.079166666666667,1.8775824490808297,8.079166666666378,48.15354578722537
8.083333333333334,1.8742812280611902,8.083333333333044,48.151862935809866
8.0875,1.8709856019859714,8.08749999999971,48.150176834222755
8.091666666666667,1.8676955621132216,8.091666666666377,48.1484874764885
8.095833333333333,1.8644110997121661,8.095833333333044,48.14679485663161
8.1,1.8611322060632072,8.09999999999971,48.14509896867668
8.104166666666666,1.8578588724579268,8.104166666666377,48.14339980664837
8.108333333333334,1.8545910901990807,8.108333333333043,48.14169736457143
8.1125,1.8513288506006036,8.11249999999971,48.13999163647063
8.116666666666667,1.8480721449876045,8.116666666666376,48.13828261637088
8.120833333333334,1.8448209646963674,8.120833333333042,48.13657029784611
8.125,1.841575301074351,8.124999999999709,48.13485467388261
8.129166666666668,1.8383351454801873,8.129166666666375,48.133135738348976
8.133333333333335,1.8351004892836833,8.133333333333042,48.131413485145984
8.137500000000001,1.8318713238658173,8.137499999999708,48.1296879081745
8.141666666666667,1.828647640618742,8.141666666666374,48.127959001335476
8.145833333333334,1.8254294309457784,8.14583333333304,48.1262267585299
8.15,1.8222166862614215,8.149999999999707,48.12449117365885
8.154166666666667,1.819009397657179,8.154166666666374,48.1227522406235
8.158333333333333,1.8158075549926833,8.15833333333304,48.121009953325036
8.1625,1.8126111514800054,8.162499999999707,48.11926430566479
8.166666666666666,1.809420178574,8.166666666666373,48.11751529154412
8.170833333333334,1.8062346277406378,8.17083333333304,48.11576290486449
8.175,1.803054490457008,8.174999999999706,48.114007139527395
8.179166666666667,1.799879758211311,8.179166666666372,48.11224798943447
8.183333333333334,1.7967104225028636,8.183333333333039,48.11048544848735
8.1875,1.7935464748420962,8.187499999999705,48.1087195105878
8.191666666666668,1.790387906750552,8.191666666666372,48.10695016963765
8.195833333333335,1.7872347097608883,8.195833333333038,48.10517741953877
8.200000000000001,1.7840868754168733,8.199999999999704,48.10340125419314
8.204166666666667,1.7809443952733883,8.20416666666637,48.101621667502826
8.208333333333334,1.7778072608964235,8.208333333333037,48.099838653369936
8.2125,1.774675463863081,8.212499999999704,48.098052205696675
8.216666666666667,1.7715489957615758,8.21666666666637,48.0962623172548
8.220833333333333,1.7684278481912272,8.220833333333037,48.09446898009547
8.225,1.7653120127624669,8.224999999999703,48.092672187861346
8.229166666666666,1.762201481096834,8.22916666666637,48.090871934211975
8.233333333333334,1.7590962448269747,8.233333333333036,48.0890682128069
8.2375,1.7559962955966446,8.237499999999702,48.08726101730581
8.241666666666667,1.752901625060705,8.241666666666369,48.08545034136848
8.245833333333334,1.7498122248851233,8.245833333333035,48.083636178654686
8.25,1.746728086746973,8.249999999999702,48.081818522824385
8.254166666666668,1.7436492023344314,8.254166666666368,48.07999736753753
8.258333333333335,1.7405755633467832,8.258333333333034,48.078172706454204
8.262500000000001,1.7375071614944158,8.2624999999997,48.076344533234575
8.266666666666667,1.7344439884988196,8.266666666666367,48.07451284153885
8.270833333333334,1.7313860360925897,8.270833333333034,48.072677625027346
8.275,1.728333296019421,8.2749999999997,48.07083887736047
8.279166666666667,1.7252857600341145,8.279166666666367,48.06899659219869
8.283333333333333,1.7222434199025694,8.283333333333033,48.06715076320256
8.2875,1.719206267401788,8.2874999999997,48.06530138403272
8.291666666666666,1.716174294319871,8.291666666666366,48.0634484483499
8.295833333333334,1.713147492456021,8.295833333333032,48.061591949814904
8.3,1.7101258536205401,8.299999999999699,48.059731882088606
8.304166666666667,1.7071093696348274,8.304166666666365,48.05786823883198
8.308333333333334,1.7040980323313817,8.308333333333032,48.05600101370611
8.3125,1.701091833553801,8.312499999999698,48.054130198939205
8.316666666666668,1.6980907651567771,8.316666666666364,48.052255786556714
8.320833333333335,1.6950948190061044,8.32083333333303,48.05037776997322
8.325000000000001,1.6921039869786678,8.324999999999697,48.04849614260346
8.329166666666667,1.6891182609624515,8.329166666666364,48.04661089786231
8.333333333333334,1.6861376328565336,8.33333333333303,48.04472202916465
8.3375,1.683162094571088,8.337499999999697,48.04282952992554
8.341666666666667,1.6801916380273834,8.341666666666363,48.04093339356005
8.345833333333333,1.6772262551577817,8.34583333333303,48.039033613483376
8.35,1.6742659379057379,8.349999999999696,48.03713018311077
8.354166666666666,1.6713106782257996,8.354166666666362,48.035223095857624
8.358333333333334,1.6683604680836077,8.358333333333029,48.033312345139365
8.3625,1.665415299455895,8.362499999999695,48.03139792437153
8.366666666666667,1.6624751643304858,8.366666666666362,48.029479826969755
8.370833333333334,1.659540054706294,8.370833333333028,48.027558046349746
8.375,1.6566099625933255,8.374999999999694,48.0256325759273
8.379166666666668,1.653684880012674,8.379166666666361,48.023703409118305
8.383333333333335,1.650764798996526,8.383333333333027,48.02177053933875
8.387500000000001,1.6478497083996042,8.387499999999694,48.0198339600047
8.391666666666667,1.644939599453645,8.39166666666636,48.01789366453232
8.395833333333334,1.642034467770968,8.395833333333027,48.01594964633785
8.4,1.6391343054147505,8.399999999999693,48.01400189883762
8.404166666666667,1.6362391044591034,8.40416666666636,48.012050291361035
8.408333333333333,1.6333488569890673,8.408333333333026,48.01009508409753
8.4125,1.6304635551006137,8.412499999999692,48.008136121993864
8.416666666666666,1.6275831909006444,8.416666666666359,48.00617339844918
8.420833333333334,1.6247077565069903,8.420833333333025,48.0042069068517
8.425,1.6218372440484135,8.424999999999692,48.00223664057871
8.429166666666667,1.6189716456646015,8.429166666666358,48.00026259299657
8.433333333333334,1.6161109535061737,8.433333333333024,47.998284757460716
8.4375,1.6132551597346754,8.437499999999691,47.996303127315656
8.441666666666668,1.6104042565225791,8.441666666666357,47.99431769589499
8.445833333333335,1.6075582360532858,8.445833333333024,47.99232845652138
8.450000000000001,1.6047170905211214,8.44999999999969,47.990335402506545
8.454166666666667,1.6018808121313388,8.454166666666357,47.98833852715131
8.458333333333334,1.5990493931001166,8.458333333333023,47.986337823745586
8.4625,1.596222825654556,8.46249999999969,47.98433328556832
8.466666666666667,1.5934011020326884,8.466666666666356,47.98232490588755
8.470833333333333,1.5905842144834643,8.470833333333022,47.98031267796043
8.475,1.58777215526676,8.474999999999689,47.97829659503312
8.479166666666666,1.5849649166533752,8.479166666666355,47.97627665034093
8.483333333333334,1.582162490925031,8.483333333333022,47.9742528371082
8.4875,1.5793648703743741,8.487499999999688,47.97222514854838
8.491666666666667,1.5765720473049705,8.491666666666355,47.97019357786398
8.495833333333334,1.573784014031309,8.495833333333021,47.9681581182466
8.5,1.5710007628787992,8.499999999999687,47.9661187628127
8.504166666666668,1.5682222861837698,8.504166666666354,47.964075502560185
8.508333333333335,1.5654485762934738,8.50833333333302,47.9620283294578
8.512500000000001,1.562679625566081,8.512499999999687,47.95997723647748
8.516666666666667,1.5599154263706805,8.516666666666353,47.95792221657719
8.520833333333334,1.5571559710872815,8.52083333333302,47.95586326270095
8.525,1.5544012521068105,8.524999999999686,47.953800367778875
8.529166666666667,1.5516512618311138,8.529166666666352,47.95173352472709
8.533333333333333,1.5489059926729545,8.533333333333019,47.949662726447826
8.5375,1.5461654370560125,8.537499999999685,47.94758796582937
8.541666666666666,1.5434295874148851,8.541666666666352,47.945509235746016
8.545833333333334,1.540698436195085,8.545833333333018,47.94342652905818
8.55,1.5379719758530428,8.549999999999685,47.94133983861234
8.554166666666667,1.5352501988561034,8.554166666666351,47.93924915724099
8.558333333333334,1.5325330976825262,8.558333333333017,47.93715447776272
8.5625,1.5298206648214858,8.562499999999684,47.93505579298218
8.566666666666668,1.5271128927730713,8.56666666666635,47.93295309569008
8.570833333333335,1.5244097740482865,8.570833333333017,47.9308463786632
8.575000000000001,1.521711301169047,8.574999999999683,47.92873563466434
8.579166666666667,1.5190174666681817,8.57916666666635,47.926620856442455
8.583333333333334,1.5163282630894332,8.583333333333016,47.92450203673248
8.5875,1.513643682987454,8.587499999999682,47.92237916825545
8.591666666666667,1.5109637189278122,8.591666666666349,47.92025224371849
8.595833333333333,1.5082883634869837,8.595833333333015,47.918121255814725
8.6,1.505617609252356,8.599999999999682,47.91598619722342
8.604166666666666,1.502951448822229,8.604166666666348,47.91384706060986
8.608333333333334,1.500289874805809,8.608333333333015,47.911703838625414
8.6125,1.4976328798232175,8.612499999999681,47.90955652390752
8.616666666666667,1.4949804565054807,8.616666666666347,47.90740510907969
8.620833333333334,1.4923325877867983,8.620833333333014,47.90524958675147
8.625,1.489689272461657,8.62499999999968,47.90308994951854
8.629166666666668,1.487050505912667,8.629166666666347,47.90092618996256
8.633333333333335,1.4844162807902164,8.633333333333013,47.89875830065136
8.637500000000001,1.4817865897553175,8.63749999999968,47.89658627413877
8.641666666666667,1.4791614254796062,8.641666666666346,47.89441010296471
8.645833333333334,1.4765407806453446,8.645833333333012,47.892229779655196
8.65,1.4739246479454162,8.649999999999679,47.89004529672227
8.654166666666667,1.4713130200833313,8.654166666666345,47.88785664666409
8.658333333333333,1.4687058897732204,8.658333333333012,47.88566382196485
8.6625,1.4661032497398379,8.662499999999678,47.883466815094835
8.666666666666666,1.46350509271856,8.666666666666345,47.881265618510426
8.670833333333334,1.4609114114553847,8.670833333333011,47.87906022465402
8.675,1.4583221987069337,8.674999999999677,47.87685062595416
8.679166666666667,1.4557374472404467,8.679166666666344,47.87463681482541
8.683333333333334,1.453157149833786,8.68333333333301,47.872418783668415
8.6875,1.4505812992754346,8.687499999999677,47.87019652486991
8.691666666666668,1.4480098883644927,8.691666666666343,47.86797003080274
8.695833333333335,1.445442909910685,8.69583333333301,47.86573929382574
8.700000000000001,1.442880356734351,8.699999999999676,47.8635043062839
8.704166666666667,1.4403222216664517,8.704166666666342,47.861265060508245
8.708333333333334,1.4377684975485656,8.708333333333009,47.85902154881592
8.7125,1.4352191772328884,8.712499999999675,47.85677376351009
8.716666666666667,1.4326742535822368,8.716666666666342,47.85452169688004
8.720833333333333,1.4301337194700412,8.720833333333008,47.852265341201125
8.725,1.4275975677803512,8.724999999999675,47.85000468873478
8.729166666666666,1.4250657914078328,8.729166666666341,47.847739731728524
8.733333333333334,1.4225383832577667,8.733333333333007,47.84547046241594
8.7375,1.4200153362460526,8.737499999999674,47.843196872958956
8.741666666666667,1.417496643299203,8.74166666666634,47.84091895536671
8.745833333333334,1.4149822973543469,8.745833333333007,47.83863670176738
8.75,1.4124722913592274,8.749999999999673,47.83635010428248
8.754166666666668,1.409966618272202,8.75416666666634,47.83405915501617
8.758333333333335,1.4074652710622442,8.758333333333006,47.83176384605523
8.762500000000001,1.4049682427089387,8.762499999999672,47.8294641694691
8.766666666666667,1.4024755262024857,8.766666666666339,47.82716011730986
8.770833333333334,1.399987114543697,8.770833333333005,47.82485168161221
8.775,1.3975030007439961,8.774999999999672,47.82253885439349
8.779166666666667,1.3950231778254223,8.779166666666338,47.820221627653744
8.783333333333333,1.3925476388206242,8.783333333333005,47.8178999933756
8.7875,1.390076376772862,8.787499999999671,47.81557394352433
8.791666666666666,1.3876093847360078,8.791666666666337,47.81324347004792
8.795833333333334,1.385146655774544,8.795833333333004,47.81090856503279
8.8,1.3826881829635655,8.79999999999967,47.80856922120615
8.804166666666667,1.380233959388775,8.804166666666337,47.80622543076484
8.808333333333334,1.3777839781464858,8.808333333333003,47.803877185816084
8.8125,1.3753382323436207,8.81249999999967,47.80152447846383
8.816666666666668,1.3728967150977112,8.816666666666336,47.79916730080881
8.820833333333335,1.3704594195369,8.820833333333002,47.796805644948485
8.825000000000001,1.368026338799935,8.824999999999669,47.79443950297708
8.829166666666667,1.3655974660361734,8.829166666666335,47.792068866985524
8.833333333333334,1.3631727944055811,8.833333333333002,47.78969372906156
8.8375,1.3607523170787288,8.837499999999668,47.78731408128963
8.841666666666667,1.3583360272367986,8.841666666666335,47.78492991575092
8.845833333333333,1.3559239180715752,8.845833333333001,47.78254122452341
8.85,1.3535159813554734,8.849999999999667,47.78014799968175
8.854166666666666,1.35111219547373,8.854166666666334,47.7777502332268
8.858333333333334,1.3487125687507058,8.858333333333,47.77534791662254
8.8625,1.3463170943870482,8.862499999999667,47.772941041663444
8.866666666666667,1.343925765593613,8.866666666666333,47.77052960023858
8.870833333333334,1.3415385755914673,8.870833333333,47.76811358422307
8.875,1.3391555176118877,8.874999999999666,47.76569298547804
8.879166666666668,1.3367765848963598,8.879166666666332,47.76326779585059
8.883333333333335,1.3344017706965812,8.883333333332999,47.76083800717388
8.887500000000001,1.332031068274457,8.887499999999665,47.75840361126711
8.891666666666667,1.3296644709020988,8.891666666666332,47.75596459993545
8.895833333333334,1.3273019718618302,8.895833333332998,47.7535209649701
8.9,1.3249435644461804,8.899999999999665,47.75107269814827
8.904166666666667,1.3225892419578882,8.904166666666331,47.74861979123323
8.908333333333333,1.3202389977098974,8.908333333332997,47.746162235974225
8.9125,1.3178928250253608,8.912499999999664,47.74370002409678
8.916666666666666,1.315550717237637,8.91666666666633,47.74123314716494
8.920833333333334,1.3132126676902902,8.920833333332997,47.73876159679668
8.925,1.3108786697370935,8.924999999999663,47.736285364637816
8.929166666666667,1.308548716742023,8.92916666666633,47.73380444231732
8.933333333333334,1.306222802079261,8.933333333332996,47.73131882144712
8.9375,1.3039009191331952,8.937499999999662,47.728828493622274
8.941666666666668,1.301583061298417,8.941666666666329,47.726333450420874
8.945833333333335,1.2992692219797242,8.945833333332995,47.72383368340405
8.950000000000001,1.2969593945921172,8.949999999999662,47.72132918411603
8.954166666666667,1.2946535725608004,8.954166666666328,47.71881994408408
8.958333333333334,1.292351749321182,8.958333333332995,47.71630595481854
8.9625,1.2900539183188726,8.962499999999661,47.71378720781281
8.966666666666667,1.287760073009688,8.966666666666328,47.71126369454337
8.970833333333333,1.2854702068596433,8.970833333332994,47.70873542211219
8.975,1.2831843133449583,8.97499999999966,47.70620234700641
8.979166666666666,1.2809023859520534,8.979166666666327,47.70366448139938
8.983333333333334,1.2786244181775501,8.983333333332993,47.70112181668959
8.9875,1.2763504035282738,8.98749999999966,47.698574344275706
8.991666666666667,1.274080335521248,8.991666666666326,47.69602205555648
8.995833333333334,1.2718142076836982,8.995833333332993,47.69346494193088
9.0,1.2695520135530503,8.999999999999659,47.69090299479794
9.004166666666668,1.2672937466769296,9.004166666666325,47.688336205556894
9.008333333333335,1.2650394006131616,9.008333333332992,47.68576456560711
9.012500000000001,1.2627889689297715,9.012499999999658,47.683188066348094
9.016666666666667,1.2605424452049834,9.016666666666325,47.680606699179485
9.020833333333334,1.258299823027219,9.020833333332991,47.678020455501084
9.025,1.2560610959951006,9.024999999999658,47.67542932671286
9.029166666666667,1.2538262577174477,9.029166666666324,47.672833304214436
9.033333333333333,1.2515953018132773,9.03333333333299,47.67023237924366
9.0375,1.2493682219118043,9.037499999999657,47.66762654303785
9.041666666666666,1.2471450116524418,9.041666666666323,47.66501578695127
9.045833333333334,1.244925664684798,9.04583333333299,47.66240010233829
9.05,1.24271017466868,9.049999999999656,47.659779480553425
9.054166666666667,1.2404985352740896,9.054166666666323,47.65715391295139
9.058333333333334,1.2382907401812258,9.058333333332989,47.654523390886986
9.0625,1.2360867830804823,9.062499999999655,47.65188790571525
9.066666666666668,1.2338866576724492,9.066666666666322,47.649247448791286
9.070833333333335,1.231690357667912,9.070833333332988,47.64660201147044
9.075000000000001,1.2294978767878506,9.074999999999655,47.64395158510813
9.079166666666667,1.2273092087634392,9.079166666666321,47.64129616105467
9.083333333333334,1.2251243394986309,9.083333333332988,47.638635730006854
9.0875,1.2229432575844605,9.087499999999654,47.63597028274089
9.091666666666667,1.2207659684326009,9.09166666666632,47.63329981043715
9.095833333333333,1.2185924657761016,9.095833333332987,47.63062430427619
9.1,1.2164227433577508,9.099999999999653,47.62794375543874
9.104166666666666,1.2142567949300738,9.10416666666632,47.62525815510571
9.108333333333334,1.2120946142553324,9.108333333332986,47.62256749445813
9.1125,1.2099361951055276,9.112499999999653,47.61987176467726
9.116666666666667,1.2077815312623954,9.116666666666319,47.617170956944484
9.120833333333334,1.2056306165174084,9.120833333332985,47.61446506244138
9.125,1.2034834446717757,9.124999999999652,47.611754072349704
9.129166666666668,1.2013400095364406,9.129166666666318,47.60903797784233
9.133333333333335,1.199200304932085,9.133333333332985,47.606316769524284
9.137500000000001,1.1970643246891244,9.137499999999651,47.60359043812933
9.141666666666667,1.1949320626477076,9.141666666666318,47.600858974694624
9.145833333333334,1.1928035126577217,9.145833333332984,47.59812237025751
9.15,1.1906786685787838,9.14999999999965,47.59538061585547
9.154166666666667,1.1885575242802495,9.154166666666317,47.5926337025262
9.158333333333333,1.1864400736412057,9.158333333332983,47.58988162130753
9.1625,1.1843263105504738,9.16249999999965,47.58712436323748
9.166666666666666,1.1822162289066074,9.166666666666316,47.58436191935427
9.170833333333334,1.180109822617894,9.170833333332983,47.58159428069625
9.175,1.178007085602355,9.174999999999649,47.578821438301965
9.179166666666667,1.1759080117877416,9.179166666666315,47.57604338319418
9.183333333333334,1.1738125951115392,9.183333333332982,47.57326010578224
9.1875,1.1717208295209647,9.187499999999648,47.570471596669975
9.191666666666668,1.1696327089729655,9.191666666666315,47.56767784674582
9.195833333333335,1.1675482274342228,9.195833333332981,47.564878846898374
9.200000000000001,1.165467378881147,9.199999999999648,47.562074588016415
9.204166666666667,1.163390157299879,9.204166666666314,47.559265060988864
9.208333333333334,1.1613165566862924,9.20833333333298,47.556450256704885
9.2125,1.1592465710459883,9.212499999999647,47.55363016605378
9.216666666666667,1.1571801943943008,9.216666666666313,47.550804779925016
9.220833333333333,1.1551174207562915,9.22083333333298,47.54797408920828
9.225,1.1530582441667532,9.224999999999646,47.545138084793415
9.229166666666666,1.151002658670206,9.229166666666313,47.54229675754311
9.233333333333334,1.1489506583208997,9.233333333332979,47.53945009760953
9.2375,1.1469022371828144,9.237499999999645,47.53659809542909
9.241666666666667,1.144857389329657,9.241666666666312,47.533740741726035
9.245833333333334,1.1428161088448627,9.245833333332978,47.53087802722491
9.25,1.1407783898215953,9.249999999999645,47.52800994265034
9.254166666666668,1.1387442263627447,9.254166666666311,47.52513647872722
9.258333333333335,1.136713612580931,9.258333333332978,47.52225762618058
9.262500000000001,1.1346865425984987,9.262499999999644,47.51937337573565
9.266666666666667,1.1326630105475206,9.26666666666631,47.51648371811785
9.270833333333334,1.1306430105697958,9.270833333332977,47.51358864405279
9.275,1.128626536816849,9.274999999999643,47.510688144266275
9.279166666666667,1.1266135834499333,9.27916666666631,47.50778220948394
9.283333333333333,1.1246041446400254,9.283333333332976,47.50487082986358
9.2875,1.1225982145678286,9.287499999999643,47.50195399550339
9.291666666666666,1.1205957874237702,9.291666666666309,47.49903169696207
9.295833333333334,1.1185968574080045,9.295833333332975,47.496103924798454
9.3,1.1166014187304099,9.299999999999642,47.493170669571604
9.304166666666667,1.1146094656105898,9.304166666666308,47.49023192184075
9.308333333333334,1.11262099227787,9.308333333332975,47.48728767216536
9.3125,1.1106359929713032,9.312499999999641,47.48433791110504
9.316666666666668,1.1086544466707429,9.316666666666308,47.48138262921963
9.320833333333335,1.1066763552421897,9.320833333332974,47.47842181706917
9.325000000000001,1.1047017191477226,9.32499999999964,47.47545546521388
9.329166666666667,1.1027305326231647,9.329166666666307,47.47248356421417
9.333333333333334,1.100762789913571,9.333333333332973,47.46950610427508
9.3375,1.0987984852732284,9.33749999999964,47.46652307518391
9.341666666666667,1.0968376129656554,9.341666666666306,47.46353446732032
9.345833333333333,1.0948801672636002,9.345833333332973,47.46054027108016
9.35,1.092926142449043,9.349999999999639,47.457540476859464
9.354166666666666,1.0909755328131943,9.354166666666305,47.45453507505446
9.358333333333334,1.0890283326564938,9.358333333332972,47.451524056061615
9.3625,1.0870845362886141,9.362499999999638,47.44850741027756
9.366666666666667,1.085144138028455,9.366666666666305,47.44548512809914
9.370833333333334,1.0832071322041468,9.370833333332971,47.442457199923425
9.375,1.0812735131530484,9.374999999999638,47.43942361614767
9.379166666666668,1.079343275221749,9.379166666666304,47.43638436716933
9.383333333333335,1.0774164127660677,9.38333333333297,47.43333943282234
9.387500000000001,1.0754929201510495,9.387499999999637,47.43028882651319
9.391666666666667,1.0735727917509694,9.391666666666303,47.427232524121685
9.395833333333334,1.0716560219493305,9.39583333333297,47.42417051601698
9.4,1.0697426051388634,9.399999999999636,47.42110279255457
9.404166666666667,1.067832535721528,9.404166666666303,47.418029344076444
9.408333333333333,1.0659258081085097,9.408333333332969,47.41495016091096
9.4125,1.0640224167202224,9.412499999999635,47.411865233372914
9.416666666666666,1.0621223559863062,9.416666666666302,47.408774551763514
9.420833333333334,1.0602256203456288,9.420833333332968,47.405678106370395
9.425,1.0583322042462844,9.424999999999635,47.40257588746763
9.429166666666667,1.0564421021455932,9.429166666666301,47.39946788531566
9.433333333333334,1.0545553085101018,9.433333333332968,47.39635409000475
9.4375,1.0526718178155825,9.437499999999634,47.393234490363724
9.441666666666668,1.0507916245470332,9.4416666666663,47.390109076197895
9.445833333333335,1.0489147231986782,9.445833333332967,47.386977837611106
9.450000000000001,1.0470411082739652,9.449999999999633,47.383840764691854
9.454166666666667,1.0451707742855691,9.4541666666663,47.380697847513275
9.458333333333334,1.0433037157553882,9.458333333332966,47.37754907613319
9.4625,1.0414399272145443,9.462499999999633,47.37439444059402
9.466666666666667,1.039579403203387,9.466666666666299,47.37123393092286
9.470833333333333,1.037722138271487,9.470833333332966,47.368067537131466
9.475,1.0358681269776395,9.474999999999632,47.36489524921625
9.479166666666666,1.034017363889864,9.479166666666298,47.36171705715823
9.483333333333334,1.0321698435854028,9.483333333332965,47.358532950923156
9.4875,1.0303255606507224,9.487499999999631,47.35534292046137
9.491666666666667,1.0284845096815114,9.491666666666298,47.352146955707894
9.495833333333334,1.0266466852826814,9.495833333332964,47.348945046582415
9.5,1.024812082068367,9.49999999999963,47.34573718298926
9.504166666666668,1.0229806946619244,9.504166666666297,47.342523354817416
9.508333333333335,1.0211525176959328,9.508333333332963,47.33930355194055
9.512500000000001,1.019327545812193,9.51249999999963,47.336077764216974
9.516666666666667,1.0175057736617275,9.516666666666296,47.332845981489655
9.520833333333334,1.0156871959047797,9.520833333332963,47.32960819358622
9.525,1.0138718072108155,9.524999999999629,47.32636439031899
9.529166666666667,1.0120596022585209,9.529166666666296,47.3231145614849
9.533333333333333,1.0102505757358038,9.533333333332962,47.31985869686561
9.5375,1.0084447223397912,9.537499999999628,47.316596786227386
9.541666666666666,1.006642036776832,9.541666666666295,47.313328819321185
9.545833333333334,1.0048425543570032,9.545833333332961,47.310054785882635
9.55,1.0030461622745357,9.549999999999628,47.306774675632035
9.554166666666667,1.0012529209542973,9.554166666666294,47.30348847827433
9.558333333333334,0.9994628250826407,9.55833333333296,47.30019618349917
9.5625,0.9976758693551209,9.562499999999627,47.29689778098083
9.566666666666668,0.9958920484764832,9.566666666666293,47.29359326037831
9.570833333333335,0.9941113571606585,9.57083333333296,47.29028261133522
9.575000000000001,0.992333790130748,9.574999999999626,47.286965823479896
9.579166666666667,0.9905593421190182,9.579166666666293,47.28364288642531
9.583333333333334,0.9887880078668903,9.58333333333296,47.28031378976914
9.5875,0.9870197821249295,9.587499999999626,47.27697852309372
9.591666666666667,0.9852546596528386,9.591666666666292,47.27363707596604
9.595833333333333,0.9834926352194453,9.595833333332958,47.27028943793784
9.6,0.9817337036026953,9.599999999999625,47.26693559854545
9.604166666666666,0.9799778595896407,9.604166666666291,47.26357554730992
9.608333333333334,0.978225097976433,9.608333333332958,47.26020927373699
9.6125,0.976475413568313,9.612499999999624,47.25683676731706
9.616666666666667,0.9747288011795999,9.61666666666629,47.253458017525226
9.620833333333334,0.9729852556336839,9.620833333332957,47.250073013821236
9.625,0.971244771763015,9.624999999999623,47.24668174564957
9.629166666666668,0.9695073444090959,9.62916666666629,47.243284202439355
9.633333333333335,0.9677729684224713,9.633333333332956,47.23988037360441
9.637500000000001,0.9660416386627176,9.637499999999623,47.23647024854324
9.641666666666667,0.9643133499984358,9.64166666666629,47.23305381663905
9.645833333333334,0.9625880973072398,9.645833333332956,47.22963106725972
9.65,0.9608658754757483,9.649999999999622,47.22620198975781
9.654166666666667,0.9591466793995761,9.654166666666288,47.222766573470594
9.658333333333333,0.9574305039833234,9.658333333332955,47.219324807720014
9.6625,0.9557173441405667,9.662499999999621,47.21587668181271
9.666666666666666,0.9540071947938501,9.666666666666288,47.21242218511693
9.670833333333334,0.952300050874675,9.670833333332954,47.20896130707145
9.675,0.9505959073234918,9.67499999999962,47.20549403695432
9.679166666666667,0.9488947590896902,9.679166666666287,47.20202036402411
9.683333333333334,0.9471966011315888,9.683333333332953,47.198540277524266
9.6875,0.9455014284164269,9.68749999999962,47.195053766683195
9.691666666666668,0.9438092359203551,9.691666666666286,47.191560820714216
9.695833333333335,0.9421200186284259,9.695833333332953,47.18806142881557
9.700000000000001,0.9404337715345835,9.69999999999962,47.184555580170446
9.704166666666667,0.9387504896416553,9.704166666666286,47.181043263946904
9.708333333333334,0.9370701679613427,9.708333333332952,47.177524469298
9.7125,0.9353928015142099,9.712499999999618,47.17399918536167
9.716666666666667,0.9337183853296787,9.716666666666285,47.170467401260815
9.720833333333333,0.9320469144460138,9.720833333332951,47.16692910610324
9.725,0.9303783839103176,9.724999999999618,47.163384288981675
9.729166666666666,0.9287127887785185,9.729166666666284,47.15983293897381
9.733333333333334,0.9270501241153629,9.73333333333295,47.15627504514225
9.7375,0.9253903849944061,9.737499999999617,47.152710596534554
9.741666666666667,0.9237335664980001,9.741666666666283,47.14913958218319
9.745833333333334,0.9220796637172886,9.74583333333295,47.14556199110555
9.75,0.9204286717521937,9.749999999999616,47.14197781230404
9.754166666666668,0.918780585711409,9.754166666666283,47.13838703476592
9.758333333333335,0.9171354007123902,9.75833333333295,47.134789647463414
9.762500000000001,0.9154931118813436,9.762499999999616,47.13118563935371
9.766666666666667,0.9138537143532197,9.766666666666282,47.127574999378915
9.770833333333334,0.9122172032717007,9.770833333332948,47.12395771646607
9.775,0.910583573789194,9.774999999999615,47.12033377952718
9.779166666666667,0.9089528156409618,9.779166666666281,47.11670317745919
9.783333333333333,0.9073249172069408,9.783333333332948,47.11306589914396
9.7875,0.9056998845932964,9.787499999999614,47.109421933448345
9.791666666666666,0.9040777129398838,9.79166666666628,47.105771269224114
9.795833333333334,0.9024583973942911,9.795833333332947,47.10211389530799
9.8,0.9008419331118246,9.799999999999613,47.09844980052165
9.804166666666667,0.8992283152554869,9.80416666666628,47.09477897367172
9.808333333333334,0.897617538995963,9.808333333332946,47.09110140354976
9.8125,0.8960095995116019,9.812499999999613,47.0874170789323
9.816666666666668,0.8944044919883971,9.81666666666628,47.08372598858082
9.820833333333335,0.892802211619973,9.820833333332946,47.080028121241746
9.825000000000001,0.891202753607563,9.824999999999612,47.07632346564647
9.829166666666667,0.889606113159995,9.829166666666278,47.07261201051132
9.833333333333334,0.888012285493673,9.833333333332945,47.06889374453762
9.8375,0.8864212658325581,9.837499999999611,47.06516865641161
9.841666666666667,0.884833049408155,9.841666666666278,47.06143673480449
9.845833333333333,0.8832476314594897,9.845833333332944,47.05769796837246
9.85,0.8816650072330946,9.84999999999961,47.05395234575664
9.854166666666666,0.8800851719829904,9.854166666666277,47.05019985558312
9.858333333333334,0.8785081209706687,9.858333333332943,47.04644048646296
9.8625,0.8769338494650755,9.86249999999961,47.042674226992204
9.866666666666667,0.8753623527425909,9.866666666666276,47.03890106575181
9.870833333333334,0.8737936260870152,9.870833333332943,47.03512099130774
9.875,0.8722276647895473,9.87499999999961,47.031333992210925
9.879166666666668,0.8706644641487706,9.879166666666276,47.02754005699723
9.883333333333335,0.8691040194706351,9.883333333332942,47.023739174187526
9.887500000000001,0.8675463260684375,9.887499999999608,47.01993133228765
9.891666666666667,0.8659913792628059,9.891666666666275,47.016116519788355
9.895833333333334,0.8644391743816817,9.895833333332941,47.012294725188376
9.9,0.8628897067603016,9.899999999999608,47.008465937730065
9.904166666666667,0.8613429717411815,9.904166666666274,47.004630146289244
9.908333333333333,0.8597989646740963,9.90833333333294,47.00078733936101
9.9125,0.8582576809160658,9.912499999999607,46.99693750542657
9.916666666666666,0.8567191158313342,9.916666666666273,46.99308063295323
9.920833333333334,0.855183264791354,9.92083333333294,46.98921671039439
9.925,0.8536501231747688,9.924999999999606,46.98534572618954
9.929166666666667,0.8521196863673961,9.929166666666273,46.98146766876434
9.933333333333334,0.8505919497622065,9.93333333333294,46.97758252653045
9.9375,0.8490669087593115,9.937499999999606,46.973690287885724
9.941666666666668,0.8475445587659405,9.941666666666272,46.969790941214065
9.945833333333335,0.8460248951964287,9.945833333332939,46.965884474885534
9.950000000000001,0.8445079134721952,9.949999999999605,46.96197087725626
9.954166666666667,0.8429936090217272,9.954166666666271,46.9580501366685
9.958333333333334,0.8414819772805628,9.958333333332938,46.95412224145061
9.9625,0.8399730136912732,9.962499999999604,46.95018717991709
9.966666666666667,0.8384667137034454,9.96666666666627,46.94624494036847
9.970833333333333,0.836963072773664,9.970833333332937,46.94229551109153
9.975,0.8354620863654938,9.974999999999604,46.938338880359034
9.979166666666666,0.8339637499494639,9.97916666666627,46.934375036429934
9.983333333333334,0.832468059003047,9.983333333332936,46.930403967549275
9.9875,0.8309750090106461,9.987499999999603,46.92642566194823
9.991666666666667,0.8294845954635733,9.99166666666627,46.92244010784408
9.995833333333334,0.827996813860034,9.995833333332936,46.91844729344024
10.0,0.826511659705109,9.999999999999602,46.91444720692623
10.004166666666668,0.8250291285107368,10.004166666666269,46.91043983647772
10.008333333333335,0.823549215795698,10.008333333332935,46.90642517025647
10.012500000000001,0.8220719170855944,10.012499999999601,46.90240319641038
10.016666666666667,0.8205972268282856,10.016666666666268,46.89837390307349
10.020833333333334,0.819125141437069,10.020833333332934,46.89433727836593
10.025,0.8176556565756573,10.0249999999996,46.89029331039401
10.029166666666667,0.8161887677933943,10.029166666666267,46.88624198725011
10.033333333333333,0.8147244706462912,10.033333333332934,46.882183297012794
10.0375,0.8132627606970098,10.0374999999996,46.87811722774672
10.041666666666666,0.8118036335148447,10.041666666666266,46.87404376750269
10.045833333333334,0.8103470846757048,10.045833333332933,46.869962904317646
10.05,0.8088931097620963,10.0499999999996,46.86587462621466
10.054166666666667,0.8074417043631021,10.054166666666266,46.86177892120294
10.058333333333334,0.8059928640743664,10.058333333332932,46.85767577727783
10.0625,0.8045465844980751,10.062499999999599,46.85356518242081
10.066666666666668,0.8031028612429381,10.066666666666265,46.8494471245995
10.070833333333335,0.8016616899241722,10.070833333332931,46.84532159176767
10.075000000000001,0.800223066163481,10.074999999999598,46.8411885718652
10.079166666666667,0.7987869855890386,10.079166666666264,46.83704805281816
10.083333333333334,0.7973534438354704,10.08333333333293,46.83290002253873
10.0875,0.7959224365438358,10.087499999999597,46.82874446892524
10.091666666666667,0.7944939593616103,10.091666666666264,46.824581379862174
10.095833333333333,0.7930680079426664,10.09583333333293,46.820410743220144
10.1,0.7916445779472564,10.099999999999596,46.81623254685595
10.104166666666666,0.790223665041994,10.104166666666263,46.81204677861249
10.108333333333334,0.7888052648998356,10.10833333333293,46.80785342631886
10.1125,0.7873893732000647,10.112499999999596,46.80365247779027
10.116666666666667,0.7859759856282708,10.116666666666262,46.79944392082812
10.120833333333334,0.7845650978763321,10.120833333332929,46.795227743219904
10.125,0.7831567056423991,10.124999999999595,46.79100393273933
10.129166666666668,0.7817508046308744,10.129166666666261,46.786772477167496
10.133333333333335,0.7803473905523971,10.133333333332928,46.78253336434301
10.137500000000001,0.7789464591238215,10.137499999999594,46.77828658201453
10.141666666666667,0.7775480060682021,10.14166666666626,46.7740321179071
10.145833333333334,0.7761520271147734,10.145833333332927,46.76976995973202
10.15,0.7747585179989323,10.149999999999594,46.76550009518689
10.154166666666667,0.7733674744622222,10.15416666666626,46.76122251195555
10.158333333333333,0.7719788922523115,10.158333333332926,46.756937197708176
10.1625,0.7705927671229781,10.162499999999593,46.75264414010119
10.166666666666666,0.7692090948340895,10.16666666666626,46.74834332677729
10.170833333333334,0.7678278711515859,10.170833333332926,46.74403474536547
10.175,0.7664490918474637,10.174999999999592,46.73971838348102
10.179166666666667,0.7650727526997531,10.179166666666259,46.73539422872552
10.183333333333334,0.7636988494925039,10.183333333332925,46.7310622686868
10.1875,0.7623273780157661,10.187499999999591,46.726722490939025
10.191666666666668,0.7609583340655715,10.191666666666258,46.72237488304262
10.195833333333335,0.7595917134439164,10.195833333332924,46.71801943254433
10.200000000000001,0.7582275119587436,10.19999999999959,46.713656126977135
10.204166666666667,0.7568657254239229,10.204166666666257,46.70928495386039
10.208333333333334,0.7555063496592345,10.208333333332924,46.70490590069968
10.2125,0.7541493804903504,10.21249999999959,46.70051895498691
10.216666666666667,0.7527948137488173,10.216666666666256,46.6961241042003
10.220833333333333,0.751442645272037,10.220833333332923,46.69172133580434
10.225,0.7500928709032487,10.22499999999959,46.68731063724983
10.229166666666666,0.7487454864915122,10.229166666666256,46.68289199597388
10.233333333333334,0.7474004878916877,10.233333333332922,46.67846539939989
10.2375,0.7460578709644212,10.237499999999589,46.67403083493756
10.241666666666667,0.7447176315761217,10.241666666666255,46.66958828998292
10.245833333333334,0.7433797655989475,10.245833333332921,46.66513775191829
10.25,0.7420442743087889,10.249999999999588,46.66067920811227
10.254166666666668,0.7407111549126227,10.254166666666254,46.656212645919844
10.258333333333335,0.7393803974586965,10.25833333333292,46.65173805268221
10.262500000000001,0.738051997874262,10.262499999999587,46.64725541572696
10.266666666666667,0.7367259520928714,10.266666666666254,46.64276472236796
10.270833333333334,0.7354022560543634,10.27083333333292,46.63826595990539
10.275,0.7340809057048513,10.274999999999586,46.633759115625736
10.279166666666667,0.7327618969967112,10.279166666666253,46.62924417680184
10.283333333333333,0.731445225888568,10.28333333333292,46.62472113069281
10.2875,0.730130888345284,10.287499999999586,46.62018996454412
10.291666666666666,0.7288188803379458,10.291666666666252,46.61565066558752
10.295833333333334,0.7275091978438523,10.295833333332919,46.611103221041134
10.3,0.7262018368465027,10.299999999999585,46.60654761810935
10.304166666666667,0.7248967933355827,10.304166666666251,46.60198384398293
10.308333333333334,0.7235940633069528,10.308333333332918,46.597411885838916
10.3125,0.7222936427626361,10.312499999999584,46.59283173084073
10.316666666666668,0.7209955277108047,10.31666666666625,46.58824336613808
10.320833333333335,0.7196997141657691,10.320833333332917,46.583646778867006
10.325000000000001,0.7184061981479637,10.324999999999584,46.57904195614991
10.329166666666667,0.7171149756839359,10.32916666666625,46.574428885095486
10.333333333333334,0.7158260428063324,10.333333333332916,46.569807552798785
10.3375,0.7145393955538872,10.337499999999583,46.56517794634119
10.341666666666667,0.7132550299714102,10.34166666666625,46.560540052790415
10.345833333333333,0.7119729421097729,10.345833333332916,46.555893859200516
10.35,0.7106931280258971,10.349999999999582,46.55123935261188
10.354166666666666,0.7094155837827417,10.354166666666249,46.54657652005124
10.358333333333334,0.7081403054492906,10.358333333332915,46.54190534853168
10.3625,0.7068672891005413,10.362499999999581,46.537225835493345
10.366666666666667,0.7055965308174905,10.366666666666248,46.53253795825684
10.370833333333334,0.7043280266871222,10.370833333332914,46.52784170365959
10.375,0.7030617728023967,10.37499999999958,46.52313705867654
10.379166666666668,0.7017977652622354,10.379166666666247,46.518424010269165
10.383333333333335,0.7005360001715115,10.383333333332914,46.51370254538546
10.387500000000001,0.6992764736410352,10.38749999999958,46.50897265095994
10.391666666666667,0.6980191817875417,10.391666666666246,46.50423431391368
10.395833333333334,0.6967641207336795,10.395833333332913,46.49948752115421
10.4,0.6955112866079968,10.39999999999958,46.494732259575656
10.404166666666667,0.6942606755449303,10.404166666666246,46.48996851605864
10.408333333333333,0.6930122836847922,10.408333333332912,46.48519627747032
10.4125,0.6917661071737572,10.412499999999579,46.4804155306644
10.416666666666666,0.6905221421638501,10.416666666666245,46.47562626248109
10.420833333333334,0.6892803848129339,10.420833333332912,46.47082845974717
10.425,0.6880408312846985,10.424999999999578,46.466022109275926
10.429166666666667,0.6868034777486449,10.429166666666244,46.461207197867196
10.433333333333334,0.6855683203800758,10.43333333333291,46.45638371230735
10.4375,0.6843353553600815,10.437499999999577,46.45155163936933
10.441666666666668,0.6831045788755278,10.441666666666244,46.44671096581256
10.445833333333335,0.6818759871190453,10.44583333333291,46.44186167838305
10.450000000000001,0.6806495762890133,10.449999999999577,46.43700376381336
10.454166666666667,0.6794253425895503,10.454166666666243,46.43213720882257
10.458333333333334,0.6782032822305006,10.45833333333291,46.42726200011633
10.4625,0.6769833914274215,10.462499999999576,46.4223781243868
10.466666666666667,0.6757656664015721,10.466666666666242,46.41748556831278
10.470833333333333,0.6745501033798984,10.470833333332909,46.41258431855951
10.475,0.673336698595024,10.474999999999575,46.40767436177885
10.479166666666666,0.6721254482852349,10.479166666666242,46.402755684609204
10.483333333333334,0.6709163490874203,10.483333333332908,46.39782827367553
10.4875,0.6697094059060462,10.487499999999574,46.39289211558934
10.491666666666667,0.6685046066446892,10.49166666666624,46.3879471969487
10.495833333333334,0.6673019475898798,10.495833333332907,46.382993504338266
10.5,0.6661014250342638,10.499999999999574,46.37803102432922
10.504166666666668,0.6649030352765938,10.50416666666624,46.373059743479324
10.508333333333335,0.6637067746217226,10.508333333332907,46.36807964833291
10.512500000000001,0.6625126393805932,10.512499999999573,46.36309072542087
10.516666666666667,0.6613206258702323,10.51666666666624,46.35809296126065
10.520833333333334,0.660130730413742,10.520833333332906,46.353086342356306
10.525,0.658942949340291,10.524999999999572,46.348070855198415
10.529166666666667,0.6577572789851085,10.529166666666239,46.343046486264164
10.533333333333333,0.6565737156894742,10.533333333332905,46.3380132220173
10.5375,0.6553922558007111,10.537499999999572,46.33297104890814
10.541666666666666,0.6542128956721778,10.541666666666238,46.32791995337359
10.545833333333334,0.6530356316632601,10.545833333332904,46.32285992183712
10.55,0.6518604601393633,10.54999999999957,46.317790940708804
10.554166666666667,0.6506873774719045,10.554166666666237,46.31271299638527
10.558333333333334,0.6495163800383034,10.558333333332904,46.30762607524975
10.5625,0.6483474642219754,10.56249999999957,46.30253016367204
10.566666666666668,0.6471806264123238,10.566666666666237,46.29742524800855
10.570833333333335,0.6460158630047309,10.570833333332903,46.292311314602244
10.575000000000001,0.644853170400551,10.57499999999957,46.28718834978272
10.579166666666667,0.6436925450071013,10.579166666666236,46.28205633986611
10.583333333333334,0.6425339832376545,10.583333333332902,46.276915271155175
10.5875,0.6413774815114311,10.587499999999569,46.27176512993927
10.591666666666667,0.6402230362535921,10.591666666666235,46.26660590249433
10.595833333333333,0.6390706438952283,10.595833333332902,46.2614375750829
10.6,0.6379203008733553,10.599999999999568,46.256260133954115
10.604166666666666,0.6367720036309038,10.604166666666234,46.25107356534372
10.608333333333334,0.6356257486167124,10.6083333333329,46.24587785547402
10.6125,0.6344815322855196,10.612499999999567,46.24067299055401
10.616666666666667,0.6333393510979554,10.616666666666234,46.2354589567792
10.620833333333334,0.6321992015205329,10.6208333333329,46.23023576734764
10.625,0.6310610800256419,10.624999999999567,46.225003385240264
10.629166666666668,0.6299249830915389,10.629166666666233,46.21976179512505
10.633333333333335,0.6287909072023414,10.6333333333329,46.21451098322405
10.637500000000001,0.6276588488480183,10.637499999999566,46.20925093574702
10.641666666666667,0.6265288045243814,10.641666666666232,46.20398163889144
10.645833333333334,0.6254007707330796,10.645833333332899,46.19870307884255
10.65,0.6242747439815887,10.649999999999565,46.19341524177326
10.654166666666667,0.6231507207832053,10.654166666666232,46.188118113844254
10.658333333333333,0.6220286976570374,10.658333333332898,46.18281168120394
10.6625,0.6209086711279967,10.662499999999564,46.17749592998842
10.666666666666666,0.6197906377267913,10.66666666666623,46.17217084632155
10.670833333333334,0.618674593989917,10.670833333332899,46.16683641631495
10.674999999999999,0.6175605364596506,10.674999999999564,46.16149262606793
10.679166666666667,0.6164484616840388,10.679166666666228,46.15613946166758
10.683333333333335,0.6153383662168946,10.683333333332897,46.15077690918866
10.6875,0.6142302466177866,10.687499999999565,46.14540495469373
10.691666666666668,0.6131240994520301,10.69166666666623,46.140023584233084
10.695833333333333,0.6120199212906824,10.695833333332894,46.13463278384473
10.700000000000001,0.6109177087105316,10.699999999999562,46.12923253955444
10.704166666666667,0.6098174582940905,10.70416666666623,46.12382283737572
10.708333333333334,0.6087191666295895,10.708333333332895,46.11840366330984
10.7125,0.6076228303109643,10.71249999999956,46.1129750033458
10.716666666666667,0.6065284459378539,10.716666666666228,46.10753684346036
10.720833333333333,0.6054360105539727,10.720833333332896,46.10208916961802
10.725000000000001,0.6043455206469911,10.72499999999956,46.09663196777104
10.729166666666666,0.6032569725730097,10.729166666666226,46.09116522385945
10.733333333333334,0.6021703629563785,10.733333333332894,46.08568892381099
10.737499999999999,0.60108568842715,10.737499999999562,46.0802030535412
10.741666666666667,0.6000029456210668,10.741666666666227,46.07470759895336
10.745833333333335,0.5989221311795582,10.745833333332891,46.069202545938516
10.75,0.5978432417497299,10.74999999999956,46.063687880375475
10.754166666666668,0.5967662739843566,10.754166666666228,46.058163588130796
10.758333333333333,0.5956912245418755,10.758333333332892,46.05262965505882
10.762500000000001,0.5946180900863773,10.762499999999557,46.04708606700164
10.766666666666667,0.5935468672876006,10.766666666666225,46.04153280978912
10.770833333333334,0.5924775528209226,10.770833333332893,46.03596986923888
10.775,0.5914101433673505,10.774999999999558,46.03039723115635
10.779166666666667,0.5903446356135175,10.779166666666223,46.02481488133469
10.783333333333333,0.5892810262516704,10.783333333332891,46.01922280555485
10.787500000000001,0.5882193119796667,10.787499999999559,46.01362098958555
10.791666666666666,0.5871594895009644,10.791666666666224,46.008009419183274
10.795833333333334,0.5861015555246132,10.795833333332888,46.002388080092345
10.799999999999999,0.5850455067652505,10.799999999999557,45.99675695804478
10.804166666666667,0.5839913399430897,10.804166666666225,45.99111603876043
10.808333333333335,0.582939051783916,10.80833333333289,45.985465307946924
10.8125,0.5818886390190782,10.812499999999554,45.97980476715789
10.816666666666668,0.5808400983854772,10.816666666666222,45.974134393926356
10.820833333333333,0.5797934266255644,10.82083333333289,45.968454168021715
10.825000000000001,0.5787486204873292,10.824999999999555,45.96276407516494
10.829166666666667,0.5777056767242944,10.82916666666622,45.957064101065676
10.833333333333334,0.5766645920955077,10.833333333332888,45.95135423142219
10.8375,0.5756253633655319,10.837499999999556,45.945634451921464
10.841666666666667,0.5745879873044419,10.841666666666221,45.939904748239115
10.845833333333333,0.5735524606878117,10.845833333332886,45.93416510603945
10.850000000000001,0.5725187802967115,10.849999999999554,45.92841551097543
10.854166666666666,0.5714869429176977,10.854166666666222,45.92265594868868
10.858333333333334,0.5704569453428044,10.858333333332887,45.916886404809524
10.862499999999999,0.569428784369539,10.862499999999551,45.91110686495695
10.866666666666667,0.5684024568008702,10.86666666666622,45.905317314738596
10.870833333333335,0.5673779594452245,10.870833333332888,45.89951773975083
10.875,0.5663552891164775,10.874999999999552,45.89370812557865
10.879166666666668,0.5653344426339428,10.879166666666217,45.88788845779575
10.883333333333333,0.5643154168223706,10.883333333332885,45.882058721964526
10.887500000000001,0.5632982085119337,10.887499999999553,45.87621890363602
10.891666666666667,0.562282814538225,10.891666666666218,45.87036898835002
10.895833333333334,0.5612692317422474,10.895833333332883,45.864508961634954
10.9,0.5602574569704052,10.899999999999551,45.85863880900792
10.904166666666667,0.5592474870744999,10.90416666666622,45.85275851597478
10.908333333333333,0.5582393189117183,10.908333333332884,45.846868068030005
10.912500000000001,0.5572329493446285,10.912499999999548,45.840967450656834
10.916666666666666,0.5562283752411719,10.916666666666217,45.83505664932716
10.920833333333334,0.5552255934746515,10.920833333332885,45.82913564950159
10.924999999999999,0.5542246009237304,10.92499999999955,45.8232044366294
10.929166666666667,0.5532253944724189,10.929166666666214,45.817262996148614
10.933333333333335,0.5522279710100707,10.933333333332882,45.81131131348594
10.9375,0.5512323274313734,10.93749999999955,45.80534937405676
10.941666666666668,0.55023846063634,10.941666666666215,45.79937716326521
10.945833333333333,0.5492463675303043,10.94583333333288,45.79339466650411
10.950000000000001,0.5482560450239095,10.949999999999548,45.787401869154984
10.954166666666667,0.5472674895425782,10.954166666666216,45.78139875658809
10.958333333333334,0.5462806962961172,10.958333333332881,45.77538531416236
10.9625,0.5452956642154969,10.962499999999546,45.769361527225485
10.966666666666667,0.5443123902252539,10.966666666666214,45.76332738111385
10.970833333333333,0.5433308712550506,10.970833333332882,45.75728286115255
10.975000000000001,0.5423511042396699,10.974999999999547,45.75122795265541
10.979166666666666,0.5413730861190055,10.979166666666211,45.745162640924995
10.983333333333334,0.5403968138380505,10.98333333333288,45.739086911252556
10.987499999999999,0.5394222843468928,10.987499999999548,45.733000748918116
10.991666666666667,0.538449494600702,10.991666666666212,45.72690413919036
10.995833333333335,0.5374784415597237,10.995833333332877,45.720797067326764
11.0,0.5365091221892698,10.999999999999545,45.7146795185735
11.004166666666668,0.5355415334597077,11.004166666666213,45.70855148676212
11.008333333333333,0.5345756723464544,11.008333333332878,45.70241295857008
11.012500000000001,0.533611535829965,11.012499999999543,45.696263910909444
11.016666666666667,0.5326491208957259,11.016666666666211,45.69010432905478
11.020833333333334,0.5316884245342455,11.02083333333288,45.68393419827068
11.025,0.5307294437410428,11.024999999999544,45.6777535038117
11.029166666666667,0.5297721755166432,11.029166666666208,45.671562230922426
11.033333333333333,0.528816616866565,11.033333333332877,45.66536036483741
11.037500000000001,0.5278627648013133,11.037499999999545,45.65914789078122
11.041666666666666,0.5269106163363714,11.04166666666621,45.65292479396842
11.045833333333334,0.5259601684921885,11.045833333332874,45.646691059603576
11.049999999999999,0.5250114182941762,11.049999999999542,45.64044667288126
11.054166666666667,0.5240643627726937,11.05416666666621,45.63419161898607
11.058333333333335,0.5231189989630441,11.058333333332875,45.62792588309259
11.0625,0.522175323905463,11.06249999999954,45.621649450365396
11.066666666666668,0.5212333346451086,11.066666666666208,45.615362305959124
11.070833333333333,0.5202930282320559,11.070833333332876,45.6090644350184
11.075000000000001,0.5193544017212847,11.074999999999541,45.602755822677864
11.079166666666667,0.5184174521726728,11.079166666666206,45.596436454062165
11.083333333333334,0.5174821766509875,11.083333333332874,45.590106314286025
11.0875,0.5165485722258732,11.087499999999542,45.583765388454104
11.091666666666667,0.515616635971848,11.091666666666207,45.577413661661176
11.095833333333333,0.5146863649682889,11.095833333332871,45.57105111899199
11.100000000000001,0.5137577562994281,11.09999999999954,45.5646777455213
11.104166666666666,0.5128308070543418,11.104166666666208,45.55829352631396
11.108333333333334,0.5119055143269399,11.108333333332872,45.55189844642481
11.112499999999999,0.5109818752159603,11.112499999999537,45.545492490898724
11.116666666666667,0.5100598868249573,11.116666666666205,45.539075644770634
11.120833333333335,0.5091395462622944,11.120833333332873,45.532647893065494
11.125,0.508220850641136,11.124999999999538,45.52620922079831
11.129166666666668,0.5073037970794345,11.129166666666203,45.51975961297413
11.133333333333333,0.5063883826999276,11.133333333332871,45.51329905458803
11.137500000000001,0.5054746046301238,11.13749999999954,45.50682753062515
11.141666666666667,0.5045624600022971,11.141666666666204,45.50034502606067
11.145833333333334,0.5036519459534773,11.145833333332869,45.49385152585984
11.15,0.5027430596254393,11.149999999999537,45.487347014977935
11.154166666666667,0.5018357981646975,11.154166666666205,45.48083147836029
11.158333333333333,0.5009301587224932,11.15833333333287,45.47430490094231
11.162500000000001,0.5000261384547897,11.162499999999534,45.46776728468899
11.166666666666666,0.49912373452226066,11.166666666666202,45.46121861176994
11.170833333333334,0.49822294409028095,11.17083333333287,45.45465885572144
11.174999999999999,0.49732376432892067,11.174999999999535,45.44808800156136
11.179166666666667,0.4964261924129325,11.1791666666662,45.44150603429962
11.183333333333335,0.4955302255217464,11.183333333332868,45.43491293893832
11.1875,0.4946358608394593,11.187499999999536,45.428308700471675
11.191666666666668,0.4937430956569577,11.191666666666201,45.421693303886066
11.195833333333333,0.49285192710436887,11.195833333332866,45.41506673415995
11.200000000000001,0.4919623523493561,11.199999999999534,45.408428976263984
11.204166666666667,0.4910743685948531,11.204166666666202,45.40178001516093
11.208333333333334,0.49018797304842016,11.208333333332867,45.395119835805716
11.2125,0.48930316292223425,11.212499999999531,45.38844842314538
11.216666666666667,0.4884199354330833,11.2166666666662,45.381765762119116
11.220833333333333,0.48753828780235375,11.220833333332868,45.37507183765829
11.225000000000001,0.4866582172560246,11.224999999999532,45.36836663468642
11.229166666666666,0.4857797210246576,11.229166666666197,45.36165013811909
11.233333333333334,0.4849027963433868,11.233333333332865,45.35492233286415
11.237499999999999,0.4840274404519131,11.237499999999534,45.34818320382155
11.241666666666667,0.4831536505944919,11.241666666666198,45.34143273588339
11.245833333333335,0.48228142401992674,11.245833333332863,45.33467091393393
11.25,0.48141075798155997,11.249999999999531,45.32789772284959
11.254166666666668,0.4805416497372623,11.2541666666662,45.321113147498984
11.258333333333333,0.47967409654942667,11.258333333332864,45.31431717274283
11.262500000000001,0.4788080956849564,11.262499999999529,45.30750978343407
11.266666666666667,0.4779436444152594,11.266666666666197,45.30069096441776
11.270833333333334,0.4770807400162374,11.270833333332865,45.29386070053118
11.275,0.4762193797682768,11.27499999999953,45.28701897660371
11.279166666666667,0.4753595609562421,11.279166666666194,45.28016577745697
11.283333333333333,0.47450128086946397,11.283333333332862,45.27330108790471
11.287500000000001,0.47364453680173324,11.28749999999953,45.266424892752866
11.291666666666666,0.47278932605129126,11.291666666666195,45.25953717679956
11.295833333333334,0.471935645920819,11.29583333333286,45.252637924835106
11.299999999999999,0.47108349371743163,11.299999999999528,45.245727121641934
11.304166666666667,0.4702328667526666,11.304166666666196,45.23880475199475
11.308333333333335,0.46938376234247714,11.308333333332861,45.23187080066036
11.3125,0.46853617780722273,11.312499999999526,45.22492525239782
11.316666666666668,0.46769011047165865,11.316666666666194,45.21796809195833
11.320833333333333,0.4668455576649303,11.320833333332862,45.21099932055305
11.325000000000001,0.46600251672056076,11.324999999999527,45.204018916291844
11.329166666666667,0.4651609849764453,11.329166666666191,45.19702685650599
11.333333333333334,0.46432095977484106,11.33333333333286,45.190023126017515
11.3375,0.46348243846235637,11.337499999999528,45.183007709642396
11.341666666666667,0.4626454183899464,11.341666666666192,45.17598059219054
11.345833333333333,0.46180989691289914,11.345833333332857,45.16894175846575
11.350000000000001,0.4609758713908313,11.349999999999525,45.16189119326576
11.354166666666666,0.4601433391876766,11.354166666666194,45.15482888138229
11.358333333333334,0.45931229767167664,11.358333333332858,45.14775480760092
11.362499999999999,0.4584827442153748,11.362499999999523,45.140668956701205
11.366666666666667,0.45765467619560435,11.366666666666191,45.13357131345661
11.370833333333335,0.4568280909934815,11.37083333333286,45.12646186263459
11.375,0.45600298599439687,11.374999999999524,45.11934058899648
11.379166666666668,0.45517935858800407,11.379166666666189,45.11220747729759
11.383333333333333,0.45435720616821484,11.383333333332857,45.105062512287134
11.387500000000001,0.4535365261331857,11.387499999999525,45.09790567870834
11.391666666666667,0.4527173158853133,11.39166666666619,45.090736961298305
11.395833333333334,0.4518995728312237,11.395833333332854,45.083556344788136
11.4,0.4510832943817621,11.399999999999523,45.076363813902866
11.404166666666667,0.4502684779519875,11.40416666666619,45.06915935336144
11.408333333333333,0.4494551209611599,11.408333333332855,45.061942947876844
11.412500000000001,0.4486432208327352,11.41249999999952,45.05471458215596
11.416666666666666,0.4478327749943545,11.416666666666188,45.04747424089962
11.420833333333334,0.4470237808778337,11.420833333332856,45.04022190880264
11.424999999999999,0.446216235919159,11.424999999999521,45.0329575705538
11.429166666666667,0.4454101375584729,11.429166666666186,45.02568121083583
11.433333333333335,0.44460548324007,11.433333333332854,45.018392814325416
11.4375,0.4438022704123856,11.437499999999522,45.01109236569322
11.441666666666668,0.4430004965279865,11.441666666666187,45.0037798496039
11.445833333333333,0.4422001590435646,11.445833333332851,44.996455250716046
11.450000000000001,0.4414012554199249,11.44999999999952,44.989118553682225
11.454166666666667,0.44060378312197984,11.454166666666188,44.98176974314897
11.458333333333334,0.43980773961873876,11.458333333332853,44.974408803756845
11.4625,0.4390131223832982,11.462499999999517,44.96703572014031
11.466666666666667,0.4382199288928358,11.466666666666185,44.95965047692788
11.470833333333333,0.4374281566763536,11.470833333332854,44.95225305874197
11.475000000000001,0.4366378075527402,11.474999999999518,44.94484345019907
11.479166666666666,0.4358488749023744,11.479166666666183,44.937421657248166
11.483333333333334,0.4350613562270544,11.483333333332851,44.929987651981826
11.487499999999999,0.4342752490327555,11.48749999999952,44.922541412963454
11.491666666666667,0.4334905508296189,11.491666666666184,44.91508292490177
11.495833333333335,0.4327072591319467,11.495833333332849,44.90761217250138
11.5,0.4319253714581933,11.499999999999517,44.90012914046294
11.504166666666668,0.43114488533095624,11.504166666666185,44.89263381348299
11.508333333333333,0.43036579827697086,11.50833333333285,44.88512617625409
11.512500000000001,0.42958810782709944,11.512499999999514,44.87760621346473
11.516666666666667,0.42881181151632686,11.516666666666183,44.8700739097994
11.520833333333334,0.4280369068837504,11.52083333333285,44.86252924993855
11.525,0.42726339147257175,11.524999999999515,44.85497221855856
11.529166666666667,0.42649126283009164,11.52916666666618,44.84740280033185
11.533333333333333,0.4257205185076986,11.533333333332848,44.83982097992677
11.537500000000001,0.4249511560608645,11.537499999999516,44.83222674200768
11.541666666666666,0.4241831730491351,11.541666666666181,44.8246200712349
11.545833333333334,0.42341656703612107,11.545833333332846,44.817000952264735
11.549999999999999,0.42265133558949347,11.549999999999514,44.80936936974946
11.554166666666667,0.42188747628097206,11.554166666666182,44.801725308337375
11.558333333333335,0.42112498668632076,11.558333333332847,44.794068752672736
11.5625,0.4203638643853386,11.562499999999512,44.78639968739578
11.566666666666668,0.41960410696185063,11.56666666666618,44.77871809714276
11.570833333333333,0.41884571200370296,11.570833333332848,44.7710239665459
11.575000000000001,0.41808867710275155,11.574999999999513,44.763317280233444
11.579166666666667,0.41733299985485756,11.579166666666177,44.75559802282961
11.583333333333334,0.4165786778598783,11.583333333332845,44.74786617895464
11.5875,0.41582570872165786,11.587499999999514,44.74012173322474
11.591666666666667,0.41507409004802276,11.591666666666178,44.73236467025216
11.595833333333333,0.4143238194507701,11.595833333332843,44.72459497464512
11.600000000000001,0.4135748945456634,11.599999999999511,44.71681263100787
11.604166666666666,0.412827312952423,11.60416666666618,44.70901762394065
11.608333333333334,0.4120810722947175,11.608333333332844,44.701209938039725
11.612499999999999,0.4113361702001584,11.612499999999509,44.693389557897376
11.616666666666667,0.4105926043002894,11.616666666666177,44.68555646810188
11.620833333333335,0.40985037223058096,11.620833333332845,44.677710653237526
11.625,0.4091094716304221,11.62499999999951,44.669852097884664
11.629166666666668,0.4083699001431104,11.629166666666174,44.661980786619615
11.633333333333333,0.40763165541584795,11.633333333332843,44.654096704014755
11.637500000000001,0.40689473509972934,11.63749999999951,44.64619986537862
11.641666666666667,0.406159136849738,11.641666666666175,44.63829023279327
11.645833333333334,0.40542485832473585,11.64583333333284,44.63036778615381
11.65,0.4046918971874551,11.649999999999508,44.62243251016601
11.654166666666667,0.40396025110449285,11.654166666666177,44.61448438953415
11.658333333333333,0.4032299177463007,11.658333333332841,44.60652340896106
11.662500000000001,0.402500894787179,11.662499999999506,44.59854955314815
11.666666666666666,0.4017731799052683,11.666666666666174,44.590562806795354
11.670833333333334,0.40104677078254025,11.670833333332842,44.58256315460117
11.674999999999999,0.4003216651047926,11.674999999999507,44.57455058126267
11.679166666666667,0.3995978605616383,11.679166666666172,44.566525071475496
11.683333333333335,0.3988753548465002,11.68333333333284,44.5584866099338
11.6875,0.3981541456566026,11.687499999999508,44.55043518133036
11.691666666666668,0.3974342306929616,11.691666666666173,44.54237077035648
11.695833333333333,0.39671560766038033,11.695833333332837,44.53429336170204
11.700000000000001,0.3959982742674386,11.699999999999505,44.526202940055505
11.704166666666667,0.39528222822648695,11.704166666666174,44.5180994901039
11.708333333333334,0.39456746725363806,11.708333333332838,44.509982996532834
11.7125,0.39385398906875796,11.712499999999503,44.50185344402648
11.716666666666667,0.3931417913954607,11.716666666666171,44.49371081726758
11.720833333333333,0.3924308719610974,11.72083333333284,44.48555510093748
11.725000000000001,0.39172122849675156,11.724999999999504,44.4773862797161
11.729166666666666,0.39101285873722974,11.729166666666169,44.46920433828193
11.733333333333334,0.39030576042105264,11.733333333332837,44.461009261312064
11.737499999999999,0.38959993129045023,11.737499999999505,44.45280103348217
11.741666666666667,0.3888953690913506,11.74166666666617,44.44457963946651
11.745833333333335,0.38819207157337515,11.745833333332834,44.436345063937935
11.75,0.3874900364898293,11.749999999999503,44.42809729156788
11.754166666666668,0.38678926274835557,11.75416666666617,44.4198363070264
11.758333333333333,0.38608975043389604,11.758333333332835,44.41156209498214
11.762500000000001,0.3853914941181459,11.7624999999995,44.40327464010232
11.766666666666667,0.38469449157773944,11.766666666666168,44.394973927052774
11.770833333333334,0.3839987405931005,11.770833333332837,44.38665994049795
11.775,0.38330423894843463,11.774999999999501,44.37833266510089
11.779166666666667,0.38261098443172503,11.779166666666166,44.369992085523265
11.783333333333333,0.3819189748347225,11.783333333332834,44.36163818642528
11.787500000000001,0.3812282079529421,11.787499999999502,44.35327095246587
11.791666666666666,0.38053868158565424,11.791666666666167,44.344890368302465
11.795833333333334,0.37985039353587763,11.795833333332832,44.33649644774107
11.799999999999999,0.37916334161037474,11.7999999999995,44.32808915133586
11.804166666666667,0.37847752361964226,11.804166666666168,44.319668462480564
11.808333333333335,0.37779293737790665,11.808333333332833,44.31123436601745
11.8125,0.3771095807031169,11.812499999999497,44.30278684679125
11.816666666666668,0.3764274514169361,11.816666666666165,44.29432588964919
11.820833333333333,0.37574654734473745,11.820833333332834,44.28585147944103
11.825000000000001,0.37506686631559444,11.824999999999498,44.27736360101902
11.829166666666667,0.3743884061622772,11.829166666666163,44.26886223923792
11.833333333333334,0.37371116472124405,11.833333333332831,44.260347378955004
11.8375,0.37303513983263387,11.8374999999995,44.25181900503004
11.841666666666667,0.3723603293402622,11.841666666666164,44.243277102325344
11.845833333333333,0.3716867310916108,11.845833333332829,44.2347216557057
11.850000000000001,0.37101434293782476,11.849999999999497,44.22615265003843
11.854166666666666,0.3703431627337031,11.854166666666165,44.21757007019338
11.858333333333334,0.36967318833769214,11.85833333333283,44.20897390104292
11.862499999999999,0.3690044176118808,11.862499999999494,44.20036412746191
11.866666666666667,0.36833684842199116,11.866666666666163,44.19174073432775
11.870833333333335,0.3676704786373738,11.87083333333283,44.18310370652038
11.875,0.36700530613100063,11.874999999999496,44.17445302892225
11.879166666666668,0.36634132877945663,11.87916666666616,44.16578868641834
11.883333333333333,0.36567854446293574,11.883333333332828,44.15711066389614
11.887500000000001,0.36501695106523097,11.887499999999497,44.148418946245734
11.891666666666667,0.3643565464737309,11.891666666666161,44.13971351835965
11.895833333333334,0.3636973285794113,11.895833333332826,44.130994365133034
11.9,0.363039295276827,11.899999999999494,44.12226147146352
11.904166666666667,0.36238244446410844,11.904166666666162,44.11351482225128
11.908333333333333,0.3617267740429518,11.908333333332827,44.10475440239906
11.912500000000001,0.36107228191861435,11.912499999999492,44.095980196812114
11.916666666666666,0.360418965999907,11.91666666666616,44.08719219039824
11.920833333333334,0.35976682419918676,11.920833333332828,44.07839036806781
11.924999999999999,0.35911585443235167,11.924999999999493,44.06957473551422
11.929166666666667,0.3584660546188321,11.929166666666157,44.06074526118181
11.933333333333335,0.35781742268158584,11.933333333332826,44.051901928464055
11.9375,0.35716995654709077,11.937499999999494,44.043044722421484
11.941666666666668,0.3565236541453367,11.941666666666158,44.034173628120016
11.945833333333333,0.3558785134098214,11.945833333332823,44.02528863063097
11.950000000000001,0.3552345322775407,11.949999999999491,44.01638971503105
11.954166666666667,0.35459170868898454,11.95416666666616,44.00747686640243
11.958333333333334,0.35395004058812896,11.958333333332824,43.99855006983266
11.9625,0.3533095259224286,11.962499999999489,43.98960931041472
11.966666666666667,0.35267016264281176,11.966666666666157,43.98065457324697
11.970833333333333,0.3520319487036717,11.970833333332825,43.971685843433264
11.975000000000001,0.3513948820628619,11.97499999999949,43.962703106082806
11.979166666666666,0.35075896068168805,11.979166666666154,43.953706346310256
11.983333333333334,0.3501241825249009,11.983333333332823,43.94469554923569
11.987499999999999,0.34949054556069137,11.987499999999491,43.935670699984605
11.991666666666667,0.3488580477606812,11.991666666666156,43.92663178368793
11.995833333333335,0.3482266870999189,11.99583333333282,43.91757878548203
12.0,0.34759646155687157,11.999999999999488,43.90851169050869
12.004166666666668,0.3469673691134173,12.004166666666157,43.89943048391511
12.008333333333333,0.34633940775484134,12.008333333332821,43.89033515085398
12.012500000000001,0.34571257546982526,12.012499999999486,43.88122567648335
12.016666666666667,0.34508687025044443,12.016666666666154,43.872102045966756
12.020833333333334,0.34446229009215856,12.020833333332822,43.862964244473154
12.025,0.34383883299380513,12.024999999999487,43.85381225717697
12.029166666666667,0.3432164969575945,12.029166666666152,43.84464606925801
12.033333333333333,0.34259527998910044,12.03333333333282,43.835465665901566
12.037500000000001,0.34197518126194637,12.037499999999488,43.82627103229837
12.041666666666666,0.3413561988688938,12.041666666666153,43.81706215364462
12.045833333333334,0.34073832972642976,12.045833333332817,43.8078390151419
12.049999999999999,0.3401215718579908,12.049999999999486,43.798601601997305
12.054166666666667,0.339505923290417,12.054166666666154,43.78934991911244
12.058333333333335,0.3388913820539492,12.058333333332818,43.780083936814236
12.0625,0.3382779461822209,12.062499999999483,43.77080363825072
12.066666666666668,0.33766561371225146,12.066666666666151,43.761509008787705
12.070833333333333,0.3370543826844423,12.07083333333282,43.75220003379931
12.075000000000001,0.33644425114256815,12.074999999999484,43.74287669866788
12.079166666666667,0.33583521713377246,12.079166666666149,43.733538988784
12.083333333333334,0.33522727870856117,12.083333333332817,43.72418688954652
12.0875,0.33462043392079494,12.087499999999485,43.71482038636257
12.091666666666667,0.3340146808276852,12.09166666666615,43.705439464647526
12.095833333333333,0.3334100174897857,12.095833333332815,43.69604410982503
12.100000000000001,0.3328064419709883,12.099999999999483,43.68663430732696
12.104166666666666,0.33220395233851613,12.104166666666151,43.677210042593494
12.108333333333334,0.3316025466629158,12.108333333332816,43.667771301073074
12.112499999999999,0.33100222301805415,12.11249999999948,43.65831806822237
12.116666666666667,0.3304029794811091,12.116666666666148,43.648850329506374
12.120833333333335,0.3298048141325657,12.120833333332817,43.639368070398305
12.125,0.3292077250562091,12.124999999999481,43.62987127637968
12.129166666666668,0.3286117103391175,12.129166666666146,43.620359932940296
12.133333333333333,0.3280167680716579,12.133333333332814,43.61083402557818
12.137500000000001,0.32742289634747723,12.137499999999482,43.60129353979968
12.141666666666667,0.32683009326349904,12.141666666666147,43.59173846111941
12.145833333333334,0.3262383569199157,12.145833333332812,43.58216877506026
12.15,0.3256476854201817,12.14999999999948,43.57258446715338
12.154166666666667,0.3250580768710091,12.154166666666148,43.56298552293826
12.158333333333333,0.32446952938235946,12.158333333332813,43.553371927962615
12.162500000000001,0.3238820410674394,12.162499999999477,43.54374366778245
12.166666666666666,0.3232956100426938,12.166666666666146,43.534100727962105
12.170833333333334,0.32271023442779834,12.170833333332814,43.524443094074144
12.174999999999999,0.3221259123456556,12.174999999999478,43.51477075169948
12.179166666666667,0.32154264192238646,12.179166666666143,43.50508368642727
12.183333333333335,0.3209604212873258,12.183333333332811,43.49538190566694
12.1875,0.32037924857301603,12.18749999999948,43.48566537937111
12.191666666666668,0.3197991219151992,12.191666666666144,43.47593409011014
12.195833333333333,0.3192200394528134,12.195833333332809,43.466188023663186
12.200000000000001,0.3186419993279838,12.199999999999477,43.456427165820934
12.204166666666667,0.318064999686019,12.204166666666145,43.446651502385556
12.208333333333334,0.3174890386754037,12.20833333333281,43.43686101917076
12.2125,0.31691411444779144,12.212499999999475,43.42705570200172
12.216666666666667,0.31634022515800075,12.216666666666143,43.41723553671512
12.220833333333333,0.3157673689640066,12.220833333332811,43.407400509159174
12.225000000000001,0.3151955440269361,12.224999999999476,43.397550605193615
12.229166666666666,0.3146247485110614,12.22916666666614,43.38768581068963
12.233333333333334,0.31405498058379255,12.233333333332808,43.377806111529964
12.237499999999999,0.31348623841567397,12.237499999999477,43.36791149360887
12.241666666666667,0.3129185201803752,12.241666666666141,43.35800194283212
12.245833333333335,0.31235182405468676,12.245833333332806,43.34807744511698
12.25,0.31178614821851375,12.249999999999474,43.33813798639222
12.254166666666668,0.31122149085486794,12.254166666666142,43.3281835525982
12.258333333333333,0.3106578501498644,12.258333333332807,43.31821412968671
12.262500000000001,0.3100952242927122,12.262499999999472,43.30822970362112
12.266666666666667,0.309533611475711,12.26666666666614,43.29823026037631
12.270833333333334,0.3089730098942435,12.270833333332808,43.288215785938675
12.275,0.3084134177467684,12.274999999999473,43.27818626630612
12.279166666666667,0.30785483323481644,12.279166666666137,43.26814168748812
12.283333333333333,0.30729725456298174,12.283333333332806,43.258082035505616
12.287500000000001,0.30674067993891785,12.287499999999474,43.24800729639115
12.291666666666666,0.3061851075733302,12.291666666666138,43.23791745618873
12.295833333333334,0.3056305356799696,12.295833333332803,43.22781250095395
12.299999999999999,0.3050769624756279,12.299999999999471,43.21769241675388
12.304166666666667,0.304524386180129,12.30416666666614,43.207557189667156
12.308333333333335,0.3039728050163255,12.308333333332804,43.19740680578397
12.3125,0.303422217210091,12.312499999999469,43.18724125058005
12.316666666666668,0.3028726209903133,12.316666666666137,43.17706054733203
12.320833333333333,0.3023240156478524,12.320833333332805,43.16686464871034
12.325000000000001,0.30177639878175516,12.32499999999947,43.15665354108042
12.329166666666667,0.3012297682959668,12.329166666666135,43.146427210819574
12.333333333333334,0.3006841224340932,12.333333333332803,43.1361856443171
12.3375,0.3001394594427687,12.337499999999471,43.12592882797439
12.341666666666667,0.29959577757165184,12.341666666666136,43.1156567482051
12.345833333333333,0.2990530750734175,12.3458333333328,43.1053693914352
12.350000000000001,0.298511350203753,12.349999999999469,43.09506674410314
12.354166666666666,0.29797060122135133,12.354166666666137,43.08474879265997
12.358333333333334,0.29743082638790425,12.358333333332801,43.07441552356943
12.362499999999999,0.2968920239680986,12.362499999999466,43.064066923308125
12.366666666666667,0.29635419222960835,12.366666666666134,43.05370297836555
12.370833333333335,0.2958173294430902,12.370833333332802,43.04332367524432
12.375,0.29528143388217754,12.374999999999467,43.032929000460236
12.379166666666668,0.2947465038234728,12.379166666666132,43.02251894054236
12.383333333333333,0.2942125375465447,12.3833333333328,43.01209348203325
12.387500000000001,0.29367953333391916,12.387499999999468,43.001652611488964
12.391666666666667,0.29314748947107605,12.391666666666133,42.99119631547925
12.395833333333334,0.292616404246442,12.395833333332797,42.98072458058764
12.4,0.29208627595138414,12.399999999999466,42.97023739341158
12.404166666666667,0.2915571028802057,12.404166666666134,42.959734740562546
12.408333333333333,0.29102888333013843,12.408333333332799,42.94921660866615
12.412500000000001,0.2905016156013382,12.412499999999463,42.93868298436227
12.416666666666666,0.2899752979968787,12.416666666666131,42.92813385430521
12.420833333333334,0.2894499288227444,12.4208333333328,42.917569205163744
12.424999999999999,0.2889255063878271,12.424999999999464,42.906989023621286
12.429166666666667,0.2884020290039171,12.429166666666129,42.89639329637599
12.433333333333335,0.28787949498570015,12.433333333332797,42.88578201014091
12.4375,0.2873579026507499,12.437499999999465,42.87515515164404
12.441666666666668,0.286837250319522,12.44166666666613,42.86451273105986
12.445833333333333,0.28631753631534956,12.445833333332795,42.85385472031839
12.450000000000001,0.2857987589644353,12.449999999999463,42.84318110117573
12.454166666666667,0.2852809165958478,12.454166666666131,42.83249186062573
12.458333333333334,0.2847640075415145,12.458333333332796,42.821786985684106
12.4625,0.2842480301362151,12.46249999999946,42.81106646338873
12.466666666666667,0.28373298271757763,12.466666666666129,42.8003302807998
12.470833333333333,0.28321886362607046,12.470833333332797,42.789578425000066
12.475000000000001,0.2827056712049984,12.474999999999461,42.778810883095026
12.479166666666666,0.28219340380049585,12.479166666666126,42.76802764221313
12.483333333333334,0.2816820597615201,12.483333333332794,42.75722868950596
12.487499999999999,0.28117163743984774,12.487499999999462,42.74641401214847
12.491666666666667,0.2806621351900658,12.491666666666127,42.73558359733921
12.495833333333335,0.28015355136956865,12.495833333332792,42.724737432300465
12.5,0.2796458843385512,12.49999999999946,42.71387550427849
12.504166666666668,0.2791391324600017,12.504166666666128,42.702997800543756
12.508333333333333,0.2786332940996982,12.508333333332793,42.692104308391116
12.512500000000001,0.2781283676262005,12.512499999999458,42.68119501513999
12.516666666666667,0.2776243514108457,12.516666666666126,42.67026990813458
12.520833333333334,0.2771212438277423,12.520833333332794,42.659328974744135
12.525,0.2766190432537631,12.524999999999459,42.64837220236309
12.529166666666667,0.276117748068541,12.529166666666123,42.637399578411284
12.533333333333333,0.2756173566544615,12.533333333332791,42.62641109033416
12.537500000000001,0.2751178673966583,12.53749999999946,42.615406725603
12.541666666666666,0.27461927868300695,12.541666666666124,42.6043864717151
12.545833333333334,0.27412158890411775,12.545833333332789,42.593350316194005
12.549999999999999,0.27362479645333226,12.549999999999457,42.58229824658966
12.554166666666667,0.273128899726715,12.554166666666125,42.571230250478656
12.558333333333335,0.2726338971230495,12.55833333333279,42.560146315464465
12.5625,0.27213978704383157,12.562499999999455,42.54904642917756
12.566666666666668,0.2716465678932629,12.566666666666123,42.53793057927568
12.570833333333333,0.27115423807824673,12.570833333332791,42.52679875344402
12.575000000000001,0.2706627960083801,12.574999999999456,42.51565093939547
12.579166666666667,0.27017224009594965,12.57916666666612,42.504487124870735
12.583333333333334,0.2696825687559252,12.583333333332789,42.49330729763862
12.5875,0.26919378040595293,12.587499999999457,42.48211144703134
12.591666666666667,0.2687058734663512,12.591666666666121,42.47089956705477
12.595833333333333,0.26821884636010307,12.595833333332786,42.459671638919055
12.600000000000001,0.2677326975136736,12.599999999999454,42.44842765056949
12.604166666666666,0.2672474271463836,12.604166666666123,42.43716758998242
12.608333333333334,0.26676303200760115,12.608333333332787,42.42589144516543
12.612499999999999,0.266279510534312,12.612499999999452,42.414599204157646
12.616666666666667,0.2657968611661933,12.61666666666612,42.40329085502988
12.620833333333335,0.26531508234561085,12.620833333332788,42.39196638588493
12.625,0.2648341725176122,12.624999999999453,42.38062578485782
12.629166666666668,0.2643541301299207,12.629166666666118,42.36926904011596
12.633333333333333,0.2638749536329316,12.633333333332786,42.357896139859406
12.637500000000001,0.2633966414797051,12.637499999999454,42.346507072321145
12.641666666666667,0.26291919212596193,12.641666666666119,42.335101825767275
12.645833333333334,0.2624426040300778,12.645833333332783,42.323680388497195
12.65,0.26196687565307686,12.649999999999451,42.312242748843936
12.654166666666667,0.26149200545862805,12.65416666666612,42.30078889517429
12.658333333333333,0.2610179919130376,12.658333333332784,42.28931881588917
12.662500000000001,0.2605448334852455,12.662499999999449,42.27783249942366
12.666666666666666,0.2600725286468193,12.666666666666117,42.26632993424741
12.670833333333334,0.25960107587194753,12.670833333332785,42.25481110886479
12.674999999999999,0.2591304736374366,12.67499999999945,42.24327601181513
12.679166666666667,0.25866072042270266,12.679166666666115,42.23172463167295
12.683333333333335,0.2581918147097686,12.683333333332783,42.220156957048175
12.6875,0.25772375498325756,12.687499999999451,42.20857297658643
12.691666666666668,0.25725653973038637,12.691666666666116,42.19697267896919
12.695833333333333,0.25679016744096234,12.69583333333278,42.18535605291405
12.700000000000001,0.25632463660737564,12.699999999999449,42.173723087174956
12.704166666666667,0.25585994572459564,12.704166666666117,42.162073770542435
12.708333333333334,0.25539609329016466,12.708333333332781,42.15040809184381
12.7125,0.25493307780419183,12.712499999999446,42.13872603994344
12.716666666666667,0.25447089776934917,12.716666666666114,42.127027603742945
12.720833333333333,0.2540095516908645,12.720833333332783,42.11531277218147
12.725000000000001,0.2535490380765174,12.724999999999447,42.10358153423586
12.729166666666666,0.25308935543663347,12.729166666666112,42.09183387892091
12.733333333333334,0.25263050228407746,12.73333333333278,42.08006979528963
12.737499999999999,0.2521724771342501,12.737499999999448,42.068289264973224
12.741666666666667,0.2517152785050806,12.741666666666113,42.056492277113264
12.745833333333335,0.25125890491702263,12.745833333332778,42.044678826635376
12.75,0.25080335489304845,12.749999999999446,42.03284890265041
12.754166666666668,0.2503486269586427,12.754166666666114,42.021002494305506
12.758333333333333,0.24989471964179844,12.758333333332779,42.009139590784336
12.762500000000001,0.24944163147300985,12.762499999999443,41.99726018130727
12.766666666666667,0.2489893609852686,12.766666666666111,41.985364255131515
12.770833333333334,0.24853790671405768,12.77083333333278,41.973451801551384
12.775,0.24808726719734497,12.774999999999444,41.96152280989847
12.779166666666667,0.24763744097557966,12.779166666666109,41.94957726954176
12.783333333333333,0.2471884265916851,12.783333333332777,41.93761516988795
12.787500000000001,0.24674022259105446,12.787499999999445,41.92563650038149
12.791666666666666,0.24629282752154508,12.79166666666611,41.91364125050491
12.795833333333334,0.24584623993347227,12.795833333332775,41.9016294097789
12.800000000000002,0.2454004583796048,12.799999999999443,41.88960096776256
12.804166666666667,0.24495548141515924,12.804166666666111,41.87755591405361
12.808333333333335,0.24451130759779388,12.808333333332776,41.86549423828849
12.8125,0.24406793548760441,12.81249999999944,41.85341593014264
12.816666666666668,0.2436253636471169,12.816666666666109,41.84132097933062
12.820833333333335,0.24318359064128414,12.820833333332777,41.82920937560636
12.825000000000001,0.24274261503747924,12.824999999999442,41.817081108763304
12.829166666666667,0.24230243540548949,12.829166666666106,41.80493616863462
12.833333333333334,0.24186305031751285,12.833333333332774,41.79277454509337
12.8375,0.24142445834815013,12.837499999999443,41.780596228052715
12.841666666666669,0.24098665807440164,12.841666666666107,41.76840120746614
12.845833333333333,0.24054964807566073,12.845833333332772,41.75618947332755
12.850000000000001,0.24011342693370802,12.84999999999944,41.74396101567153
12.854166666666666,0.239677993232707,12.854166666666108,41.73171582457353
12.858333333333334,0.23924334555919732,12.858333333332773,41.719453890150035
12.862500000000002,0.23880948250209055,12.862499999999438,41.70717520255873
12.866666666666667,0.23837640265266424,12.866666666666106,41.69487975199876
12.870833333333335,0.23794410460455576,12.870833333332774,41.68256752871086
12.875,0.2375125869537585,12.874999999999439,41.67023852297755
12.879166666666668,0.23708184829861426,12.879166666666103,41.657892725123325
12.883333333333335,0.23665188818756352,12.883333333332772,41.64553012551489
12.887500000000001,0.23622270727157846,12.88749999999944,41.63315070142154
12.891666666666667,0.2357943013545353,12.891666666666104,41.62075445359432
12.895833333333334,0.2353666690489342,12.895833333332769,41.608341373589084
12.9,0.23493980896966132,12.899999999999437,41.595911451841836
12.904166666666669,0.23451371973398585,12.904166666666105,41.58346467882856
12.908333333333333,0.23408839996155356,12.90833333333277,41.57100104506537
12.912500000000001,0.23366384827438158,12.912499999999435,41.55852054110865
12.916666666666666,0.23324006329685484,12.916666666666103,41.546023157555226
12.920833333333334,0.23281704365571892,12.920833333332771,41.533508885042444
12.925000000000002,0.23239478798007693,12.924999999999436,41.52097771424846
12.929166666666667,0.23197329490138355,12.9291666666661,41.50842963589218
12.933333333333335,0.2315525630534392,12.933333333332769,41.49586464073357
12.9375,0.23113259107238682,12.937499999999437,41.483282719573786
12.941666666666668,0.23071337759670488,12.941666666666102,41.47068386325523
12.945833333333335,0.23029492126720366,12.945833333332766,41.45806806266179
12.950000000000001,0.22987722072702,12.949999999999434,41.445435308718885
12.954166666666667,0.2294602746216111,12.954166666666103,41.43278559239374
12.958333333333334,0.22904408159875114,12.958333333332767,41.42011890469547
12.9625,0.22862864030852467,12.962499999999432,41.40743523667514
12.966666666666669,0.22821394940332282,12.9666666666661,41.394734579426085
12.970833333333333,0.22780000753783772,12.970833333332768,41.38201692408389
12.975000000000001,0.22738681336905656,12.974999999999433,41.36928226182668
12.979166666666666,0.2269743655562584,12.979166666666098,41.35653058387515
12.983333333333334,0.22656266276100712,12.983333333332766,41.34376188149274
12.987500000000002,0.22615170364714787,12.987499999999434,41.33097614598585
12.991666666666667,0.22574148688080142,12.991666666666099,41.3181733687039
12.995833333333335,0.22533201113035858,12.995833333332763,41.30535354103953
13.0,0.22492327506647639,12.999999999999432,41.292516654428695
13.004166666666668,0.22451527736207127,13.0041666666661,41.27966270035087
13.008333333333335,0.22410801669231606,13.008333333332764,41.266791670329155
13.012500000000001,0.2237014917346334,13.012499999999429,41.25390355593046
13.016666666666667,0.223295701168691,13.016666666666097,41.240998348765544
13.020833333333334,0.22289064367639702,13.020833333332765,41.228076040489356
13.025,0.2224863179418944,13.02499999999943,41.21513662280099
13.029166666666669,0.22208272265155643,13.029166666666095,41.20218008744392
13.033333333333333,0.22167985649398136,13.033333333332763,41.18920642586187
13.037500000000001,0.22127771815998679,13.037499999999431,41.176215629266565
13.041666666666666,0.2208763063426059,13.041666666666096,41.163207690349786
13.045833333333334,0.2204756197370808,13.04583333333276,41.15018260102517
13.050000000000002,0.22007565704085902,13.049999999999429,41.13714035325121
13.054166666666667,0.2196764169535876,13.054166666666097,41.124080939031366
13.058333333333335,0.21927789817710752,13.058333333332762,41.111004350414184
13.0625,0.21888009941545028,13.062499999999426,41.09791057949345
13.066666666666668,0.21848301937483056,13.066666666666094,41.08479961840836
13.070833333333335,0.21808665676364358,13.070833333332763,41.071671459343634
13.075000000000001,0.21769101029245835,13.074999999999427,41.058526094529675
13.079166666666667,0.21729607867401277,13.079166666666092,41.045363516242666
13.083333333333334,0.21690186062320976,13.08333333333276,41.03218371680476
13.0875,0.21650835485711034,13.087499999999428,41.01898668858424
13.091666666666669,0.21611556009493027,13.091666666666093,41.00577242399561
13.095833333333333,0.21572347505803433,13.095833333332758,40.99254091549974
13.100000000000001,0.21533209846993062,13.099999999999426,40.979292155604
13.104166666666666,0.2149414290562667,13.104166666666094,40.9660261368625
13.108333333333334,0.2145514655448233,13.108333333332759,40.9527428518761
13.112500000000002,0.21416220666551034,13.112499999999423,40.93944229329262
13.116666666666667,0.21377365115036154,13.116666666666092,40.92612445380696
13.120833333333335,0.2133857977335285,13.12083333333276,40.91278932616127
13.125,0.21299864515127706,13.124999999999424,40.89943690314507
13.129166666666668,0.21261219214198093,13.12916666666609,40.88606717759537
13.133333333333335,0.21222643744611755,13.133333333332757,40.87268014239685
13.137500000000001,0.21184137980626294,13.137499999999426,40.859275790482
13.141666666666667,0.21145701796708555,13.14166666666609,40.84585411483124
13.145833333333334,0.211073350675343,13.145833333332755,40.83241510847306
13.15,0.21069037667987514,13.149999999999423,40.81895876448417
13.154166666666669,0.2103080947316005,13.154166666666091,40.80548507598965
13.158333333333333,0.2099265035835107,13.158333333332756,40.791994036163096
13.162500000000001,0.20954560199066452,13.16249999999942,40.778485638226734
13.166666666666666,0.20916538871018467,13.166666666666089,40.76495987545156
13.170833333333334,0.20878586250125056,13.170833333332757,40.751416741157534
13.175000000000002,0.20840702212509515,13.174999999999422,40.73785622871367
13.179166666666667,0.20802886634499915,13.179166666666086,40.72427833153817
13.183333333333335,0.20765139392628507,13.183333333332754,40.71068304702518
13.1875,0.2072746036363138,13.187499999999423,40.697070367452845
13.191666666666668,0.20689849424447815,13.191666666666087,40.68344028444682
13.195833333333335,0.20652306452219868,13.195833333332752,40.66979279166635
13.200000000000001,0.2061483132429185,13.19999999999942,40.656127882821956
13.204166666666667,0.20577423918209722,13.204166666666088,40.642445551675564
13.208333333333334,0.20540084111720777,13.208333333332753,40.62874579204065
13.2125,0.20502811782772912,13.212499999999418,40.61502859778241
13.216666666666669,0.20465606809514314,13.216666666666086,40.601293962817934
13.220833333333333,0.20428469070292876,13.220833333332754,40.58754188111633
13.225000000000001,0.2039139844365562,13.224999999999419,40.57377234669895
13.229166666666666,0.20354394808348342,13.229166666666083,40.55998535363947
13.233333333333334,0.20317458127590832,13.233333333332752,40.54618089606407
13.237500000000002,0.20280588740515773,13.23749999999942,40.53235896815165
13.241666666666667,0.2024378601323372,13.241666666666084,40.51851956413391
13.245833333333335,0.20207049826050288,13.24583333333275,40.50466267829555
13.25,0.20170380059477694,13.249999999999417,40.49078830497443
13.254166666666668,0.20133776594234168,13.254166666666086,40.47689643856172
13.258333333333335,0.20097239311243625,13.25833333333275,40.462987073502056
13.262500000000001,0.20060768091635173,13.262499999999415,40.449060204293694
13.266666666666667,0.2002436281674259,13.266666666666083,40.4351158254887
13.270833333333334,0.19988023368104063,13.270833333332751,40.42115393169306
13.275,0.19951749627461515,13.274999999999416,40.40717451756689
13.279166666666669,0.1991554147676036,13.27916666666608,40.39317757782455
13.283333333333333,0.19879398798148962,13.283333333332749,40.37916310723481
13.287500000000001,0.1984332147397814,13.287499999999417,40.365131100621056
13.291666666666666,0.19807309386800867,13.291666666666082,40.35108155286139
13.295833333333334,0.19771362419371669,13.295833333332746,40.33701445888881
13.300000000000002,0.19735480454646298,13.299999999999415,40.32292981369135
13.304166666666667,0.19699663375781243,13.304166666666083,40.30882761231233
13.308333333333335,0.19663911066133224,13.308333333332747,40.29470784985036
13.3125,0.1962822340925889,13.312499999999412,40.280570521459616
13.316666666666668,0.1959260028891419,13.31666666666608,40.26641562234995
13.320833333333335,0.19557041589054092,13.320833333332748,40.2522431477871
13.325000000000001,0.1952154719383209,13.324999999999413,40.23805309309275
13.329166666666667,0.19486116987599655,13.329166666666078,40.22384545373317
13.333333333333334,0.19450750854905963,13.333333333332746,40.20962022965896
13.3375,0.19415448680497274,13.337499999999414,40.195377412235494
13.341666666666669,0.19380210349316646,13.341666666666079,40.18111699703455
13.345833333333333,0.193450357465034,13.345833333332743,40.16683897968537
13.350000000000001,0.19309924757392646,13.349999999999412,40.152543355874855
13.354166666666666,0.19274877267514948,13.35416666666608,40.13823012134768
13.358333333333334,0.1923989316259575,13.358333333332745,40.12389927190653
13.362500000000002,0.19204972328555034,13.36249999999941,40.10955080341218
13.366666666666667,0.19170114651506845,13.366666666666077,40.09518471178374
13.370833333333335,0.1913532001775878,13.370833333332746,40.08080099299877
13.375,0.1910058831381167,13.37499999999941,40.06639964309346
13.379166666666668,0.1906591942635898,13.379166666666075,40.05198065816283
13.383333333333335,0.19031313242286507,13.383333333332743,40.03754403436083
13.387500000000001,0.1899676964867188,13.387499999999411,40.02308976790054
13.391666666666667,0.18962288532784036,13.391666666666076,40.00861785505439
13.395833333333334,0.1892786978208294,13.39583333333274,39.99412829215421
13.4,0.1889351328421896,13.399999999999409,39.97962107559145
13.404166666666669,0.18859218927032556,13.404166666666077,39.96509620181746
13.408333333333333,0.18824986598553806,13.408333333332742,39.95055366734344
13.412500000000001,0.18790816187001871,13.412499999999406,39.93599346874076
13.416666666666666,0.1875670758078469,13.416666666666075,39.921415602641076
13.420833333333334,0.18722660668498403,13.420833333332743,39.90682006573651
13.425000000000002,0.18688675338927013,13.424999999999407,39.89220685477981
13.429166666666667,0.1865475148104191,13.429166666666072,39.87757596658448
13.433333333333335,0.1862088898400132,13.43333333333274,39.86292739802503
13.4375,0.1858708773715006,13.437499999999408,39.84826114603705
13.441666666666668,0.18553347630018885,13.441666666666073,39.83357720761745
13.445833333333335,0.1851966855232421,13.445833333332738,39.818875579824564
13.450000000000001,0.18486050393967587,13.449999999999406,39.804156259778345
13.454166666666667,0.18452493045035212,13.454166666666074,39.78941924466054
13.458333333333334,0.1841899639579761,13.458333333332739,39.774664531714855
13.4625,0.18385560336709034,13.462499999999403,39.75989211824708
13.466666666666669,0.1835218475840717,13.466666666666072,39.74510200162531
13.470833333333333,0.1831886955171261,13.47083333333274,39.730294179280065
13.475000000000001,0.18285614607628364,13.474999999999405,39.7154686487045
13.479166666666666,0.1825241981733955,13.47916666666607,39.70062540745451
13.483333333333334,0.18219285072212787,13.483333333332737,39.685764453148956
13.487500000000002,0.18186210263795885,13.487499999999406,39.670885783469814
13.491666666666667,0.18153195283817355,13.49166666666607,39.655989396162305
13.495833333333335,0.1812024002418588,13.495833333332735,39.64107528903511
13.5,0.18087344376990042,13.499999999999403,39.62614345987172
13.504166666666668,0.18054508234497682,13.504166666666071,39.611193906414
13.508333333333335,0.1802173148915562,13.508333333332736,39.596226626907224
13.512500000000001,0.17989014033589135,13.5124999999994,39.5812416194135
13.516666666666667,0.17956355760601467,13.516666666666069,39.56623888205918
13.520833333333334,0.17923756563173512,13.520833333332737,39.55121841303501
13.525,0.1789121633446322,13.524999999999402,39.53618021059624
13.529166666666669,0.17858734967805262,13.529166666666066,39.52112427306284
13.533333333333333,0.17826312356710575,13.533333333332735,39.506050598819634
13.537500000000001,0.17793948394865816,13.537499999999403,39.49095918631645
13.541666666666666,0.17761642976133057,13.541666666666067,39.47585003406841
13.545833333333334,0.1772939599454922,13.545833333332732,39.460723140655865
13.550000000000002,0.17697207344325722,13.5499999999994,39.44557850472476
13.554166666666667,0.17665076919848008,13.554166666666069,39.43041612498673
13.558333333333335,0.17633004615675,13.558333333332733,39.41523600021924
13.5625,0.1760099032653886,13.562499999999398,39.40003812926578
13.566666666666668,0.17569033947344312,13.566666666666066,39.38482251103601
13.570833333333335,0.175371353731684,13.570833333332734,39.36958914450594
13.575000000000001,0.17505294499259927,13.574999999999399,39.35433802871808
13.579166666666667,0.1747351122103899,13.579166666666064,39.33906916278164
13.583333333333334,0.174417854512322,13.583333333332732,39.3237825458726
13.5875,0.17410117679817835,13.5874999999994,39.30847817723401
13.591666666666669,0.17378507222493553,13.591666666666065,39.293156056176045
13.595833333333333,0.17346953976133553,13.59583333333273,39.27781618207622
13.600000000000001,0.1731545783779151,13.599999999999397,39.26245855437951
13.604166666666666,0.172840187047003,13.604166666666066,39.24708317259859
13.608333333333334,0.17252636474271507,13.60833333333273,39.231690036313935
13.612500000000002,0.17221311044095122,13.612499999999395,39.21627914517398
13.616666666666667,0.1719004231193915,13.616666666666063,39.20085049889532
13.620833333333335,0.17158830175749137,13.620833333332731,39.18540409726287
13.625,0.17127674533647919,13.624999999999396,39.169939940130014
13.629166666666668,0.17096575283935114,13.62916666666606,39.15445802741874
13.633333333333335,0.1706553232508684,13.633333333332729,39.13895835911988
13.637500000000001,0.17034545555755287,13.637499999999397,39.123440935293225
13.641666666666667,0.17003614874768283,13.641666666666062,39.107905756067645
13.645833333333334,0.1697274018112902,13.645833333332726,39.09235282164135
13.65,0.16941921374015542,13.649999999999395,39.07678213228197
13.654166666666669,0.16911158352780492,13.654166666666063,39.06119368832678
13.658333333333333,0.16880451016950648,13.658333333332727,39.045587490182825
13.662500000000001,0.16849799266226514,13.662499999999392,39.02996353832708
13.666666666666666,0.16819203000482036,13.66666666666606,39.01432183330664
13.670833333333334,0.16788662119764103,13.670833333332729,38.99866237367915
13.675000000000002,0.1675817652429226,13.674999999999393,38.98298515971446
13.679166666666667,0.16727746114458278,13.679166666666058,38.96729019419561
13.683333333333335,0.16697370790825738,13.683333333332726,38.95157747792892
13.6875,0.16667050454129748,13.687499999999394,38.93584701179098
13.691666666666668,0.16636785005276408,13.691666666666059,38.92009879672886
13.695833333333335,0.1660657434534259,13.695833333332724,38.90433283376019
13.700000000000001,0.16576418375575463,13.699999999999392,38.88854912397341
13.704166666666667,0.16546316997392072,13.70416666666606,38.87274766852784
13.708333333333334,0.16516270112379078,13.708333333332725,38.856928468653955
13.7125,0.1648627762229222,13.71249999999939,38.84109152565337
13.716666666666669,0.1645633942905608,13.716666666666057,38.82523684089911
13.720833333333333,0.16426455434763615,13.720833333332726,38.80936441583578
13.725000000000001,0.16396625541675744,13.72499999999939,38.79347425197967
13.729166666666666,0.1636684965222108,13.729166666666055,38.7775663509189
13.733333333333334,0.163371276689954,13.733333333332723,38.761640714313614
13.737500000000002,0.16307459494761384,13.737499999999391,38.74569734389611
13.741666666666667,0.16277845032448196,13.741666666666056,38.72973624147104
13.745833333333335,0.1624828418515103,13.74583333333272,38.7137574089155
13.75,0.16218776856130834,13.749999999999389,38.697760848179186
13.754166666666668,0.1618932294881383,13.754166666666057,38.681746561284655
13.758333333333335,0.16159922366791213,13.758333333332722,38.66571455032735
13.762500000000001,0.16130575013818732,13.762499999999386,38.64966481747582
13.766666666666667,0.16101280793816242,13.766666666666055,38.63359736497188
13.770833333333334,0.16072039610867472,13.770833333332723,38.61751219513072
13.775,0.16042851369219455,13.774999999999388,38.60140931034114
13.779166666666669,0.16013715973282303,13.779166666666052,38.5852887130656
13.783333333333333,0.15984633327628756,13.78333333333272,38.56915040584046
13.787500000000001,0.1595560333699376,13.787499999999389,38.55299439127611
13.791666666666666,0.15926625906274172,13.791666666666053,38.536820672057104
13.795833333333334,0.1589770094052827,13.795833333332718,38.52062925094235
13.800000000000002,0.15868828344975486,13.799999999999386,38.50442013076522
13.804166666666667,0.15840008024995947,13.804166666666054,38.48819331443376
13.808333333333335,0.15811239886130066,13.808333333332719,38.471948804930804
13.8125,0.1578252383407826,13.812499999999384,38.455686605314135
13.816666666666668,0.15753859774700446,13.816666666666052,38.43940671871664
13.820833333333335,0.1572524761401576,13.82083333333272,38.4231091483465
13.825000000000001,0.15696687258202136,13.824999999999385,38.406793897487276
13.829166666666667,0.1566817861359585,13.82916666666605,38.39046096949815
13.833333333333334,0.15639721586691288,13.833333333332718,38.374110367813955
13.8375,0.15611316084140392,13.837499999999386,38.35774209594549
13.841666666666669,0.1558296201275242,13.84166666666605,38.34135615338177
13.845833333333333,0.15554659279493485,13.845833333332715,38.32495254581444
13.850000000000001,0.15526407791486163,13.849999999999383,38.30853127844331
13.854166666666666,0.15498207456009186,13.854166666666051,38.29209235505371
13.858333333333334,0.15470058180496932,13.858333333332716,38.275635779506786
13.862500000000002,0.1544195987253917,13.86249999999938,38.25916155573964
13.866666666666667,0.1541391243988063,13.866666666666049,38.2426696877655
13.870833333333335,0.15385915790420557,13.870833333332717,38.226160179673855
13.875,0.15357969832212423,13.874999999999382,38.20963303563061
13.879166666666668,0.15330074473463468,13.879166666666046,38.193088259878195
13.883333333333335,0.1530222962253438,13.883333333332715,38.17652585673574
13.887500000000001,0.15274435187938878,13.887499999999383,38.15994583059921
13.891666666666667,0.15246691078343286,13.891666666666048,38.14334818594157
13.895833333333334,0.15218997202566248,13.895833333332712,38.12673292731287
13.9,0.15191353469578234,13.89999999999938,38.11010005934048
13.904166666666669,0.15163759788501255,13.904166666666049,38.09344958672913
13.908333333333333,0.15136216068608438,13.908333333332713,38.07678151426116
13.912500000000001,0.15108722219323578,13.912499999999378,38.060095846796585
13.916666666666666,0.150812781502209,13.916666666666046,38.04339258927326
13.920833333333334,0.15053883771024498,13.920833333332714,38.02667174670703
13.925000000000002,0.15026538991608124,13.924999999999379,38.00993332419193
13.929166666666667,0.14999243721994687,13.929166666666044,37.99317732690019
13.933333333333335,0.14971997872355894,13.933333333332712,37.9764037600825
13.9375,0.14944801804111693,13.93749999999938,37.95961262906814
13.941666666666668,0.14917655040266414,13.941666666666045,37.94280393926509
13.945833333333335,0.1489055745275137,13.94583333333271,37.92597769616015
13.950000000000001,0.14863508952943483,13.949999999999378,37.909133905319145
13.954166666666667,0.14836509452374716,13.954166666666046,37.89227257238706
13.958333333333334,0.14809558862731884,13.95833333333271,37.875393703088136
13.9625,0.14782657095856153,13.962499999999375,37.858497303226066
13.966666666666669,0.1475580406374284,13.966666666666043,37.84158337868409
13.970833333333333,0.14728999678541002,13.970833333332711,37.824651935425194
13.975000000000001,0.147022438525531,13.974999999999376,37.80770297949223
13.979166666666666,0.14675536498234723,13.97916666666604,37.79073651700803
13.983333333333334,0.1464887752819416,13.983333333332709,37.773752554175566
13.987500000000002,0.14622266855192148,13.987499999999377,37.75675109727813
13.991666666666667,0.14595704392141523,13.991666666666042,37.73973215267949
13.995833333333335,0.145691900521068,13.995833333332707,37.72269572682389
14.0,0.14542723748303968,13.999999999999375,37.70564182623637
14.004166666666668,0.14516305394100046,14.004166666666043,37.68857045752283
14.008333333333335,0.1448993490301279,14.008333333332708,37.67148162737017
14.012500000000001,0.1446361218871041,14.012499999999372,37.65437533600307
14.016666666666667,0.14437337165011083,14.01666666666604,37.63725159584152
14.020833333333334,0.14411109745882816,14.020833333332709,37.6201104140552
14.025,0.1438492984544292,14.024999999999373,37.60295179761988
14.029166666666669,0.1435879737795783,14.029166666666038,37.585775753592074
14.033333333333333,0.14332712257842675,14.033333333332706,37.56858228910912
14.037500000000001,0.14306674399660949,14.037499999999374,37.55137141138942
14.041666666666666,0.14280683718124243,14.041666666666039,37.53414312773244
14.045833333333334,0.14254740128091797,14.045833333332704,37.51689744551897
14.050000000000002,0.1422884354457028,14.049999999999372,37.499634372211126
14.054166666666667,0.142029938827134,14.05416666666604,37.482353915352604
14.058333333333335,0.1417719105782153,14.058333333332705,37.46505608256876
14.0625,0.14151434985341466,14.06249999999937,37.4477408815667
14.066666666666668,0.1412572558086598,14.066666666666038,37.430408320135435
14.070833333333335,0.14100062760133583,14.070833333332706,37.413058406146085
14.075000000000001,0.14074446439028154,14.07499999999937,37.39569114755192
14.079166666666667,0.14048876533578553,14.079166666666035,37.37830655238852
14.083333333333334,0.14023352959958388,14.083333333332703,37.36090462877391
14.0875,0.13997875634485557,14.087499999999372,37.34348538490868
14.091666666666669,0.1397244447362203,14.091666666666036,37.32604882907617
14.095833333333333,0.13947059393973457,14.0958333333327,37.30859496964253
14.100000000000001,0.13921720312288788,14.099999999999369,37.29112381505684
14.104166666666666,0.13896427145460039,14.104166666666037,37.273635373851334
14.108333333333334,0.1387117981052186,14.108333333332702,37.25612965464148
14.112500000000002,0.13845978224651265,14.112499999999367,37.23860666612605
14.116666666666667,0.13820822305167282,14.116666666666035,37.22106641708737
14.120833333333335,0.1379571196953056,14.120833333332703,37.20350891639136
14.125,0.13770647135343136,14.124999999999368,37.18593417298771
14.129166666666668,0.13745627720347994,14.129166666666032,37.16834219590998
14.133333333333335,0.13720653642428812,14.1333333333327,37.15073299427573
14.137500000000001,0.13695724819609598,14.137499999999369,37.13310657728673
14.141666666666667,0.136708411700543,14.141666666666033,37.11546295422898
14.145833333333334,0.13646002612066585,14.145833333332698,37.09780213447289
14.15,0.1362120906408937,14.149999999999366,37.080124127473404
14.154166666666669,0.13596460444704608,14.154166666666034,37.06242894277018
14.158333333333333,0.1357175667263289,14.158333333332699,37.044716589987644
14.162500000000001,0.1354709766673307,14.162499999999364,37.02698707883514
14.166666666666666,0.1352248334600204,14.166666666666032,37.0092404191071
14.170833333333334,0.13497913629574276,14.1708333333327,36.99147662068315
14.175000000000002,0.1347338843672159,14.174999999999365,36.973695693528235
14.179166666666667,0.13448907686852762,14.17916666666603,36.95589764588401
14.183333333333335,0.1342447129951317,14.183333333332698,36.938082481512346
14.1875,0.13400079194384534,14.187499999999366,36.92025021780608
14.191666666666668,0.13375731291284473,14.19166666666603,36.90240086502139
14.195833333333335,0.1335142751016629,14.195833333332695,36.88453443349901
14.200000000000001,0.13327167771118553,14.199999999999363,36.866650933664346
14.204166666666667,0.1330295199436475,14.204166666666032,36.84875037602763
14.208333333333334,0.13278780100263052,14.208333333332696,36.83083277118399
14.2125,0.1325465200930583,14.21249999999936,36.81289812981356
14.216666666666669,0.13230567642119465,14.216666666666029,36.79494646268163
14.220833333333333,0.13206526919463932,14.220833333332697,36.77697778063871
14.225000000000001,0.13182529762232442,14.224999999999362,36.7589920946207
14.229166666666666,0.13158576091451202,14.229166666666027,36.740989415648976
14.233333333333334,0.13134665828278952,14.233333333332695,36.72296975483047
14.237500000000002,0.13110798894006762,14.237499999999363,36.70493312335786
14.241666666666667,0.13086975210057608,14.241666666666028,36.686879532509614
14.245833333333335,0.13063194697986033,14.245833333332692,36.66880899365013
14.25,0.13039457279477887,14.24999999999936,36.65072151822984
14.254166666666668,0.13015762876349893,14.254166666666029,36.63261711778535
14.258333333333335,0.1299211141054939,14.258333333332693,36.61449580393953
14.262500000000001,0.1296850280415399,14.262499999999358,36.59635758840164
14.266666666666667,0.12944936979371155,14.266666666666026,36.57820248296739
14.270833333333334,0.12921413858537995,14.270833333332694,36.56003049951915
14.275,0.12897933364120806,14.274999999999359,36.541841650026
14.279166666666669,0.12874495418714837,14.279166666666024,36.523635946543855
14.283333333333333,0.12851099945043898,14.283333333332692,36.505413401215534
14.287500000000001,0.1282774718303248,14.28749999999936,36.48717402627098
14.291666666666666,0.12804436831477026,14.291666666666025,36.46891783402727
14.295833333333334,0.1278116874052005,14.29583333333269,36.4506448368888
14.300000000000002,0.1275794283388702,14.299999999999358,36.4323550473473
14.304166666666667,0.12734759035436868,14.304166666666026,36.414048477982085
14.308333333333335,0.1271161726916164,14.30833333333269,36.39572514146007
14.3125,0.12688517459186324,14.312499999999355,36.37738505053589
14.316666666666668,0.12665459529768408,14.316666666666023,36.359028218052046
14.320833333333335,0.1264244340529771,14.320833333332692,36.34065465693901
14.325000000000001,0.12619469010296017,14.324999999999356,36.32226438021532
14.329166666666667,0.12596536269416767,14.329166666666021,36.303857400987695
14.333333333333334,0.12573645107444822,14.333333333332689,36.28543373245115
14.3375,0.12550795449296087,14.337499999999357,36.266993387889165
14.341666666666669,0.12527987220017292,14.341666666666022,36.2485363806737
14.345833333333333,0.12505220344785653,14.345833333332687,36.230062724265366
14.350000000000001,0.12482494748908553,14.349999999999355,36.21157242676954
14.354166666666666,0.1245981035782331,14.354166666666023,36.193065499014395
14.358333333333334,0.12437167097096799,14.358333333332688,36.17454196160983
14.362500000000002,0.12414564892425237,14.362499999999352,36.156001828302884
14.366666666666667,0.12392003669633839,14.36666666666602,36.13744511292788
14.370833333333335,0.12369483354676492,14.370833333332689,36.118871829406594
14.375,0.12347003873635543,14.374999999999353,36.100281991748254
14.379166666666668,0.1232456515272141,14.379166666666018,36.0816756140497
14.383333333333335,0.12302167118272349,14.383333333332686,36.063052710495384
14.387500000000001,0.12279809696754149,14.387499999999354,36.0444132953576
14.391666666666667,0.12257492814759773,14.39166666666602,36.02575738299642
14.395833333333334,0.12235216399009163,14.395833333332684,36.00708498785988
14.4,0.12212980376348835,14.399999999999352,35.988396124484055
14.404166666666669,0.12190784673751676,14.40416666666602,35.96969080749312
14.408333333333333,0.12168629218316596,14.408333333332685,35.9509690515995
14.412500000000001,0.12146513937268208,14.41249999999935,35.93223087160386
14.416666666666666,0.12124438757956615,14.416666666666018,35.91347628239529
14.420833333333334,0.12102403607857005,14.420833333332686,35.894705298951344
14.425000000000002,0.12080408414569448,14.42499999999935,35.87591793633816
14.429166666666667,0.12058453105818562,14.429166666666015,35.857114209710524
14.433333333333335,0.12036537609453166,14.433333333332683,35.83829413431195
14.4375,0.12014661853446099,14.437499999999352,35.81945772547481
14.441666666666668,0.11992825765893779,14.441666666666016,35.80060499862042
14.445833333333335,0.1197102927501604,14.445833333332681,35.781735969259074
14.450000000000001,0.11949272309155763,14.44999999999935,35.76285065299019
14.454166666666667,0.11927554796778554,14.454166666666017,35.74394906550237
14.458333333333334,0.11905876666472534,14.458333333332682,35.72503122257351
14.4625,0.1188423784694795,14.462499999999347,35.706097140070895
14.466666666666669,0.11862638267036942,14.466666666666015,35.68714683395123
14.470833333333333,0.11841077855693233,14.470833333332683,35.66818032026082
14.475000000000001,0.11819556541991778,14.474999999999348,35.64919761513558
14.479166666666666,0.11798074255128567,14.479166666666012,35.63019873480118
14.483333333333334,0.11776630924420214,14.48333333333268,35.611183695573075
14.487500000000002,0.11755226479303763,14.487499999999349,35.592152513856654
14.491666666666667,0.11733860849336326,14.491666666666013,35.57310520614732
14.495833333333335,0.11712533964194788,14.495833333332678,35.55404178903054
14.5,0.11691245753675567,14.499999999999346,35.53496227918196
14.504166666666668,0.11669996147694217,14.504166666666015,35.51586669336751
14.508333333333335,0.11648785076285248,14.50833333333268,35.496755048443454
14.512500000000001,0.11627612469601745,14.512499999999344,35.47762736135653
14.516666666666667,0.11606478257915077,14.516666666666012,35.458483649143965
14.520833333333334,0.11585382371614662,14.52083333333268,35.43932391815894
14.525,0.11564324741207571,14.524999999999345,35.42014818948157
14.529166666666669,0.11543305297318336,14.52916666666601,35.40095648558334
14.533333333333333,0.11522323970688589,14.533333333332678,35.38174882377657
14.537500000000001,0.11501380692176749,14.537499999999346,35.36252522146218
14.541666666666666,0.11480475392757804,14.54166666666601,35.34328569612973
14.545833333333334,0.11459608003522916,14.545833333332675,35.324030265357514
14.550000000000002,0.114387784556792,14.549999999999343,35.30475894681252
14.554166666666667,0.11417986680549409,14.554166666666012,35.285471758250644
14.558333333333335,0.11397232609571578,14.558333333332676,35.266168717516635
14.5625,0.11376516174298841,14.562499999999341,35.246849842544194
14.566666666666668,0.11355837306399,14.56666666666601,35.227515151356016
14.570833333333335,0.11335195937654348,14.570833333332677,35.20816466206389
14.575000000000001,0.11314591999961306,14.574999999999342,35.18879839286875
14.579166666666667,0.11294025425330109,14.579166666666007,35.169416362060666
14.583333333333334,0.11273496145884597,14.583333333332675,35.15001858801901
14.5875,0.11253004093861789,14.587499999999343,35.13060508921244
14.591666666666669,0.11232549201611712,14.591666666666008,35.11117588419902
14.595833333333333,0.11212131401597038,14.595833333332672,35.0917309916262
14.600000000000001,0.11191750626392764,14.59999999999934,35.07227043023096
14.604166666666666,0.11171406808685999,14.604166666666009,35.052794218839814
14.608333333333334,0.11151099881275563,14.608333333332673,35.033302376368916
14.612500000000002,0.11130829777071774,14.612499999999338,35.01379492182406
14.616666666666667,0.11110596429096135,14.616666666666006,34.994271874300786
14.620833333333335,0.11090399770480966,14.620833333332675,34.974733252984464
14.625,0.11070239734469213,14.62499999999934,34.95517907715027
14.629166666666668,0.11050116254414069,14.629166666666004,34.93560936616334
14.633333333333335,0.11030029263778718,14.633333333332672,34.916024139478736
14.637500000000001,0.11009978955218735,14.63749999999934,34.896423416641596
14.641666666666667,0.10989965130975253,14.641666666666005,34.87680721728717
14.645833333333334,0.10969987616041522,14.64583333333267,34.85717556114082
14.65,0.10950046344782313,14.649999999999338,34.83752846801813
14.654166666666669,0.10930141251677167,14.654166666666006,34.81786595782499
14.658333333333333,0.10910272271320078,14.65833333333267,34.798188050557634
14.662500000000001,0.10890439338419211,14.662499999999335,34.77849476630265
14.666666666666666,0.10870642387796714,14.666666666666003,34.758786125237116
14.670833333333334,0.10850881354388364,14.670833333332672,34.73906214762861
14.675000000000002,0.10831156173243396,14.674999999999336,34.719322853835315
14.679166666666667,0.10811466779524195,14.679166666666001,34.69956826430603
14.683333333333335,0.10791813108506018,14.68333333333267,34.67979839958024
14.6875,0.10772195095576789,14.687499999999337,34.660013280288226
14.691666666666668,0.10752612676236777,14.691666666666002,34.640212910228904
14.695833333333335,0.10733065786098384,14.695833333332667,34.62039732333106
14.700000000000001,0.10713554360885877,14.699999999999335,34.60056654227318
14.704166666666667,0.10694078336435074,14.704166666666003,34.58072058794776
14.708333333333334,0.10674637648693175,14.708333333332668,34.56085948133559
14.7125,0.10655232233718395,14.712499999999332,34.540983243505785
14.716666666666669,0.10635862027679809,14.716666666666,34.521091895615804
14.720833333333333,0.10616526966857028,14.720833333332669,34.501185458911536
14.725000000000001,0.10597226987639918,14.724999999999334,34.481263954727275
14.729166666666666,0.10577962026528433,14.729166666665998,34.46132740448575
14.733333333333334,0.10558732020132229,14.733333333332666,34.441375829698146
14.737500000000002,0.10539536905170513,14.737499999999335,34.421409251964185
14.741666666666667,0.10520376618471738,14.741666666666,34.4014276929721
14.745833333333335,0.105012510969733,14.745833333332664,34.38143117449867
14.75,0.10482160277721375,14.749999999999332,34.36141971840923
14.754166666666668,0.10463104097870544,14.754166666666,34.341393346657796
14.758333333333335,0.10444082494683639,14.758333333332665,34.32135208128696
14.762500000000001,0.1042509540553142,14.76249999999933,34.301295944428
14.766666666666667,0.10406142767892303,14.766666666665998,34.28122495830086
14.770833333333334,0.10387224519352162,14.770833333332666,34.261139145214244
14.775,0.10368340597603995,14.77499999999933,34.24103852756557
14.779166666666669,0.10349490940447718,14.779166666665995,34.22092312784105
14.783333333333333,0.10330675485789906,14.783333333332664,34.20079296861566
14.787500000000001,0.10311894171643453,14.787499999999332,34.18064807255323
14.791666666666666,0.10293146936127433,14.791666666665996,34.16048846240648
14.795833333333334,0.10274433717466723,14.795833333332661,34.140314161016924
14.800000000000002,0.10255754453991828,14.79999999999933,34.120125191315054
14.804166666666667,0.1023710908413859,14.804166666665997,34.09992157632028
14.808333333333335,0.10218497546447887,14.808333333332662,34.07970333914097
14.8125,0.10199919779565458,14.812499999999327,34.0594705029745
14.816666666666668,0.10181375722241551,14.816666666665995,34.03922309110722
14.820833333333335,0.1016286531333073,14.820833333332663,34.01896112691457
14.825000000000001,0.10144388491791596,14.824999999999328,33.998684633861046
14.829166666666667,0.1012594519668649,14.829166666665992,33.97839363550026
14.833333333333334,0.10107535367181297,14.83333333333266,33.958088155474904
14.8375,0.1008915894254511,14.837499999999329,33.937768217516876
14.841666666666669,0.10070815862150044,14.841666666665994,33.91743384544721
14.845833333333333,0.10052506065470942,14.845833333332658,33.8970850631762
14.850000000000001,0.10034229492085077,14.849999999999326,33.8767218947033
14.854166666666666,0.10015986081671968,14.854166666665995,33.856344364117305
14.858333333333334,0.09997775774013044,14.85833333333266,33.835952492959194
14.862500000000002,0.09979598508991441,14.862499999999324,33.81554628931486
14.866666666666667,0.09961454226591723,14.866666666665992,33.795125794180606
14.870833333333335,0.09943342866899586,14.87083333333266,33.77469103189174
14.875,0.09925264370101664,14.874999999999325,33.75424202686993
14.879166666666668,0.09907218676485194,14.87916666666599,33.73377880362317
14.883333333333335,0.09889205726437823,14.883333333332658,33.71330138674578
14.887500000000001,0.09871225460447318,14.887499999999326,33.69280980091847
14.891666666666667,0.09853277819101276,14.89166666666599,33.67230407090822
14.895833333333334,0.09835362743086931,14.895833333332655,33.65178422156832
14.9,0.09817480173190808,14.899999999999324,33.63125027783837
14.904166666666669,0.0979963005029855,14.904166666665992,33.610702264744276
14.908333333333333,0.09781812315394606,14.908333333332656,33.59014020739823
14.912500000000001,0.09764026909561957,14.912499999999321,33.56956413099865
14.916666666666666,0.0974627377398191,14.91666666666599,33.54897406083027
14.920833333333334,0.09728552849933779,14.920833333332657,33.528370022264035
14.925000000000002,0.09710864078794665,14.924999999999322,33.50775204075721
14.929166666666667,0.09693207402039192,14.929166666665987,33.487120141853204
14.933333333333335,0.09675582761239204,14.933333333332655,33.46647435118171
14.9375,0.09657990098063575,14.937499999999323,33.44581469445862
14.941666666666668,0.09640429354277864,14.941666666665988,33.42514119748606
14.945833333333335,0.09622900471744138,14.945833333332653,33.40445388615233
14.950000000000001,0.09605403392420665,14.94999999999932,33.383752786431906
14.954166666666667,0.09587938058361636,14.954166666665989,33.36303792438547
14.958333333333334,0.09570504411716971,14.958333333332654,33.34230932615991
14.9625,0.09553102394731963,14.962499999999318,33.32156701798821
14.966666666666669,0.09535731949747123,14.966666666665986,33.30081102618952
14.970833333333333,0.09518393019197845,14.970833333332655,33.28004137716917
14.975000000000001,0.09501085545614153,14.97499999999932,33.2592580974186
14.979166666666666,0.09483809471620487,14.979166666665984,33.2384612135154
14.983333333333334,0.09466564739935372,14.983333333332652,33.21765075212322
14.987500000000002,0.09449351506014797,14.98749999999932,33.19682673999186
14.991666666666667,0.09432169663219465,14.991666666665985,33.17598920395724
14.995833333333335,0.09415019009806529,14.99583333333265,33.15513817094133
15.0,0.09397899489321651,14.999999999999318,33.13427366795215
15.004166666666668,0.0938081104540934,15.004166666665986,33.11339572208386
15.008333333333335,0.09363753621812819,15.00833333333265,33.09250436051666
15.012500000000001,0.09346727162373751,15.012499999999315,33.07159961051676
15.016666666666667,0.09329731611032,15.016666666665984,33.05068149943644
15.020833333333334,0.09312766911825458,15.020833333332652,33.02975005471403
15.025,0.09295833008889766,15.024999999999316,33.00880530387387
15.029166666666669,0.09278929846458121,15.029166666665981,32.987847266446565
15.033333333333333,0.09262057368861062,15.03333333333265,32.96687596256466
15.037500000000001,0.09245215520526187,15.037499999999318,32.94589143327205
15.041666666666666,0.09228404245978006,15.041666666665982,32.924893706316624
15.045833333333334,0.09211623489837634,15.045833333332647,32.90388280952893
15.050000000000002,0.09194873196822649,15.049999999999315,32.882858770822146
15.054166666666667,0.09178153311746816,15.054166666665983,32.861821618192074
15.058333333333335,0.09161463779519845,15.058333333332648,32.84077137971704
15.0625,0.0914480454514723,15.062499999999313,32.819708083557835
15.066666666666668,0.09128175553729956,15.06666666666598,32.7986317579577
15.070833333333335,0.09111576750464329,15.070833333332649,32.77754243124227
15.075000000000001,0.09095008080641723,15.074999999999314,32.756440131819545
15.079166666666667,0.09078469489648332,15.079166666665978,32.73532488817979
15.083333333333334,0.09061960922965011,15.083333333332646,32.71419672889549
15.0875,0.0904548232616698,15.087499999999315,32.693055682621406
15.091666666666669,0.0902903364492364,15.09166666666598,32.671901778094394
15.095833333333333,0.09012614824998356,15.095833333332644,32.65073504413341
15.100000000000001,0.0899622581224818,15.099999999999312,32.62955550963947
15.104166666666666,0.08979866552623698,15.10416666666598,32.60836320359561
15.108333333333334,0.08963536992168726,15.108333333332645,32.58715815506681
15.112500000000002,0.08947237077020158,15.11249999999931,32.56594039319995
15.116666666666667,0.08930966753407707,15.116666666665978,32.54470994722377
15.120833333333335,0.08914725967653653,15.120833333332646,32.52346684644883
15.125,0.08898514666172685,15.12499999999931,32.50221112026747
15.129166666666668,0.088823327954716,15.129166666665975,32.4809427981537
15.133333333333335,0.08866180302149143,15.133333333332644,32.459661909663204
15.137500000000001,0.08850057132895757,15.137499999999312,32.43836848443332
15.141666666666667,0.08833963234493317,15.141666666665976,32.417062552182934
15.145833333333334,0.08817898553814998,15.145833333332641,32.39574414271244
15.15,0.0880186303782494,15.14999999999931,32.37441328590371
15.154166666666669,0.08785856633578117,15.154166666665978,32.35307001172003
15.158333333333333,0.08769879288220067,15.158333333332642,32.33171435020612
15.162500000000001,0.08753930948986649,15.162499999999307,32.310346331487935
15.166666666666666,0.08738011563203879,15.166666666665975,32.28896598577278
15.170833333333334,0.08722121078287626,15.170833333332643,32.26757334334915
15.175000000000002,0.08706259441743458,15.174999999999308,32.246168434586764
15.179166666666667,0.08690426601166389,15.179166666665973,32.224751289936435
15.183333333333335,0.08674622504240626,15.18333333333264,32.20332193993004
15.1875,0.08658847098739403,15.187499999999309,32.18188041518058
15.191666666666668,0.08643100332524688,15.191666666665974,32.16042674638197
15.195833333333335,0.08627382153547022,15.195833333332638,32.1389609643091
15.200000000000001,0.08611692509845265,15.199999999999307,32.11748308568578
15.204166666666667,0.0859603134954634,15.204166666665975,32.095993144181826
15.208333333333334,0.0858039862086508,15.20833333333264,32.074491179678446
15.2125,0.08564794272103923,15.212499999999304,32.05297722314627
15.216666666666669,0.08549218251652753,15.216666666665972,32.031451305633176
15.220833333333333,0.08533670507988649,15.22083333333264,32.00991345826418
15.225000000000001,0.0851815098967563,15.224999999999305,31.98836371224135
15.229166666666666,0.08502659645364494,15.22916666666597,31.966802098843683
15.233333333333334,0.08487196423792523,15.233333333332638,31.945228649427058
15.237500000000002,0.0847176127378332,15.237499999999306,31.923643395424143
15.241666666666667,0.08456354144246554,15.24166666666597,31.902046368344294
15.245833333333335,0.08440974984177713,15.245833333332635,31.880437599773447
15.25,0.08425623742657934,15.249999999999304,31.85881712137405
15.254166666666668,0.0841030036885372,15.254166666665972,31.837184964884983
15.258333333333335,0.08395004812016758,15.258333333332637,31.815541162121473
15.262500000000001,0.08379737021483684,15.262499999999301,31.793885744974954
15.266666666666667,0.08364496946675831,15.26666666666597,31.772218745413035
15.270833333333334,0.08349284537099048,15.270833333332638,31.750540195479378
15.275,0.08334099742343425,15.274999999999302,31.72885012729364
15.279166666666669,0.08318942512083118,15.279166666665967,31.70714857305135
15.283333333333333,0.08303812796076099,15.283333333332635,31.685435565023813
15.287500000000001,0.08288710544163916,15.287499999999303,31.663711135558074
15.291666666666666,0.08273635706271501,15.291666666665968,31.6419753170768
15.295833333333334,0.0825858823240691,15.295833333332633,31.620228142078155
15.300000000000002,0.08243568072661141,15.2999999999993,31.59846964313575
15.304166666666667,0.08228575177207877,15.304166666665969,31.576699852898564
15.308333333333335,0.08213609496303242,15.308333333332634,31.554918804090853
15.3125,0.08198670980285647,15.312499999999298,31.533126529512
15.316666666666668,0.08183759579575475,15.316666666665967,31.511323062036485
15.320833333333335,0.0816887524467493,15.320833333332635,31.489508434613807
15.325000000000001,0.08154017926167786,15.3249999999993,31.46768268026836
15.329166666666667,0.08139187574719131,15.329166666665964,31.445845832099344
15.333333333333334,0.0812438414107521,15.333333333332632,31.423997923280684
15.3375,0.08109607728796231,15.3374999999993,31.40213898706096
15.341666666666669,0.08094858314359259,15.341666666665965,31.380269056763304
15.345833333333333,0.08080135686664532,15.34583333333263,31.358388165785296
15.350000000000001,0.08065439797181287,15.349999999999298,31.336496347598874
15.354166666666666,0.08050770597464177,15.354166666665966,31.314593635750278
15.358333333333334,0.08036128039152997,15.35833333333263,31.29268006385996
15.362500000000002,0.08021512073972559,15.362499999999295,31.270755665622442
15.366666666666667,0.08006922653732454,15.366666666665964,31.248820474806273
15.370833333333335,0.07992359730326856,15.370833333332632,31.226874505002883
15.375,0.07977823255734376,15.374999999999297,31.204917804052705
15.379166666666668,0.079633131820178,15.379166666665961,31.18295040966262
15.383333333333335,0.07948829461323959,15.38333333333263,31.160972355765736
15.387500000000001,0.07934372045883513,15.387499999999298,31.13898367636523
15.391666666666667,0.07919940888010712,15.391666666665962,31.116984405534172
15.395833333333334,0.07905535940103295,15.395833333332627,31.094974577415353
15.4,0.07891157154642199,15.399999999999295,31.072954226221228
15.404166666666669,0.07876804484191445,15.404166666665963,31.05092338623376
15.408333333333333,0.07862477881397903,15.408333333332628,31.028882091804284
15.412500000000001,0.07848177298991085,15.412499999999293,31.00683037735336
15.416666666666666,0.07833902689783002,15.41666666666596,30.984768277370662
15.420833333333334,0.07819654006667917,15.420833333332629,30.962695826414873
15.425000000000002,0.07805431202622194,15.424999999999294,30.940613059113502
15.429166666666667,0.07791234230704079,15.429166666665958,30.918520010162798
15.433333333333335,0.07777063044053503,15.433333333332627,30.89641671432755
15.4375,0.07762917595891923,15.437499999999295,30.874303206441073
15.441666666666668,0.07748797839522072,15.44166666666596,30.852179521405006
15.445833333333335,0.07734703728327826,15.445833333332624,30.830045694189128
15.450000000000001,0.0772063521577398,15.449999999999292,30.807901759831335
15.454166666666667,0.07706592255406035,15.45416666666596,30.785747753437448
15.458333333333334,0.07692574800850055,15.458333333332625,30.76358371018112
15.4625,0.07678582805812413,15.46249999999929,30.74140966530366
15.466666666666669,0.07664616224079657,15.466666666665958,30.71922565411389
15.470833333333333,0.07650675009518286,15.470833333332626,30.697031711988128
15.475000000000001,0.07636759116074537,15.47499999999929,30.67482787436993
15.479166666666666,0.07622868497774246,15.479166666665956,30.652614176770026
15.483333333333334,0.07609003108722587,15.483333333332624,30.630390654766142
15.487500000000002,0.07595162903103939,15.487499999999292,30.60815734400294
15.491666666666667,0.0758134783518167,15.491666666665957,30.58591428019185
15.495833333333335,0.0756755785929792,15.495833333332621,30.56366149911093
15.5,0.07553792929873444,15.49999999999929,30.541399036604698
15.504166666666668,0.07540053001407392,15.504166666665958,30.51912692858413
15.508333333333335,0.07526338028477136,15.508333333332622,30.496845211026415
15.512500000000001,0.07512647965738072,15.512499999999287,30.474553919974838
15.516666666666667,0.07498982767923396,15.516666666665955,30.452253091538694
15.520833333333334,0.07485342389843967,15.520833333332623,30.42994276189313
15.525,0.07471726786388054,15.524999999999288,30.407622967279043
15.529166666666669,0.0745813591252119,15.529166666665953,30.38529374400289
15.533333333333333,0.07444569723285961,15.533333333332621,30.362955128436603
15.537500000000001,0.07431028173801786,15.537499999999289,30.340607155457967
15.541666666666666,0.07417511219264782,15.541666666665954,30.318249840487994
15.545833333333334,0.07404018814947505,15.545833333332618,30.295883240270093
15.550000000000002,0.07390550916198808,15.549999999999287,30.27350739131127
15.554166666666667,0.07377107478443631,15.554166666665955,30.251122330179925
15.558333333333335,0.07363688457182781,15.55833333333262,30.22872809350566
15.5625,0.07350293807992789,15.562499999999284,30.206324717979072
15.566666666666668,0.07336923486525666,15.566666666665952,30.183912240351635
15.570833333333335,0.07323577448508746,15.57083333333262,30.16149069743552
15.575000000000001,0.07310255649744488,15.574999999999285,30.139060126103434
15.579166666666667,0.07296958046110244,15.57916666666595,30.116620563288382
15.583333333333334,0.07283684593558126,15.583333333332618,30.094172045983562
15.5875,0.07270435248114757,15.587499999999286,30.07171461124222
15.591666666666669,0.0725720996588112,15.591666666665951,30.04924829617739
15.595833333333333,0.07244008703032351,15.595833333332616,30.026773137961786
15.600000000000001,0.07230831415817508,15.599999999999284,30.004289173827626
15.604166666666666,0.07217678060559456,15.604166666665952,29.981796441066432
15.608333333333334,0.07204548593654586,15.608333333332617,29.95929497702891
15.612500000000002,0.07191442971572692,15.612499999999281,29.93678481912474
15.616666666666667,0.0717836115085675,15.61666666666595,29.91426600482238
15.620833333333335,0.07165303088122696,15.620833333332618,29.891738571648986
15.625,0.07152268740059294,15.624999999999282,29.86920255719017
15.629166666666668,0.07139258063427877,15.629166666665947,29.846657999089825
15.633333333333335,0.07126271015062209,15.633333333332615,29.824104935049984
15.637500000000001,0.07113307551868266,15.637499999999283,29.80154340283066
15.641666666666667,0.07100367630824027,15.641666666665948,29.77897344024967
15.645833333333334,0.07087451208979319,15.645833333332613,29.75639508518241
15.65,0.07074558243455578,15.649999999999281,29.733808375561754
15.654166666666669,0.07061688691445701,15.65416666666595,29.711213349377864
15.658333333333333,0.07048842510213832,15.658333333332614,29.688610044678015
15.662500000000001,0.07036019657095144,15.662499999999278,29.66599849956641
15.666666666666666,0.07023220089495699,15.666666666665947,29.643378752204026
15.670833333333334,0.07010443764892198,15.670833333332615,29.62075084080846
15.675000000000002,0.0699769064083183,15.67499999999928,29.59811480365373
15.679166666666667,0.0698496067493207,15.679166666665944,29.575470679070126
15.683333333333335,0.06972253824880455,15.683333333332612,29.552818505444005
15.6875,0.06959570144930255,15.68749999999928,29.53015832121769
15.691666666666668,0.06946909670755394,15.691666666665945,29.507490164889234
15.695833333333335,0.06934272199210668,15.69583333333261,29.484814075012277
15.700000000000001,0.06921657688591248,15.699999999999278,29.46213009019586
15.704166666666667,0.06909066097265815,15.704166666665946,29.43943824910429
15.708333333333334,0.06896497383676453,15.708333333332611,29.416738583829762
15.7125,0.06883951506338426,15.712499999999276,29.394031123016706
15.716666666666669,0.06871428423840058,15.716666666665944,29.37131591989618
15.720833333333333,0.06858928094842541,15.720833333332612,29.348593013232538
15.725000000000001,0.06846450478079749,15.724999999999277,29.325862441841245
15.729166666666666,0.06833995532358123,15.729166666665941,29.303124244588684
15.733333333333334,0.06821563216556441,15.73333333333261,29.280378460391955
15.737500000000002,0.06809153489625702,15.737499999999278,29.257625128218677
15.741666666666667,0.06796766310588939,15.741666666665942,29.234864287086786
15.745833333333335,0.06784401638541032,15.745833333332607,29.212095976064273
15.75,0.06772059432648582,15.749999999999275,29.189320234269022
15.754166666666668,0.06759739652149693,15.754166666665943,29.166537100868613
15.758333333333335,0.06747442256353857,15.758333333332608,29.143746615080097
15.762500000000001,0.06735167204641755,15.762499999999273,29.120948816169772
15.766666666666667,0.0672291445646508,15.766666666665941,29.09814374345297
15.770833333333334,0.0671068397134641,15.77083333333261,29.0753314362939
15.775,0.06698475708878988,15.774999999999274,29.052511934105414
15.779166666666669,0.06686289628726602,15.779166666665938,29.029685276348772
15.783333333333333,0.06674125690623399,15.783333333332607,29.006851502533454
15.787500000000001,0.06661983854373695,15.787499999999275,28.984010652216973
15.791666666666666,0.06649864079851853,15.79166666666594,28.96116276500465
15.795833333333334,0.06637766327002066,15.795833333332604,28.938307880549385
15.800000000000002,0.06625690555838235,15.799999999999272,28.91544603855148
15.804166666666667,0.0661363672644378,15.80416666666594,28.892577278758424
15.808333333333335,0.0660160479897145,15.808333333332605,28.869701640964717
15.8125,0.0658959473364321,15.81249999999927,28.84681916501156
15.816666666666668,0.06577606490750011,15.816666666665938,28.823929890786758
15.820833333333335,0.06565640030651679,15.820833333332606,28.80103385822448
15.825000000000001,0.06553695313776714,15.824999999999271,28.778131107305033
15.829166666666667,0.06541772300622116,15.829166666665936,28.755221678054653
15.833333333333334,0.06529870951753257,15.833333333332604,28.73230561054531
15.8375,0.06517991227803661,15.837499999999272,28.709382944894536
15.841666666666669,0.06506133089474887,15.841666666665937,28.686453721265142
15.845833333333333,0.06494296497536331,15.845833333332601,28.663517979865087
15.850000000000001,0.06482481412825053,15.84999999999927,28.640575760947186
15.854166666666666,0.06470687796245647,15.854166666665938,28.617627104808996
15.858333333333334,0.06458915608770013,15.858333333332602,28.594672051792575
15.862500000000002,0.06447164811437262,15.862499999999267,28.57171064228422
15.866666666666667,0.06435435365353494,15.866666666665935,28.548742916714325
15.870833333333335,0.06423727231691641,15.870833333332603,28.525768915557176
15.875,0.06412040371691327,15.874999999999268,28.50278867933072
15.879166666666668,0.06400374746658652,15.879166666665933,28.479802237836516
15.883333333333335,0.06388730317966074,15.883333333332601,28.456809631574565
15.887500000000001,0.06377107047052222,15.88749999999927,28.433810909903556
15.891666666666667,0.06365504895421702,15.891666666665934,28.410806113405577
15.895833333333334,0.06353923824644983,15.895833333332599,28.38779528270235
15.9,0.06342363796358173,15.899999999999267,28.364778458455003
15.904166666666669,0.06330824772262898,15.904166666665935,28.341755681363917
15.908333333333333,0.06319306714126116,15.9083333333326,28.31872699216839
15.912500000000001,0.06307809583779928,15.912499999999264,28.295692431646422
15.916666666666666,0.06296333343121456,15.916666666665932,28.27265204061447
15.920833333333334,0.06284877954112625,15.9208333333326,28.24960585992723
15.925000000000002,0.06273443378780041,15.924999999999265,28.22655393047741
15.929166666666667,0.06262029579214805,15.92916666666593,28.203496293195407
15.933333333333335,0.06250636517572322,15.933333333332598,28.180432989049127
15.9375,0.062392641560721815,15.937499999999266,28.157364059043772
15.941666666666668,0.062279124569979354,15.941666666665931,28.134289544221534
15.945833333333335,0.06216581382696986,15.945833333332596,28.11120948566139
15.950000000000001,0.06205270895580381,15.949999999999264,28.088123924478843
15.954166666666667,0.06193980958122647,15.954166666665932,28.065032901825703
15.958333333333334,0.061827115328616455,15.958333333332597,28.041936458889854
15.9625,0.061714625823983744,15.962499999999261,28.01883463689495
15.966666666666669,0.06160234069396836,15.96666666666593,27.99572747710024
15.970833333333333,0.061490259565838465,15.970833333332598,27.9726150208003
15.975000000000001,0.06137838206748855,15.974999999999262,27.949497309324833
15.979166666666666,0.06126670782743821,15.979166666665927,27.92637438403835
15.983333333333334,0.0611552364748299,15.983333333332595,27.90324628633997
15.987500000000002,0.06104396763942776,15.987499999999264,27.88011305766321
15.991666666666667,0.06093290095161576,15.991666666665928,27.85697473947572
15.995833333333335,0.06082203604239576,15.995833333332593,27.833831373279004
16.0,0.060711372543386384,15.999999999999261,27.81068300060823
16.004166666666666,0.060600910086820725,16.004166666665927,27.78752966303199
16.008333333333336,0.060490648305545194,16.008333333332594,27.76437140215205
16.0125,0.06038058683301764,16.01249999999926,27.741208259603063
16.01666666666667,0.060270725303305454,16.016666666665927,27.718040277052385
16.020833333333332,0.06016106335108436,16.020833333332593,27.694867496199844
16.025000000000002,0.060051600611636224,16.02499999999926,27.671689958777467
16.02916666666667,0.059942336720847846,16.029166666665926,27.648507706549243
16.033333333333335,0.05983327131520907,16.033333333332592,27.625320781310847
16.0375,0.05972440474534087,16.03749999999926,27.602129224889506
16.041666666666668,0.059615738059388905,16.041666666665925,27.578933079143674
16.045833333333334,0.0595072688965244,16.04583333333259,27.555732385962806
16.05,0.059398996898398546,16.049999999999258,27.53252717389757
16.054166666666667,0.059290921707290466,16.054166666665925,27.50931749273234
16.058333333333334,0.0591830429661055,16.05833333333259,27.486103388122025
16.0625,0.05907536031837416,16.062499999999257,27.46288490198438
16.066666666666666,0.05896787340825017,16.066666666665924,27.439662076264465
16.070833333333336,0.05886058188050935,16.07083333333259,27.416434952934342
16.075,0.05875348538054792,16.074999999999257,27.39320357399283
16.07916666666667,0.058646583554380884,16.079166666665923,27.369967981465155
16.083333333333332,0.058539876048640895,16.08333333333259,27.346728217402767
16.087500000000002,0.05843336251057628,16.087499999999256,27.32348432388304
16.09166666666667,0.058327042588049945,16.091666666665922,27.300236343009043
16.095833333333335,0.0582209159295378,16.09583333333259,27.276984316909164
16.1,0.05811498218412688,16.099999999999255,27.253728287736934
16.104166666666668,0.0580092410015145,16.104166666665922,27.230468297670757
16.108333333333334,0.05790369203200605,16.108333333332588,27.207204388913595
16.1125,0.05779833492651407,16.112499999999255,27.183936603692732
16.116666666666667,0.05769316933655653,16.11666666666592,27.16066498425945
16.120833333333334,0.0575881949142551,16.120833333332588,27.13738957288887
16.125,0.057483411312334115,16.124999999999254,27.1141104118796
16.129166666666666,0.05737881818411862,16.12916666666592,27.09082754355344
16.133333333333336,0.05727441518353321,16.133333333332587,27.067541010255187
16.1375,0.05717020196510041,16.137499999999253,27.04425085435234
16.14166666666667,0.057066178183939,16.14166666666592,27.02095711823484
16.145833333333332,0.05696234349576286,16.145833333332586,26.997659844314754
16.150000000000002,0.05685869755687912,16.149999999999253,26.97435907502604
16.15416666666667,0.0567552400241869,16.15416666666592,26.951054852824306
16.158333333333335,0.056651970555175846,16.158333333332585,26.92774722018654
16.1625,0.056548888807924226,16.162499999999252,26.904436219610744
16.166666666666668,0.05644599444109801,16.16666666666592,26.881121893615774
16.170833333333334,0.05634328711394887,16.170833333332585,26.857804284741043
16.175,0.056240766486312974,16.17499999999925,26.834483435546264
16.179166666666667,0.05613843221860948,16.179166666665918,26.811159388611117
16.183333333333334,0.05603628397183873,16.183333333332584,26.78783218653504
16.1875,0.055934321407581235,16.18749999999925,26.764501871936986
16.191666666666666,0.05583254418799564,16.191666666665917,26.741168487455084
16.195833333333336,0.0557309519758177,16.195833333332583,26.717832075746408
16.2,0.05562954443435857,16.19999999999925,26.694492679486697
16.20416666666667,0.05552832122750312,16.204166666665916,26.671150341370115
16.208333333333332,0.05542728201970886,16.208333333332583,26.64780510410897
16.212500000000002,0.05532642647600398,16.21249999999925,26.624457010433407
16.21666666666667,0.05522575426198621,16.216666666665915,26.601106103013265
16.220833333333335,0.05512526504382125,16.220833333332582,26.577752410912257
16.225,0.05502495848824096,16.22499999999925,26.554395989275942
16.229166666666668,0.05492483426254233,16.229166666665915,26.53103688083109
16.233333333333334,0.054824892034585564,16.23333333333258,26.507675128319008
16.2375,0.0547251314727929,16.237499999999248,26.484310774495274
16.241666666666667,0.05462555224614697,16.241666666665914,26.460943862129444
16.245833333333334,0.05452615402418918,16.24583333333258,26.437574434004723
16.25,0.054426936477018496,16.249999999999247,26.41420253291768
16.254166666666666,0.05432789927528958,16.254166666665913,26.390828201678023
16.258333333333336,0.05422904209021167,16.25833333333258,26.36745148310825
16.2625,0.054130364593546865,16.262499999999246,26.34407242004333
16.26666666666667,0.05403186645760852,16.266666666665913,26.32069105533048
16.270833333333332,0.053933547355260104,16.27083333333258,26.29730743182884
16.275000000000002,0.05383540695991322,16.274999999999245,26.273921592409224
16.27916666666667,0.05373744494552658,16.279166666665912,26.25053357995373
16.283333333333335,0.05363966098660424,16.28333333333258,26.227143437355526
16.2875,0.053542054758194006,16.287499999999245,26.20375120751859
16.291666666666668,0.05344462593588629,16.29166666666591,26.180356933357352
16.295833333333334,0.05334737419581216,16.295833333332578,26.156960657796407
16.3,0.053250299214642256,16.299999999999244,26.13356242377026
16.304166666666667,0.053153400669585085,16.30416666666591,26.110162274223033
16.308333333333334,0.05305667823838541,16.308333333332577,26.08676025210816
16.3125,0.05296013159932306,16.312499999999243,26.063356400388088
16.316666666666666,0.052863760431211035,16.31666666666591,26.039950762033985
16.320833333333336,0.05276756441339443,16.320833333332576,26.016543380025503
16.325,0.05267154322574867,16.324999999999243,25.99313429735044
16.32916666666667,0.05257569654867792,16.32916666666591,25.969723557004425
16.333333333333332,0.052480024063113945,16.333333333332575,25.94631120199069
16.337500000000002,0.052384525450514176,16.337499999999242,25.922897275319745
16.34166666666667,0.052289200392860606,16.34166666666591,25.899481820009118
16.345833333333335,0.052194048572658074,16.345833333332575,25.87606487908301
16.35,0.05209906967293266,16.34999999999924,25.852646495572035
16.354166666666668,0.052004263377230554,16.354166666665908,25.829226712512966
16.358333333333334,0.05190962936961609,16.358333333332574,25.805805572948405
16.3625,0.051815167334670606,16.36249999999924,25.782383119926493
16.366666666666667,0.051720876957490905,16.366666666665907,25.758959396500618
16.370833333333334,0.05162675792368744,16.370833333332573,25.735534445729158
16.375,0.0515328099193833,16.37499999999924,25.712108310675173
16.379166666666666,0.05143903263121216,16.379166666665906,25.688681034406102
16.383333333333336,0.05134542574631733,16.383333333332573,25.665252659993463
16.3875,0.05125198895234993,16.38749999999924,25.641823228286636
16.39166666666667,0.05115872193746734,16.391666666665905,25.61839277696211
16.395833333333332,0.05106562439033197,16.395833333332572,25.594961355734895
16.400000000000002,0.05097269600010945,16.39999999999924,25.571529007639537
16.40416666666667,0.05087993645646742,16.404166666665905,25.548095775711893
16.408333333333335,0.05078734544957386,16.40833333333257,25.524661702988777
16.4125,0.050694922670095524,16.412499999999238,25.501226832507655
16.416666666666668,0.050602667809196714,16.416666666665904,25.47779120730634
16.420833333333334,0.050510580558537396,16.42083333333257,25.45435487042271
16.425,0.050418660610272045,16.424999999999237,25.430917864894415
16.429166666666667,0.050326907942141494,16.429166666665903,25.407480233758495
16.433333333333334,0.05023532507709096,16.43333333333257,25.38404202005115
16.4375,0.05014390874402664,16.437499999999236,25.360603266807423
16.441666666666666,0.05005265864039763,16.441666666665903,25.337164017060893
16.445833333333336,0.0499615744641802,16.44583333333257,25.313724313843323
16.45,0.04987065591387632,16.449999999999235,25.2902842001844
16.45416666666667,0.049779902688512165,16.454166666665902,25.266843719111463
16.458333333333332,0.04968931448763728,16.45833333333257,25.243402913649128
16.462500000000002,0.04959889101132279,16.462499999999235,25.21996182681902
16.46666666666667,0.0495086319601605,16.4666666666659,25.19652050163944
16.470833333333335,0.04941853703526147,16.470833333332568,25.173078981125137
16.475,0.04932860593825457,16.474999999999234,25.149637308286916
16.479166666666668,0.049238838371285516,16.4791666666659,25.12619552613137
16.483333333333334,0.049149234037015196,16.483333333332567,25.10275367766055
16.4875,0.04905979263861873,16.487499999999233,25.07931180587174
16.491666666666667,0.04897051387978405,16.4916666666659,25.055869953757075
16.495833333333334,0.048881397464710395,16.495833333332566,25.032428164303234
16.5,0.04879244309810747,16.499999999999233,25.008986480491174
16.504166666666666,0.048703650485193664,16.5041666666659,24.98554494529582
16.508333333333336,0.04861501933169514,16.508333333332565,24.96210360168578
16.5125,0.048526549343844455,16.512499999999232,24.938662492622964
16.51666666666667,0.04843824022837901,16.5166666666659,24.915221661062354
16.520833333333332,0.04835009169254021,16.520833333332565,24.89178114995168
16.525000000000002,0.04826210344407171,16.52499999999923,24.868341002231137
16.52916666666667,0.04817427519121851,16.529166666665898,24.84490126083302
16.533333333333335,0.048086606642725516,16.533333333332564,24.82146196868146
16.5375,0.04799909750783603,16.53749999999923,24.798023168692147
16.541666666666668,0.04791174749629094,16.541666666665897,24.774584903772002
16.545833333333334,0.04782455631832691,16.545833333332563,24.751147216818836
16.55,0.047737523684675494,16.54999999999923,24.727710150721087
16.554166666666667,0.04765064930656173,16.554166666665896,24.704273748357544
16.558333333333334,0.0475639328957026,16.558333333332563,24.680838050267496
16.5625,0.047477374164306196,16.56249999999923,24.657403098689795
16.566666666666666,0.04739097282506996,16.566666666665895,24.633968938894125
16.570833333333336,0.04730472859117978,16.570833333332562,24.61053561369089
16.575,0.04721864117630852,16.57499999999923,24.58710316587858
16.57916666666667,0.04713271029461465,16.579166666665895,24.563671638243413
16.583333333333332,0.04704693566074118,16.58333333333256,24.540241073559066
16.587500000000002,0.04696131698981412,16.587499999999228,24.51681151458637
16.59166666666667,0.0468758539974414,16.591666666665894,24.493383004073
16.595833333333335,0.04679054639971155,16.59583333333256,24.469955584753116
16.6,0.04670539391319216,16.599999999999227,24.446529299347066
16.604166666666668,0.046620396254929024,16.604166666665893,24.42310419056117
16.608333333333334,0.046535553142444404,16.60833333333256,24.39968030108727
16.6125,0.046450864293736085,16.612499999999226,24.376257673602485
16.616666666666667,0.04636632942727594,16.616666666665893,24.3528363507689
16.620833333333334,0.04628194826200854,16.62083333333256,24.329416375233265
16.625,0.04619772051735012,16.624999999999226,24.30599778962667
16.629166666666666,0.04611364591318701,16.629166666665892,24.282580636564212
16.633333333333336,0.04602972416987454,16.63333333333256,24.259164958644703
16.6375,0.04594595500823577,16.637499999999225,24.235750798450386
16.64166666666667,0.045862338149559916,16.64166666666589,24.2123381985466
16.645833333333332,0.0457788733156015,16.645833333332558,24.18892720148145
16.650000000000002,0.04569556022857859,16.649999999999224,24.165517849785502
16.65416666666667,0.0456123986111719,16.65416666666589,24.14211018597152
16.658333333333335,0.04552938818652337,16.658333333332557,24.118704252534126
16.6625,0.045446528678234656,16.662499999999223,24.095300091949447
16.666666666666668,0.04536381981036625,16.66666666666589,24.071897746674857
16.670833333333334,0.04528126130743581,16.670833333332556,24.048497259148654
16.675,0.04519885289441712,16.674999999999223,24.025098671789774
16.679166666666667,0.045116594296738775,16.67916666666589,24.00170202699742
16.683333333333334,0.04503448524028264,16.683333333332556,23.978307367150776
16.6875,0.044952525451382945,16.687499999999222,23.95491473460874
16.691666666666666,0.044870714656824656,16.69166666666589,23.93152417170958
16.695833333333336,0.044789052583842415,16.695833333332555,23.908135720770606
16.7,0.0447075389601192,16.69999999999922,23.884749424087868
16.70416666666667,0.04462617351378484,16.704166666665888,23.86136532393589
16.708333333333332,0.04454495597341511,16.708333333332554,23.837983462567305
16.712500000000002,0.04446388606802997,16.71249999999922,23.814603882212587
16.71666666666667,0.04438296352709272,16.716666666665887,23.791226625079677
16.720833333333335,0.044302188080508474,16.720833333332553,23.76785173335377
16.725,0.04422155945862279,16.72499999999922,23.744479249196935
16.729166666666668,0.044141077392220694,16.729166666665886,23.721109214543752
16.733333333333334,0.04406074161252496,16.733333333332553,23.697741671604216
16.7375,0.04398055185119527,16.73749999999922,23.674376662547143
16.741666666666667,0.043900507840326626,16.741666666665886,23.651014229437507
16.745833333333334,0.04382060931244807,16.745833333332552,23.62765441431556
16.75,0.04374085600052165,16.74999999999922,23.60429725919655
16.754166666666666,0.04366124763794072,16.754166666665885,23.580942806070425
16.758333333333336,0.04358178395852906,16.75833333333255,23.557591096901504
16.7625,0.04350246469653936,16.762499999999218,23.534242173628144
16.76666666666667,0.04342328958665189,16.766666666665884,23.51089607816246
16.770833333333332,0.04334425836397347,16.77083333333255,23.487552852390024
16.775000000000002,0.04326537076403579,16.774999999999217,23.464212538169544
16.77916666666667,0.04318662652279447,16.779166666665883,23.440875177332543
16.783333333333335,0.04310802537662771,16.78333333333255,23.417540811683025
16.7875,0.04302956706233469,16.787499999999216,23.39420948299725
16.791666666666668,0.04295125131713477,16.791666666665883,23.370881233023354
16.795833333333334,0.042873077878665754,16.79583333333255,23.34755610348106
16.8,0.0427950464849829,16.799999999999216,23.324234136061335
16.804166666666667,0.042717156874557564,16.804166666665882,23.30091537242616
16.808333333333334,0.042639408786275694,16.80833333333255,23.277599854208166
16.8125,0.042561801959436915,16.812499999999215,23.254287623010317
16.816666666666666,0.04248433613375291,16.81666666666588,23.23097872040559
16.820833333333336,0.042407011049346285,16.820833333332548,23.207673187936756
16.825,0.042329829629725146,16.824999999999214,23.18437106711599
16.82916666666667,0.0422527888828212,16.82916666666588,23.16107239942454
16.833333333333332,0.04217588825767436,16.833333333332547,23.13777722631248
16.837500000000002,0.042099127499507415,16.837499999999213,23.114485589198395
16.84166666666667,0.0420225063539892,16.84166666666588,23.09119752946906
16.845833333333335,0.04194602456723353,16.845833333332546,23.067913088479102
16.85,0.04186968188579788,16.849999999999213,23.044632307550717
16.854166666666668,0.04179347805668269,16.85416666666588,23.021355227973384
16.858333333333334,0.041717412827329894,16.858333333332546,22.998081891003537
16.8625,0.04164148594562221,16.862499999999212,22.974812337864233
16.866666666666667,0.041565697159881884,16.86666666666588,22.951546609744856
16.870833333333334,0.04149004621886949,16.870833333332545,22.92828474780085
16.875,0.041414532871783205,16.87499999999921,22.90502679315336
16.879166666666666,0.04133915686825736,16.879166666665878,22.881772786888956
16.883333333333336,0.04126391795836164,16.883333333332544,22.858522770059253
16.8875,0.04118881589259996,16.88749999999921,22.83527678368074
16.89166666666667,0.041113850421909195,16.891666666665877,22.812034868734358
16.895833333333332,0.04103902129765843,16.895833333332543,22.788797066165216
16.900000000000002,0.04096432827164756,16.89999999999921,22.765563436038363
16.90416666666667,0.04088977109610647,16.904166666665876,22.74233400228953
16.908333333333335,0.0408153495236939,16.908333333332543,22.71910880467531
16.9125,0.04074106330749622,16.91249999999921,22.69588788402527
16.916666666666668,0.0406669122010266,16.916666666665876,22.6726712811321
16.920833333333334,0.04059289595822368,16.920833333332542,22.64945903675129
16.925,0.04051901433345075,16.92499999999921,22.6262511916008
16.929166666666667,0.04044526708149458,16.929166666665875,22.60304778636077
16.933333333333334,0.04037165395756417,16.93333333333254,22.57984886167318
16.9375,0.04029817471729,16.937499999999208,22.556654458141637
16.941666666666666,0.04022482911672265,16.941666666665874,22.53346461633098
16.945833333333336,0.040151616912331975,16.94583333333254,22.510279376766995
16.95,0.04007853786100596,16.949999999999207,22.48709877993612
16.95416666666667,0.04000559172004944,16.954166666665873,22.463922866285163
16.958333333333332,0.03993277824718339,16.95833333333254,22.440751676220984
16.962500000000002,0.03986009720054352,16.962499999999206,22.417585250110157
16.96666666666667,0.03978754833867943,16.966666666665873,22.394423628278687
16.970833333333335,0.039715131420553496,16.97083333333254,22.371266851011736
16.975,0.03964284620553961,16.974999999999206,22.348114958553296
16.979166666666668,0.039570692453422394,16.979166666665872,22.324967991105858
16.983333333333334,0.039498669924395886,16.98333333333254,22.30182598883013
16.9875,0.03942677837906263,16.987499999999205,22.278688991844767
16.991666666666667,0.03935501757843258,16.99166666666587,22.25555704022602
16.995833333333334,0.03928338728392185,16.995833333332538,22.232430174007433
17.0,0.03921188725735193,16.999999999999204,22.209308433179554
17.004166666666666,0.03914051726094835,17.00416666666587,22.18619185768965
17.008333333333336,0.03906927705733979,17.008333333332537,22.16308048744138
17.0125,0.038998166409556966,17.012499999999203,22.139974362294474
17.01666666666667,0.03892718508103142,17.01666666666587,22.116873522064466
17.020833333333332,0.038856332835594684,17.020833333332536,22.093778006522356
17.025000000000002,0.03878560943747696,17.024999999999203,22.07068785539438
17.02916666666667,0.03871501465130625,17.02916666666587,22.047603108361567
17.033333333333335,0.038644548242107266,17.033333333332536,22.024523805059566
17.0375,0.0385742099753001,17.037499999999202,22.001449985078306
17.041666666666668,0.03850399961669956,17.04166666666587,21.978381687961672
17.045833333333334,0.038433916932513676,17.045833333332535,21.955318953207186
17.05,0.038363961689343015,17.0499999999992,21.93226182026575
17.054166666666667,0.038294133654179385,17.054166666665868,21.909210328541327
17.058333333333334,0.0382244325944047,17.058333333332534,21.886164517390647
17.0625,0.03815485827779017,17.0624999999992,21.863124426122845
17.066666666666666,0.038085410472494925,17.066666666665867,21.84009009399922
17.070833333333336,0.038016088947065194,17.070833333332533,21.81706156023293
17.075,0.03794689347043313,17.0749999999992,21.794038863988682
17.07916666666667,0.037877823811915616,17.079166666665866,21.771022044382384
17.083333333333332,0.037808879741213476,17.083333333332533,21.748011140480887
17.087500000000002,0.0377400610284101,17.0874999999992,21.725006191301677
17.09166666666667,0.037671367443970594,17.091666666665866,21.70200723581261
17.095833333333335,0.03760279875874064,17.095833333332532,21.679014312931496
17.1,0.03753435474394529,17.0999999999992,21.656027461525895
17.104166666666668,0.037466035171188176,17.104166666665865,21.6330467204128
17.108333333333334,0.037397839812450095,17.10833333333253,21.610072128358322
17.1125,0.037329768440088264,17.112499999999198,21.587103724077377
17.116666666666667,0.03726182082683505,17.116666666665864,21.56414154623337
17.120833333333334,0.03719399674579688,17.12083333333253,21.541185633437944
17.125,0.03712629597045337,17.124999999999197,21.51823602425066
17.129166666666666,0.03705871827465594,17.129166666665864,21.495292757178657
17.133333333333336,0.03699126343262706,17.13333333333253,21.472355870676353
17.1375,0.03692393121895903,17.137499999999196,21.449425403145213
17.14166666666667,0.036856721408612805,17.141666666665863,21.42650139293339
17.145833333333332,0.03678963377691716,17.14583333333253,21.40358387833541
17.150000000000002,0.03672266809956734,17.149999999999196,21.38067289759189
17.15416666666667,0.03665582415262428,17.154166666665862,21.357768488889256
17.158333333333335,0.036589101712513374,17.15833333333253,21.334870690359423
17.1625,0.03652250055602329,17.162499999999195,21.31197954007947
17.166666666666668,0.03645602046030519,17.16666666666586,21.289095076071355
17.170833333333334,0.03638966120287133,17.170833333332528,21.26621733630165
17.175,0.03632342256159426,17.174999999999194,21.243346358681197
17.179166666666667,0.03625730431470567,17.17916666666586,21.22048218106479
17.183333333333334,0.036191306240795126,17.183333333332527,21.197624841250903
17.1875,0.03612542811880939,17.187499999999194,21.17477437698141
17.191666666666666,0.03605966972805087,17.19166666666586,21.151930825941253
17.195833333333336,0.035994030848177,17.195833333332526,21.12909422575811
17.2,0.03592851125919888,17.199999999999193,21.106264614002146
17.20416666666667,0.035863110741480235,17.20416666666586,21.0834420281857
17.208333333333332,0.03579782907573653,17.208333333332526,21.060626505762983
17.212500000000002,0.0357326660430336,17.212499999999192,21.037818084129736
17.21666666666667,0.03566762349611927,17.21666666666586,21.015016804238346
17.220833333333335,0.035602699978716,17.220833333332525,20.992222702404156
17.225,0.035537894566156206,17.22499999999919,20.969435815529476
17.229166666666668,0.03547320704368618,17.229166666665858,20.9466561812252
17.233333333333334,0.03540863719693064,17.233333333332524,20.92388383708933
17.2375,0.0353441848118921,17.23749999999919,20.90111882070884
17.241666666666667,0.035279849674949876,17.241666666665857,20.878361169661424
17.245833333333334,0.035215631572859105,17.245833333332524,20.85561092151731
17.25,0.03515153029275004,17.24999999999919,20.832868113841048
17.254166666666666,0.03508754562212688,17.254166666665856,20.810132783902908
17.258333333333336,0.03502367734886719,17.258333333332523,20.78740496349717
17.2625,0.03495992526122081,17.26249999999919,20.764684693551573
17.26666666666667,0.03489628914780889,17.266666666665856,20.74197201107255
17.270833333333332,0.034832768797623245,17.270833333332522,20.719266953009743
17.275000000000002,0.034769364000025164,17.27499999999919,20.696569556254904
17.27916666666667,0.03470607454474475,17.279166666665855,20.673879857640944
17.283333333333335,0.03464290022187995,17.28333333333252,20.65119789394096
17.2875,0.03457984082189553,17.287499999999188,20.628523701867255
17.291666666666668,0.03451689613562239,17.291666666665854,20.605857318070335
17.295833333333334,0.034454065954256465,17.29583333333252,20.583198778604096
17.3,0.034391350069358,17.299999999999187,20.56054811884224
17.304166666666667,0.034328748272850595,17.304166666665854,20.537905376031684
17.308333333333334,0.03426626035702015,17.30833333333252,20.51527058638523
17.3125,0.034203886114514276,17.312499999999186,20.492643786029582
17.316666666666666,0.03414162533834109,17.316666666665853,20.47002501100351
17.320833333333336,0.03407947782186854,17.32083333333252,20.447414297255964
17.325,0.034017443358823424,17.324999999999186,20.424811680644236
17.32916666666667,0.0339555217432904,17.329166666665852,20.402217196932018
17.333333333333332,0.0338937127697113,17.33333333333252,20.379630881787566
17.337500000000002,0.033832016232884,17.337499999999185,20.357052772389157
17.34166666666667,0.033770431927961704,17.34166666666585,20.334482904812365
17.345833333333335,0.033708959650451994,17.345833333332518,20.31192131369483
17.35,0.03364759919621582,17.349999999999184,20.289368034595906
17.354166666666668,0.033586350361466816,17.35416666666585,20.26682310300098
17.358333333333334,0.03352521294277018,17.358333333332517,20.24428655432097
17.3625,0.03346418673704193,17.362499999999184,20.221758423891817
17.366666666666667,0.03340327154154802,17.36666666666585,20.199238746974057
17.370833333333334,0.03334246715390322,17.370833333332516,20.17672755875235
17.375,0.03328177337207055,17.374999999999183,20.154224894334984
17.379166666666666,0.03322118999436007,17.37916666666585,20.131730790659372
17.383333333333336,0.033160716819428206,17.383333333332516,20.109245282104816
17.3875,0.0331003536462768,17.387499999999182,20.086768403419576
17.39166666666667,0.033040100274252075,17.39166666666585,20.064300189634068
17.395833333333332,0.03297995650304395,17.395833333332515,20.04184067572411
17.400000000000002,0.03291992213268494,17.39999999999918,20.019389896611546
17.40416666666667,0.03285999696354942,17.404166666665848,19.996947887164904
17.408333333333335,0.032800180796352704,17.408333333332514,19.974514682199946
17.4125,0.03274047343214998,17.41249999999918,19.95209031648027
17.416666666666668,0.032680874672335686,17.416666666665847,19.929674824918145
17.420833333333334,0.03262138431864233,17.420833333332514,19.907268241075545
17.425,0.03256200217313982,17.42499999999918,19.884870600246277
17.429166666666667,0.03250272803823447,17.429166666665846,19.86248193692816
17.433333333333334,0.032443561716668054,17.433333333332513,19.840102285566832
17.4375,0.03238450301151704,17.43749999999918,19.817731680555774
17.441666666666666,0.03232555172619152,17.441666666665846,19.795370156236295
17.445833333333336,0.032266707664434464,17.445833333332512,19.77301774689749
17.45,0.03220797063032082,17.44999999999918,19.75067448677631
17.45416666666667,0.03214934042825642,17.454166666665845,19.728340410057573
17.458333333333332,0.03209081686297739,17.45833333333251,19.706015548655596
17.462500000000002,0.03203239973954893,17.462499999999178,19.683699933518607
17.46666666666667,0.03197408886336469,17.466666666665844,19.661393602660972
17.470833333333335,0.03191588404014575,17.47083333333251,19.639096589949837
17.475,0.031857785075939636,17.474999999999177,19.61680892919674
17.479166666666668,0.03179979177711964,17.479166666665844,19.59453065415756
17.483333333333334,0.031741903950383676,17.48333333333251,19.5722617985326
17.4875,0.03168412140275359,17.487499999999176,19.550002395966562
17.491666666666667,0.03162644394157419,17.491666666665843,19.527752480048587
17.495833333333334,0.03156887137451224,17.49583333333251,19.50551208431221
17.5,0.03151140350955578,17.499999999999176,19.48328124223537
17.504166666666666,0.03145404015501299,17.504166666665842,19.461059987240503
17.508333333333336,0.031396781119511497,17.50833333333251,19.438848352694468
17.5125,0.03133962621199737,17.512499999999175,19.41664637190857
17.51666666666667,0.03128257524173421,17.51666666666584,19.39445407813855
17.520833333333332,0.031225628018302344,17.520833333332508,19.372271504584667
17.525000000000002,0.031168784351597787,17.524999999999174,19.350098684391654
17.52916666666667,0.0311120440518315,17.52916666666584,19.32793565064869
17.533333333333335,0.031055406929528424,17.533333333332507,19.305782436389467
17.5375,0.03099887279552649,17.537499999999174,19.28363907459219
17.541666666666668,0.030942441460975925,17.54166666666584,19.261505586181737
17.545833333333334,0.03088611273733815,17.545833333332506,19.23938201127127
17.55,0.030829886436384984,17.549999999999173,19.217268384542024
17.554166666666667,0.030773762370197834,17.55416666666584,19.195164738525115
17.558333333333334,0.030717740351166527,17.558333333332506,19.173071105689093
17.5625,0.030661820191988758,17.562499999999172,19.15098751843992
17.566666666666666,0.030606001705668868,17.56666666666584,19.128914009120997
17.570833333333336,0.03055028470551719,17.570833333332505,19.10685061001324
17.575,0.030494669005149057,17.57499999999917,19.084797353335
17.57916666666667,0.03043915441848384,17.579166666665838,19.0627542712421
17.583333333333332,0.03038374075974421,17.583333333332504,19.040721395827862
17.587500000000002,0.030328427843455043,17.58749999999917,19.018698759123097
17.59166666666667,0.03027321548444269,17.591666666665837,18.99668639309616
17.595833333333335,0.030218103497834055,17.595833333332504,18.97468432965286
17.6,0.03016309169905555,17.59999999999917,18.952692600636567
17.604166666666668,0.030108179903832407,17.604166666665837,18.93071123782818
17.608333333333334,0.030053369107415333,17.608333333332503,18.908740272946158
17.6125,0.029998658915997616,17.61249999999917,18.886779737646478
17.616666666666667,0.029944048271009372,17.616666666665836,18.864829663522688
17.620833333333334,0.029889536991435508,17.620833333332502,18.842890077928296
17.625,0.029835124896580162,17.62499999999917,18.820961007179235
17.629166666666666,0.029780811806065694,17.629166666665835,18.79904248958087
17.633333333333336,0.029726597539832124,17.6333333333325,18.77713455628278
17.6375,0.029672481918136314,17.637499999999168,18.755237238365936
17.64166666666667,0.02961846476155106,17.641666666665834,18.73335056684269
17.645833333333332,0.029564545890964567,17.6458333333325,18.711474572656776
17.650000000000002,0.02951072512757942,17.649999999999167,18.689609286683318
17.65416666666667,0.02945700229291207,17.654166666665834,18.667754739728874
17.658333333333335,0.029403377208791902,17.6583333333325,18.64591096253144
17.6625,0.02934984969736047,17.662499999999167,18.624077985760408
17.666666666666668,0.02929641958107087,17.666666666665833,18.602255840016618
17.670833333333334,0.029243086682686742,17.6708333333325,18.580444555832386
17.675,0.029189850825281746,17.674999999999166,18.55864416367149
17.679166666666667,0.029136711832238676,17.679166666665832,18.53685469392917
17.683333333333334,0.029083669527248626,17.6833333333325,18.515076176932123
17.6875,0.029030723734310395,17.687499999999165,18.493308642938594
17.691666666666666,0.028977874277729538,17.69166666666583,18.4715521221383
17.695833333333336,0.028925120982117733,17.695833333332498,18.449806644652465
17.7,0.028872463672392004,17.699999999999164,18.42807224053385
17.70416666666667,0.028819902173773813,17.70416666666583,18.406348933241766
17.708333333333332,0.028767436311788495,17.708333333332497,18.384636756819244
17.712500000000002,0.028715065912264297,17.712499999999164,18.36293574197822
17.71666666666667,0.028662790801331803,17.71666666666583,18.341245918377897
17.720833333333335,0.028610610805423056,17.720833333332497,18.319567315605298
17.725,0.028558525751270682,17.724999999999163,18.297899963175233
17.729166666666668,0.028506535465907427,17.72916666666583,18.276243890530314
17.733333333333334,0.028454639776665066,17.733333333332496,18.254599127040958
17.7375,0.028402838511173836,17.737499999999162,18.23296570200545
17.741666666666667,0.02835113149736166,17.74166666666583,18.211343644649915
17.745833333333334,0.028299518563453207,17.745833333332495,18.18973298412829
17.75,0.02824799953796939,17.74999999999916,18.16813374952239
17.754166666666666,0.028196574249726325,17.754166666665828,18.14654596984193
17.758333333333336,0.028145242527834798,17.758333333332494,18.124969674024484
17.7625,0.02809400420169938,17.76249999999916,18.103404890935522
17.76666666666667,0.028042859101017618,17.766666666665827,18.081851649368396
17.770833333333332,0.02799180705577942,17.770833333332494,18.060309978044412
17.775000000000002,0.02794084789626607,17.77499999999916,18.038779905612788
17.77916666666667,0.027889981453049714,17.779166666665827,18.017261460650655
17.783333333333335,0.027839207556992415,17.783333333332493,17.995754670055675
17.7875,0.0277885260392454,17.78749999999916,17.974259560535984
17.791666666666668,0.0277379367312484,17.791666666665826,17.952776162897177
17.795833333333334,0.027687439464728722,17.795833333332492,17.931304505357307
17.8,0.027637034071700643,17.79999999999916,17.909844616060113
17.804166666666667,0.02758672038446459,17.804166666665825,17.8883965230751
17.808333333333334,0.02753649823560627,17.80833333333249,17.866960254397483
17.8125,0.027486367457996066,17.812499999999158,17.845535837948194
17.816666666666666,0.027436327884788118,17.816666666665824,17.82412330157391
17.820833333333336,0.0273863793494197,17.82083333333249,17.802722673047093
17.825,0.027336521685610373,17.824999999999157,17.781333980065988
17.82916666666667,0.02728675472736117,17.829166666665824,17.75995725025456
17.833333333333332,0.027237078308953968,17.83333333333249,17.738592511162587
17.837500000000002,0.027187492264950555,17.837499999999157,17.717239790265673
17.84166666666667,0.02713799643019199,17.841666666665823,17.695899114965215
17.845833333333335,0.027088590639797867,17.84583333333249,17.674570512588417
17.85,0.027039274729165303,17.849999999999156,17.65325401038831
17.854166666666668,0.026990048533968518,17.854166666665822,17.63194963554378
17.858333333333334,0.02694091189015775,17.85833333333249,17.610657415159586
17.8625,0.026891864633958738,17.862499999999155,17.589377376266295
17.866666666666667,0.02684290660187182,17.86666666666582,17.56810953865258
17.870833333333334,0.02679403763067112,17.870833333332488,17.546853934421986
17.875,0.026745257557403982,17.874999999999154,17.525610591272137
17.879166666666666,0.02669656621938994,17.87916666666582,17.504379535881682
17.883333333333336,0.026647963454220186,17.883333333332487,17.483160794853998
17.8875,0.026599449099756697,17.887499999999154,17.461954394717225
17.89166666666667,0.02655102299413139,17.89166666666582,17.44076036192426
17.895833333333332,0.026502684975745545,17.895833333332487,17.419578722852737
17.900000000000002,0.026454434883268846,17.899999999999153,17.398409503805055
17.90416666666667,0.026406272555638752,17.90416666666582,17.377252731008426
17.908333333333335,0.02635819783205969,17.908333333332486,17.356108430614846
17.9125,0.026310210552002205,17.912499999999152,17.334976628701096
17.916666666666668,0.026262310555202353,17.91666666666582,17.313857351268773
17.920833333333334,0.02621449768166076,17.920833333332485,17.2927506242443
17.925,0.026166771771642002,17.92499999999915,17.271656473478952
17.929166666666667,0.026119132665673783,17.929166666665818,17.250574924748825
17.933333333333334,0.02607158020454608,17.933333333332484,17.229506003754842
17.9375,0.026024114229310554,17.93749999999915,17.208449736122848
17.941666666666666,0.025976734581279616,17.941666666665817,17.187406147403532
17.945833333333336,0.025929441102025757,17.945833333332484,17.16637526307246
17.95,0.0258822336333808,17.94999999999915,17.145357108530078
17.95416666666667,0.025835112017434974,17.954166666665817,17.124351709101767
17.958333333333332,0.02578807609653639,17.958333333332483,17.103359090037824
17.962500000000002,0.025741125713290024,17.96249999999915,17.082379276513432
17.96666666666667,0.02569426071055715,17.966666666665816,17.061412293628724
17.970833333333335,0.025647480931454514,17.970833333332482,17.040458166408786
17.975,0.025600786219353428,17.97499999999915,17.01951691980367
17.979166666666668,0.025554176417879253,17.979166666665815,16.998588578688363
17.983333333333334,0.025507651370910392,17.98333333333248,16.977673167862818
17.9875,0.02546121092257771,17.987499999999148,16.956770709362974
17.991666666666667,0.02541485491726369,17.991666666665814,16.93588121750114
17.995833333333334,0.025368583199601568,17.99583333333248,16.915004727974715
18.0,0.025322396300272384,17.999999999999147,16.894141265181553
18.004166666666666,0.02527629448110978,18.004166666665814,16.873290853442377
18.008333333333336,0.025230276563461246,18.00833333333248,16.852453517000715
18.0125,0.025184342394691524,18.012499999999147,16.831629280022938
18.01666666666667,0.025138491822433127,18.016666666665813,16.810818166598228
18.020833333333332,0.02509272469458588,18.02083333333248,16.790020200738702
18.025000000000002,0.025047040859316052,18.024999999999146,16.769235406379288
18.02916666666667,0.025001440165055868,18.029166666665812,16.748463807377814
18.033333333333335,0.02495592246050281,18.03333333333248,16.727705427514977
18.0375,0.024910487594618835,18.037499999999145,16.706960290494408
18.041666666666668,0.024865135416629932,18.04166666666581,16.686228419942637
18.045833333333334,0.024819865776025244,18.045833333332478,16.665509839409093
18.05,0.02477467852255659,18.049999999999145,16.644804572366137
18.054166666666667,0.024729573506237737,18.05416666666581,16.624112642209095
18.058333333333334,0.02468455057734366,18.058333333332477,16.60343407225623
18.0625,0.024639609586410063,18.062499999999144,16.582768885748763
18.066666666666666,0.024594750384232526,18.06666666666581,16.562117105850866
18.070833333333336,0.024549972821866002,18.070833333332477,16.54147875564972
18.075,0.02450527675062413,18.074999999999143,16.520853858155487
18.07916666666667,0.02446066202207843,18.07916666666581,16.500242436301328
18.083333333333332,0.0244161284880579,18.083333333332476,16.479644512943384
18.087500000000002,0.0243716760006481,18.087499999999142,16.45906011086086
18.09166666666667,0.024327304412190706,18.09166666666581,16.43848925275598
18.095833333333335,0.024283013575282727,18.095833333332475,16.417931961253977
18.1,0.02423880334277585,18.09999999999914,16.39738825890315
18.104166666666668,0.024194673567775882,18.104166666665808,16.37685816817487
18.108333333333334,0.02415062410364194,18.108333333332475,16.356341711463575
18.1125,0.024106654803985956,18.11249999999914,16.33583890326024
18.116666666666667,0.02406276552267192,18.116666666665807,16.315349764019622
18.120833333333334,0.02401895611381518,18.120833333332474,16.2948743234458
18.125,0.023975226431781967,18.12499999999914,16.274412603515557
18.129166666666666,0.02393157633118848,18.129166666665807,16.25396462612643
18.133333333333336,0.023888005666900473,18.133333333332473,16.233530413096688
18.1375,0.023844514294032462,18.13749999999914,16.213109986165435
18.14166666666667,0.02380110206794705,18.141666666665806,16.192703366992543
18.145833333333332,0.0237577688442544,18.145833333332472,16.17231057715865
18.150000000000002,0.023714514478811385,18.14999999999914,16.151931638165227
18.15416666666667,0.02367133882772113,18.154166666665805,16.131566571434554
18.158333333333335,0.02362824174733225,18.15833333333247,16.11121539830976
18.1625,0.02358522309423813,18.162499999999138,16.090878140054777
18.166666666666668,0.02354228272527645,18.166666666665805,16.07055481785438
18.170833333333334,0.0234994204975283,18.17083333333247,16.05024545281423
18.175,0.023456636268317746,18.174999999999137,16.02995006596084
18.179166666666667,0.023413929895211037,18.179166666665804,16.0096686782416
18.183333333333334,0.023371301236015926,18.18333333333247,15.98940131052475
18.1875,0.023328750148781153,18.187499999999137,15.969147983599477
18.191666666666666,0.02328627649179559,18.191666666665803,15.948908718175863
18.195833333333336,0.02324388012358779,18.19583333333247,15.928683534884877
18.2,0.02320156090292522,18.199999999999136,15.908472454278415
18.20416666666667,0.023159318688813525,18.204166666665802,15.888275496829324
18.208333333333332,0.023117153340496088,18.20833333333247,15.868092682931406
18.212500000000002,0.023075064717453114,18.212499999999135,15.847924032899389
18.21666666666667,0.023033052679401207,18.2166666666658,15.827769566968945
18.220833333333335,0.022991117086292586,18.220833333332468,15.807629305296771
18.225,0.022949257798314384,18.224999999999135,15.78750326796052
18.229166666666668,0.022907474675888155,18.2291666666658,15.767391474958833
18.233333333333334,0.022865767579669002,18.233333333332467,15.747293946211336
18.2375,0.02282413637054515,18.237499999999134,15.727210692555133
18.241666666666667,0.022782580909637116,18.2416666666658,15.707141739209387
18.245833333333334,0.022741101058297082,18.245833333332467,15.687087107939954
18.25,0.022699696678108332,18.249999999999133,15.667046818273601
18.254166666666666,0.022658367630884437,18.2541666666658,15.64702088965653
18.258333333333336,0.02261711377866877,18.258333333332466,15.627009341454364
18.2625,0.02257593498373375,18.262499999999132,15.607012192952133
18.26666666666667,0.022534831108580126,18.2666666666658,15.587029463354291
18.270833333333332,0.022493802015936492,18.270833333332465,15.567061171784768
18.275000000000002,0.022452847568758438,18.27499999999913,15.547107337286956
18.27916666666667,0.02241196763022805,18.279166666665798,15.527167978823684
18.283333333333335,0.022371162063753183,18.283333333332465,15.507243115277241
18.2875,0.02233043073296674,18.28749999999913,15.48733276544945
18.291666666666668,0.02228977350172618,18.291666666665797,15.467436948061614
18.295833333333334,0.02224919023411266,18.295833333332464,15.447555681754507
18.3,0.02220868079443054,18.29999999999913,15.427688985088439
18.304166666666667,0.02216824504720668,18.304166666665797,15.407836876543238
18.308333333333334,0.02212788285718968,18.308333333332463,15.387999374518287
18.3125,0.02208759408934943,18.31249999999913,15.368176497332472
18.316666666666666,0.022047378608876195,18.316666666665796,15.348368263224238
18.320833333333336,0.022007236281180207,18.320833333332462,15.328574690351605
18.325,0.021967166971890852,18.32499999999913,15.308795796792168
18.32916666666667,0.021927170546856018,18.329166666665795,15.289031600543074
18.333333333333332,0.02188724687214155,18.33333333333246,15.26928211952106
18.337500000000002,0.02184739581403042,18.337499999999128,15.249547371562485
18.34166666666667,0.02180761723902224,18.341666666665795,15.22982737442331
18.345833333333335,0.021767911013832526,18.34583333333246,15.210122145779092
18.35,0.02172827700539199,18.349999999999127,15.190431703225011
18.354166666666668,0.02168871508084599,18.354166666665794,15.170756064275903
18.358333333333334,0.021649225107553766,18.35833333333246,15.151095245908197
18.3625,0.021609806953087885,18.362499999999127,15.131449261657314
18.366666666666667,0.021570460485233534,18.366666666665793,15.111818132496913
18.370833333333334,0.021531185571987795,18.37083333333246,15.092201875589438
18.375,0.02149198208155913,18.374999999999126,15.07260050801634
18.379166666666666,0.02145284988236659,18.379166666665792,15.053014046778074
18.383333333333336,0.021413788843039253,18.38333333333246,15.033442508794103
18.3875,0.021374798832415526,18.387499999999125,15.01388591090297
18.39166666666667,0.021335880211995735,18.39166666666579,14.994344269862248
18.395833333333332,0.02129703412788577,18.395833333332458,14.97481760234855
18.400000000000002,0.0212582587649544,18.399999999999125,14.955305924957546
18.40416666666667,0.02121955399446755,18.40416666666579,14.935809254203999
18.408333333333335,0.021180919687913514,18.408333333332457,14.916327606521767
18.4125,0.02114235571700234,18.412499999999124,14.896860998263753
18.416666666666668,0.021103861953665367,18.41666666666579,14.877409445701984
18.420833333333334,0.021065438270054474,18.420833333332457,14.8579729650276
18.425,0.021027084538541654,18.424999999999123,14.838551572350864
18.429166666666667,0.020988800631718367,18.42916666666579,14.819145283701143
18.433333333333334,0.020950586422394876,18.433333333332456,14.799754115026936
18.4375,0.020912441783599828,18.437499999999122,14.780378082195922
18.441666666666666,0.020874366588579486,18.44166666666579,14.761017200994916
18.445833333333336,0.02083636071079731,18.445833333332455,14.741671487129876
18.45,0.02079842402393329,18.44999999999912,14.722340956225944
18.45416666666667,0.02076055640188329,18.454166666665788,14.70302562382745
18.458333333333332,0.02072275771875866,18.458333333332455,14.683725505397918
18.462500000000002,0.02068502784888543,18.46249999999912,14.664440616320054
18.46666666666667,0.020647366666803894,18.466666666665787,14.645170971895757
18.470833333333335,0.020609774047267954,18.470833333332454,14.625916587346172
18.475,0.0205722498652445,18.47499999999912,14.606677477811672
18.479166666666668,0.02053479399591293,18.479166666665787,14.587453658351826
18.483333333333334,0.020497406314664433,18.483333333332453,14.56824514514215
18.4875,0.02046008669710152,18.48749999999912,14.549051953791365
18.491666666666667,0.020422835019037418,18.491666666665786,14.529874097480578
18.495833333333334,0.020385651156495377,18.495833333332452,14.510711590956918
18.5,0.020348534985708263,18.49999999999912,14.49156444888698
18.504166666666666,0.02031148638311779,18.504166666665785,14.4724326858568
18.508333333333336,0.020274505225374103,18.508333333332452,14.45331631637191
18.5125,0.020237591389335088,18.512499999999118,14.434215354857246
18.51666666666667,0.020200744752065774,18.516666666665785,14.415129815657263
18.520833333333332,0.020163965190837865,18.52083333333245,14.396059713035891
18.525000000000002,0.02012725258312901,18.524999999999118,14.37700506117657
18.52916666666667,0.020090606806622318,18.529166666665784,14.357965874182213
18.533333333333335,0.02005402773920577,18.53333333333245,14.338942166075244
18.5375,0.020017515258971545,18.537499999999117,14.319933950797637
18.541666666666668,0.01998106924421557,18.541666666665783,14.300941242210879
18.545833333333334,0.019944689573436775,18.54583333333245,14.28196405409598
18.55,0.019908376125336684,18.549999999999116,14.263002400153502
18.554166666666667,0.019872128778818714,18.554166666665783,14.24405629400357
18.558333333333334,0.019835947412987574,18.55833333333245,14.225125749185874
18.5625,0.019799831907148818,18.562499999999115,14.206210779159647
18.566666666666666,0.019763782140808046,18.566666666665782,14.187311397303718
18.570833333333336,0.019727797993670557,18.57083333333245,14.168427616916507
18.575,0.019691879345640605,18.574999999999115,14.149559451216037
18.57916666666667,0.01965602607682082,18.57916666666578,14.130706913339916
18.583333333333332,0.019620238067511737,18.583333333332448,14.111870016345351
18.587500000000002,0.019584515198211055,18.587499999999114,14.09304877320921
18.59166666666667,0.019548857349613195,18.59166666666578,14.074243196827977
18.595833333333335,0.01951326440260865,18.595833333332447,14.055453300017748
18.6,0.019477736238283343,18.599999999999113,14.036679095514279
18.604166666666668,0.019442272737918195,18.60416666666578,14.017920595972994
18.608333333333334,0.019406873782988367,18.608333333332446,13.999177813968968
18.6125,0.019371539255162787,18.612499999999113,13.980450761996947
18.616666666666667,0.01933626903630359,18.61666666666578,13.961739452471333
18.620833333333334,0.019301063008465368,18.620833333332445,13.943043897726254
18.625,0.01926592105389481,18.624999999999112,13.924364110015519
18.629166666666666,0.019230843055029905,18.62916666666578,13.905700101512636
18.633333333333336,0.01919582889449952,18.633333333332445,13.8870518843108
18.6375,0.019160878455122772,18.63749999999911,13.868419470422962
18.64166666666667,0.019125991619908324,18.641666666665778,13.849802871781804
18.645833333333332,0.019091168272054013,18.645833333332444,13.831202100239718
18.650000000000002,0.01905640829494606,18.64999999999911,13.812617167568824
18.65416666666667,0.01902171157215863,18.654166666665777,13.794048093812883
18.658333333333335,0.018987077987453208,18.658333333332443,13.77549489204968
18.6625,0.018952507424777932,18.66249999999911,13.756957565574519
18.666666666666668,0.018917999768267153,18.666666666665776,13.738436125900083
18.670833333333334,0.018883554902240703,18.670833333332443,13.719930584459824
18.675,0.01884917271120345,18.67499999999911,13.701440952607957
18.679166666666667,0.018814853079844627,18.679166666665775,13.682967241619437
18.683333333333334,0.01878059589303722,18.683333333332442,13.664509462689988
18.6875,0.018746401035837496,18.68749999999911,13.646067626936151
18.691666666666666,0.018712268393484284,18.691666666665775,13.627641745395241
18.695833333333336,0.01867819785139851,18.69583333333244,13.609231829025351
18.7,0.018644189295182564,18.699999999999108,13.590837888705384
18.70416666666667,0.018610242610619655,18.704166666665774,13.57245993523507
18.708333333333332,0.018576357683673356,18.70833333333244,13.554097979334967
18.712500000000002,0.01854253440048687,18.712499999999107,13.535752031646425
18.71666666666667,0.01850877264738258,18.716666666665773,13.517422102731647
18.720833333333335,0.01847507231086141,18.72083333333244,13.499108203073684
18.725,0.018441433277602177,18.724999999999106,13.480810343076453
18.729166666666668,0.01840785543446114,18.729166666665773,13.462528533064694
18.733333333333334,0.01837433866847127,18.73333333333244,13.444262783284017
18.7375,0.018340882866841778,18.737499999999105,13.426013103900933
18.741666666666667,0.01830748791695752,18.741666666665772,13.407779505002823
18.745833333333334,0.018274153706378304,18.74583333333244,13.389561996597951
18.75,0.01824088012283845,18.749999999999105,13.371360588615461
18.754166666666666,0.01820766705424608,18.75416666666577,13.353175290905437
18.758333333333336,0.01817451438868265,18.758333333332438,13.335006113238853
18.7625,0.018141422014402293,18.762499999999104,13.316853065307606
18.76666666666667,0.018108389819831195,18.76666666666577,13.298716156724504
18.770833333333332,0.01807541769356715,18.770833333332437,13.280595397023312
18.775000000000002,0.01804250552437881,18.774999999999103,13.262490795658739
18.77916666666667,0.018009653201205227,18.77916666666577,13.244402362006413
18.783333333333335,0.017976860613155232,18.783333333332436,13.226330105362937
18.7875,0.01794412764950678,18.787499999999103,13.208274034945882
18.791666666666668,0.01791145419970649,18.79166666666577,13.190234159893791
18.795833333333334,0.017878840153368943,18.795833333332435,13.17221048926617
18.8,0.017846285400276177,18.799999999999102,13.154203032043513
18.804166666666667,0.0178137898303771,18.80416666666577,13.136211797127316
18.808333333333334,0.01778135333378681,18.808333333332435,13.118236793340094
18.8125,0.01774897580078617,18.8124999999991,13.100278029425331
18.816666666666666,0.01771665712182104,18.816666666665768,13.08233551404753
18.820833333333336,0.01768439718750186,18.820833333332434,13.064409255792246
18.825,0.01765219588860297,18.8249999999991,13.046499283404073
18.82916666666667,0.017620053116062025,18.829166666665767,13.02860560278255
18.833333333333332,0.01758796876097948,18.833333333332433,13.010728207858213
18.837500000000002,0.017555942714617887,18.8374999999991,12.99286710702855
18.84166666666667,0.01752397486840145,18.841666666665766,12.97502230861412
18.845833333333335,0.017492065113915368,18.845833333332433,12.957193820858528
18.85,0.017460213342905186,18.8499999999991,12.93938165192847
18.854166666666668,0.017428420743385475,18.854166666665765,12.92158580991373
18.858333333333334,0.017396687837895237,18.858333333332432,12.903806302827196
18.8625,0.0173650127123558,18.8624999999991,12.886043138604835
18.866666666666667,0.01733339526141216,18.866666666665765,12.868296325105716
18.870833333333334,0.017301835379889895,18.87083333333243,12.850565870112046
18.875,0.017270332962794826,18.874999999999098,12.832851781329147
18.879166666666666,0.01723888790531235,18.879166666665764,12.815154066385448
18.883333333333336,0.017207500102807114,18.88333333333243,12.797472732832524
18.8875,0.017176169450822475,18.887499999999097,12.779807788145089
18.89166666666667,0.017144895845079958,18.891666666665763,12.762159239721028
18.895833333333332,0.017113679181478915,18.89583333333243,12.744527094881333
18.900000000000002,0.017082519356095872,18.899999999999096,12.726911360870186
18.90416666666667,0.01705141626518421,18.904166666665763,12.709312044854935
18.908333333333335,0.0170203698051736,18.90833333333243,12.691729153926115
18.9125,0.01698937987266948,18.912499999999095,12.67416269509741
18.916666666666668,0.016958446364452696,18.916666666665762,12.656612675305709
18.920833333333334,0.01692756917747889,18.92083333333243,12.639079101411097
18.925,0.016896748208878116,18.924999999999095,12.621561980196871
18.929166666666667,0.016865983355954343,18.92916666666576,12.604061318369512
18.933333333333334,0.01683527451618488,18.933333333332428,12.586577122558715
18.9375,0.01680462158722006,18.937499999999094,12.56910939931742
18.941666666666666,0.016774024466882573,18.94166666666576,12.551658155121793
18.945833333333336,0.016743483053167144,18.945833333332427,12.534223396371205
18.95,0.016712997244239986,18.949999999999093,12.516805129388286
18.95416666666667,0.01668256693843826,18.95416666666576,12.499403360418917
18.958333333333332,0.01665219203426974,18.958333333332426,12.482018095632235
18.962500000000002,0.016621872430412143,18.962499999999093,12.464649341120623
18.96666666666667,0.016591608025712825,18.96666666666576,12.447297102899732
18.970833333333335,0.016561398719188224,18.970833333332425,12.429961386908497
18.975,0.016531244410023304,18.974999999999092,12.41264219900914
18.979166666666668,0.01650114499757125,18.97916666666576,12.395339544987145
18.983333333333334,0.016471100381352778,18.983333333332425,12.378053430551294
18.9875,0.01644111046105585,18.98749999999909,12.360783861333681
18.991666666666667,0.01641117513653507,18.991666666665758,12.343530842889708
18.995833333333334,0.016381294307811215,18.995833333332424,12.326294403612227
19.0,0.016351467875070805,18.99999999999909,12.309074541578875
19.004166666666666,0.016321695738665563,19.004166666665757,12.291871250734495
19.008333333333336,0.016291977799111984,19.008333333332423,12.274684536534362
19.0125,0.016262313957090848,19.01249999999909,12.257514404361181
19.01666666666667,0.01623270411344665,19.016666666665756,12.2403608595251
19.020833333333332,0.01620314816918729,19.020833333332423,12.22322390726375
19.025000000000002,0.0161736460254834,19.02499999999909,12.206103552742194
19.02916666666667,0.016144197583668016,19.029166666665756,12.18899980105296
19.033333333333335,0.016114802745236034,19.033333333332422,12.171912657216039
19.0375,0.016085461411843676,19.03749999999909,12.154842126178915
19.041666666666668,0.016056173485308144,19.041666666665755,12.137788212816556
19.045833333333334,0.01602693886760697,19.04583333333242,12.120750921931393
19.05,0.015997757460877695,19.049999999999088,12.10373025825335
19.054166666666667,0.0159686291674173,19.054166666665754,12.086726226439877
19.058333333333334,0.01593955388968169,19.05833333333242,12.069738831075917
19.0625,0.01591053153028535,19.062499999999087,12.05276807667391
19.066666666666666,0.015881561992000682,19.066666666665753,12.035813967673812
19.070833333333336,0.015852645177757682,19.07083333333242,12.018876508443114
19.075,0.0158237809906434,19.074999999999086,12.001955703276842
19.07916666666667,0.015794969333901395,19.079166666665753,11.98505155639753
19.083333333333332,0.015766210110931378,19.08333333333242,11.96816407195525
19.087500000000002,0.015737503225288607,19.087499999999086,11.951293254027647
19.09166666666667,0.015708848580683502,19.091666666665752,11.934439106619894
19.095833333333335,0.01568024608098114,19.09583333333242,11.917601633664725
19.1,0.015651695630200704,19.099999999999085,11.90078083902243
19.104166666666668,0.015623197132515117,19.10416666666575,11.88397672648086
19.108333333333334,0.015594750492250434,19.108333333332418,11.867189299755477
19.1125,0.015566355613885492,19.112499999999084,11.85041856248927
19.116666666666667,0.015538012402051342,19.11666666666575,11.833664518252831
19.120833333333334,0.01550972076153076,19.120833333332417,11.816927170544352
19.125,0.015481480597257853,19.124999999999083,11.800206522789615
19.129166666666666,0.015453291814317453,19.12916666666575,11.78350259507093
19.133333333333336,0.015425154317944749,19.133333333332416,11.76681538770516
19.1375,0.015397068013524773,19.137499999999083,11.750144893479945
19.14166666666667,0.015369032806591845,19.14166666666575,11.733491115695873
19.145833333333332,0.015341048602829217,19.145833333332416,11.716854057584419
19.150000000000002,0.015313115308068467,19.149999999999082,11.700233722307944
19.15416666666667,0.015285232828289128,19.15416666666575,11.683630112959733
19.158333333333335,0.015257401069618143,19.158333333332415,11.667043232563975
19.1625,0.01522961993832936,19.16249999999908,11.65047308407575
19.166666666666668,0.015201889340843154,19.166666666665748,11.633919670381049
19.170833333333334,0.015174209183725808,19.170833333332414,11.617382994296817
19.175,0.015146579373689153,19.17499999999908,11.600863058570912
19.179166666666667,0.015118999817590042,19.179166666665747,11.584359865882107
19.183333333333334,0.0150914704224298,19.183333333332413,11.567873418840115
19.1875,0.015063991095353892,19.18749999999908,11.551403719985604
19.191666666666666,0.015036561743651271,19.191666666665746,11.534950771790193
19.195833333333336,0.015009182274754049,19.195833333332413,11.518514576656429
19.2,0.014981852596236933,19.19999999999908,11.502095136917818
19.20416666666667,0.014954572615816716,19.204166666665746,11.485692454838844
19.208333333333332,0.014927342241351907,19.208333333332412,11.469306532614958
19.212500000000002,0.014900161380842108,19.21249999999908,11.452937372372569
19.21666666666667,0.014873029942427665,19.216666666665745,11.436584976169048
19.220833333333335,0.014845947834389115,19.22083333333241,11.420249345992776
19.225,0.01481891496514669,19.224999999999078,11.403930483763123
19.229166666666668,0.014791931243259901,19.229166666665744,11.387628391330422
19.233333333333334,0.01476499657742698,19.23333333333241,11.371343070476005
19.2375,0.014738110876484465,19.237499999999077,11.35507452291222
19.241666666666667,0.014711274049406704,19.241666666665743,11.338822750282434
19.245833333333334,0.014684486005305308,19.24583333333241,11.322587754160987
19.25,0.01465774665342879,19.249999999999076,11.306369536053236
19.254166666666666,0.014631055903161955,19.254166666665743,11.290168097395592
19.258333333333336,0.014604413664025522,19.25833333333241,11.27398343955548
19.2625,0.014577819845675596,19.262499999999076,11.257815578876619
19.26666666666667,0.014551274357903161,19.266666666665742,11.241664516477783
19.270833333333332,0.014524777110633678,19.27083333333241,11.225530241882721
19.275000000000002,0.0144983280139265,19.274999999999075,11.209412756345385
19.27916666666667,0.014471926977974487,19.27916666666574,11.193312061053993
19.283333333333335,0.014445573913103485,19.283333333332408,11.177228157131049
19.2875,0.014419268729771804,19.287499999999074,11.161161045633355
19.291666666666668,0.01439301133856983,19.29166666666574,11.145110727552025
19.295833333333334,0.014366801650219425,19.295833333332407,11.129077203812434
19.3,0.014340639575573575,19.299999999999073,11.113060475274281
19.304166666666667,0.014314525025615818,19.30416666666574,11.097060542731585
19.308333333333334,0.014288457911459761,19.308333333332406,11.081077406912664
19.3125,0.014262438144348681,19.312499999999073,11.065111068480153
19.316666666666666,0.014236467452129796,19.31666666666574,11.049161528031002
19.320833333333336,0.014210545216512879,19.320833333332406,11.033228786096497
19.325,0.014184670177863458,19.324999999999072,11.017312843142268
19.32916666666667,0.014158842250106994,19.32916666666574,11.001413699568248
19.333333333333332,0.014133061347318345,19.333333333332405,10.98553135570872
19.337500000000002,0.01410732738372129,19.33749999999907,10.969665811832318
19.34166666666667,0.014081640273688243,19.341666666665738,10.953817068142028
19.345833333333335,0.014055999931739824,19.345833333332404,10.937985124775174
19.35,0.014030406272544423,19.34999999999907,10.922169981803425
19.354166666666668,0.014004859210917955,19.354166666665737,10.906371639232836
19.358333333333334,0.013979358661823314,19.358333333332403,10.890590097003821
19.3625,0.013953904540370127,19.36249999999907,10.874825354991154
19.366666666666667,0.013928496761814305,19.366666666665736,10.859077413003968
19.370833333333334,0.013903135241557653,19.370833333332403,10.843346270785798
19.375,0.013877819895147532,19.37499999999907,10.827631928014558
19.379166666666666,0.01385255063827641,19.379166666665736,10.811934384302537
19.383333333333336,0.013827327386781567,19.383333333332402,10.796253639196399
19.3875,0.013802150056644653,19.38749999999907,10.780589692177234
19.39166666666667,0.013777018563991286,19.391666666665735,10.764942542660515
19.395833333333332,0.013751932825090747,19.3958333333324,10.749312205529375
19.400000000000002,0.013726892756355505,19.399999999999068,10.733698683152141
19.40416666666667,0.013701898274340926,19.404166666665734,10.718101959898378
19.408333333333335,0.013676949295744832,19.4083333333324,10.702522035107023
19.4125,0.013652045737407102,19.412499999999067,10.686958908055114
19.416666666666668,0.013627187516309373,19.416666666665733,10.67141257795782
19.420833333333334,0.013602374549574544,19.4208333333324,10.655883043968446
19.425,0.013577606754466504,19.424999999999066,10.640370305178442
19.429166666666667,0.013552884048389696,19.429166666665733,10.624874360617373
19.433333333333334,0.013528206348888691,19.4333333333324,10.609395209252941
19.4375,0.013503573573647915,19.437499999999066,10.593932849991019
19.441666666666666,0.013478985640491138,19.441666666665732,10.578487281675612
19.445833333333336,0.013454442467381221,19.4458333333324,10.563058503088882
19.45,0.013429943972419643,19.449999999999065,10.547646512951125
19.45416666666667,0.013405490073846112,19.45416666666573,10.532251309920827
19.458333333333332,0.013381080690038294,19.458333333332398,10.516872892594629
19.462500000000002,0.013356715739511256,19.462499999999064,10.501511259507327
19.46666666666667,0.01333239514091725,19.46666666666573,10.486166409131883
19.470833333333335,0.01330811881304526,19.470833333332397,10.47083833987945
19.475,0.013283886674820562,19.474999999999064,10.455527050099365
19.479166666666668,0.013259698645304473,19.47916666666573,10.440232538079114
19.483333333333334,0.013235554643693824,19.483333333332396,10.424954802044386
19.4875,0.013211454589320706,19.487499999999063,10.409693840159054
19.491666666666667,0.013187398401652001,19.49166666666573,10.394449650525207
19.495833333333334,0.013163386000289021,19.495833333332396,10.379222231183086
19.5,0.013139417304967168,19.499999999999062,10.364011580111153
19.504166666666666,0.013115492235555467,19.50416666666573,10.34881769522608
19.508333333333336,0.013091610712056272,19.508333333332395,10.333640574382736
19.5125,0.013067772654604836,19.51249999999906,10.31848021537419
19.51666666666667,0.013043977983468916,19.516666666665728,10.303336615931736
19.520833333333332,0.013020226619048452,19.520833333332394,10.288209773724875
19.525000000000002,0.012996518481875089,19.52499999999906,10.273099686361345
19.52916666666667,0.012972853492611888,19.529166666665727,10.258006332816079
19.533333333333335,0.01294923157205292,19.533333333332394,10.242929790663533
19.5375,0.012925652641122802,19.53749999999906,10.227869999382577
19.541666666666668,0.01290211662087646,19.541666666665726,10.212826956599681
19.545833333333334,0.012878623432498596,19.545833333332393,10.197800659879835
19.55,0.012855172997303432,19.54999999999906,10.182791106726691
19.554166666666667,0.012831765236734254,19.554166666665726,10.167798294582727
19.558333333333334,0.012808400072363018,19.558333333332392,10.152822220829352
19.5625,0.012785077425890053,19.56249999999906,10.137862882787035
19.566666666666666,0.012761797219143566,19.566666666665725,10.122920277715428
19.570833333333336,0.012738559374079349,19.57083333333239,10.107994402813544
19.575,0.012715363812780376,19.574999999999058,10.093085255219862
19.57916666666667,0.012692210457456362,19.579166666665724,10.078192832012435
19.583333333333332,0.01266909923044348,19.58333333333239,10.063317130209048
19.587500000000002,0.012646030054203875,19.587499999999057,10.048458146767368
19.59166666666667,0.01262300285132536,19.591666666665724,10.033615878585056
19.595833333333335,0.012600017544521022,19.59583333333239,10.01879032249988
19.6,0.01257707405662877,19.599999999999056,10.003981475289875
19.604166666666668,0.01255417231061107,19.604166666665723,9.98918933367348
19.608333333333334,0.012531312229554423,19.60833333333239,9.974413894309649
19.6125,0.01250849373666913,19.612499999999056,9.959655153798
19.616666666666667,0.012485716755288796,19.616666666665722,9.944913108678922
19.620833333333334,0.012462981208869985,19.62083333333239,9.930187755433737
19.625,0.01244028702099188,19.624999999999055,9.915479090484844
19.629166666666666,0.012417634115355791,19.62916666666572,9.900787110195788
19.633333333333336,0.012395022415784916,19.633333333332388,9.886111810871444
19.6375,0.012372451846223861,19.637499999999054,9.871453188758151
19.64166666666667,0.012349922330738242,19.64166666666572,9.856811240043829
19.645833333333332,0.012327433793514402,19.645833333332387,9.842185960858101
19.650000000000002,0.012304986158858923,19.649999999999054,9.827577347272431
19.65416666666667,0.012282579351198314,19.65416666666572,9.812985395300283
19.658333333333335,0.012260213295078606,19.658333333332386,9.798410100897222
19.6625,0.01223788791516494,19.662499999999053,9.783851472876647
19.666666666666668,0.012215603136241251,19.66666666666572,9.769309517121657
19.670833333333334,0.012193358883209797,19.670833333332386,9.75478421046983
19.675,0.012171155081090866,19.674999999999052,9.740275548872802
19.679166666666667,0.012148991655022354,19.67916666666572,9.725783528231853
19.683333333333334,0.012126868530259342,19.683333333332385,9.711308144398165
19.6875,0.012104785632173806,19.68749999999905,9.69684939317306
19.691666666666666,0.012082742886254124,19.691666666665718,9.682407270308198
19.695833333333336,0.012060740218104795,19.695833333332384,9.667981771505776
19.7,0.012038777553446015,19.69999999999905,9.653572892418795
19.70416666666667,0.012016854818113248,19.704166666665717,9.63918062865128
19.708333333333332,0.01199497193805694,19.708333333332384,9.624804975758481
19.712500000000002,0.011973128839342038,19.71249999999905,9.6104459292471
19.71666666666667,0.01195132544814768,19.716666666665716,9.596103484575515
19.720833333333335,0.011929561690766798,19.720833333332383,9.581777637154023
19.725,0.011907837493605687,19.72499999999905,9.567468382345048
19.729166666666668,0.011886152783183697,19.729166666665716,9.553175715463343
19.733333333333334,0.011864507486132771,19.733333333332382,9.538899631776241
19.7375,0.01184290152919714,19.73749999999905,9.52464012650388
19.741666666666667,0.011821334839232905,19.741666666665715,9.510397194819419
19.745833333333334,0.011799807343207614,19.74583333333238,9.496170831849236
19.75,0.011778318968199973,19.749999999999048,9.481961032673182
19.754166666666666,0.01175686964139936,19.754166666665714,9.467767792324803
19.758333333333336,0.01173545929010553,19.75833333333238,9.453591105791554
19.7625,0.011714087841728192,19.762499999999047,9.439430968015012
19.76666666666667,0.01169275522378659,19.766666666665714,9.425287373891104
19.770833333333332,0.011671461363909223,19.77083333333238,9.41116031827034
19.775000000000002,0.011650206189833333,19.774999999999046,9.39704979595805
19.77916666666667,0.011628991378984667,19.779166666665713,9.382955801714555
19.783333333333335,0.011607815640359601,19.78333333333238,9.368878330255432
19.7875,0.011586678455916018,19.787499999999046,9.354817376251729
19.791666666666668,0.011565579755408062,19.791666666665712,9.340772934330193
19.795833333333334,0.011544519468712908,19.79583333333238,9.326744999073462
19.8,0.011523497525830522,19.799999999999045,9.312733565020315
19.804166666666667,0.011502513856883322,19.80416666666571,9.298738626665902
19.808333333333334,0.011481568392115823,19.808333333332378,9.284760178461946
19.8125,0.011460661061894426,19.812499999999044,9.270798214816965
19.816666666666666,0.011439791796706992,19.81666666666571,9.256852737822307
19.820833333333336,0.011418960527162628,19.820833333332377,9.242923735711607
19.825,0.011398167183991349,19.824999999999044,9.229011202147674
19.82916666666667,0.011377411698043707,19.82916666666571,9.21511513142519
19.833333333333332,0.011356694000290586,19.833333333332376,9.201235517798452
19.837500000000002,0.011336014021822785,19.837499999999043,9.187372355481664
19.84166666666667,0.011315371693850796,19.84166666666571,9.173525638649132
19.845833333333335,0.011294766947704456,19.845833333332376,9.159695361435519
19.85,0.011274199714832598,19.849999999999042,9.145881517936106
19.854166666666668,0.011253669926802832,19.85416666666571,9.13208410220702
19.858333333333334,0.011233177515301134,19.858333333332375,9.118303108265508
19.8625,0.011212722412131611,19.86249999999904,9.104538530090128
19.866666666666667,0.011192304549216173,19.866666666665708,9.090790361621034
19.870833333333334,0.011171923858594168,19.870833333332374,9.077058596760223
19.875,0.011151580272422176,19.87499999999904,9.063343229371773
19.879166666666666,0.01113127372297358,19.879166666665707,9.049644253282061
19.883333333333336,0.011111004142638353,19.883333333332374,9.035961662280036
19.8875,0.011090771463922709,19.88749999999904,9.02229545011747
19.89166666666667,0.011070575619448759,19.891666666665706,9.008645610509184
19.895833333333332,0.011050416541954277,19.895833333332373,8.99501213713329
19.900000000000002,0.011030294164292305,19.89999999999904,8.981395023631444
19.90416666666667,0.011010208419430918,19.904166666665706,8.967794263609099
19.908333333333335,0.01099015924045287,19.908333333332372,8.95420985063574
19.9125,0.010970146560555278,19.91249999999904,8.940641778245116
19.916666666666668,0.010950170313049354,19.916666666665705,8.9270900399355
19.920833333333334,0.01093023043136003,19.92083333333237,8.913554629169942
19.925,0.010910326849025724,19.924999999999038,8.900035539376502
19.929166666666667,0.01089045949969798,19.929166666665704,8.886532763948471
19.933333333333334,0.010870628317141143,19.93333333333237,8.873046296244654
19.9375,0.010850833235232116,19.937499999999037,8.859576129589598
19.941666666666666,0.01083107418795996,19.941666666665704,8.846122257273842
19.945833333333336,0.010811351109425663,19.94583333333237,8.832684672554148
19.95,0.010791663933841806,19.949999999999037,8.819263368653733
19.95416666666667,0.010772012595532206,19.954166666665703,8.805858338762565
19.958333333333332,0.010752397028931686,19.95833333333237,8.792469576037574
19.962500000000002,0.010732817168585679,19.962499999999036,8.77909707360287
19.96666666666667,0.010713272949149996,19.966666666665702,8.765740815680175
19.970833333333335,0.01069376430539048,19.97083333333237,8.752400791348721
19.975,0.010674291172182661,19.974999999999035,8.739077004062677
19.979166666666668,0.010654853484511527,19.9791666666657,8.725769446681
19.983333333333334,0.010635451177471117,19.983333333332368,8.712478112026915
19.9875,0.010616084186264307,19.987499999999034,8.699202992888125
19.991666666666667,0.010596752446202435,19.9916666666657,8.685944082016983
19.995833333333334,0.01057745589270499,19.995833333332367,8.672701372130659
20.0,0.010558194461299363,19.999999999999034,8.659474855911352
20.004166666666666,0.010538968087620447,20.0041666666657,8.646264526006489
20.008333333333336,0.010519776707410397,20.008333333332367,8.6330703750289
20.0125,0.010500620256518323,20.012499999999033,8.619892395556999
20.01666666666667,0.010481498670899885,20.0166666666657,8.606730580134972
20.020833333333332,0.010462411886617121,20.020833333332366,8.593584921273003
20.025000000000002,0.010443359839838014,20.024999999999032,8.58045541144742
20.02916666666667,0.010424342466836264,20.0291666666657,8.567342043100897
20.033333333333335,0.010405359703990945,20.033333333332365,8.554244808642638
20.0375,0.010386411487786172,20.03749999999903,8.541163700448585
20.041666666666668,0.010367497754810856,20.041666666665698,8.528098710861604
20.045833333333334,0.0103486184417583,20.045833333332364,8.515049832191641
20.05,0.010329773485425986,20.04999999999903,8.502017056715932
20.054166666666667,0.010310962822715214,20.054166666665697,8.489000376679215
20.058333333333334,0.01029218639063077,20.058333333332364,8.475999784293892
20.0625,0.010273444126280678,20.06249999999903,8.46301527174021
20.066666666666666,0.010254735966875818,20.066666666665697,8.450046831166457
20.070833333333336,0.010236061849729687,20.070833333332363,8.43709445468918
20.075,0.010217421712258043,20.07499999999903,8.424158134393341
20.07916666666667,0.010198815491978586,20.079166666665696,8.411237862332499
20.083333333333332,0.010180243126510701,20.083333333332362,8.398333630529022
20.087500000000002,0.010161704553575075,20.08749999999903,8.385445430974272
20.09166666666667,0.010143199710993459,20.091666666665695,8.372573255628794
20.095833333333335,0.010124728536688315,20.09583333333236,8.359717096422477
20.1,0.01010629096868249,20.099999999999028,8.346876945254774
20.104166666666668,0.010087886945098977,20.104166666665694,8.334052793994893
20.108333333333334,0.0100695164041605,20.10833333333236,8.321244634481962
20.1125,0.010051179284189306,20.112499999999027,8.308452458525233
20.116666666666667,0.010032875523606809,20.116666666665694,8.295676257904251
20.120833333333334,0.010014605060933235,20.12083333333236,8.282916003379146
20.125,0.009996367834787417,20.124999999999027,8.270171704553563
20.129166666666666,0.009978163783886376,20.129166666665693,8.257443353610324
20.133333333333336,0.009959992847045084,20.13333333333236,8.244730942066711
20.1375,0.009941854963176133,20.137499999999026,8.232034461406872
20.14166666666667,0.00992375007128939,20.141666666665692,8.219353903081956
20.145833333333332,0.009905678110491764,20.14583333333236,8.206689258510206
20.150000000000002,0.00988763901998679,20.149999999999025,8.194040519077122
20.15416666666667,0.009869632739074425,20.15416666666569,8.181407676135592
20.158333333333335,0.009851659207150682,20.158333333332358,8.168790721006026
20.1625,0.0098337183637073,20.162499999999024,8.156189644976447
20.166666666666668,0.009815810148331492,20.16666666666569,8.143604439302665
20.170833333333334,0.009797934500705574,20.170833333332357,8.131035095208397
20.175,0.009780091360606709,20.174999999999024,8.118481603885396
20.179166666666667,0.00976228066790657,20.17916666666569,8.105943956493563
20.183333333333334,0.009744502362571005,20.183333333332357,8.093422144161098
20.1875,0.00972675638465979,20.187499999999023,8.080916157984632
20.191666666666666,0.009709042674326242,20.19166666666569,8.068425989029354
20.195833333333336,0.009691361171816975,20.195833333332356,8.055951628329131
20.2,0.009673711817471566,20.199999999999022,8.043493066886633
20.20416666666667,0.009656094551722215,20.20416666666569,8.031050295673502
20.208333333333332,0.009638509315093484,20.208333333332355,8.018623305630447
20.212500000000002,0.00962095604820194,20.21249999999902,8.006212087667375
20.21666666666667,0.009603434691755893,20.216666666665688,7.993816632663527
20.220833333333335,0.009585945186555058,20.220833333332354,7.98143693146763
20.225,0.009568487473490222,20.22499999999902,7.969072974898002
20.229166666666668,0.009551061493542984,20.229166666665687,7.956724753742682
20.233333333333334,0.009533667187785397,20.233333333332354,7.944392258759561
20.2375,0.009516304497379701,20.23749999999902,7.93207548067654
20.241666666666667,0.009498974886324283,20.241666666665687,7.919774410191629
20.245833333333334,0.00948167685676793,20.245833333332353,7.90748903797308
20.25,0.009464410325924433,20.24999999999902,7.895219354659522
20.254166666666666,0.00944717523642482,20.254166666665686,7.882965350860108
20.258333333333336,0.009429971531000081,20.258333333332352,7.870727017154631
20.2625,0.009412799152480892,20.26249999999902,7.858504344093639
20.26666666666667,0.009395658043797307,20.266666666665685,7.846297322198578
20.270833333333332,0.009378548147978588,20.27083333333235,7.834105939558677
20.275000000000002,0.009361469408152844,20.274999999999018,7.8219301861790616
20.27916666666667,0.009344421767546855,20.279166666665684,7.809770054770645
20.283333333333335,0.00932740516948578,20.28333333333235,7.79762553570683
20.2875,0.009310419557392863,20.287499999999017,7.785496619331567
20.291666666666668,0.009293464874789248,20.291666666665684,7.773383295959481
20.295833333333334,0.009276541065293633,20.29583333333235,7.761285555875956
20.3,0.00925964807262208,20.299999999999017,7.749203389337281
20.304166666666667,0.009242785840587738,20.304166666665683,7.737136786570764
20.308333333333334,0.009225954313100537,20.30833333333235,7.725085737774845
20.3125,0.009209153434167,20.312499999999016,7.7130502331192075
20.316666666666666,0.009192383147889923,20.316666666665682,7.701030262744886
20.320833333333336,0.009175643398468148,20.32083333333235,7.68902581676442
20.325,0.009158934130196306,20.324999999999015,7.677036885261937
20.32916666666667,0.009142255287464518,20.32916666666568,7.665063458293273
20.333333333333332,0.009125606814758196,20.333333333332348,7.653105525886095
20.337500000000002,0.009108988656657711,20.337499999999014,7.641163078040024
20.34166666666667,0.0090924007578382,20.34166666666568,7.62923610472675
20.345833333333335,0.009075843063069279,20.345833333332347,7.617324595890129
20.35,0.009059315517214755,20.349999999999014,7.60542854144632
20.354166666666668,0.009042818065232426,20.35416666666568,7.593547931283903
20.358333333333334,0.009026350652173746,20.358333333332347,7.58168275526399
20.3625,0.009009913223183641,20.362499999999013,7.569833003220326
20.366666666666667,0.008993505723500215,20.36666666666568,7.557998664959426
20.370833333333334,0.008977128098454459,20.370833333332346,7.546179730260692
20.375,0.008960780293470052,20.374999999999012,7.534376188876527
20.379166666666666,0.008944462254063043,20.37916666666568,7.522588030532433
20.383333333333336,0.008928173925841644,20.383333333332345,7.510815244927143
20.3875,0.008911915254505935,20.38749999999901,7.499057821732745
20.39166666666667,0.008895686185847601,20.391666666665678,7.487315750594801
20.395833333333332,0.00887948666574971,20.395833333332344,7.475589021132429
20.400000000000002,0.00886331664018639,20.39999999999901,7.46387762293845
20.40416666666667,0.008847176055222642,20.404166666665677,7.452181545579507
20.408333333333335,0.008831064857014036,20.408333333332344,7.440500778596173
20.4125,0.008814982991806438,20.41249999999901,7.428835311503056
20.416666666666668,0.008798930405935802,20.416666666665677,7.41718513378892
20.420833333333334,0.00878290704582785,20.420833333332343,7.405550235021879
20.425,0.008766912857997864,20.42499999999901,7.393930609361343
20.429166666666667,0.0087509477890504,20.429166666665676,7.382326241955179
20.433333333333334,0.008735011785679007,20.433333333332342,7.370737122222011
20.4375,0.008719104794666036,20.43749999999901,7.359163239556213
20.441666666666666,0.008703226762882288,20.441666666665675,7.347604583328013
20.445833333333336,0.008687377637286827,20.44583333333234,7.336061142883618
20.45,0.008671557364926707,20.449999999999008,7.324532907545346
20.45416666666667,0.008655765892936658,20.454166666665675,7.313019866611777
20.458333333333332,0.008640003168538912,20.45833333333234,7.301522009357867
20.462500000000002,0.008624269139042863,20.462499999999007,7.290039325035067
20.46666666666667,0.008608563751844864,20.466666666665674,7.278571802871456
20.470833333333335,0.008592886954427944,20.47083333333234,7.267119432071895
20.475,0.008577238694361533,20.474999999999007,7.255682201818141
20.479166666666668,0.008561618919301243,20.479166666665673,7.2442601012689565
20.483333333333334,0.008546027576988554,20.48333333333234,7.232853119560259
20.4875,0.008530464615250607,20.487499999999006,7.221461245805259
20.491666666666667,0.008514929981999922,20.491666666665672,7.2100844690945785
20.495833333333334,0.008499423625234108,20.49583333333234,7.19872277849637
20.5,0.008483945493035668,20.499999999999005,7.187376163056451
20.504166666666666,0.008468495533571667,20.50416666666567,7.1760446117984555
20.508333333333336,0.008453073695093538,20.508333333332338,7.164728113723946
20.5125,0.008437679925936782,20.512499999999005,7.153426657812527
20.51666666666667,0.008422314174520698,20.51666666666567,7.1421402330219905
20.520833333333332,0.008406976389348174,20.520833333332337,7.130868828288461
20.525000000000002,0.008391666519005364,20.524999999999004,7.119612432526508
20.52916666666667,0.008376384512161486,20.52916666666567,7.10837103462926
20.533333333333335,0.008361130317568523,20.533333333332337,7.097144623468556
20.5375,0.008345903884060972,20.537499999999003,7.085933187895073
20.541666666666668,0.008330705160555603,20.54166666666567,7.074736716738463
20.545833333333334,0.008315534096051154,20.545833333332336,7.063555198807442
20.55,0.008300390639628131,20.549999999999002,7.052388622889961
20.554166666666667,0.008285274740448514,20.55416666666567,7.041236977753328
20.558333333333334,0.008270186347755473,20.558333333332335,7.03010025214433
20.5625,0.00825512541087317,20.562499999999,7.018978434789354
20.566666666666666,0.008240091879206437,20.566666666665668,7.007871514394526
20.570833333333336,0.008225085702240556,20.570833333332335,6.996779479645843
20.575,0.008210106829541,20.574999999999,6.985702320383477
20.57916666666667,0.008195155210753126,20.579166666665667,6.974640025203381
20.583333333333332,0.008180230795601989,20.583333333332334,6.963592581823742
20.587500000000002,0.008165333533891997,20.587499999999,6.952559978861592
20.59166666666667,0.00815046337550673,20.591666666665667,6.941542204914733
20.595833333333335,0.008135620270408641,20.595833333332333,6.930539248561869
20.6,0.008120804168638779,20.599999999999,6.919551098362745
20.604166666666668,0.00810601502031658,20.604166666665666,6.908577742858288
20.608333333333334,0.00809125277563955,20.608333333332332,6.897619170570741
20.6125,0.008076517384883046,20.612499999999,6.886675370003761
20.616666666666667,0.008061808798400018,20.616666666665665,6.87574632964259
20.620833333333334,0.008047126966620695,20.62083333333233,6.86483203795417
20.625,0.008032471840052404,20.624999999998998,6.853932483387291
20.629166666666666,0.00801784336927924,20.629166666665665,6.843047654372686
20.633333333333336,0.008003241504961846,20.63333333333233,6.832177539323195
20.6375,0.007988666197837157,20.637499999998997,6.821322126633897
20.64166666666667,0.007974117398718096,20.641666666665664,6.8104814046822355
20.645833333333332,0.007959595058493375,20.64583333333233,6.799655361828133
20.650000000000002,0.00794509912812717,20.649999999998997,6.788843986414146
20.65416666666667,0.007930629558658924,20.654166666665663,6.778047266765591
20.658333333333335,0.007916186301203058,20.65833333333233,6.76726519119069
20.6625,0.007901769306948673,20.662499999998996,6.756497747980663
20.666666666666668,0.007887378527159377,20.666666666665662,6.745744925409886
20.670833333333334,0.007873013913172936,20.67083333333233,6.735006711736041
20.675,0.007858675416401076,20.674999999998995,6.724283095200223
20.679166666666667,0.007844362988329202,20.67916666666566,6.7135740640270685
20.683333333333334,0.007830076580516116,20.683333333332328,6.702879606424891
20.6875,0.007815816144593805,20.687499999998995,6.692199710585835
20.691666666666666,0.007801581632267123,20.69166666666566,6.681534364685993
20.695833333333336,0.00778737299531359,20.695833333332327,6.670883556885516
20.7,0.007773190413003174,20.699999999998994,6.660247275328778
20.70416666666667,0.007759034722368257,20.70416666666566,6.6496255081444895
20.708333333333332,0.0077449048131033905,20.708333333332327,6.639018243445852
20.712500000000002,0.0077308006382212505,20.712499999998993,6.628425469330648
20.71666666666667,0.00771672215081558,20.71666666666566,6.6178471738814055
20.720833333333335,0.007702669304060935,20.720833333332326,6.607283345165531
20.725,0.007688642051212452,20.724999999998992,6.596733971235431
20.729166666666668,0.007674640345605686,20.72916666666566,6.586199040128634
20.733333333333334,0.007660664140656322,20.733333333332325,6.575678539867937
20.7375,0.007646713389860028,20.73749999999899,6.565172458461539
20.741666666666667,0.0076327880467922,20.741666666665658,6.554680783903173
20.745833333333334,0.007618888065107732,20.745833333332325,6.544203504172219
20.75,0.007605013398540854,20.74999999999899,6.53374060723385
20.754166666666666,0.007591164000904846,20.754166666665657,6.5232920793428795
20.758333333333336,0.00757733982609188,20.758333333332324,6.5128579045578565
20.7625,0.0075635408280727776,20.76249999999899,6.502438075685127
20.76666666666667,0.007549766960896782,20.766666666665657,6.492032580601268
20.770833333333332,0.007536018178691373,20.770833333332323,6.48164140716847
20.775000000000002,0.007522294435662008,20.77499999999899,6.471264543234639
20.77916666666667,0.0075085956860919505,20.779166666665656,6.460901976633511
20.783333333333335,0.007494921884342037,20.783333333332322,6.450553695184783
20.7875,0.007481272984850424,20.78749999999899,6.440219686694245
20.791666666666668,0.007467648942132444,20.791666666665655,6.429899938953897
20.795833333333334,0.007454049710780309,20.79583333333232,6.4195944397420535
20.8,0.0074404752454629575,20.799999999998988,6.409303176823484
20.804166666666667,0.007426925500925816,20.804166666665655,6.399026137949533
20.808333333333334,0.007413400431990557,20.80833333333232,6.388763310858249
20.8125,0.007399899993554928,20.812499999998987,6.378514683274479
20.816666666666666,0.0073864241405924925,20.816666666665654,6.36828024291001
20.820833333333336,0.007372972828152447,20.82083333333232,6.358059977463706
20.825,0.007359546011359387,20.824999999998987,6.347853874621606
20.82916666666667,0.0073461436454130835,20.829166666665653,6.337661922057049
20.833333333333332,0.007332765685588292,20.83333333333232,6.327484107430798
20.837500000000002,0.007319412087234499,20.837499999998986,6.317320418391175
20.84166666666667,0.007306082805775743,20.841666666665652,6.307170842574174
20.845833333333335,0.007292777796710386,20.84583333333232,6.2970353676035735
20.85,0.007279497015610867,20.849999999998985,6.286913981091061
20.854166666666668,0.007266240418123536,20.85416666666565,6.276806670636377
20.858333333333334,0.007253007959968388,20.858333333332318,6.2667134238274205
20.8625,0.007239799596938893,20.862499999998985,6.25663422824036
20.866666666666667,0.0072266152849017485,20.86666666666565,6.246569071439761
20.870833333333334,0.007213454979796655,20.870833333332317,6.236517940978735
20.875,0.007200318637636142,20.874999999998984,6.226480824399032
20.879166666666666,0.007187206214505296,20.87916666666565,6.216457709231168
20.883333333333336,0.007174117666561592,20.883333333332317,6.206448582994541
20.8875,0.007161052950034659,20.887499999998983,6.196453433197575
20.89166666666667,0.007148012021226037,20.89166666666565,6.186472247337832
20.895833333333332,0.007134994836509018,20.895833333332316,6.176505012902118
20.900000000000002,0.007122001352328364,20.899999999998983,6.166551717366617
20.90416666666667,0.007109031525200142,20.90416666666565,6.156612348197024
20.908333333333335,0.00709608531171149,20.908333333332315,6.146686892848657
20.9125,0.007083162668520377,20.912499999998982,6.13677533876657
20.916666666666668,0.0070702635523554385,20.916666666665648,6.126877673385677
20.920833333333334,0.007057387920015691,20.920833333332315,6.116993884130895
20.925,0.0070445357283703824,20.92499999999898,6.107123958417251
20.929166666666667,0.007031706934358747,20.929166666665648,6.097267883649991
20.933333333333334,0.007018901494989759,20.933333333332314,6.087425647224718
20.9375,0.00700611936734198,20.93749999999898,6.077597225967208
20.941666666666666,0.006993360508563276,20.941666666665647,6.06778261616079
20.945833333333336,0.006980624875870649,20.945833333332313,6.0579818057000345
20.95,0.00696791242655001,20.94999999999898,6.04819478189013
20.95416666666667,0.0069552231179559314,20.954166666665646,6.038421532025871
20.958333333333332,0.0069425569075114825,20.958333333332313,6.02866204339177
20.962500000000002,0.006929913752707956,20.96249999999898,6.018916303262144
20.96666666666667,0.006917293611104698,20.966666666665645,6.009184298901239
20.970833333333335,0.006904696440328881,20.970833333332312,5.999466017563341
20.975,0.006892122198075253,20.97499999999898,5.989761446492872
20.979166666666668,0.006879570842105978,20.979166666665645,5.9800705729244905
20.983333333333334,0.006867042330250357,20.98333333333231,5.97039338408321
20.9875,0.006854536620404669,20.987499999998978,5.960729867184509
20.991666666666667,0.006842053670531927,20.991666666665644,5.951080009434433
20.995833333333334,0.006829593438661639,20.99583333333231,5.94144379802969
21.0,0.006817155882889644,20.999999999998977,5.9318212201577625
21.004166666666666,0.0068047409613778455,21.004166666665643,5.922212262997033
21.008333333333336,0.006792348632354025,21.00833333333231,5.9126169137168745
21.0125,0.006779978854111627,21.012499999998976,5.903035159477746
21.01666666666667,0.006767631585009503,21.016666666665643,5.893466987431312
21.020833333333332,0.006755306783471754,21.02083333333231,5.8839123847205625
21.025000000000002,0.006743004407987457,21.024999999998975,5.874371338479904
21.02916666666667,0.006730724417110493,21.029166666665642,5.864843835835254
21.033333333333335,0.006718466769459318,21.03333333333231,5.855329863904165
21.0375,0.0067062314237167076,21.037499999998975,5.845829409795941
21.041666666666668,0.006694018338629612,21.04166666666564,5.836342460611723
21.045833333333334,0.006681827473008865,21.045833333332308,5.826869003444601
21.05,0.00666965878572903,21.049999999998974,5.8174090253797175
21.054166666666667,0.00665751223572815,21.05416666666564,5.807962513494392
21.058333333333334,0.0066453877820075195,21.058333333332307,5.798529454858215
21.0625,0.006633285383631515,21.062499999998973,5.789109836533143
21.066666666666666,0.006621204999727313,21.06666666666564,5.779703645573621
21.070833333333336,0.006609146589484743,21.070833333332306,5.770310869026689
21.075,0.00659711011215602,21.074999999998973,5.76093149393209
21.07916666666667,0.006585095527055541,21.07916666666564,5.751565507322357
21.083333333333332,0.006573102793559688,21.083333333332305,5.742212896222936
21.087500000000002,0.006561131871106575,21.087499999998972,5.732873647652297
21.09166666666667,0.006549182719195862,21.09166666666564,5.723547748622039
21.095833333333335,0.006537255297388541,21.095833333332305,5.7142351861369765
21.1,0.006525349565306677,21.09999999999897,5.704935947195262
21.104166666666668,0.006513465482633254,21.104166666665638,5.6956500187885
21.108333333333334,0.00650160300911189,21.108333333332304,5.68637738790185
21.1125,0.006489762104546684,21.11249999999897,5.67711804151411
21.116666666666667,0.006477942728801969,21.116666666665637,5.667871961505471
21.120833333333334,0.006466144841802072,21.120833333332303,5.6586391364880235
21.125,0.006454368403531154,21.12499999999897,5.649419556070904
21.129166666666666,0.006442613374032934,21.129166666665636,5.6402132071707864
21.133333333333336,0.00643087971341052,21.133333333332303,5.631020076697567
21.1375,0.006419167381826172,21.13749999999897,5.621840151554459
21.14166666666667,0.006407476339501067,21.141666666665635,5.612673418638094
21.145833333333332,0.006395806546715126,21.145833333332302,5.603519864838584
21.150000000000002,0.006384157963806751,21.14999999999897,5.594379477039653
21.15416666666667,0.006372530551172642,21.154166666665635,5.585252242118724
21.158333333333335,0.006360924269267572,21.1583333333323,5.576138146947012
21.1625,0.006349339736143505,21.162499999998968,5.567037178389607
21.166666666666668,0.006337777444349859,21.166666666665634,5.557949323305586
21.170833333333334,0.006326236222617287,21.1708333333323,5.548874568548107
21.175,0.006314716032536626,21.174999999998967,5.539812900964507
21.179166666666667,0.006303216835763437,21.179166666665633,5.530764307396381
21.183333333333334,0.006291738594017795,21.1833333333323,5.521728774679685
21.1875,0.006280281269084157,21.187499999998966,5.512706289644848
21.191666666666666,0.006268844822811112,21.191666666665633,5.503696839116856
21.195833333333336,0.0062574292171112475,21.1958333333323,5.494700409915333
21.2,0.00624603441396093,21.199999999998965,5.4857169888546515
21.20416666666667,0.00623466037540011,21.204166666665632,5.4767465627440375
21.208333333333332,0.006223307063532174,21.2083333333323,5.467789118387655
21.212500000000002,0.0062119744405237055,21.212499999998965,5.458844642584691
21.21666666666667,0.0062006624686043385,21.21666666666563,5.449913122129461
21.220833333333335,0.006189371110066562,21.220833333332298,5.440994543811517
21.225,0.006178100327265498,21.224999999998964,5.432088894415729
21.229166666666668,0.006166850082618775,21.22916666666563,5.423196160722378
21.233333333333334,0.0061556203386062686,21.233333333332297,5.414316329507249
21.2375,0.006144411057769979,21.237499999998963,5.405449387541753
21.241666666666667,0.006133222202713809,21.24166666666563,5.396595321592998
21.245833333333334,0.006122053736103366,21.245833333332296,5.387754118423879
21.25,0.006110905620665818,21.249999999998963,5.3789257647931885
21.254166666666666,0.006099777819189648,21.25416666666563,5.370110247455717
21.258333333333336,0.006088670294524517,21.258333333332295,5.36130755316234
21.2625,0.006077583009581057,21.262499999998962,5.352517668660103
21.26666666666667,0.006066515927330663,21.26666666666563,5.34374058069233
21.270833333333332,0.006055469010805346,21.270833333332295,5.334976275998722
21.275000000000002,0.006044442223097501,21.27499999999896,5.326224741315449
21.27916666666667,0.00603343552735976,21.279166666665628,5.317485963375237
21.283333333333335,0.006022448886804786,21.283333333332294,5.308759928907466
21.2875,0.006011482264705066,21.28749999999896,5.300046624638279
21.291666666666668,0.006000535624392763,21.291666666665627,5.2913460372906735
21.295833333333334,0.005989608929259489,21.295833333332293,5.2826581517867
21.3,0.005978702142756152,21.29999999999896,5.273982952838426
21.304166666666667,0.005967815228392751,21.304166666665626,5.265320430432175
21.308333333333334,0.005956948149738169,21.308333333332293,5.256670571253984
21.3125,0.005946100870420032,21.31249999999896,5.24803336198656
21.316666666666666,0.005935273354124471,21.316666666665625,5.239408789309368
21.320833333333336,0.005924465564595973,21.320833333332292,5.230796839898732
21.325,0.00591367746563718,21.32499999999896,5.2221975004279155
21.32916666666667,0.0059029090211086795,21.329166666665625,5.213610757567199
21.333333333333332,0.005892160194928863,21.33333333333229,5.205036597983977
21.337500000000002,0.005881430951073683,21.337499999998958,5.196475008342856
21.34166666666667,0.005870721253576518,21.341666666665628,5.187925975305728
21.345833333333335,0.00586003106652795,21.34583333333229,5.179389485531873
21.349999999999998,0.0058493603540755975,21.349999999998957,5.170865525678014
21.354166666666668,0.005838709080423888,21.354166666665623,5.16235408239845
21.358333333333334,0.005828077209833932,21.358333333332286,5.15385514234513
21.3625,0.00581746470662329,21.362499999998956,5.145368692167705
21.36666666666667,0.005806871535165798,21.366666666665623,5.1368947185136715
21.370833333333334,0.005796297659891392,21.37083333333229,5.128433208028425
21.375,0.005785743045285872,21.37499999999896,5.1199841473553604
21.379166666666666,0.0057752076558907845,21.379166666665622,5.111547523135963
21.383333333333336,0.005764691456303191,21.38333333333229,5.103123322009861
21.387500000000003,0.005754194411175484,21.387499999998955,5.094711530614976
21.391666666666666,0.005743716485215222,21.391666666665618,5.086312135587574
21.395833333333332,0.0057332576431848815,21.395833333332288,5.077925123562331
21.400000000000002,0.005722817849901758,21.399999999998954,5.069550481172477
21.40416666666667,0.00571239707023771,21.40416666666562,5.061188195049843
21.408333333333335,0.005701995269118997,21.40833333333229,5.052838251824968
21.412499999999998,0.005691612411526102,21.412499999998953,5.044500638127179
21.416666666666668,0.005681248462493493,21.41666666666562,5.036175340584662
21.420833333333334,0.005670903387109505,21.420833333332286,5.027862345824589
21.425,0.005660577150516111,21.42499999999895,5.019561640473193
21.42916666666667,0.0056502697179087406,21.42916666666562,5.011273211155816
21.433333333333334,0.0056399810545361044,21.433333333332286,5.002997044497058
21.4375,0.005629711125699965,21.437499999998952,4.994733127120831
21.441666666666666,0.00561945989675501,21.441666666665622,4.986481445650451
21.445833333333336,0.005609227333108628,21.445833333332285,4.978241986708737
21.450000000000003,0.005599013400220722,21.44999999999895,4.9700147369180625
21.454166666666666,0.005588818063603542,21.454166666665618,4.961799682900501
21.458333333333332,0.005578641288821446,21.45833333333228,4.953596811277886
21.462500000000002,0.005568483041490781,21.46249999999895,4.9454061086718655
21.46666666666667,0.005558343287279655,21.466666666665617,4.937227561704053
21.470833333333335,0.005548221991907755,21.470833333332283,4.9290611569960765
21.474999999999998,0.005538119121146169,21.474999999998953,4.920906880932933
21.479166666666668,0.005528034640817159,21.479166666665616,4.912764714409615
21.483333333333334,0.005517968516794039,21.483333333332283,4.904634649416367
21.4875,0.00550792071500094,21.48749999999895,4.896516672547195
21.49166666666667,0.005497891201412636,21.491666666665612,4.888410770395832
21.495833333333334,0.005487879942054363,21.495833333332282,4.880316929555775
21.5,0.005477886903001594,21.49999999999895,4.872235136620442
21.504166666666666,0.005467912050379908,21.504166666665615,4.864165378183192
21.508333333333336,0.005457955350364772,21.508333333332285,4.856107640837432
21.512500000000003,0.00544801676918135,21.512499999998948,4.848061911176694
21.516666666666666,0.005438096273104329,21.516666666665614,4.840028175794685
21.520833333333332,0.005428193828457698,21.52083333333228,4.832006421285416
21.525000000000002,0.005418309401614615,21.524999999998943,4.823996634243262
21.52916666666667,0.005408442958997179,21.529166666665613,4.815998801263008
21.533333333333335,0.0053985944670762506,21.53333333333228,4.808012908939985
21.537499999999998,0.005388763892371282,21.537499999998946,4.8000389438701125
21.541666666666668,0.005378951201450077,21.541666666665616,4.79207689264999
21.545833333333334,0.005369156360928676,21.54583333333228,4.7841267418769835
21.55,0.005359379337471119,21.549999999998946,4.776188478149271
21.55416666666667,0.005349620097789271,21.554166666665612,4.768262088065973
21.558333333333334,0.005339878608642648,21.558333333332275,4.7603475582272115
21.5625,0.0053301548368381805,21.562499999998945,4.752444875234151
21.566666666666666,0.005320448749230094,21.56666666666561,4.744554025689147
21.570833333333336,0.005310760312719676,21.570833333332278,4.73667499619578
21.575000000000003,0.005301089494255101,21.574999999998948,4.7288077733589455
21.579166666666666,0.005291436260831256,21.57916666666561,4.720952343784948
21.583333333333332,0.0052818005794894995,21.583333333332277,4.713108694081533
21.587500000000002,0.0052721824173175506,21.587499999998943,4.705276810858036
21.59166666666667,0.0052625817414492515,21.591666666665606,4.697456680725423
21.595833333333335,0.0052529985190643905,21.595833333332276,4.68964829029635
21.599999999999998,0.005243432717388528,21.599999999998943,4.681851626185295
21.604166666666668,0.005233884303692761,21.60416666666561,4.674066675008597
21.608333333333334,0.005224353245293607,21.60833333333228,4.666293423384553
21.6125,0.005214839509552764,21.612499999998942,4.658531857933503
21.61666666666667,0.005205343063876943,21.61666666666561,4.65078196527787
21.620833333333334,0.0051958638757176835,21.620833333332275,4.643043732042298
21.625,0.005186401912571125,21.624999999998938,4.6353171448537065
21.629166666666666,0.005176957141977888,21.629166666665608,4.627602190341338
21.633333333333336,0.005167529531522838,21.633333333332274,4.619898855136895
21.637500000000003,0.0051581190488349075,21.63749999999894,4.612207125874579
21.641666666666666,0.005148725661586924,21.64166666666561,4.60452698919119
21.645833333333332,0.005139349337495377,21.645833333332273,4.5968584317262025
21.650000000000002,0.005129990044320292,21.64999999999894,4.589201440121818
21.65416666666667,0.005120647749865006,21.654166666665606,4.5815560010230945
21.658333333333335,0.005111322421975982,21.65833333333227,4.573922094441492
21.662499999999998,0.00510201402854264,21.66249999999894,4.566299710627933
21.666666666666668,0.005092722537497122,21.666666666665606,4.558688838454629
21.670833333333334,0.005083447916814171,21.670833333332272,4.551089464543588
21.675,0.0050741901345108965,21.674999999998942,4.54350157551923
21.67916666666667,0.005064949158646598,21.679166666665605,4.535925158008457
21.683333333333334,0.005055724957322596,21.68333333333227,4.528360198640705
21.6875,0.005046517498681989,21.687499999998938,4.520806684048052
21.691666666666666,0.005037326750909539,21.6916666666656,4.513264600865276
21.695833333333336,0.005028152682231439,21.69583333333227,4.505733935729889
21.700000000000003,0.005018995260915132,21.699999999998937,4.4982146752822745
21.704166666666666,0.005009854455269137,21.704166666665603,4.490706806165705
21.708333333333332,0.00500073023364282,21.708333333332273,4.483210315026442
21.712500000000002,0.004991622564426267,21.712499999998936,4.475725188513803
21.71666666666667,0.004982532687139437,21.716666666665603,4.4682514132802
21.720833333333335,0.004973460487488473,21.72083333333227,4.46078897598127
21.724999999999998,0.004964404822190808,21.724999999998932,4.45333786327591
21.729166666666668,0.004955365660999217,21.729166666665602,4.445898061826332
21.733333333333334,0.004946342973716514,21.73333333333227,4.43846955829818
21.7375,0.004937336730195364,21.737499999998935,4.431052339360566
21.74166666666667,0.00492834690033814,21.741666666665605,4.423646391686158
21.745833333333334,0.004919373454096788,21.745833333332268,4.416251701951253
21.75,0.004910416361472635,21.749999999998934,4.408868256835812
21.754166666666666,0.0049014755925163005,21.7541666666656,4.401496043023591
21.758333333333336,0.004892551117327505,21.758333333332263,4.394135047202179
21.762500000000003,0.00488364290605493,21.762499999998933,4.38678525606305
21.766666666666666,0.0048747509288960865,21.7666666666656,4.379446656301677
21.770833333333332,0.004865875156097112,21.770833333332266,4.372119234617581
21.775000000000002,0.004857015557952691,21.774999999998936,4.364802977714401
21.77916666666667,0.004848172104805862,21.7791666666656,4.3574978722999775
21.783333333333335,0.004839344767047884,21.783333333332266,4.350203905086393
21.787499999999998,0.0048305335151180824,21.787499999998932,4.342921062790083
21.791666666666668,0.004821738319503675,21.791666666665595,4.3356493321319
21.795833333333334,0.0048129591507396745,21.795833333332265,4.328388699837143
21.8,0.0048041959794087,21.79999999999893,4.321139152635689
21.80416666666667,0.004795448776140841,21.804166666665598,4.313900677262023
21.808333333333334,0.004786717511613509,21.808333333332268,4.3066732604553275
21.8125,0.00477800215655126,21.81249999999893,4.299456888959555
21.816666666666666,0.0047693026817256946,21.816666666665597,4.2922515495234705
21.820833333333336,0.004760619057955277,21.820833333332263,4.2850572289007625
21.825000000000003,0.004751951256105187,21.824999999998926,4.277873913850107
21.829166666666666,0.004743299247087187,21.829166666665596,4.270701591135202
21.833333333333332,0.004734663001859431,21.833333333332263,4.263540247524883
21.837500000000002,0.0047260424914263716,21.83749999999893,4.256389869793179
21.84166666666667,0.004717437686838574,21.8416666666656,4.249250444719375
21.845833333333335,0.00470884855919258,21.845833333332262,4.242121959088106
21.849999999999998,0.004700275079630756,21.84999999999893,4.23500439968938
21.854166666666668,0.0046917172193411205,21.854166666665595,4.227897753318713
21.858333333333334,0.0046831749495572375,21.858333333332258,4.220801995398952
21.8625,0.004674648241558039,21.862499999998928,4.213717122588731
21.86666666666667,0.0046661370666676825,21.866666666665594,4.206643122144513
21.870833333333334,0.004657641396255411,21.87083333333226,4.199579980838127
21.875,0.004649161201735358,21.87499999999893,4.192527685446161
21.879166666666666,0.00464069645456647,21.879166666665594,4.185486222750031
21.883333333333336,0.004632247126252304,21.88333333333226,4.178455579536002
21.887500000000003,0.004623813188340898,21.887499999998926,4.171435742595306
21.891666666666666,0.004615394612424625,21.89166666666559,4.164426698724171
21.895833333333332,0.0046069913701400084,21.89583333333226,4.157428434723862
21.900000000000002,0.004598603433167627,21.899999999998926,4.150440937400787
21.90416666666667,0.0045902307732319314,21.904166666665592,4.143464193566526
21.908333333333335,0.0045818733621010976,21.908333333332262,4.136498190037902
21.912499999999998,0.004573531171586896,21.912499999998925,4.129542913637045
21.916666666666668,0.004565204173544497,21.91666666666559,4.122598351191422
21.920833333333334,0.004556892339872377,21.920833333332258,4.115664489533949
21.925,0.004548595642512139,21.92499999999892,4.108741315503021
21.92916666666667,0.004540314053448362,21.92916666666559,4.1018288159425556
21.933333333333334,0.004532047544708475,21.933333333332257,4.094926977702096
21.9375,0.004523796088362553,21.937499999998924,4.088035787636841
21.941666666666666,0.004515559656523236,21.941666666665594,4.081155232607713
21.945833333333336,0.00450733822134554,21.945833333332256,4.07428529948143
21.950000000000003,0.00449913175502671,21.949999999998923,4.0674259751305275
21.954166666666666,0.004490940229806091,21.95416666666559,4.060577246433474
21.958333333333332,0.0044827636179649325,21.958333333332252,4.0537391002747025
21.962500000000002,0.004474601891826296,21.962499999998922,4.046911523544647
21.96666666666667,0.004466455023754873,21.96666666666559,4.040094503139857
21.970833333333335,0.004458322986156835,21.970833333332255,4.033288025963017
21.974999999999998,0.004450205751479706,21.974999999998925,4.02649207892302
21.979166666666668,0.00444210329221217,21.979166666665588,4.019706648935039
21.983333333333334,0.004434015580883971,21.983333333332254,4.0129317229205475
21.9875,0.004425942590065738,21.98749999999892,4.006167287807437
21.99166666666667,0.004417884292368836,21.991666666665584,3.999413330530041
21.995833333333334,0.004409840660445228,21.995833333332254,3.9926698380291863
22.0,0.00440181166698729,21.99999999999892,3.9859367972522937
22.004166666666666,0.004393797284727718,22.004166666665586,3.979214195153403
22.008333333333336,0.004385797486439335,22.008333333332256,3.972502018693247
22.012500000000003,0.004377812244934959,22.01249999999892,3.965800254839323
22.016666666666666,0.004369841533067259,22.016666666665586,3.95910889056591
22.020833333333332,0.004361885323728564,22.020833333332252,3.952427912854188
22.025000000000002,0.004353943589850781,22.024999999998915,3.9457573086922695
22.02916666666667,0.004346016304405192,22.029166666665585,3.9390970650752375
22.033333333333335,0.0043381034404023295,22.03333333333225,3.932447169005251
22.037499999999998,0.004330204970891828,22.037499999998918,3.9258076074915778
22.041666666666668,0.004322320868962234,22.041666666665588,3.91917836755066
22.045833333333334,0.004314451107740924,22.04583333333225,3.9125594362061844
22.05,0.004306595660393905,22.049999999998917,3.9059508004891095
22.05416666666667,0.004298754500125684,22.054166666665584,3.8993524454868753
22.058333333333334,0.004290927600179121,22.058333333332246,3.892764350471102
22.0625,0.004283114933835247,22.062499999998916,3.8861865112091825
22.066666666666666,0.004275316474413168,22.066666666665583,3.87961891471798
22.070833333333336,0.004267532195269875,22.07083333333225,3.8730615480209174
22.075000000000003,0.004259762069800112,22.07499999999892,3.866514398148033
22.079166666666666,0.00425200607143623,22.079166666665582,3.8599774521360417
22.083333333333332,0.004244264173648,22.08333333333225,3.8534506970283497
22.087500000000002,0.004236536349942523,22.087499999998915,3.846934119875151
22.09166666666667,0.004228822573864038,22.091666666665578,3.84042770773346
22.095833333333335,0.004221122818993788,22.095833333332248,3.8339314476671307
22.099999999999998,0.004213437058949872,22.099999999998914,3.82744532674696
22.104166666666668,0.004205765267387068,22.10416666666558,3.8209693320506997
22.108333333333334,0.004198107417996731,22.10833333333225,3.814503450663119
22.1125,0.00419046348450661,22.112499999998914,3.808047669676061
22.11666666666667,0.004182833440680709,22.11666666666558,3.8016019761884614
22.120833333333334,0.00417521726031914,22.120833333332246,3.7951663573064467
22.125,0.004167614917257945,22.12499999999891,3.7887408001433522
22.129166666666666,0.004160026385368999,22.12916666666558,3.782325291819767
22.133333333333336,0.00415245163855982,22.133333333332246,3.7759198194636086
22.137500000000003,0.0041448906507734334,22.137499999998912,3.769524370210159
22.141666666666666,0.00413734339598823,22.141666666665582,3.763138931202111
22.145833333333332,0.004129809848217778,22.145833333332245,3.7567634895896354
22.150000000000002,0.0041222899815107315,22.14999999999891,3.7503980325303914
22.15416666666667,0.004114783769950641,22.154166666665578,3.744042547189629
22.158333333333335,0.004107291187655817,22.15833333333224,3.737697020740212
22.162499999999998,0.004099812208779186,22.16249999999891,3.7313614403626483
22.166666666666668,0.004092346807508107,22.166666666665577,3.7250357932451816
22.170833333333334,0.004084894958064275,22.170833333332244,3.718720066583814
22.175,0.004077456634703535,22.174999999998914,3.712414247582364
22.17916666666667,0.004070031811715745,22.179166666665576,3.7061183234525203
22.183333333333334,0.00406262046342463,22.183333333332243,3.6998322814138658
22.1875,0.004055222564187599,22.18749999999891,3.693556108693971
22.191666666666666,0.0040478380883956526,22.191666666665572,3.6872897925284214
22.195833333333336,0.004040467010473191,22.195833333332242,3.6810333201608425
22.200000000000003,0.00403310930487788,22.19999999999891,3.6747866788429993
22.204166666666666,0.0040257649461005055,22.204166666665575,3.6685498558348155
22.208333333333332,0.004018433908664791,22.208333333332245,3.6623228384044246
22.212500000000002,0.004011116167127301,22.212499999998908,3.6561056138282373
22.21666666666667,0.004003811696077256,22.216666666665574,3.6498981693909536
22.220833333333335,0.003996520470136389,22.22083333333224,3.643700492385662
22.224999999999998,0.00398924246395881,22.224999999998904,3.637512570113864
22.229166666666668,0.003981977652230821,22.229166666665574,3.631334389885505
22.233333333333334,0.003974726009670809,22.23333333333224,3.625165939019068
22.2375,0.003967487511029078,22.237499999998906,3.6190072048415884
22.24166666666667,0.00396026213108769,22.241666666665576,3.6128581746887227
22.245833333333334,0.0039530498446603436,22.24583333333224,3.6067188359047915
22.25,0.003945850626592172,22.249999999998906,3.6005891758428157
22.254166666666666,0.003938664451759657,22.254166666665572,3.594469178135136
22.258333333333336,0.003931491295070442,22.258333333332235,3.588358827577505
22.262500000000003,0.0039243311314631855,22.262499999998905,3.5822581169928536
22.266666666666666,0.003917183935907428,22.26666666666557,3.5761670337323412
22.270833333333332,0.003910051316943451,22.270833333332238,3.5700855651552135
22.275000000000002,0.003902932395959258,22.274999999998908,3.564013698628848
22.27916666666667,0.0038958264430303136,22.27916666666557,3.5579514215288035
22.283333333333335,0.003888733434423155,22.283333333332237,3.551898721238833
22.287499999999998,0.003881653346444472,22.287499999998904,3.545855585150967
22.291666666666668,0.0038745861554409606,22.291666666665567,3.539822000665529
22.295833333333334,0.0038675318377992657,22.295833333332236,3.5337979551911656
22.3,0.003860490369945826,22.299999999998903,3.527783436144919
22.30416666666667,0.003853461728346784,22.30416666666557,3.5217784309522466
22.308333333333334,0.003846445889507866,22.30833333333224,3.5157829270470673
22.3125,0.0038394428299742493,22.312499999998902,3.509796911871811
22.316666666666666,0.0038324525263304966,22.31666666666557,3.503820372877426
22.320833333333336,0.0038254749552004037,22.320833333332235,3.4978532975234704
22.325000000000003,0.0038185100932469082,22.324999999998898,3.4918956732781252
22.329166666666666,0.0038115579171719735,22.329166666665568,3.4859474876182204
22.333333333333332,0.003804618403716453,22.333333333332234,3.4800087280293104
22.337500000000002,0.0037976915296600196,22.3374999999989,3.4740793820056965
22.34166666666667,0.003790777271821025,22.34166666666557,3.4681594370504665
22.345833333333335,0.0037838756070563964,22.345833333332234,3.4622488806755496
22.349999999999998,0.003776986512261529,22.3499999999989,3.4563477004017233
22.354166666666668,0.003770109964370147,22.354166666665567,3.4504558837587034
22.358333333333334,0.003763245940354231,22.35833333333223,3.4445734182851546
22.3625,0.003756394417223883,22.3624999999989,3.4387002915287215
22.36666666666667,0.0037495553720272162,22.366666666665566,3.4328364910461047
22.370833333333334,0.0037427287818502537,22.370833333332232,3.426982004403076
22.375,0.003735914623816784,22.374999999998902,3.4211368191745253
22.379166666666666,0.003729112875088294,22.379166666665565,3.4153009229445086
22.383333333333336,0.0037223235128638287,22.38333333333223,3.4094743033062676
22.387500000000003,0.0037155465143798834,22.387499999998898,3.4036569478623
22.391666666666666,0.003708781856910305,22.39166666666556,3.3978488442243924
22.395833333333332,0.0037020295177661406,22.39583333333223,3.392049980013633
22.400000000000002,0.003695289474295582,22.399999999998897,3.386260342860496
22.40416666666667,0.0036885617038838092,22.404166666665564,3.3804799204048575
22.408333333333335,0.003681846183952898,22.408333333332234,3.374708700296039
22.412499999999998,0.003675142891961712,22.412499999998897,3.36894667019286
22.416666666666668,0.0036684518054057574,22.416666666665563,3.3631938177636487
22.420833333333334,0.003661772901817117,22.42083333333223,3.357450130686326
22.425,0.00365510615876431,22.424999999998892,3.351715596648424
22.42916666666667,0.003648451553852186,22.429166666665562,3.3459902033471085
22.433333333333334,0.003641809064721821,22.43333333333223,3.3402739384892617
22.4375,0.0036351786690503713,22.437499999998895,3.334566789791494
22.441666666666666,0.0036285603445510143,22.441666666665565,3.328868744980191
22.445833333333336,0.003621954068972799,22.445833333332228,3.323179791791564
22.450000000000003,0.0036153598201005433,22.449999999998894,3.317499917971667
22.454166666666666,0.003608777575754732,22.45416666666556,3.3118291062485996
22.458333333333332,0.0036022073137913714,22.458333333332224,3.306167345664932
22.462500000000002,0.003595649012101922,22.462499999998894,3.300514627001255
22.46666666666667,0.0035891026486131617,22.46666666666556,3.294870938011335
22.470833333333335,0.0035825682012870738,22.470833333332227,3.289236266458247
22.474999999999998,0.003576045648120746,22.474999999998897,3.2836106001144074
22.479166666666668,0.0035695349671462278,22.47916666666556,3.2779939267616296
22.483333333333334,0.003563036136430464,22.483333333332226,3.2723862341911136
22.4875,0.0035565491340751516,22.487499999998892,3.266787510203529
22.49166666666667,0.0035500739382166354,22.491666666665555,3.261197742609027
22.495833333333334,0.0035436105270258036,22.495833333332225,3.2556169192272546
22.5,0.003537158878707943,22.49999999999889,3.250045027887425
22.504166666666666,0.003530718971502679,22.504166666665558,3.244482056428328
22.508333333333336,0.003524290783683823,22.508333333332228,3.2389279926983647
22.512500000000003,0.003517874293559278,22.51249999999889,3.2333828245555987
22.516666666666666,0.0035114694794709258,22.516666666665557,3.227846539867749
22.520833333333332,0.0035050763197944897,22.520833333332224,3.222319126512274
22.525000000000002,0.003498694792939466,22.524999999998887,3.216800572376381
22.52916666666667,0.0034923248773489814,22.529166666665557,3.211290865357039
22.533333333333335,0.0034859665514996893,22.533333333332223,3.2057899933610536
22.537499999999998,0.0034796197939016616,22.53749999999889,3.200297944305075
22.541666666666668,0.0034732845830982525,22.54166666666556,3.194814706115634
22.545833333333334,0.0034669608976660273,22.545833333332222,3.1893402667291877
22.55,0.0034606487162146217,22.54999999999889,3.183874614092123
22.55416666666667,0.0034543480173866337,22.554166666665555,3.1784177361608275
22.558333333333334,0.003448058779857525,22.558333333332218,3.172969620901712
22.5625,0.003441780982335473,22.562499999998888,3.167530256291214
22.566666666666666,0.0034355146035613083,22.566666666665554,3.1620996303158773
22.570833333333336,0.00342925962230837,22.57083333333222,3.156677730972358
22.575000000000003,0.0034230160173824003,22.57499999999889,3.1512645462674604
22.579166666666666,0.0034167837676214383,22.579166666665554,3.1458600642181818
22.583333333333332,0.003410562851895689,22.58333333333222,3.1404642728517236
22.587500000000002,0.0034043532491074406,22.587499999998887,3.135077160205552
22.59166666666667,0.0033981549381909295,22.59166666666555,3.129698714327421
22.595833333333335,0.003391967898112237,22.59583333333222,3.1243289232753875
22.599999999999998,0.0033857921078691827,22.599999999998886,3.118967775117878
22.604166666666668,0.003379627546491183,22.604166666665552,3.1136152579336986
22.608333333333334,0.0033734741930391858,22.608333333332222,3.108271359812078
22.6125,0.0033673320266055214,22.612499999998885,3.102936068852702
22.61666666666667,0.0033612010263138047,22.61666666666555,3.0976093731657266
22.620833333333334,0.0033550811713188283,22.620833333332218,3.092291260871845
22.625,0.0033489724408064213,22.62499999999888,3.0869817201023073
22.629166666666666,0.0033428748139933814,22.62916666666555,3.081680738998931
22.633333333333336,0.0033367882701273287,22.633333333332217,3.076388305714174
22.637500000000003,0.003330712788486612,22.637499999998884,3.071104408411144
22.641666666666666,0.003324648348380187,22.641666666665554,3.065829035263635
22.645833333333332,0.0033185949291474953,22.645833333332217,3.0605621744561695
22.650000000000002,0.0033125525101583768,22.649999999998883,3.0553038141840103
22.65416666666667,0.003306521070812942,22.65416666666555,3.050053936176193
22.658333333333335,0.003300500590541459,22.658333333332212,3.044812533194929
22.662499999999998,0.0032944910488042554,22.662499999998882,3.0395795946909403
22.666666666666668,0.0032884924250915688,22.66666666666555,3.0343551088724663
22.670833333333334,0.0032825046989234863,22.670833333332215,3.0291390639579574
22.675,0.003276527849849797,22.674999999998885,3.023931448176104
22.67916666666667,0.0032705618574498914,22.679166666665548,3.0187322497658706
22.683333333333334,0.003264606701332654,22.683333333332214,3.013541456976499
22.6875,0.003258662361136323,22.68749999999888,3.0083590580675676
22.691666666666666,0.0032527288165284237,22.691666666665544,3.003185041309005
22.695833333333336,0.003246806047205623,22.695833333332214,2.998019394981092
22.700000000000003,0.0032408940328936256,22.69999999999888,2.9928621073745307
22.704166666666666,0.003234992753347073,22.704166666665547,2.987713166790441
22.708333333333332,0.0032291021883493966,22.708333333332217,2.9825725615403966
22.712500000000002,0.0032232223177127554,22.71249999999888,2.9774402799464563
22.71666666666667,0.0032173531212778867,22.716666666665546,2.972316310341167
22.720833333333335,0.0032114945789140105,22.720833333332212,2.967200641067624
22.724999999999998,0.0032056466705187173,22.724999999998875,2.9620932604794823
22.729166666666668,0.0031998093760178294,22.729166666665545,2.9569941569409632
22.733333333333334,0.0031939826753653324,22.73333333333221,2.9519033188269184
22.7375,0.0031881665485432352,22.737499999998878,2.9468207345228286
22.74166666666667,0.0031823609755614627,22.741666666665548,2.94174639242484
22.745833333333334,0.003176565936457751,22.74583333333221,2.9366802809397963
22.75,0.00317078141129751,22.749999999998877,2.9316223884852386
22.754166666666666,0.0031650073801737493,22.754166666665544,2.9265727034894695
22.758333333333336,0.00315924382320694,22.758333333332207,2.921531214391562
22.762500000000003,0.003153490720544911,22.762499999998877,2.9164979096413677
22.766666666666666,0.0031477480523627397,22.766666666665543,2.9114727776995757
22.770833333333332,0.0031420157988626164,22.77083333333221,2.906455807037721
22.775000000000002,0.003136293940273774,22.77499999999888,2.901446986138213
22.77916666666667,0.0031305824568523396,22.779166666665542,2.8964463034943697
22.783333333333335,0.0031248813288812416,22.78333333333221,2.8914537476104196
22.787499999999998,0.003119190536670094,22.787499999998875,2.886469307001562
22.791666666666668,0.0031135100605550665,22.791666666665538,2.8814929701939778
22.795833333333334,0.0031078398808988025,22.795833333332208,2.876524725724839
22.8,0.003102179978090289,22.799999999998875,2.8715645621423693
22.80416666666667,0.003096530332544745,22.80416666666554,2.866612468005846
22.808333333333334,0.003090890924703519,22.80833333333221,2.8616684318856325
22.8125,0.003085261735033953,22.812499999998874,2.856732442363214
22.816666666666666,0.003079642744029301,22.81666666666554,2.8518044880311963
22.820833333333336,0.0030740339322086,22.820833333332207,2.8468845574933686
22.825000000000003,0.00306843667647727,22.82499999999887,2.841972639364714
22.829166666666666,0.003062849834814545,22.82916666666554,2.8370687222714155
22.833333333333332,0.0030572731657562647,22.833333333332206,2.832172794850922
22.837500000000002,0.0030517066507336314,22.837499999998872,2.827284845751945
22.84166666666667,0.0030461502712099678,22.841666666665542,2.8224048636344983
22.845833333333335,0.003040604008680643,22.845833333332205,2.8175328371699235
22.849999999999998,0.0030350678446729854,22.84999999999887,2.812668754685582
22.854166666666668,0.003029541760746177,22.854166666665538,2.807812598251556
22.858333333333334,0.0030240257384912,22.8583333333322,2.8029643629142584
22.8625,0.003018519759530727,22.86249999999887,2.7981240373627827
22.86666666666667,0.003013023805519042,22.866666666665537,2.793291610297038
22.870833333333334,0.0030075378581419588,22.870833333332204,2.7884670704277537
22.875,0.0030020618991167093,22.874999999998874,2.7836504064765006
22.879166666666666,0.0029965959101918966,22.879166666665537,2.778841607175717
22.883333333333336,0.0029911398731473798,22.883333333332203,2.7740406612687067
22.887500000000003,0.0029856937697941973,22.88749999999887,2.7692475575096918
22.891666666666666,0.0029802575819744847,22.891666666665532,2.7644622846638165
22.895833333333332,0.002974831291561366,22.895833333332202,2.7596848315071476
22.900000000000002,0.002969414880458898,22.89999999999887,2.7549151868267328
22.90416666666667,0.002964008330601969,22.904166666665535,2.7501533394205935
22.908333333333335,0.00295861162395621,22.908333333332205,2.74539927809775
22.912499999999998,0.002953224742517915,22.912499999998868,2.740652991678253
22.916666666666668,0.002947847668313937,22.916666666665535,2.735914468993172
22.920833333333334,0.002942480383401631,22.9208333333322,2.731183698884656
22.925,0.002937122869868746,22.924999999998864,2.7264606702059346
22.92916666666667,0.002931775109833346,22.929166666665534,2.721745371821317
22.933333333333334,0.002926437085443724,22.9333333333322,2.7170377926062512
22.9375,0.0029211087788783,22.937499999998867,2.7123379214473187
22.941666666666666,0.0029157901723455624,22.941666666665537,2.707645747242258
22.945833333333336,0.002910481248083963,22.9458333333322,2.7029612588999954
22.950000000000003,0.0029051819883618344,22.949999999998866,2.698284445340637
22.954166666666666,0.002899892375477309,22.954166666665532,2.693615295495523
22.958333333333332,0.0028946123917582087,22.958333333332195,2.6889537983072342
22.962500000000002,0.002889342019561998,22.962499999998865,2.6842999427295915
22.96666666666667,0.0028840812412756663,22.96666666666553,2.6796537177277107
22.970833333333335,0.002878830039315656,22.970833333332198,2.6750151122779986
22.974999999999998,0.0028735883961277745,22.974999999998868,2.6703841153681824
22.979166666666668,0.002868356294187088,22.97916666666553,2.6657607159973296
22.983333333333334,0.0028631337159978707,22.983333333332197,2.6611449031758485
22.9875,0.0028579206440934924,22.987499999998864,2.656536665925542
22.99166666666667,0.0028527170610363403,22.991666666665527,2.6519359932796083
22.995833333333334,0.002847522949417737,22.995833333332197,2.647342874282648
23.0,0.00284233829185783,22.999999999998863,2.6427572979907126
23.004166666666666,0.0028371630710055423,23.00416666666553,2.6381792534713058
23.008333333333336,0.0028319972695384625,23.0083333333322,2.633608729803406
23.012500000000003,0.002826840870162761,23.012499999998862,2.629045716077494
23.016666666666666,0.0028216938556131126,23.01666666666553,2.62449020139555
23.020833333333332,0.002816556208652586,23.020833333332195,2.619942174871105
23.025000000000002,0.0028114279120725924,23.024999999998858,2.615401625629248
23.02916666666667,0.002806308948692774,23.029166666665528,2.6108685428066236
23.033333333333335,0.0028011993013609265,23.033333333332195,2.6063429155514903
23.037499999999998,0.002796098952952914,23.03749999999886,2.6018247330237156
23.041666666666668,0.0027910078863725646,23.04166666666553,2.5973139843948023
23.045833333333334,0.0027859260845516146,23.045833333332194,2.5928106588479114
23.05,0.002780853530449601,23.04999999999886,2.5883147439140317
23.05416666666667,0.002775790207053779,23.054166666665527,2.5838262256064723
23.058333333333334,0.0027707360973790447,23.05833333333219,2.5793450974381487
23.0625,0.002765691184467821,23.06249999999886,2.574871348614639
23.066666666666666,0.0027606554513900095,23.066666666665526,2.5704049683527184
23.070833333333336,0.0027556288812428803,23.070833333332192,2.5659459458803506
23.075000000000003,0.002750611457150987,23.074999999998862,2.561494270436711
23.079166666666666,0.002745603162266093,23.079166666665525,2.5570499312722017
23.083333333333332,0.0027406039797670577,23.08333333333219,2.55261291764845
23.087500000000002,0.002735613892859785,23.087499999998858,2.5481832188383455
23.09166666666667,0.002730632884777114,23.09166666666552,2.543760824126048
23.095833333333335,0.0027256609387787396,23.09583333333219,2.539345722806979
23.099999999999998,0.002720698038151128,23.099999999998857,2.5349379041878675
23.104166666666668,0.0027157441662074154,23.104166666665524,2.530537357586749
23.108333333333334,0.0027107993062873434,23.108333333332194,2.5261440723329773
23.1125,0.0027058634417571627,23.112499999998857,2.5217580377672486
23.11666666666667,0.0027009365560095432,23.116666666665523,2.517379243241593
23.120833333333334,0.0026960186324634966,23.12083333333219,2.5130076781194215
23.125,0.002691109654564269,23.124999999998852,2.508643331775517
23.129166666666666,0.0026862096057832844,23.129166666665522,2.504286193596047
23.133333333333336,0.002681318469618038,23.13333333333219,2.499936252978594
23.137500000000003,0.002676436229592016,23.137499999998855,2.4955934993321596
23.141666666666666,0.002671562869254613,23.141666666665525,2.4912579220771747
23.145833333333332,0.002666698372181024,23.145833333332188,2.4869295106455267
23.150000000000002,0.0026618427219721927,23.149999999998855,2.48260825448055
23.15416666666667,0.002656995902254699,23.15416666666552,2.478294143037068
23.158333333333335,0.0026521578966806824,23.158333333332184,2.4739871657813945
23.162499999999998,0.002647328688927758,23.162499999998854,2.4696873121913354
23.166666666666668,0.0026425082626989117,23.16666666666552,2.465394571756225
23.170833333333334,0.0026376966017224394,23.170833333332187,2.4611089339769294
23.175,0.0026328936897518484,23.174999999998857,2.4568303883658595
23.17916666666667,0.002628099510565769,23.17916666666552,2.45255892444699
23.183333333333334,0.002623314047967876,23.183333333332186,2.4482945317558564
23.1875,0.0026185372857867803,23.187499999998852,2.444037199839598
23.191666666666666,0.0026137692078759744,23.191666666665515,2.4397869182569565
23.195833333333336,0.0026090097981137277,23.195833333332185,2.4355436765782743
23.200000000000003,0.0026042590404030002,23.19999999999885,2.431307464385541
23.204166666666666,0.0025995169186713643,23.204166666665518,2.4270782712723844
23.208333333333332,0.002594783416870896,23.208333333332188,2.422856086844092
23.212500000000002,0.0025900585189781236,23.21249999999885,2.418640900717628
23.21666666666667,0.002585342208993913,23.216666666665517,2.414432702521632
23.220833333333335,0.002580634470943395,23.220833333332184,2.410231481896456
23.224999999999998,0.0025759352888758765,23.224999999998847,2.4060372284941676
23.229166666666668,0.0025712446468647387,23.229166666665517,2.4018499319785507
23.233333333333334,0.0025665625290073805,23.233333333332183,2.3976695820251455
23.2375,0.0025618889194251077,23.23749999999885,2.3934961683212452
23.24166666666667,0.0025572238022630576,23.24166666666552,2.389329680565916
23.245833333333334,0.0025525671616901113,23.245833333332182,2.3851701084700103
23.25,0.002547918981898793,23.24999999999885,2.3810174392182484
23.254166666666666,0.0025432792471052085,23.254166666665515,2.3768716620821277
23.258333333333336,0.0025386479415489445,23.25833333333218,2.37273276933544
23.262500000000003,0.002534025049492981,23.262499999998848,2.368600750715866
23.266666666666666,0.002529410555223613,23.266666666665515,2.364475595972482
23.270833333333332,0.002524804443050345,23.27083333333218,2.360357294865746
23.275000000000002,0.0025202066973058317,23.27499999999885,2.3562458371675095
23.27916666666667,0.002515617302345774,23.279166666665514,2.352141212661036
23.283333333333335,0.0025110362425488355,23.28333333333218,2.3480434111409885
23.287499999999998,0.0025064635023165642,23.287499999998847,2.3439524224134667
23.291666666666668,0.002501899066073282,23.29166666666551,2.339868236296005
23.295833333333334,0.0024973429182660305,23.29583333333218,2.3357908426175653
23.3,0.0024927950433644643,23.299999999998846,2.3317202312185743
23.30416666666667,0.0024882554258607707,23.304166666665513,2.3276563919509146
23.308333333333334,0.002483724050269584,23.308333333332182,2.3235993146779386
23.3125,0.0024792009011278863,23.312499999998845,2.319548989274483
23.316666666666666,0.0024746859629949424,23.316666666665512,2.3155054056268582
23.320833333333336,0.0024701792204522,23.32083333333218,2.311468553632886
23.325000000000003,0.0024656806581032065,23.32499999999884,2.3074384232018947
23.329166666666666,0.0024611902605735244,23.32916666666551,2.303415004254716
23.333333333333332,0.00245670801251063,23.333333333332178,2.29939828672372
23.337500000000002,0.002452233898583854,23.337499999998844,2.2953882605528038
23.34166666666667,0.0024477679034842726,23.341666666665514,2.291384915697414
23.345833333333335,0.0024433100119246325,23.345833333332177,2.287388242124551
23.349999999999998,0.002438860208639263,23.349999999998843,2.2833982298127617
23.354166666666668,0.0024344184783839746,23.35416666666551,2.2794148687521836
23.358333333333334,0.0024299848059359972,23.358333333332173,2.27543814894453
23.3625,0.0024255591760938802,23.362499999998843,2.2714680604030946
23.36666666666667,0.0024211415736774037,23.36666666666551,2.26750459315278
23.370833333333334,0.0024167319835275035,23.370833333332175,2.263547737230096
23.375,0.002412330416782422,23.374999999998845,2.259597482683168
23.379166666666666,0.002407937828157572,23.37916666666551,2.2556538195717546
23.383333333333336,0.0024035532385085767,23.383333333332175,2.2517167379672367
23.387500000000003,0.0023991766332653805,23.38749999999884,2.247786227952652
23.391666666666666,0.002394807997882971,23.391666666665504,2.243862279622697
23.395833333333332,0.0023904473178412893,23.395833333332174,2.2399448830837168
23.400000000000002,0.0023860945786451913,23.39999999999884,2.236034028453741
23.40416666666667,0.002381749765824355,23.404166666665507,2.232129705862483
23.408333333333335,0.002377412864933216,23.408333333332177,2.228231905451343
23.412499999999998,0.0023730838615509055,23.41249999999884,2.2243406173734286
23.416666666666668,0.0023687627412811527,23.416666666665506,2.2204558317935454
23.420833333333334,0.002364449489752252,23.420833333332173,2.2165775388882305
23.425,0.002360144092616967,23.424999999998835,2.2127057288457523
23.42916666666667,0.0023558465355524695,23.429166666665505,2.2088403918661017
23.433333333333334,0.002351556804260272,23.433333333332172,2.2049815181610315
23.4375,0.0023472748844661382,23.43749999999884,2.2011290979540474
23.441666666666666,0.0023430007619200397,23.44166666666551,2.197283121480422
23.445833333333336,0.002338734422396072,23.44583333333217,2.193443578987205
23.450000000000003,0.00233447585169238,23.449999999998838,2.1896104569466934
23.454166666666666,0.002330225035631105,23.454166666665504,2.1857837474840873
23.458333333333332,0.0023259819600582815,23.458333333332167,2.181963442374543
23.462500000000002,0.0023217466108438065,23.462499999998837,2.178149531895179
23.46666666666667,0.0023175189738813434,23.466666666665503,2.17434200633459
23.470833333333335,0.0023132990350882596,23.47083333333217,2.17054085599283
23.474999999999998,0.0023090867804055597,23.47499999999884,2.166746071181424
23.479166666666668,0.0023048821957977984,23.479166666665503,2.1629576422233834
23.483333333333334,0.0023006852672530337,23.48333333333217,2.1591755594531845
23.4875,0.002296495980782743,23.487499999998835,2.1553998132168113
23.49166666666667,0.0022923143224217557,23.4916666666655,2.15163039387174
23.495833333333334,0.002288140278228186,23.49583333333217,2.147867291786938
23.5,0.002283973834283346,23.499999999998835,2.144110497342892
23.504166666666666,0.0022798149766917004,23.5041666666655,2.140360000931599
23.508333333333336,0.002275663691580783,23.50833333333217,2.136615792956575
23.512500000000003,0.002271519965101125,23.512499999998834,2.1328778638328645
23.516666666666666,0.002267383783426193,23.5166666666655,2.129146203987034
23.520833333333332,0.0022632551327522983,23.520833333332167,2.125420803857198
23.525000000000002,0.002259133999298557,23.52499999999883,2.1217016538930134
23.52916666666667,0.0022550203693067965,23.5291666666655,2.1179887445556784
23.533333333333335,0.002250914229041497,23.533333333332166,2.1142820663179545
23.537499999999998,0.002246815564789717,23.537499999998833,2.110581609664164
23.541666666666668,0.0022427243628610114,23.541666666665503,2.106887365090194
23.545833333333334,0.0022386406095873863,23.545833333332165,2.1031993231035115
23.55,0.0022345642913232087,23.549999999998832,2.0995174742231493
23.55416666666667,0.0022304953944451457,23.5541666666655,2.0958418089797393
23.558333333333334,0.002226433905352094,23.55833333333216,2.092172317915502
23.5625,0.002222379810465091,23.56249999999883,2.0885089915842467
23.566666666666666,0.0022183330962272764,23.566666666665498,2.0848518205513966
23.570833333333336,0.0022142937491037994,23.570833333332164,2.081200795393981
23.575000000000003,0.002210261755581757,23.574999999998834,2.077555906700643
23.579166666666666,0.0022062371021701224,23.579166666665497,2.0739171450716523
23.583333333333332,0.002202219775399662,23.583333333332163,2.0702845011188957
23.587500000000002,0.0021982097618228895,23.58749999999883,2.0666579654659034
23.59166666666667,0.0021942070480139783,23.591666666665493,2.063037528747846
23.595833333333335,0.002190211620568696,23.595833333332163,2.0594231816115265
23.599999999999998,0.0021862234661043376,23.59999999999883,2.0558149147154134
23.604166666666668,0.0021822425712596373,23.604166666665495,2.0522127187296277
23.608333333333334,0.0021782689226947276,23.608333333332165,2.048616584335954
23.6125,0.002174302507091047,23.61249999999883,2.0450265022278495
23.61666666666667,0.0021703433111512765,23.616666666665495,2.041442463110437
23.620833333333334,0.0021663913215992747,23.62083333333216,2.0378644577005316
23.625,0.0021624465251799865,23.624999999998824,2.0342924767266375
23.629166666666666,0.0021585089086594038,23.629166666665494,2.0307265109289383
23.633333333333336,0.0021545784588244726,23.63333333333216,2.02716655105933
23.637500000000003,0.0021506551624830314,23.637499999998827,2.023612587881413
23.641666666666666,0.002146739006463742,23.641666666665497,2.020064612170496
23.645833333333332,0.0021428299776160035,23.64583333333216,2.016522614713611
23.650000000000002,0.0021389280628099096,23.649999999998826,2.0129865863095024
23.65416666666667,0.0021350332489361553,23.654166666665493,2.0094565177686547
23.658333333333335,0.0021311455229059786,23.658333333332155,2.0059323999132896
23.662499999999998,0.002127264871651087,23.662499999998825,2.002414223577359
23.666666666666668,0.0021233912821235768,23.666666666665492,1.9989019796065748
23.670833333333334,0.002119524741295883,23.67083333333216,1.995395653551348
23.675,0.0021156652361606957,23.67499999999883,1.991895240345273
23.67916666666667,0.002111812753730891,23.67916666666549,1.9884007316119299
23.683333333333334,0.0021079672810394665,23.683333333332158,1.9849121182246416
23.6875,0.0021041288051394567,23.687499999998824,1.9814293910681104
23.691666666666666,0.0021002973131038806,23.691666666665487,1.9779525410384087
23.695833333333336,0.0020964727920256636,23.695833333332157,1.9744815590429712
23.700000000000003,0.002092655229017566,23.699999999998823,1.971016436000616
23.704166666666666,0.002088844611212115,23.70416666666549,1.9675571628415385
23.708333333333332,0.002085040925761524,23.70833333333216,1.9641037305073095
23.712500000000002,0.002081244159837643,23.712499999998823,1.9606561299508873
23.71666666666667,0.0020774543006318712,23.71666666666549,1.9572143521366023
23.720833333333335,0.002073671335355094,23.720833333332155,1.9537783880401824
23.724999999999998,0.002069895251237613,23.72499999999882,1.9503482286487435
23.729166666666668,0.0020661260355290634,23.72916666666549,1.9469238649607805
23.733333333333334,0.0020623636754983645,23.733333333332155,1.943505287986195
23.7375,0.002058608158433635,23.73749999999882,1.940092488746277
23.74166666666667,0.002054859471642127,23.74166666666549,1.9366854582737163
23.745833333333334,0.0020511176024501586,23.745833333332154,1.9332841876126057
23.75,0.0020473825382030272,23.74999999999882,1.9298886678184277
23.754166666666666,0.002043654266264965,23.754166666665487,1.926498889958083
23.758333333333336,0.0020399327740190524,23.75833333333215,1.9231148451098765
23.762500000000003,0.0020362180488671497,23.76249999999882,1.9197365243635123
23.766666666666666,0.0020325100782298327,23.766666666665486,1.9163639188201174
23.770833333333332,0.0020288088495463057,23.770833333332153,1.9129970195922275
23.775000000000002,0.0020251143502743553,23.774999999998823,1.9096358178037942
23.77916666666667,0.002021426567890264,23.779166666665486,1.9062803045901935
23.783333333333335,0.0020177454898887446,23.783333333332152,1.902930471098208
23.787499999999998,0.0020140711037828717,23.78749999999882,1.8995863084860551
23.791666666666668,0.002010403397103998,23.79166666666548,1.896247807923377
23.795833333333334,0.0020067423574017086,23.79583333333215,1.8929149605912348
23.8,0.002003087972243728,23.799999999998818,1.889587757682127
23.80416666666667,0.001999440229215865,23.804166666665484,1.886266190399983
23.808333333333334,0.0019957991159219356,23.808333333332154,1.882950249960165
23.8125,0.0019921646199836827,23.812499999998817,1.879639927589477
23.816666666666666,0.0019885367290407288,23.816666666665483,1.8763352145261494
23.820833333333336,0.001984915430750489,23.82083333333215,1.873036102019866
23.825000000000003,0.0019813007127881042,23.824999999998813,1.869742581331755
23.829166666666666,0.001977692562846377,23.829166666665483,1.8664546437343772
23.833333333333332,0.0019740909686356816,23.83333333333215,1.8631722805117565
23.837500000000002,0.001970495917883922,23.837499999998816,1.85989548295936
23.84166666666667,0.001966907398336443,23.841666666665486,1.856624242384109
23.845833333333335,0.0019633253977559624,23.84583333333215,1.8533585501043857
23.849999999999998,0.0019597499039225095,23.849999999998815,1.8500983974500163
23.854166666666668,0.001956180904633335,23.85416666666548,1.8468437757622986
23.858333333333334,0.0019526183877028626,23.858333333332144,1.843594676393994
23.8625,0.001949062340962611,23.862499999998814,1.8403510907093161
23.86666666666667,0.001945512752261118,23.86666666666548,1.8371130100839568
23.870833333333334,0.0019419696094638804,23.870833333332147,1.8338804259050743
23.875,0.0019384329004532655,23.874999999998817,1.8306533295712974
23.879166666666666,0.001934902613128465,23.87916666666548,1.8274317124927335
23.883333333333336,0.0019313787354054079,23.883333333332146,1.8242155660909545
23.887500000000003,0.001927861255216696,23.887499999998813,1.8210048816110898
23.891666666666666,0.0019243501605115364,23.891666666665476,1.8177996450083105
23.895833333333332,0.001920845439255655,23.895833333332146,1.8145998529538978
23.900000000000002,0.0019173470794312515,23.899999999998812,1.8114054968971456
23.90416666666667,0.0019138550690369109,23.90416666666548,1.8082165682984441
23.908333333333335,0.0019103693960875387,23.90833333333215,1.8050330586292813
23.912499999999998,0.0019068900486142952,23.91249999999881,1.8018549593722466
23.916666666666668,0.0019034170146645078,23.916666666665478,1.7986822620210146
23.920833333333334,0.0018999502823016244,23.920833333332144,1.795514958080363
23.925,0.00189648983960513,23.924999999998807,1.7923530390661655
23.92916666666667,0.001893035830509486,23.929166666665477,1.7891964965053748
23.933333333333334,0.0018895887594759845,23.933333333332143,1.786045321936046
23.9375,0.0018861479683424751,23.93749999999881,1.7828995069073206
23.941666666666666,0.0018827134456596032,23.94166666666548,1.7797590429794272
23.945833333333336,0.0018792851799971858,23.945833333332143,1.7766239217236852
23.950000000000003,0.0018758631599441536,23.94999999999881,1.7734941347224902
23.954166666666666,0.0018724473741085002,23.954166666665476,1.7703696735693317
23.958333333333332,0.00186903781111721,23.95833333333214,1.7672505298687826
23.962500000000002,0.0018656344596162215,23.96249999999881,1.7641366952364872
23.96666666666667,0.0018622373082703577,23.966666666665475,1.7610281612991823
23.970833333333335,0.0018588463457632686,23.97083333333214,1.7579249196946793
23.974999999999998,0.0018554615607973826,23.97499999999881,1.7548269620718675
23.979166666666668,0.00185208294209383,23.979166666665474,1.7517342800907196
23.983333333333334,0.0018487104783924107,23.98333333333214,1.7486468654222698
23.9875,0.0018453441584515198,23.987499999998807,1.7455647097486406
23.99166666666667,0.0018419839710480973,23.99166666666547,1.7424878047630266
23.995833333333334,0.0018386299049775706,23.99583333333214,1.7394161421696832
24.0,0.0018352819490537848,23.999999999998806,1.7363497136839485
24.004166666666666,0.0018319400921089678,24.004166666665473,1.7332885110322267
24.008333333333336,0.001828604322993657,24.008333333332143,1.7302325259519902
24.012500000000003,0.0018252746305766454,24.012499999998806,1.7271817501917812
24.016666666666666,0.0018219510037449304,24.016666666665472,1.7241361755111995
24.020833333333332,0.0018186334314036386,24.02083333333214,1.7210957936809177
24.025000000000002,0.0018153219024759934,24.0249999999988,1.7180605964826752
24.02916666666667,0.0018120164059032408,24.02916666666547,1.7150305757092594
24.033333333333335,0.0018087169306445967,24.033333333332138,1.712005723164533
24.037499999999998,0.0018054234656771936,24.037499999998804,1.708986030663413
24.041666666666668,0.0018021359999960088,24.041666666665474,1.7059714900318754
24.045833333333334,0.0017988545226138276,24.045833333332137,1.7029620931069578
24.05,0.0017955790225611722,24.049999999998803,1.6999578317367432
24.05416666666667,0.0017923094888862492,24.05416666666547,1.6969586977803806
24.058333333333334,0.0017890459106548948,24.058333333332133,1.6939646831080717
24.0625,0.0017857882769505016,24.062499999998803,1.6909757796010627
24.066666666666666,0.0017825365768739864,24.06666666666547,1.68799197915166
24.070833333333336,0.0017792907995437157,24.070833333332136,1.6850132736632157
24.075000000000003,0.001776050934095453,24.074999999998806,1.6820396550501346
24.079166666666666,0.0017728169696823051,24.07916666666547,1.6790711152378697
24.083333333333332,0.0017695888954746494,24.083333333332135,1.676107646162911
24.087500000000002,0.0017663667006601004,24.0874999999988,1.6731492397728052
24.09166666666667,0.0017631503744434363,24.091666666665464,1.670195888026143
24.095833333333335,0.001759939906046545,24.095833333332134,1.667247582892546
24.099999999999998,0.001756735284708372,24.0999999999988,1.6643043163526914
24.104166666666668,0.0017535364996848467,24.104166666665467,1.661366080398291
24.108333333333334,0.0017503435402488493,24.108333333332137,1.658432866190054
24.1125,0.001747156395690136,24.1124999999988,1.6555046629385346
24.11666666666667,0.0017439750553152875,24.116666666665466,1.6525814659625306
24.120833333333334,0.0017407995084476554,24.120833333332133,1.649663267284098
24.125,0.0017376297444272888,24.124999999998796,1.6467500589360324
24.129166666666666,0.0017344657526108997,24.129166666665466,1.6438418329618565
24.133333333333336,0.001731307522371792,24.133333333332132,1.6409385814158364
24.137500000000003,0.0017281550430998055,24.1374999999988,1.6380402963629637
24.141666666666666,0.0017250083042012648,24.14166666666547,1.6351469698789554
24.145833333333332,0.0017218672950989064,24.14583333333213,1.6322585940502523
24.150000000000002,0.0017187320052318435,24.149999999998798,1.6293751609740035
24.15416666666667,0.0017156024240554922,24.154166666665464,1.6264966627580806
24.158333333333335,0.0017124785410415214,24.158333333332127,1.6236230915210648
24.162499999999998,0.001709360345677795,24.162499999998797,1.6207544393922337
24.166666666666668,0.0017062478274683058,24.166666666665463,1.6178906985115755
24.170833333333334,0.0017031409759331328,24.17083333333213,1.6150318610297747
24.175,0.0017000397806083748,24.1749999999988,1.6121779191082073
24.17916666666667,0.0016969442310460943,24.179166666665463,1.609328864918945
24.183333333333334,0.0016938543168142654,24.18333333333213,1.6064846906447332
24.1875,0.0016907700274967014,24.187499999998796,1.6036453884790123
24.191666666666666,0.0016876913526930174,24.19166666666546,1.600810950625899
24.195833333333336,0.0016846182820185606,24.19583333333213,1.5979813693001748
24.200000000000003,0.0016815508051043562,24.199999999998795,1.5951566367273025
24.204166666666666,0.001678488911597055,24.20416666666546,1.5923367451434078
24.208333333333332,0.001675432591158858,24.20833333333213,1.5895216867952797
24.212500000000002,0.001672381833467483,24.212499999998794,1.5867114539403677
24.21666666666667,0.001669336628216096,24.21666666666546,1.5839060388467692
24.220833333333335,0.0016662969651132504,24.220833333332127,1.58110543379324
24.224999999999998,0.0016632628338828395,24.22499999999879,1.5783096310691844
24.229166666666668,0.0016602342242640227,24.22916666666546,1.575518622974641
24.233333333333334,0.001657211126011189,24.233333333332126,1.5727324018202964
24.2375,0.0016541935288938857,24.237499999998793,1.5699509599274706
24.24166666666667,0.001651181422696765,24.241666666665463,1.5671742896281142
24.245833333333334,0.0016481747972195314,24.245833333332126,1.5644023832648104
24.25,0.0016451736422768677,24.249999999998792,1.5616352331907553
24.254166666666666,0.0016421779476984014,24.25416666666546,1.5588728317697753
24.258333333333336,0.0016391877033286313,24.25833333333212,1.5561151713763137
24.262500000000003,0.0016362028990268742,24.26249999999879,1.5533622443954163
24.266666666666666,0.001633223524667213,24.266666666665458,1.5506140432227464
24.270833333333332,0.001630249570138423,24.270833333332124,1.5478705602645697
24.275000000000002,0.001627281025343936,24.274999999998794,1.5451317879377515
24.27916666666667,0.00162431788020177,24.279166666665457,1.542397718669759
24.283333333333335,0.001621360124644475,24.283333333332124,1.539668344898641
24.287499999999998,0.0016184077486190783,24.28749999999879,1.5369436590730468
24.291666666666668,0.001615460742087015,24.291666666665453,1.5342236536522094
24.295833333333334,0.0016125190950240912,24.295833333332123,1.5315083211059355
24.3,0.0016095827974204095,24.29999999999879,1.5287976539146173
24.30416666666667,0.0016066518392803208,24.304166666665456,1.5260916445692185
24.308333333333334,0.0016037262106223652,24.308333333332126,1.5233902855712733
24.3125,0.0016008059014792056,24.31249999999879,1.5206935694328831
24.316666666666666,0.0015978909018975868,24.316666666665455,1.5180014886767046
24.320833333333336,0.0015949812019382672,24.32083333333212,1.5153140358359602
24.325000000000003,0.001592076791675963,24.324999999998784,1.5126312034544285
24.329166666666666,0.0015891776611992978,24.329166666665454,1.509952983028601
24.333333333333332,0.0015862838006107263,24.33333333333212,1.5072793661402437
24.337500000000002,0.0015833952000265023,24.337499999998787,1.504610347164598
24.34166666666667,0.0015805118495766058,24.341666666665457,1.501945918678165
24.345833333333335,0.001577633739404688,24.34583333333212,1.4992860732677842
24.349999999999998,0.0015747608596680196,24.349999999998786,1.4966308035306153
24.354166666666668,0.0015718932005374187,24.354166666665453,1.4939801020741499
24.358333333333334,0.001569030752197213,24.358333333332116,1.4913339615161967
24.3625,0.001566173504845173,24.362499999998786,1.4886923744848666
24.36666666666667,0.001563321448692451,24.366666666665452,1.4860553336185862
24.370833333333334,0.0015604745739635339,24.37083333333212,1.483422831566079
24.375,0.0015576328708961696,24.37499999999879,1.4807948609863633
24.379166666666666,0.0015547963297413289,24.37916666666545,1.478171414548749
24.383333333333336,0.0015519649407631367,24.383333333332118,1.4755524849328203
24.387500000000003,0.0015491386942388173,24.387499999998784,1.472938064828448
24.391666666666666,0.0015463175804586399,24.391666666665447,1.4703281469357738
24.395833333333332,0.0015435015897258498,24.395833333332117,1.467722723965198
24.400000000000002,0.001540690712356628,24.399999999998784,1.4651217886373897
24.40416666666667,0.0015378849386800241,24.40416666666545,1.4625253336832686
24.408333333333335,0.0015350842590378983,24.40833333333212,1.4599333518440054
24.412499999999998,0.0015322886637848718,24.412499999998783,1.4573458358710152
24.416666666666668,0.001529498143288253,24.41666666666545,1.4547627785259432
24.420833333333334,0.0015267126879280018,24.420833333332116,1.4521841725806746
24.425,0.0015239322880966585,24.42499999999878,1.4496100108173218
24.42916666666667,0.0015211569341992892,24.42916666666545,1.4470402860282081
24.433333333333334,0.0015183866166534326,24.433333333332115,1.4444749910158814
24.4375,0.0015156213258890293,24.43749999999878,1.4419141185930946
24.441666666666666,0.0015128610523483846,24.44166666666545,1.4393576615828059
24.445833333333336,0.0015101057864860973,24.445833333332114,1.4368056128181728
24.450000000000003,0.0015073555187690058,24.44999999999878,1.4342579651425376
24.454166666666666,0.0015046102396761355,24.454166666665447,1.4317147114094364
24.458333333333332,0.001501869939698626,24.45833333333211,1.429175844482587
24.462500000000002,0.001499134609339695,24.46249999999878,1.4266413572358745
24.46666666666667,0.0014964042391145686,24.466666666665446,1.4241112425533604
24.470833333333335,0.0014936788195504245,24.470833333332113,1.4215854933292686
24.474999999999998,0.0014909583411863408,24.474999999998783,1.4190641024679804
24.479166666666668,0.0014882427945732252,24.479166666665446,1.4165470628840338
24.483333333333334,0.0014855326116401308,24.483333333332112,1.4140343675021025
24.4875,0.001482828156240515,24.48749999999878,1.4115260092570132
24.49166666666667,0.0014801286354631513,24.49166666666544,1.4090219810937257
24.495833333333334,0.0014774340402950283,24.49583333333211,1.4065222759673213
24.5,0.001474744361737322,24.499999999998778,1.4040268868430155
24.504166666666666,0.001472059590805365,24.504166666665444,1.401535806696138
24.508333333333336,0.0014693797185285858,24.508333333332114,1.3990490285121326
24.512500000000003,0.0014667047359504593,24.512499999998777,1.3965665452865519
24.516666666666666,0.0014640346341284643,24.516666666665444,1.3940883500250425
24.520833333333332,0.0014613694041340176,24.52083333333211,1.391614435743355
24.525000000000002,0.0014587090370524476,24.524999999998773,1.389144795467331
24.52916666666667,0.0014560535239829277,24.529166666665443,1.3866794222328864
24.533333333333335,0.001453402856038434,24.53333333333211,1.3842183090860256
24.537499999999998,0.0014507570243456976,24.537499999998776,1.3817614490828245
24.541666666666668,0.0014481160200451408,24.541666666665446,1.3793088352894247
24.545833333333334,0.0014454798342908492,24.54583333333211,1.376860460782034
24.55,0.0014428484582505083,24.549999999998775,1.3744163174913255
24.55416666666667,0.0014402218831053573,24.55416666666544,1.3719763984819977
24.558333333333334,0.0014376001000501422,24.558333333332104,1.3695406978664262
24.5625,0.0014349831002930568,24.562499999998774,1.3671092087539185
24.566666666666666,0.0014323708750557064,24.56666666666544,1.3646819242636747
24.570833333333336,0.0014297634155730518,24.570833333332107,1.3622588375247686
24.575000000000003,0.0014271607130933598,24.574999999998777,1.359839941676143
24.579166666666666,0.0014245627588781557,24.57916666666544,1.3574252298666065
24.583333333333332,0.0014219695442021655,24.583333333332106,1.3550146952548134
24.587500000000002,0.0014193810603532811,24.587499999998773,1.3526083310092771
24.59166666666667,0.0014167972986325016,24.591666666665436,1.3502061303083512
24.595833333333335,0.0014142182503538835,24.595833333332106,1.347808086340214
24.599999999999998,0.0014116439068444968,24.599999999998772,1.3454141923028815
24.604166666666668,0.0014090742594443637,24.60416666666544,1.3430244414041859
24.608333333333334,0.0014065092995064253,24.60833333333211,1.3406388268617735
24.6125,0.001403949018396482,24.61249999999877,1.3382573419030994
24.61666666666667,0.0014013934074931457,24.616666666665438,1.3358799797654088
24.620833333333334,0.0013988424581877934,24.620833333332104,1.333506733695748
24.625,0.001396296161884507,24.624999999998767,1.3311375969509496
24.629166666666666,0.0013937545100000416,24.629166666665437,1.328772562797614
24.633333333333336,0.001391217493963762,24.633333333332104,1.3264116245121222
24.637500000000003,0.0013886851052175987,24.63749999999877,1.324054775380617
24.641666666666666,0.0013861573352160004,24.64166666666544,1.3217020086989975
24.645833333333332,0.001383634175425873,24.645833333332103,1.3193533177729153
24.650000000000002,0.0013811156173265465,24.64999999999877,1.3170086959177578
24.65416666666667,0.0013786016524097167,24.654166666665436,1.3146681364586565
24.658333333333335,0.0013760922721793955,24.6583333333321,1.3123316327304715
24.662499999999998,0.0013735874681518661,24.66249999999877,1.3099991780777775
24.666666666666668,0.0013710872318556222,24.666666666665435,1.3076707658548716
24.670833333333334,0.001368591554831334,24.6708333333321,1.3053463894257566
24.675,0.0013661004286317905,24.67499999999877,1.3030260421641364
24.67916666666667,0.0013636138448218493,24.679166666665434,1.3007097174534112
24.683333333333334,0.001361131794978392,24.6833333333321,1.2983974086866608
24.6875,0.0013586542706902631,24.687499999998767,1.2960891092666524
24.691666666666666,0.0013561812635582379,24.69166666666543,1.2937848126058267
24.695833333333336,0.0013537127651949608,24.6958333333321,1.2914845121262823
24.700000000000003,0.0013512487672248988,24.699999999998766,1.2891882012597844
24.704166666666666,0.001348789261284297,24.704166666665433,1.2868958734477485
24.708333333333332,0.001346334239021114,24.708333333332103,1.2846075221412334
24.712500000000002,0.0013438836920949924,24.712499999998766,1.2823231408009397
24.71666666666667,0.0013414376121771978,24.716666666665432,1.2800427228971913
24.720833333333335,0.0013389959909505702,24.7208333333321,1.2777662619099437
24.724999999999998,0.0013365588201094797,24.72499999999876,1.275493751328769
24.729166666666668,0.0013341260913597647,24.72916666666543,1.273225184652842
24.733333333333334,0.0013316977964186987,24.733333333332098,1.2709605553909482
24.7375,0.001329273927014931,24.737499999998764,1.268699857061466
24.74166666666667,0.0013268544748884386,24.741666666665434,1.2664430831923632
24.745833333333334,0.0013244394317904818,24.745833333332097,1.2641902273211925
24.75,0.0013220287894835407,24.749999999998764,1.2619412829950742
24.754166666666666,0.0013196225397412837,24.75416666666543,1.259696243770703
24.758333333333336,0.0013172206743485087,24.758333333332093,1.2574551032143357
24.762500000000003,0.0013148231851010932,24.762499999998763,1.2552178549017754
24.766666666666666,0.0013124300638059495,24.76666666666543,1.2529844924183802
24.770833333333332,0.0013100413022809647,24.770833333332096,1.2507550074279343
24.775000000000002,0.0013076568923549665,24.774999999998766,1.248529394433207
24.77916666666667,0.0013052768258676633,24.77916666666543,1.2463076478978965
24.783333333333335,0.0013029010946695968,24.783333333332095,1.2440897614397464
24.787499999999998,0.0013005296906220974,24.78749999999876,1.2418757286859237
24.791666666666668,0.001298162605597221,24.791666666665424,1.239665543273001
24.795833333333334,0.0012957998314777179,24.795833333332094,1.2374591988469443
24.8,0.0012934413601569717,24.79999999999876,1.2352566890631187
24.80416666666667,0.0012910871835389527,24.804166666665427,1.2330580075862703
24.808333333333334,0.001288737293538171,24.808333333332097,1.2308631480905217
24.8125,0.001286391682079616,24.81249999999876,1.2286721042593671
24.816666666666666,0.0012840503410987256,24.816666666665427,1.2264848697856543
24.820833333333336,0.0012817132625413208,24.820833333332093,1.2243014383715913
24.825000000000003,0.0012793804383635639,24.824999999998756,1.2221218037287318
24.829166666666666,0.0012770518605319092,24.829166666665426,1.2199459595779605
24.833333333333332,0.0012747275210230446,24.833333333332092,1.2177738996494987
24.837500000000002,0.0012724074118238555,24.83749999999876,1.2156056176828895
24.84166666666667,0.0012700915249313674,24.84166666666543,1.2134411074269886
24.845833333333335,0.0012677798523526974,24.84583333333209,1.2112803626399635
24.849999999999998,0.0012654723861050083,24.849999999998758,1.2091233770892718
24.854166666666668,0.001263169118215448,24.854166666665424,1.2069701445516718
24.858333333333334,0.0012608700407211158,24.858333333332087,1.2048206588132049
24.8625,0.001258575145669004,24.862499999998757,1.2026749136691817
24.86666666666667,0.0012562844251159484,24.866666666665424,1.2005329029241891
24.870833333333334,0.0012539978711285835,24.87083333333209,1.1983946203920726
24.875,0.0012517154757832815,24.87499999999876,1.1962600598959303
24.879166666666666,0.0012494372311661198,24.879166666665423,1.1941292152681093
24.883333333333336,0.0012471631293728197,24.88333333333209,1.1920020803501876
24.887500000000003,0.0012448931625087007,24.887499999998756,1.1898786489929787
24.891666666666666,0.0012426273226886322,24.89166666666542,1.187758915056521
24.895833333333332,0.0012403656020369752,24.89583333333209,1.1856428724100594
24.900000000000002,0.0012381079926875472,24.899999999998755,1.1835305149320534
24.90416666666667,0.0012358544867835642,24.90416666666542,1.18142183651016
24.908333333333335,0.0012336050764775914,24.90833333333209,1.179316831041228
24.912499999999998,0.0012313597539314978,24.912499999998754,1.1772154924312919
24.916666666666668,0.001229118511316396,24.91666666666542,1.1751178145955565
24.920833333333334,0.0012268813408126094,24.920833333332087,1.1730237914584027
24.925,0.00122464823460961,24.92499999999875,1.1709334169533716
24.92916666666667,0.0012224191849059735,24.92916666666542,1.1688466850231514
24.933333333333334,0.001220194183909332,24.933333333332087,1.1667635896195832
24.9375,0.001217973223836314,24.937499999998753,1.1646841247036437
24.941666666666666,0.0012157562969125103,24.941666666665423,1.1626082842454397
24.945833333333336,0.0012135433953724159,24.945833333332086,1.160536062224204
24.950000000000003,0.0012113345114593784,24.949999999998752,1.1584674526282768
24.954166666666666,0.0012091296374255574,24.95416666666542,1.156402449455113
24.958333333333332,0.0012069287655318613,24.95833333333208,1.1543410467112671
24.962500000000002,0.0012047318880479122,24.96249999999875,1.1522832384123791
24.96666666666667,0.0012025389972519895,24.966666666665418,1.15022901858318
24.970833333333335,0.0012003500854309798,24.970833333332084,1.1481783812574757
24.974999999999998,0.001198165144880332,24.974999999998754,1.1461313204781407
24.979166666666668,0.0011959841679039978,24.979166666665417,1.144087830297114
24.983333333333334,0.001193807146814395,24.983333333332084,1.1420479047753804
24.9875,0.0011916340739323514,24.98749999999875,1.1400115379829787
24.99166666666667,0.0011894649415870558,24.991666666665413,1.1379787239989856
24.995833333333334,0.0011872997421160103,24.995833333332083,1.1359494569115023
25.0,0.0011851384678649728,24.99999999999875,1.1339237308176588
25.004166666666666,0.0011829811111879224,25.004166666665416,1.1319015398235999
25.008333333333336,0.0011808276644469978,25.008333333332086,1.1298828780444774
25.012500000000003,0.0011786781200124523,25.01249999999875,1.1278677396044445
25.016666666666666,0.0011765324702626072,25.016666666665415,1.1258561186366427
25.020833333333332,0.0011743907075837904,25.02083333333208,1.1238480092832026
25.025000000000002,0.001172252824370303,25.024999999998744,1.121843405695233
25.02916666666667,0.0011701188130243613,25.029166666665414,1.1198423020328054
25.033333333333335,0.001167988665956047,25.03333333333208,1.1178446924649605
25.037499999999998,0.001165862375583262,25.037499999998747,1.1158505711696898
25.041666666666668,0.0011637399343316687,25.041666666665417,1.1138599323339322
25.045833333333334,0.001161621334634656,25.04583333333208,1.1118727678236846
25.05,0.0011595065689332783,25.049999999998747,1.1098890723445403
25.05416666666667,0.001157395629676211,25.054166666665413,1.1079088416817444
25.058333333333334,0.0011552885093197005,25.058333333332076,1.1059320700498798
25.0625,0.0011531852003275073,25.062499999998746,1.1039587516722937
25.066666666666666,0.001151085695170871,25.066666666665412,1.1019888807811025
25.070833333333336,0.0011489899863284493,25.07083333333208,1.1000224516171742
25.075000000000003,0.001146898066286273,25.07499999999875,1.098059458430121
25.079166666666666,0.0011448099275376982,25.07916666666541,1.096099895478296
25.083333333333332,0.001142725562583347,25.083333333332078,1.0941437570287709
25.087500000000002,0.0011406449639310727,25.087499999998744,1.0921910373573447
25.09166666666667,0.001138568124095901,25.091666666665407,1.0902417307485264
25.095833333333335,0.0011364950355999817,25.095833333332077,1.08829583149552
25.099999999999998,0.0011344256909725438,25.099999999998744,1.0863533339002296
25.104166666666668,0.0011323600827498343,25.10416666666541,1.0844142322732415
25.108333333333334,0.0011302982034750852,25.10833333333208,1.0824785209338172
25.1125,0.0011282400456984524,25.112499999998743,1.0805461942098888
25.11666666666667,0.0011261856019769696,25.11666666666541,1.0786172464380395
25.120833333333334,0.001124134864874502,25.120833333332076,1.0766916719635085
25.125,0.0011220878269616852,25.12499999999874,1.0747694651401771
25.129166666666666,0.0011200444808158938,25.12916666666541,1.0728506203305521
25.133333333333336,0.0011180048190211767,25.133333333332075,1.0709351319057707
25.137500000000003,0.0011159688341682158,25.13749999999874,1.0690229942455831
25.141666666666666,0.0011139365188542769,25.14166666666541,1.0671142017383466
25.145833333333332,0.0011119078656831476,25.145833333332074,1.0652087487810178
25.150000000000002,0.001109882867265107,25.14999999999874,1.063306629779137
25.15416666666667,0.0011078615162168643,25.154166666665407,1.0614078391468302
25.158333333333335,0.0011058438051615108,25.15833333333207,1.0595123713067973
25.162499999999998,0.0011038297267284758,25.16249999999874,1.0576202206902927
25.166666666666668,0.001101819273553464,25.166666666665407,1.0557313817371345
25.170833333333334,0.0010998124382784237,25.170833333332073,1.0538458488956823
25.175,0.0010978092135514852,25.174999999998743,1.0519636166228348
25.17916666666667,0.0010958097071384874,25.179166666665406,1.0500846793840206
25.183333333333334,0.0010938156994973864,25.183333333332072,1.0482090316531825
25.1875,0.0010918253306142743,25.18749999999874,1.0463366679127803
25.191666666666666,0.001089838593790363,25.1916666666654,1.0444675826537777
25.195833333333336,0.0010878554823370782,25.19583333333207,1.0426017703756256
25.200000000000003,0.001085875989576022,25.199999999998738,1.0407392255862669
25.204166666666666,0.001083900108838941,25.204166666665405,1.0388799428021183
25.208333333333332,0.0010819278334676782,25.208333333332074,1.0370239165480668
25.212500000000002,0.0010799591568141523,25.212499999998737,1.035171141357459
25.21666666666667,0.0010779940722403106,25.216666666665404,1.0333216117720871
25.220833333333335,0.0010760325731180938,25.22083333333207,1.0314753223421917
25.224999999999998,0.0010740746528294027,25.224999999998733,1.0296322676264478
25.229166666666668,0.001072120304766052,25.229166666665403,1.027792442191947
25.233333333333334,0.0010701695223297482,25.23333333333207,1.0259558406142064
25.2375,0.00106822229893204,25.237499999998736,1.0241224574771466
25.24166666666667,0.0010662786279942893,25.241666666665406,1.0222922873730884
25.245833333333334,0.0010643385029476332,25.24583333333207,1.0204653249027442
25.25,0.0010624019172329378,25.249999999998735,1.0186415646752034
25.254166666666666,0.0010604688643007778,25.2541666666654,1.016821001307933
25.258333333333336,0.0010585393376113881,25.258333333332065,1.0150036294267661
25.262500000000003,0.0010566133306346302,25.262499999998735,1.0131894436658857
25.266666666666666,0.0010546908368499587,25.2666666666654,1.0113784386678264
25.270833333333332,0.001052771849746374,25.270833333332067,1.009570609083461
25.275000000000002,0.0010508563628224,25.274999999998737,1.0077659495719922
25.27916666666667,0.0010489443695860373,25.2791666666654,1.0059644548009457
25.283333333333335,0.00104703586355473,25.283333333332067,1.0041661194461537
25.287499999999998,0.0010451308382553315,25.287499999998733,1.0023709381917596
25.291666666666668,0.0010432292872240563,25.291666666665396,1.000578905730201
25.295833333333334,0.0010413312040064597,25.295833333332066,0.9987900167621973
25.3,0.00103943658215739,25.299999999998732,0.997004265996752
25.30416666666667,0.0010375454152409549,25.3041666666654,0.9952216481511362
25.308333333333334,0.0010356576968304865,25.30833333333207,0.9934421579508819
25.3125,0.0010337734205084965,25.31249999999873,0.9916657901297752
25.316666666666666,0.0010318925798666518,25.316666666665398,0.9898925394298406
25.320833333333336,0.0010300151685057296,25.320833333332065,0.9881223990403679
25.325000000000003,0.0010281411800355824,25.324999999998727,0.9863553635087683
25.329166666666666,0.0010262706080751032,25.329166666665397,0.9845914291667639
25.333333333333332,0.0010244034462521816,25.333333333332064,0.9828305907827801
25.337500000000002,0.0010225396882036772,25.33749999999873,0.9810728431333303
25.34166666666667,0.0010206793275753777,25.3416666666654,0.9793181810030085
25.345833333333335,0.0010188223580219614,25.345833333332063,0.9775665991844815
25.349999999999998,0.001016968773206964,25.34999999999873,0.975818092478473
25.354166666666668,0.001015118566802733,25.354166666665396,0.9740726556937638
25.358333333333334,0.0010132717324904037,25.35833333333206,0.9723302836471783
25.3625,0.0010114282639598546,25.36249999999873,0.9705909711635683
25.36666666666667,0.0010095881549096713,25.366666666665395,0.9688547130758153
25.370833333333334,0.001007751399047113,25.37083333333206,0.9671215042248139
25.375,0.0010059179900880676,25.37499999999873,0.9653913394594633
25.379166666666666,0.0010040879217570263,25.379166666665395,0.9636642136366608
25.383333333333336,0.0010022611877870391,25.38333333333206,0.9619401216212837
25.387500000000003,0.0010004377819196816,25.387499999998727,0.9602190582861924
25.391666666666666,0.0009986176979050175,25.39166666666539,0.9585010185122147
25.395833333333332,0.0009968009295015553,25.39583333333206,0.9567859971881301
25.400000000000002,0.0009949874704762239,25.399999999998727,0.955073989210673
25.40416666666667,0.0009931773146043279,25.404166666665393,0.9533649894845144
25.408333333333335,0.0009913704556695113,25.408333333332063,0.9516589929222555
25.412499999999998,0.000989566887463725,25.412499999998726,0.9499559944444198
25.416666666666668,0.0009877666037871795,25.416666666665392,0.9482559889794351
25.420833333333334,0.000985969598448323,25.42083333333206,0.9465589714636369
25.425,0.000984175865263794,25.42499999999872,0.9448649368412526
25.42916666666667,0.0009823853980583889,25.42916666666539,0.9431738800643859
25.433333333333334,0.0009805981906650246,25.433333333332058,0.9414857960930205
25.4375,0.000978814236924697,25.437499999998725,0.9398006798950009
25.441666666666666,0.000977033530686453,25.441666666665395,0.9381185264460258
25.445833333333336,0.0009752560658073483,25.445833333332057,0.9364393307296411
25.450000000000003,0.0009734818361524105,25.449999999998724,0.9347630877372223
25.454166666666666,0.0009717108355946066,25.45416666666539,0.933089792467976
25.458333333333332,0.0009699430580147964,25.458333333332053,0.9314194399289263
25.462500000000002,0.0009681784973017088,25.462499999998723,0.929752025134898
25.46666666666667,0.0009664171473518965,25.46666666666539,0.9280875431085196
25.470833333333335,0.0009646590020697014,25.470833333332056,0.9264259888802062
25.474999999999998,0.0009629040553672198,25.474999999998726,0.9247673574881509
25.479166666666668,0.0009611523011642587,25.47916666666539,0.9231116439783191
25.483333333333334,0.0009594037333883084,25.483333333332055,0.9214588434044302
25.4875,0.0009576583459745012,25.48749999999872,0.9198089508279597
25.49166666666667,0.0009559161328655741,25.491666666665385,0.9181619613181242
25.495833333333334,0.0009541770880118344,25.495833333332055,0.9165178699518663
25.5,0.0009524412053711161,25.49999999999872,0.9148766718138576
25.504166666666666,0.0009507084789087541,25.504166666665387,0.9132383619964796
25.508333333333336,0.0009489789025975407,25.508333333332057,0.9116029355998175
25.512500000000003,0.0009472524704176883,25.51249999999872,0.9099703877316527
25.516666666666666,0.0009455291763567981,25.516666666665387,0.9083407135074457
25.520833333333332,0.0009438090144098122,25.520833333332053,0.906713908050338
25.525000000000002,0.0009420919785789908,25.524999999998716,0.9050899664911358
25.52916666666667,0.0009403780628738667,25.529166666665386,0.9034688839682982
25.533333333333335,0.0009386672613112112,25.533333333332052,0.9018506556279348
25.537499999999998,0.0009369595679149985,25.53749999999872,0.900235276623792
25.541666666666668,0.000935254976716361,25.54166666666539,0.8986227421172441
25.545833333333334,0.0009335534817535652,25.54583333333205,0.8970130472772866
25.55,0.0009318550770719671,25.549999999998718,0.895406187280518
25.55416666666667,0.000930159756723976,25.554166666665385,0.8938021573111423
25.558333333333334,0.0009284675147690211,25.558333333332047,0.8922009525609546
25.5625,0.0009267783452735071,25.562499999998717,0.8906025682293253
25.566666666666666,0.000925092242310788,25.566666666665384,0.8890069995232021
25.570833333333336,0.0009234091999611227,25.57083333333205,0.887414241657093
25.575000000000003,0.0009217292123116414,25.57499999999872,0.885824289853059
25.579166666666666,0.0009200522734563102,25.579166666665383,0.8842371393407066
25.583333333333332,0.0009183783774958853,25.58333333333205,0.8826527853571702
25.587500000000002,0.0009167075185378899,25.587499999998716,0.8810712231471153
25.59166666666667,0.000915039690696569,25.59166666666538,0.8794924479627221
25.595833333333335,0.0009133748880928534,25.59583333333205,0.8779164546046362
25.600000000000005,0.000911713104854325,25.599999999998715,0.8763432380370427
25.604166666666668,0.0009100543351151795,25.60416666666538,0.8747727942205685
25.608333333333334,0.000908398573016185,25.60833333333205,0.873205118434969
25.6125,0.0009067458127046546,25.612499999998715,0.87164020596743
25.61666666666667,0.0009050960483344019,25.61666666666538,0.8700780521125492
25.620833333333337,0.0009034492740657076,25.620833333332047,0.8685186521723376
25.625,0.000901805484065283,25.62499999999871,0.8669620014562056
25.629166666666666,0.0009001646725062272,25.62916666666538,0.8654080952809453
25.633333333333336,0.0008985268335680014,25.633333333332047,0.8638569289707347
25.637500000000003,0.0008968919614363825,25.637499999998713,0.8623084978571185
25.64166666666667,0.000895260050303432,25.641666666665383,0.860762797279001
25.645833333333332,0.0008936310943674578,25.645833333332046,0.8592198225826387
25.650000000000002,0.0008920050878329717,25.649999999998712,0.8576795691216224
25.65416666666667,0.000890382024910663,25.65416666666538,0.8561420322568788
25.658333333333335,0.0008887618998173556,25.658333333332042,0.8546072073566554
25.662500000000005,0.000887144706775971,25.662499999998712,0.8530750897965058
25.666666666666668,0.0008855304400154953,25.666666666665378,0.8515456749592898
25.670833333333334,0.0008839190937709343,25.670833333332045,0.8500189582351575
25.675,0.0008823106622832879,25.674999999998715,0.8484949350215409
25.67916666666667,0.0008807051397995056,25.679166666665378,0.8469736007231456
25.683333333333337,0.0008791025205724525,25.683333333332044,0.8454549507519356
25.6875,0.0008775027988608738,25.68749999999871,0.8439389805271317
25.691666666666666,0.0008759059689293507,25.691666666665373,0.8424256854751988
25.695833333333336,0.0008743120250482737,25.695833333332043,0.8409150610298295
25.700000000000003,0.0008727209614938014,25.69999999999871,0.8394071026319463
25.70416666666667,0.000871132772547822,25.704166666665376,0.8379018057296831
25.708333333333332,0.0008695474524979212,25.708333333332046,0.8363991657783784
25.712500000000002,0.0008679649956373367,25.71249999999871,0.8348991782405677
25.71666666666667,0.0008663853962649322,25.716666666665375,0.8334018385859661
25.720833333333335,0.0008648086486851551,25.720833333332042,0.8319071422914687
25.725000000000005,0.0008632347472079992,25.724999999998705,0.8304150848411367
25.729166666666668,0.0008616636861489716,25.729166666665375,0.8289256617261822
25.733333333333334,0.0008600954598290477,25.73333333333204,0.8274388684449683
25.7375,0.0008585300625746458,25.737499999998708,0.8259547005029934
25.74166666666667,0.000856967488717583,25.741666666665378,0.8244731534128824
25.745833333333337,0.0008554077325950403,25.74583333333204,0.8229942226943793
25.75,0.0008538507885495274,25.749999999998707,0.82151790387433
25.754166666666666,0.0008522966509288387,25.754166666665373,0.8200441924866843
25.758333333333336,0.0008507453140860281,25.758333333332036,0.8185730840724792
25.762500000000003,0.0008491967723793645,25.762499999998706,0.817104574179825
25.76666666666667,0.0008476510201722965,25.766666666665373,0.8156386583639066
25.770833333333332,0.0008461080518334177,25.77083333333204,0.8141753321869659
25.775000000000002,0.0008445678617364237,25.77499999999871,0.8127145912182934
25.77916666666667,0.0008430304442600843,25.779166666665372,0.8112564310342222
25.783333333333335,0.0008414957937882017,25.78333333333204,0.8098008472181096
25.787500000000005,0.0008399639047095733,25.787499999998705,0.8083478353603384
25.791666666666668,0.0008384347714179589,25.791666666665368,0.806897391058302
25.795833333333334,0.0008369083883120348,25.795833333332038,0.8054495099163896
25.8,0.0008353847497953699,25.799999999998704,0.8040041875459869
25.80416666666667,0.0008338638502763795,25.80416666666537,0.802561419565459
25.808333333333337,0.000832345684168292,25.80833333333204,0.8011212016001437
25.8125,0.0008308302458891138,25.812499999998703,0.7996835292823422
25.816666666666666,0.0008293175298615842,25.81666666666537,0.7982483982513026
25.820833333333336,0.0008278075305131512,25.820833333332036,0.7968158041532222
25.825000000000003,0.0008263002422759255,25.8249999999987,0.79538574264123
25.82916666666667,0.0008247956595866477,25.82916666666537,0.7939582093753745
25.833333333333332,0.0008232937768866516,25.833333333332035,0.7925332000226227
25.837500000000002,0.000821794588621821,25.837499999998702,0.7911107102568439
25.84166666666667,0.0008202980892425644,25.841666666665372,0.7896907357588017
25.845833333333335,0.0008188042732037696,25.845833333332035,0.7882732722161464
25.850000000000005,0.0008173131349647696,25.8499999999987,0.7868583153233981
25.854166666666668,0.0008158246689893077,25.854166666665368,0.7854458607819479
25.858333333333334,0.0008143388697454936,25.85833333333203,0.7840359043000418
25.8625,0.0008128557317057769,25.8624999999987,0.7826284415927672
25.86666666666667,0.0008113752493469036,25.866666666665367,0.7812234683820527
25.870833333333337,0.0008098974171498813,25.870833333332033,0.7798209805201948
25.875,0.0008084222295999437,25.874999999998703,0.7784209739322496
25.879166666666666,0.0008069510680561912,25.879166666665366,0.7770234440748469
25.883333333333336,0.0008054830224436156,25.883333333332033,0.7756283866980175
25.887500000000003,0.0008040176510876276,25.8874999999987,0.7742357975585992
25.89166666666667,0.0008025549490652028,25.891666666665362,0.7728456724202228
25.895833333333332,0.000801094911461261,25.895833333332032,0.7714580070532981
25.900000000000002,0.0007996375333686343,25.8999999999987,0.770072797235013
25.90416666666667,0.0007981828098880509,25.904166666665365,0.7686900387493186
25.908333333333335,0.0007967307361281051,25.908333333332035,0.7673097273869207
25.912500000000005,0.0007952813072052319,25.912499999998698,0.7659318589452718
25.916666666666668,0.0007938345182436847,25.916666666665364,0.7645564292285556
25.920833333333334,0.0007923903643755032,25.92083333333203,0.7631834340476862
25.925,0.0007909488407404972,25.924999999998693,0.7618128692202946
25.92916666666667,0.0007895099424862165,25.929166666665363,0.7604447305707135
25.933333333333337,0.0007880736647679266,25.93333333333203,0.7590790139299786
25.9375,0.0007866400027485839,25.937499999998696,0.7577157151358105
25.941666666666666,0.0007852089515988067,25.941666666665366,0.75635483003261
25.945833333333336,0.0007837805064968566,25.94583333333203,0.7549963544714463
25.950000000000003,0.0007823546626286099,25.949999999998695,0.7536402843100443
25.95416666666667,0.0007809314151875315,25.954166666665362,0.7522866154127826
25.958333333333332,0.0007795107593746532,25.958333333332025,0.7509353436506797
25.962500000000002,0.0007780926903985408,25.962499999998695,0.7495864649013808
25.96666666666667,0.0007766772034752788,25.96666666666536,0.7482399750491557
25.970833333333335,0.0007752642938284399,25.970833333332028,0.7468958699848846
25.975000000000005,0.0007738539566890594,25.974999999998698,0.745554145606049
25.979166666666668,0.0007724461872956142,25.97916666666536,0.744214797816725
25.983333333333334,0.0007710409808939883,25.983333333332027,0.7428778225275657
25.9875,0.0007696383327374599,25.987499999998693,0.7415432156558026
25.99166666666667,0.0007682382380866678,25.991666666665356,0.7402109731252311
25.995833333333337,0.000766840692209589,25.995833333332026,0.7388810908661951
26.0,0.0007654456903815144,25.999999999998693,0.7375535648155885
26.004166666666666,0.0007640532278850187,26.00416666666536,0.736228390916838
26.008333333333336,0.0007626633000099417,26.00833333333203,0.7349055651198957
26.012500000000003,0.0007612759020533607,26.012499999998692,0.7335850833812312
26.01666666666667,0.0007598910293195639,26.01666666666536,0.7322669416638159
26.020833333333332,0.0007585086771200273,26.020833333332025,0.7309511359371219
26.025000000000002,0.0007571288407733848,26.024999999998688,0.7296376621771092
26.02916666666667,0.0007557515156054113,26.029166666665358,0.7283265163662104
26.033333333333335,0.0007543766969489903,26.033333333332024,0.7270176944933305
26.037500000000005,0.0007530043801440922,26.03749999999869,0.7257111925538321
26.041666666666668,0.0007516345605377493,26.04166666666536,0.724407006549526
26.045833333333334,0.0007502672334840253,26.045833333332023,0.7231051324886646
26.05,0.0007489023943439986,26.04999999999869,0.7218055663859247
26.05416666666667,0.0007475400384857313,26.054166666665356,0.7205083042624092
26.058333333333337,0.0007461801612842459,26.05833333333202,0.7192133421456306
26.0625,0.0007448227581215011,26.06249999999869,0.7179206760694985
26.066666666666666,0.0007434678243863605,26.066666666665355,0.7166303020743187
26.070833333333336,0.0007421153554745773,26.070833333332022,0.7153422162067774
26.075000000000003,0.000740765346788762,26.074999999998692,0.7140564145199334
26.07916666666667,0.0007394177937383594,26.079166666665355,0.7127728930732105
26.083333333333332,0.0007380726917396251,26.08333333333202,0.7114916479323803
26.087500000000002,0.0007367300362155936,26.087499999998688,0.7102126751695638
26.09166666666667,0.0007353898225960625,26.09166666666535,0.708935970863216
26.095833333333335,0.0007340520463175615,26.09583333333202,0.7076615310981124
26.100000000000005,0.0007327167028233285,26.099999999998687,0.7063893519653478
26.104166666666668,0.0007313837875632858,26.104166666665353,0.7051194295623218
26.108333333333334,0.000730053295994009,26.108333333332023,0.7038517599927295
26.1125,0.0007287252235787113,26.112499999998686,0.7025863393665547
26.11666666666667,0.0007273995657872112,26.116666666665353,0.7013231638000536
26.120833333333337,0.0007260763180959103,26.12083333333202,0.7000622294157541
26.125,0.0007247554759877682,26.124999999998682,0.6988035323424427
26.129166666666666,0.0007234370349522718,26.129166666665352,0.6975470687151494
26.133333333333336,0.0007221209904854203,26.13333333333202,0.6962928346751477
26.137500000000003,0.0007208073380896918,26.137499999998685,0.695040826369939
26.14166666666667,0.0007194960732740213,26.141666666665355,0.6937910399532445
26.145833333333332,0.0007181871915537764,26.145833333332018,0.6925434717863224
26.150000000000002,0.0007168806884507267,26.149999999998684,0.691298118695115
26.15416666666667,0.0007155765594930263,26.15416666666535,0.6900549760573946
26.158333333333335,0.0007142748002151835,26.158333333332013,0.6888140400537648
26.162500000000005,0.0007129754061580379,26.162499999998683,0.6875753068710326
26.166666666666668,0.0007116783728687351,26.16666666666535,0.6863387727022084
26.170833333333334,0.0007103836959006969,26.170833333332016,0.6851044337464903
26.175,0.0007090913708136039,26.174999999998686,0.6838722862092563
26.17916666666667,0.0007078013931733648,26.17916666666535,0.6826423263020569
26.183333333333337,0.0007065137585520942,26.183333333332016,0.6814145502425997
26.1875,0.0007052284625280856,26.187499999998682,0.680188954254749
26.191666666666666,0.0007039455006857836,26.191666666665345,0.6789655345685119
26.195833333333336,0.0007026648686157661,26.195833333332015,0.6777442874200253
26.200000000000003,0.0007013865619147125,26.19999999999868,0.6765252090515544
26.20416666666667,0.0007001105761853816,26.204166666665348,0.6753082957114784
26.208333333333332,0.0006988369070365867,26.208333333332018,0.6740935436542823
26.212500000000002,0.0006975655500831655,26.21249999999868,0.6728809491405496
26.21666666666667,0.0006962965009459626,26.216666666665347,0.671670508436946
26.220833333333335,0.0006950297552517988,26.220833333332013,0.6704622178162203
26.225000000000005,0.0006937653086334486,26.224999999998676,0.6692560735571899
26.229166666666668,0.0006925031567296144,26.229166666665346,0.6680520719447276
26.233333333333334,0.0006912432951848973,26.233333333332013,0.6668502092697607
26.2375,0.0006899857196497792,26.23749999999868,0.6656504818292562
26.24166666666667,0.0006887304257805934,26.24166666666535,0.6644528859262125
26.245833333333337,0.0006874774092394994,26.245833333332012,0.6632574178696523
26.25,0.0006862266656944596,26.24999999999868,0.6620640739746072
26.254166666666666,0.0006849781908192089,26.254166666665345,0.660872850562117
26.258333333333336,0.0006837319802932373,26.258333333332008,0.6596837439592157
26.262500000000003,0.00068248802980176,26.262499999998678,0.6584967504989193
26.26666666666667,0.0006812463350356927,26.266666666665344,0.657311866520224
26.270833333333332,0.000680006891691628,26.27083333333201,0.6561290883680908
26.275000000000002,0.000678769695471805,26.27499999999868,0.654948412393439
26.27916666666667,0.0006775347420840925,26.279166666665343,0.6537698349531376
26.283333333333335,0.0006763020272419573,26.28333333333201,0.6525933524099906
26.287500000000005,0.0006750715466644421,26.287499999998676,0.6514189611327352
26.291666666666668,0.0006738432960761398,26.29166666666534,0.6502466574960303
26.295833333333334,0.0006726172712071646,26.29583333333201,0.649076437880441
26.3,0.0006713934677931338,26.299999999998676,0.6479082986724395
26.30416666666667,0.000670171881575137,26.304166666665342,0.6467422362643884
26.308333333333337,0.0006689525082997137,26.308333333332012,0.6455782470545348
26.3125,0.0006677353437188282,26.312499999998675,0.6444163274470007
26.316666666666666,0.0006665203835898395,26.31666666666534,0.6432564738517691
26.320833333333336,0.0006653076236754833,26.320833333332008,0.6420986826846833
26.325000000000003,0.0006640970597438439,26.32499999999867,0.6409429503674325
26.32916666666667,0.000662888687568327,26.32916666666534,0.6397892733275393
26.333333333333332,0.0006616825029276386,26.333333333332007,0.6386376479983583
26.337500000000002,0.0006604785016057529,26.337499999998673,0.6374880708190618
26.34166666666667,0.0006592766793918958,26.341666666665343,0.6363405382346303
26.345833333333335,0.0006580770320805144,26.345833333332006,0.6351950466958473
26.350000000000005,0.0006568795554712526,26.349999999998673,0.6340515926592823
26.354166666666668,0.0006556842453689279,26.35416666666534,0.6329101725872908
26.358333333333334,0.0006544910975835006,26.358333333332002,0.6317707829480004
26.3625,0.0006533001079300566,26.362499999998672,0.6306334202152981
26.36666666666667,0.0006521112722287764,26.36666666666534,0.6294980808688289
26.370833333333337,0.0006509245863049125,26.370833333332005,0.6283647613939805
26.375,0.0006497400459887647,26.374999999998675,0.6272334582818764
26.379166666666666,0.000648557647115649,26.379166666665338,0.6261041680293675
26.383333333333336,0.0006473773855258816,26.383333333332004,0.6249768871390177
26.387500000000003,0.000646199257064748,26.38749999999867,0.6238516121191019
26.39166666666667,0.0006450232575824791,26.391666666665333,0.6227283394835936
26.395833333333332,0.0006438493829342265,26.395833333332003,0.6216070657521521
26.400000000000002,0.0006426776289800336,26.39999999999867,0.6204877874501193
26.40416666666667,0.0006415079915848171,26.404166666665336,0.6193705011085069
26.408333333333335,0.0006403404666183373,26.408333333332006,0.6182552032639883
26.412500000000005,0.0006391750499551735,26.41249999999867,0.6171418904588893
26.416666666666668,0.0006380117374747011,26.416666666665336,0.6160305592411758
26.420833333333334,0.0006368505250610598,26.420833333332002,0.6149212063953373
26.425,0.0006356914086031377,26.424999999998665,0.613813830416016
26.42916666666667,0.0006345343839945402,26.429166666665335,0.6127084258122553
26.433333333333337,0.0006333794471335664,26.433333333332,0.6116049891570614
26.4375,0.0006322265939231839,26.437499999998668,0.610503517029069
26.441666666666666,0.0006310758202710011,26.441666666665338,0.6094040060125321
26.445833333333336,0.0006299271220892469,26.445833333332,0.6083064526973156
26.450000000000003,0.0006287804952947424,26.449999999998667,0.6072108536788834
26.45416666666667,0.0006276359358088757,26.454166666665333,0.6061172055582944
26.458333333333332,0.0006264934395575793,26.458333333331996,0.6050255049421912
26.462500000000002,0.0006253530024712986,26.462499999998666,0.6039357484427872
26.46666666666667,0.0006242146204849749,26.466666666665333,0.6028479326778641
26.470833333333335,0.0006230782895380149,26.470833333332,0.6017620542707591
26.475000000000005,0.000621944005574267,26.47499999999867,0.6006781098503557
26.479166666666668,0.0006208117645419978,26.479166666665332,0.5995960960510766
26.483333333333334,0.0006196815623938606,26.483333333332,0.5985160095128701
26.4875,0.0006185533950868793,26.487499999998665,0.5974378468812079
26.49166666666667,0.0006174272585824169,26.491666666665328,0.5963616048070717
26.495833333333337,0.0006163031488461523,26.495833333331998,0.5952872799469417
26.5,0.0006151810618480564,26.499999999998664,0.5942148689627945
26.504166666666666,0.0006140609935623615,26.50416666666533,0.5931443685220886
26.508333333333336,0.0006129429399675437,26.508333333332,0.592075775297757
26.512500000000003,0.000611826897046293,26.512499999998663,0.591009085968199
26.51666666666667,0.0006107128607854893,26.51666666666533,0.5899442972172669
26.520833333333332,0.0006096008271761779,26.520833333331996,0.5888814057342637
26.525000000000002,0.0006084907922135407,26.52499999999866,0.5878204082139301
26.52916666666667,0.0006073827518968765,26.52916666666533,0.5867613013564328
26.533333333333335,0.0006062767022295728,26.533333333331996,0.5857040818673616
26.537500000000005,0.0006051726392190802,26.537499999998662,0.5846487464577166
26.541666666666668,0.0006040705588768901,26.541666666665332,0.5835952918438991
26.545833333333334,0.0006029704572185028,26.545833333331995,0.5825437147477046
26.55,0.0006018723302634115,26.54999999999866,0.5814940118963086
26.55416666666667,0.0006007761740350703,26.554166666665328,0.5804461800222651
26.558333333333337,0.0005996819845608726,26.55833333333199,0.5794002158634933
26.5625,0.0005985897578721243,26.56249999999866,0.5783561161632655
26.566666666666666,0.0005974994900040165,26.566666666665327,0.5773138776702048
26.570833333333336,0.0005964111769956054,26.570833333331993,0.5762734971382715
26.575000000000003,0.0005953253213694703,26.574999999998663,0.5752349713267554
26.57916666666667,0.0005942420305508552,26.579166666665326,0.5741982970002673
26.583333333333332,0.0005931607105803247,26.583333333331993,0.5731634709287259
26.587500000000002,0.0005920813578599794,26.58749999999866,0.5721304898873557
26.59166666666667,0.0005910039687980217,26.591666666665322,0.5710993506566735
26.595833333333335,0.0005899285398087326,26.595833333331992,0.5700700500224767
26.600000000000005,0.0005888550673124563,26.59999999999866,0.569042584775842
26.604166666666668,0.0005877835477355812,26.604166666665325,0.5680169517131095
26.608333333333334,0.0005867139775105179,26.608333333331995,0.5669931476358765
26.6125,0.0005856463530756891,26.612499999998658,0.5659711693509895
26.61666666666667,0.0005845806708755048,26.616666666665324,0.5649510136705295
26.620833333333337,0.0005835169273603465,26.62083333333199,0.563932677411811
26.625,0.0005824551189865498,26.624999999998654,0.5629161573973687
26.629166666666666,0.0005813952422163823,26.629166666665324,0.5619014504549453
26.633333333333336,0.0005803372935180308,26.63333333333199,0.5608885534174893
26.637500000000003,0.0005792812693655807,26.637499999998656,0.5598774631231414
26.64166666666667,0.0005782271662389962,26.641666666665326,0.5588681764152263
26.645833333333332,0.0005771749806241064,26.64583333333199,0.5578606901422453
26.650000000000002,0.00057612470901258,26.649999999998656,0.5568550011578622
26.65416666666667,0.000575076347901915,26.654166666665322,0.555851106320901
26.658333333333335,0.0005740298937954165,26.658333333331985,0.5548490024953341
26.662500000000005,0.0005729853432021783,26.662499999998655,0.5538486865502689
26.666666666666668,0.0005719426926370671,26.66666666666532,0.5528501553599467
26.670833333333334,0.0005709019386206997,26.670833333331988,0.5518534058037279
26.675,0.00056986307767943,26.674999999998658,0.5508584347660845
26.67916666666667,0.0005688261063453287,26.67916666666532,0.5498652391365927
26.683333333333337,0.0005677910211561648,26.683333333331987,0.5488738158099188
26.6875,0.0005667578186553886,26.687499999998654,0.5478841616858169
26.691666666666666,0.0005657264953921092,26.691666666665316,0.5468962736691162
26.695833333333336,0.0005646970479210836,26.695833333331986,0.5459101486697095
26.700000000000003,0.000563669472802693,26.699999999998653,0.5449257836025506
26.70416666666667,0.0005626437666029268,26.70416666666532,0.5439431753876391
26.708333333333332,0.0005616199258933645,26.70833333333199,0.5429623209500153
26.712500000000002,0.0005605979472511545,26.712499999998652,0.54198321721975
26.71666666666667,0.0005595778272590006,26.71666666666532,0.5410058611319316
26.720833333333335,0.000558559562505141,26.720833333331985,0.5400302496266645
26.725000000000005,0.0005575431495833312,26.724999999998648,0.5390563796490554
26.729166666666668,0.0005565285850928256,26.729166666665318,0.5380842481492023
26.733333333333334,0.0005555158656383565,26.733333333331984,0.5371138520821906
26.7375,0.0005545049878301212,26.73749999999865,0.5361451884080811
26.74166666666667,0.00055349594828376,26.74166666666532,0.5351782540919012
26.745833333333337,0.0005524887436203401,26.745833333331984,0.5342130461036364
26.75,0.0005514833704663364,26.74999999999865,0.5332495614182183
26.754166666666666,0.0005504798254536108,26.754166666665316,0.5322877970155212
26.758333333333336,0.0005494781052193994,26.75833333333198,0.5313277498803496
26.762500000000003,0.000548478206406291,26.76249999999865,0.5303694170024266
26.76666666666667,0.000547480125662209,26.766666666665316,0.5294127953763907
26.770833333333332,0.0005464838596403948,26.770833333331982,0.5284578820017826
26.775000000000002,0.0005454894049993854,26.774999999998652,0.5275046738830371
26.77916666666667,0.000544496758403002,26.779166666665315,0.526553168029476
26.783333333333335,0.0005435059165203259,26.78333333333198,0.5256033614552937
26.787500000000005,0.0005425168760256839,26.787499999998648,0.5246552511795545
26.791666666666668,0.000541529633598629,26.79166666666531,0.5237088342261811
26.795833333333334,0.0005405441859239192,26.79583333333198,0.5227641076239421
26.8,0.0005395605296915049,26.799999999998647,0.5218210737740461
26.80416666666667,0.0005385786615965075,26.804166666665314,0.520879725182623
26.808333333333337,0.0005375985783392013,26.808333333331984,0.5199400583385251
26.8125,0.0005366202766249971,26.812499999998646,0.5190020702962794
26.816666666666666,0.0005356437531644191,26.816666666665313,0.5180657581152942
26.820833333333336,0.0005346690046730937,26.82083333333198,0.5171311188598571
26.825000000000003,0.0005336960278717264,26.824999999998642,0.516198149599122
26.82916666666667,0.0005327248194860856,26.829166666665312,0.5152668474070984
26.833333333333332,0.0005317553762469848,26.83333333333198,0.5143372093626488
26.837500000000002,0.0005307876948902606,26.837499999998645,0.5134092325494759
26.84166666666667,0.0005298217721567602,26.841666666665315,0.512482914056115
26.845833333333335,0.0005288576047923197,26.845833333331978,0.5115582509759264
26.850000000000005,0.0005278951895477469,26.849999999998644,0.5106352404070825
26.854166666666668,0.0005269345231788035,26.85416666666531,0.5097138794525659
26.858333333333334,0.0005259756024461839,26.858333333331974,0.5087941652201567
26.8625,0.0005250184241155021,26.862499999998644,0.5078760948224226
26.86666666666667,0.0005240629849572699,26.86666666666531,0.5069596653767139
26.870833333333337,0.0005231092817468801,26.870833333331976,0.5060448740051532
26.875,0.0005221573112645888,26.874999999998646,0.5051317178346265
26.879166666666666,0.0005212070702954934,26.87916666666531,0.5042201939967756
26.883333333333336,0.00052025855562952,26.883333333331976,0.5033102996279865
26.887500000000003,0.0005193117640614024,26.887499999998642,0.5024020318693848
26.89166666666667,0.0005183666923906634,26.891666666665305,0.5014953878668268
26.895833333333332,0.0005174233374215993,26.895833333331975,0.5005903647708856
26.900000000000002,0.0005164816959632555,26.89999999999864,0.49968695973684923
26.90416666666667,0.000515541764829417,26.904166666665308,0.4987851699247087
26.908333333333335,0.000514603540838584,26.908333333331978,0.49788499249914925
26.912500000000005,0.0005136670208139559,26.91249999999864,0.4969864246295436
26.916666666666668,0.0005127322015834136,26.916666666665307,0.4960894634899392
26.920833333333334,0.0005117990799794978,26.920833333331974,0.4951941062590553
26.925,0.0005108676528393961,26.924999999998636,0.4943003501202712
26.92916666666667,0.0005099379170049218,26.929166666665306,0.4934081922616156
26.933333333333337,0.0005090098693224959,26.933333333331973,0.4925176298757628
26.9375,0.0005080835066431303,26.93749999999864,0.49162866016002077
26.941666666666666,0.0005071588258224056,26.94166666666531,0.4907412803163239
26.945833333333336,0.0005062358237204584,26.945833333331972,0.48985548755122404
26.950000000000003,0.0005053144972019606,26.94999999999864,0.4889712790758793
26.95416666666667,0.0005043948431360999,26.954166666665305,0.4880886521060508
26.958333333333332,0.0005034768583965653,26.958333333331968,0.48720760386209105
26.962500000000002,0.0005025605398615223,26.962499999998638,0.4863281315689326
26.96666666666667,0.0005016458844136027,26.966666666665304,0.4854502324560852
26.970833333333335,0.0005007328889398817,26.97083333333197,0.4845739037576231
26.975000000000005,0.0004998215503318607,26.97499999999864,0.4836991427121781
26.979166666666668,0.0004989118654854498,26.979166666665304,0.48282594656293076
26.983333333333334,0.0004980038313009464,26.98333333333197,0.48195431255759885
26.9875,0.0004970974446830222,26.987499999998636,0.4810842379484347
26.99166666666667,0.0004961927025407018,26.9916666666653,0.48021571999221263
26.995833333333337,0.0004952896017873451,26.99583333333197,0.4793487559502184
27.0,0.0004943881393406299,26.999999999998636,0.47848334308824614
27.004166666666666,0.0004934883121225303,27.004166666665302,0.47761947867658566
27.008333333333336,0.0004925901170593038,27.008333333331972,0.47675715999001506
27.012500000000003,0.00049169355108147,27.012499999998635,0.4758963843077931
27.01666666666667,0.000490798611123793,27.0166666666653,0.47503714891364635
27.020833333333332,0.0004899052941252636,27.020833333331968,0.474179451095767
27.025000000000002,0.0004890135970290784,27.02499999999863,0.4733232881468009
27.02916666666667,0.0004881235167826264,27.0291666666653,0.47246865736383614
27.033333333333335,0.00048723505033746757,27.033333333331967,0.4716155560484003
27.037500000000005,0.0004863481946493156,27.037499999998634,0.4707639815064477
27.041666666666668,0.00048546294667802035,27.041666666665304,0.4699139310483528
27.045833333333334,0.000484579303387546,27.045833333331966,0.46906540198890084
27.05,0.0004836972617459589,27.049999999998633,0.468218391647277
27.05416666666667,0.000482816818725405,27.0541666666653,0.4673728973470627
27.058333333333337,0.0004819379713020932,27.058333333331962,0.4665289164162241
27.0625,0.00048106071645627794,27.062499999998632,0.46568644618710103
27.066666666666666,0.0004801850511722368,27.0666666666653,0.464845483996404
27.070833333333336,0.0004793109724382586,27.070833333331965,0.4640060271852016
27.075000000000003,0.00047843847724662116,27.074999999998635,0.46316807309891295
27.07916666666667,0.00047756756259357435,27.079166666665298,0.4623316190872999
27.083333333333332,0.0004766982254793224,27.083333333331964,0.46149666250445515
27.087500000000002,0.0004758304629080018,27.08749999999863,0.4606632007087987
27.09166666666667,0.00047496427188767007,27.091666666665294,0.45983123106306684
27.095833333333335,0.00047409964943028187,27.095833333331964,0.4590007509343002
27.100000000000005,0.00047323659255167356,27.09999999999863,0.4581717576938418
27.104166666666668,0.0004723750982715451,27.104166666665297,0.4573442487173232
27.108333333333334,0.0004715151636134376,27.108333333331966,0.45651822138465836
27.1125,0.0004706567856047224,27.11249999999863,0.4556936730800351
27.11666666666667,0.0004697999612765772,27.116666666665296,0.4548706011919028
27.120833333333337,0.0004689446876639701,27.120833333331962,0.4540490031129697
27.125,0.00046809096180564213,27.124999999998625,0.45322887624019137
27.129166666666666,0.000467238780744085,27.129166666665295,0.4524102179747592
27.133333333333336,0.000466388141525529,27.13333333333196,0.4515930257220975
27.137500000000003,0.0004655390411999206,27.137499999998628,0.4507772968918511
27.14166666666667,0.0004646914768209056,27.141666666665298,0.44996302889787787
27.145833333333332,0.0004638454454458116,27.14583333333196,0.44915021915824094
27.150000000000002,0.00046300094413562616,27.149999999998627,0.44833886509519627
27.15416666666667,0.00046215796995498464,27.154166666665294,0.44752896413518956
27.158333333333335,0.00046131651997214745,27.158333333331957,0.4467205137088455
27.162500000000005,0.00046047659125898353,27.162499999998627,0.4459135112509554
27.166666666666668,0.00045963818089095305,27.166666666665293,0.44510795420047483
27.170833333333334,0.0004588012859470848,27.17083333333196,0.4443038400005114
27.175,0.00045796590350996466,27.17499999999863,0.4435011726776959
27.17916666666667,0.00045713203066571277,27.179166666665292,0.4426999461842898
27.183333333333337,0.0004562996645039669,27.18333333333196,0.4419001553348416
27.1875,0.00045546880211786496,27.187499999998625,0.441101797599093
27.191666666666666,0.0004546394406040231,27.191666666665288,0.4403048704510219
27.195833333333336,0.0004538115770625229,27.195833333331958,0.4395093713688316
27.200000000000003,0.0004529852085968899,27.199999999998624,0.438715297834949
27.20416666666667,0.00045216033231407655,27.20416666666529,0.4379226473360118
27.208333333333332,0.0004513369453244438,27.20833333333196,0.4371314173628628
27.212500000000002,0.0004505150447417406,27.212499999998624,0.43634160541054184
27.21666666666667,0.0004496946276830903,27.21666666666529,0.4355532089782751
27.220833333333335,0.0004488756912689692,27.220833333331957,0.43476622556947225
27.225000000000005,0.0004480582326231896,27.22499999999862,0.4339806526917155
27.229166666666668,0.00044724224887288176,27.22916666666529,0.4331964878567499
27.233333333333334,0.00044642773714847263,27.233333333331956,0.43241372858047994
27.2375,0.00044561469458367296,27.237499999998622,0.4316323723829581
27.24166666666667,0.00044480311831545554,27.241666666665292,0.4308524167883789
27.245833333333337,0.0004439930054840381,27.245833333331955,0.43007385932507036
27.25,0.0004431843532328656,27.24999999999862,0.4292966975254837
27.254166666666666,0.0004423771587085886,27.254166666665288,0.42852092892619026
27.258333333333336,0.0004415714190610511,27.25833333333195,0.4277465510678711
27.262500000000003,0.0004407671314432676,27.26249999999862,0.4269735614953059
27.26666666666667,0.00043996429301140707,27.266666666665287,0.4262019577573717
27.270833333333332,0.00043916299485726167,27.270833333331954,0.4254317374070297
27.275000000000002,0.00043836364519948725,27.274999999998624,0.4246628980013197
27.27916666666667,0.00043756575110365096,27.279166666665287,0.4238954371013524
27.283333333333335,0.0004367693099246453,27.283333333331953,0.42312935227229775
27.287500000000005,0.00043597431902169204,27.28749999999862,0.4223646410833829
27.291666666666668,0.0004351807757583293,27.291666666665282,0.4216013011078815
27.295833333333334,0.0004343886775023925,27.295833333331952,0.420839329923103
27.3,0.0004335980216260062,27.29999999999862,0.42007872511038974
27.30416666666667,0.0004328088055055659,27.304166666665285,0.4193194842551065
27.308333333333337,0.00043202102652172426,27.308333333331955,0.41856160494663247
27.3125,0.0004312346820593777,27.312499999998618,0.4178050847783545
27.316666666666666,0.00043044976950764853,27.316666666665284,0.4170499213476559
27.320833333333336,0.00042966628625987566,27.32083333333195,0.41629611225591395
27.325000000000003,0.000428884229713597,27.324999999998614,0.41554365510848873
27.32916666666667,0.0004281035972705357,27.329166666665284,0.414792547514713
27.333333333333332,0.0004273243863365862,27.33333333333195,0.41404278708789
27.337500000000002,0.00042654659432179705,27.337499999998617,0.4132943714452809
27.34166666666667,0.0004257702186403615,27.341666666665287,0.4125472982080988
27.345833333333335,0.0004249952567105993,27.34583333333195,0.41180156500150134
27.350000000000005,0.00042422170595494345,27.349999999998616,0.4110571694545792
27.354166666666668,0.00042344956379992624,27.354166666665282,0.41031410920035355
27.358333333333334,0.0004226788276761623,27.358333333331945,0.40957238187576545
27.3625,0.0004219094950183383,27.362499999998615,0.4088319851216655
27.36666666666667,0.0004211415632651957,27.36666666666528,0.4080929165828112
27.370833333333337,0.00042037502985951694,27.370833333331948,0.40735517390785536
27.375,0.0004196098922481122,27.374999999998618,0.4066187547493386
27.379166666666666,0.00041884614788180105,27.37916666666528,0.40588365676368365
27.383333333333336,0.0004180837942154035,27.383333333331947,0.4051498776111828
27.387500000000003,0.00041732282870772237,27.387499999998614,0.4044174149559956
27.39166666666667,0.00041656324882152925,27.391666666665277,0.40368626646613825
27.395833333333332,0.00041580505202355115,27.395833333331947,0.40295642981347357
27.400000000000002,0.0004150482357844528,27.399999999998613,0.40222790267370756
27.40416666666667,0.0004142927975788273,27.40416666666528,0.4015006827263785
27.408333333333335,0.000413538734885178,27.40833333333195,0.4007747676548499
27.412500000000005,0.00041278604518590537,27.412499999998612,0.400050155146303
27.416666666666668,0.00041203472596729304,27.41666666666528,0.3993268428917263
27.420833333333334,0.00041128477471949053,27.420833333331945,0.3986048285859122
27.425,0.000410536188936503,27.424999999998608,0.3978841099274464
27.42916666666667,0.00040978896611617465,27.429166666665278,0.397164684618698
27.433333333333337,0.00040904310376017406,27.433333333331944,0.39644655036581616
27.4375,0.0004082985993739814,27.43749999999861,0.39572970487871906
27.441666666666666,0.0004075554504668699,27.44166666666528,0.39501414587108685
27.445833333333336,0.0004068136545518974,27.445833333331944,0.39429987106035463
27.450000000000003,0.0004060732091458877,27.44999999999861,0.39358687816770116
27.45416666666667,0.0004053341117694175,27.454166666665277,0.3928751649180458
27.458333333333332,0.0004045963599468028,27.45833333333194,0.39216472904003835
27.462500000000002,0.00040385995120608065,27.46249999999861,0.39145556826604855
27.46666666666667,0.00040312488307900053,27.466666666665276,0.3907476803321632
27.470833333333335,0.00040239115310100604,27.470833333331942,0.390041062978175
27.475000000000005,0.0004016587588112213,27.474999999998612,0.38933571394757516
27.479166666666668,0.00040092769775243757,27.479166666665275,0.3886316309875469
27.483333333333334,0.0004001979674710958,27.48333333333194,0.3879288118489536
27.4875,0.00039946956551727635,27.487499999998608,0.3872272542863364
27.49166666666667,0.00039874248944468226,27.49166666666527,0.3865269560579035
27.495833333333337,0.00039801673681062467,27.49583333333194,0.38582791492552004
27.5,0.00039729230517601016,27.499999999998607,0.38513012865470475
27.504166666666666,0.0003965691921053224,27.504166666665274,0.3844335950146192
27.508333333333336,0.00039584739516661276,27.508333333331944,0.3837383117780605
27.512500000000003,0.00039512691193148295,27.512499999998607,0.383044276721454
27.51666666666667,0.00039440773997507123,27.516666666665273,0.382351487624843
27.520833333333332,0.0003936898768760386,27.52083333333194,0.3816599422718845
27.525000000000002,0.00039297332021655127,27.524999999998602,0.3809696384498397
27.52916666666667,0.00039225806758227147,27.529166666665272,0.38028057394956366
27.533333333333335,0.00039154411656233906,27.53333333333194,0.3795927465655016
27.537500000000005,0.00039083146474935853,27.537499999998605,0.3789061540956788
27.541666666666668,0.0003901201097393854,27.541666666665275,0.3782207943416925
27.545833333333334,0.00038941004913190815,27.545833333331938,0.37753666510870537
27.55,0.00038870128052983876,27.549999999998604,0.3768537695825217
27.55416666666667,0.00038799380153949547,27.55416666666527,0.37617210567695947
27.558333333333337,0.00038728760977058867,27.558333333331934,0.3754916662250191
27.5625,0.00038658270283620764,27.562499999998604,0.37481244905747313
27.566666666666666,0.0003858790783528027,27.56666666666527,0.3741344520087645
27.570833333333336,0.00038517673394017566,27.570833333331937,0.37345767291699644
27.575000000000003,0.00038447566722146217,27.574999999998607,0.3727821096239265
27.57916666666667,0.0003837758758231184,27.57916666666527,0.3721077599749594
27.583333333333332,0.0003830773573749069,27.583333333331936,0.37143462181913767
27.587500000000002,0.0003823801095098796,27.587499999998602,0.3707626930091388
27.59166666666667,0.0003816841298643675,27.591666666665265,0.37009197140126565
27.595833333333335,0.0003809894160779637,27.595833333331935,0.36942245485543745
27.600000000000005,0.00038029596579350914,27.5999999999986,0.36875414123518674
27.604166666666668,0.0003796037766570799,27.604166666665268,0.36808702840764984
27.608333333333334,0.0003789128463179684,27.608333333331938,0.36742111424355983
27.6125,0.0003782231724286752,27.6124999999986,0.3667563966172409
27.61666666666667,0.00037753475264488956,27.616666666665267,0.36609287340659763
27.620833333333337,0.00037684758462547773,27.620833333331934,0.36543054249311263
27.625,0.0003761616660324681,27.624999999998597,0.3647694017618373
27.629166666666666,0.0003754769945310341,27.629166666665267,0.36410944910138215
27.633333333333336,0.00037479356778948405,27.633333333331933,0.3634506824039145
27.637500000000003,0.00037411138347924467,27.6374999999986,0.3627930995651482
27.64166666666667,0.00037343043927484594,27.64166666666527,0.3621366984843374
27.645833333333332,0.0003727507328539087,27.645833333331932,0.3614814770642699
27.650000000000002,0.0003720722618971265,27.6499999999986,0.36082743321125765
27.65416666666667,0.00037139502408825597,27.654166666665265,0.36017456483513305
27.658333333333335,0.0003707190171140995,27.658333333331928,0.359522869849241
27.662500000000005,0.0003700442386644914,27.662499999998598,0.3588723461704283
27.666666666666668,0.00036937068643228416,27.666666666665265,0.35822299171904187
27.670833333333334,0.00036869835811333135,27.67083333333193,0.3575748044189181
27.675,0.00036802725140647717,27.6749999999986,0.3569277821973768
27.67916666666667,0.0003673573640135399,27.679166666665264,0.3562819229852148
27.683333333333337,0.00036668869363929726,27.68333333333193,0.35563722471669573
27.6875,0.0003660212379914731,27.687499999998597,0.3549936853295475
27.691666666666666,0.0003653549947807205,27.69166666666526,0.35435130276495286
27.695833333333336,0.00036468996172061115,27.69583333333193,0.3537100749675402
27.700000000000003,0.0003640261365276182,27.699999999998596,0.3530699998853808
27.70416666666667,0.0003633635169211027,27.704166666665262,0.35243107546997865
27.708333333333332,0.00036270210062329985,27.708333333331932,0.3517932996762642
27.712500000000002,0.0003620418853593015,27.712499999998595,0.3511566704625882
27.71666666666667,0.00036138286885704625,27.71666666666526,0.3505211857907112
27.720833333333335,0.00036072504884730234,27.720833333331928,0.34988684362580125
27.725000000000005,0.00036006842306365335,27.72499999999859,0.3492536419364242
27.729166666666668,0.0003594129892424852,27.72916666666526,0.34862157869453503
27.733333333333334,0.0003587587451229685,27.733333333331927,0.34799065187547423
27.7375,0.00035810568844704823,27.737499999998594,0.3473608594579587
27.74166666666667,0.0003574538169594271,27.741666666665264,0.34673219942407446
27.745833333333337,0.0003568031284075511,27.745833333331927,0.3461046697592712
27.75,0.00035615362054159646,27.749999999998593,0.34547826845235147
27.754166666666666,0.00035550529111445187,27.75416666666526,0.3448529934954684
27.758333333333336,0.00035485813788170876,27.758333333331922,0.3442288428841163
27.762500000000003,0.00035421215860164355,27.762499999998592,0.3436058146171213
27.76666666666667,0.00035356735103520443,27.76666666666526,0.34298390669663875
27.770833333333332,0.00035292371294599754,27.770833333331925,0.3423631171281429
27.775000000000002,0.00035228124210026916,27.774999999998595,0.34174344392042105
27.77916666666667,0.0003516399362668966,27.779166666665258,0.34112488508556643
27.783333333333335,0.00035099979321736994,27.783333333331925,0.340507438638969
27.787500000000005,0.000350360810725779,27.78749999999859,0.33989110259931204
27.791666666666668,0.0003497229865687992,27.791666666665254,0.33927587498856326
27.795833333333334,0.0003490863185256746,27.795833333331924,0.3386617538319654
27.8,0.00034845080437820764,27.79999999999859,0.33804873715803346
27.80416666666667,0.00034781644191074165,27.804166666665257,0.3374368229985445
27.808333333333337,0.00034718322891014755,27.808333333331927,0.3368260093885317
27.8125,0.00034655116316581,27.81249999999859,0.33621629436627765
27.816666666666666,0.0003459202424696101,27.816666666665256,0.3356076759733043
27.820833333333336,0.00034529046461591496,27.820833333331922,0.33500015225437074
27.825000000000003,0.00034466182740156107,27.824999999998585,0.3343937212574629
27.82916666666667,0.00034403432862584014,27.829166666665255,0.3337883810337854
27.833333333333332,0.0003434079660904852,27.83333333333192,0.3331841296377579
27.837500000000002,0.00034278273759965445,27.837499999998588,0.3325809651270058
27.84166666666667,0.0003421586409599192,27.841666666665258,0.3319788855623533
27.845833333333335,0.0003415356739802486,27.84583333333192,0.33137788900781723
27.850000000000005,0.00034091383447199447,27.849999999998587,0.33077797353059724
27.854166666666668,0.00034029312024887865,27.854166666665254,0.33017913720107256
27.858333333333334,0.00033967352912697474,27.858333333331917,0.3295813780927935
27.8625,0.000339055058924699,27.862499999998587,0.32898469428247124
27.86666666666667,0.0003384377074627922,27.866666666665253,0.3283890838499757
27.870833333333337,0.00033782147256430646,27.87083333333192,0.3277945448783255
27.875,0.00033720635205459115,27.87499999999859,0.3272010754536812
27.879166666666666,0.00033659234376127604,27.879166666665252,0.3266086736653393
27.883333333333336,0.0003359794455142609,27.88333333333192,0.32601733760572205
27.887500000000003,0.0003353676551456982,27.887499999998585,0.3254270653703748
27.89166666666667,0.0003347569704899797,27.891666666665248,0.32483785505795654
27.895833333333332,0.0003341473893837224,27.895833333331918,0.324249704770231
27.900000000000002,0.00033353890966575134,27.899999999998585,0.32366261261206336
27.90416666666667,0.00033293152917708975,27.90416666666525,0.32307657669141077
27.908333333333335,0.0003323252457609412,27.90833333333192,0.3224915951193154
27.912500000000005,0.00033172005726267683,27.912499999998584,0.32190766600989873
27.916666666666668,0.0003311159615298204,27.91666666666525,0.3213247874803511
27.920833333333334,0.0003305129564120324,27.920833333331917,0.3207429576509289
27.925,0.00032991103976109877,27.92499999999858,0.3201621778146148
27.92916666666667,0.0003293102094309142,27.92916666666525,0.31958245005236235
27.933333333333337,0.00032871046327746827,27.933333333331916,0.3190037658415411
27.9375,0.0003281117991588318,27.937499999998582,0.31842612332550313
27.941666666666666,0.00032751421493513967,27.941666666665252,0.3178495206507657
27.945833333333336,0.0003269177084685805,27.945833333331915,0.3172739559670061
27.950000000000003,0.00032632227762337924,27.94999999999858,0.3166994274270517
27.95416666666667,0.00032572792026578414,27.954166666665248,0.31612593318687876
27.958333333333332,0.0003251346342640523,27.95833333333191,0.3155534714056031
27.962500000000002,0.0003245424174884326,27.96249999999858,0.3149820402454721
27.96666666666667,0.0003239512678111559,27.966666666665247,0.3144116378718627
27.970833333333335,0.00032336161505728205,27.970833333331914,0.313842262453272
27.975000000000005,0.00032277310738011033,27.974999999998584,0.3132739121613113
27.979166666666668,0.00032218567310347807,27.979166666665247,0.312706585170701
27.983333333333334,0.00032159931026533577,27.983333333331913,0.31214027965926167
27.9875,0.00032101401690661467,27.98749999999858,0.3115749938079104
27.99166666666667,0.00032042979107121223,27.991666666665243,0.3110107258006545
27.995833333333337,0.00031984663080598187,27.995833333331912,0.31044747382458127
28.0,0.0003192645341607226,27.99999999999858,0.30988523606985663
28.004166666666666,0.0003186834991881642,28.004166666665245,0.30932401072971605
28.008333333333336,0.0003181035239439615,28.008333333331915,0.30876379600045867
28.012500000000003,0.0003175246064866787,28.012499999998578,0.30820459008144135
28.01666666666667,0.0003169467448777807,28.016666666665245,0.30764639117507037
28.020833333333332,0.00031636993718162044,28.02083333333191,0.3070891974867984
28.025000000000002,0.00031579418146542677,28.024999999998574,0.3065330072251165
28.02916666666667,0.0003152194757992964,28.029166666665244,0.3059778186015455
28.033333333333335,0.00031464581825617983,28.03333333333191,0.30542362983063404
28.037500000000005,0.00031407320691187137,28.037499999998577,0.3048704391299493
28.041666666666668,0.00031350163984499794,28.041666666665247,0.3043182447200712
28.045833333333334,0.00031293111513700574,28.04583333333191,0.30376704482458683
28.05,0.0003123616308721526,28.049999999998576,0.30321683767008184
28.05416666666667,0.00031179318513749386,28.054166666665243,0.30266762148613724
28.058333333333337,0.0003112257760228727,28.058333333331905,0.30211939450532166
28.0625,0.00031065940162090864,28.062499999998575,0.301572154963183
28.066666666666666,0.000310094060026984,28.066666666665242,0.30102590109824584
28.070833333333336,0.00030952974933923667,28.070833333331908,0.3004806311520023
28.075000000000003,0.0003089664676585463,28.074999999998578,0.29993634336890695
28.07916666666667,0.00030840421308852347,28.07916666666524,0.2993930359963704
28.083333333333332,0.0003078429837354992,28.083333333331908,0.29885070728475094
28.087500000000002,0.0003072827777085112,28.087499999998574,0.2983093554873515
28.09166666666667,0.0003067235931192963,28.091666666665237,0.29776897886041187
28.095833333333335,0.00030616542808227694,28.095833333331907,0.2972295756631003
28.100000000000005,0.00030560828071455037,28.099999999998573,0.29669114415751074
28.104166666666668,0.00030505214913587796,28.10416666666524,0.29615368260865416
28.108333333333334,0.00030449703146867167,28.10833333333191,0.29561718928445274
28.1125,0.0003039429258379864,28.112499999998573,0.2950816624557343
28.11666666666667,0.0003033898303715062,28.11666666666524,0.2945471003962232
28.120833333333337,0.00030283774319953406,28.120833333331905,0.29401350138253807
28.125,0.0003022866624549806,28.12499999999857,0.293480863694183
28.129166666666666,0.00030173658627335087,28.12916666666524,0.2929491856135402
28.133333333333336,0.0003011875127927366,28.133333333331905,0.29241846542586664
28.137500000000003,0.00030063944015380295,28.13749999999857,0.2918887014192853
28.14166666666667,0.00030009236649977694,28.14166666666524,0.2913598918847799
28.145833333333332,0.00029954628997643765,28.145833333331904,0.2908320351161887
28.150000000000002,0.0002990012087321022,28.14999999999857,0.290305129410196
28.15416666666667,0.0002984571209176184,28.154166666665237,0.28977917306632917
28.158333333333335,0.0002979140246863504,28.1583333333319,0.2892541643869507
28.162500000000005,0.0002973719181941694,28.16249999999857,0.28873010167724994
28.166666666666668,0.0002968307995994412,28.166666666665236,0.28820698324524036
28.170833333333334,0.0002962906670630142,28.170833333331903,0.2876848074017509
28.175,0.00029575151874821086,28.174999999998573,0.2871635724604202
28.17916666666667,0.00029521335282081413,28.179166666665235,0.2866432767376903
28.183333333333337,0.0002946761674490571,28.183333333331902,0.28612391855279923
28.1875,0.00029413996080361225,28.18749999999857,0.2856054962277767
28.191666666666666,0.00029360473105757753,28.19166666666523,0.2850880080874369
28.195833333333336,0.0002930704763864693,28.1958333333319,0.2845714524593702
28.200000000000003,0.000292537194968208,28.199999999998568,0.2840558276739401
28.20416666666667,0.00029200488498310807,28.204166666665234,0.28354113206427506
28.208333333333332,0.0002914735446138669,28.208333333331904,0.283027363966262
28.212500000000002,0.0002909431720455516,28.212499999998567,0.28251452171854097
28.21666666666667,0.000290413765465591,28.216666666665233,0.28200260366249663
28.220833333333335,0.00028988532306376187,28.2208333333319,0.2814916081422551
28.225000000000005,0.0002893578430321791,28.224999999998563,0.2809815335046757
28.229166666666668,0.00028883132356528413,28.229166666665233,0.2804723780993435
28.233333333333334,0.00028830576285983166,28.2333333333319,0.2799641402785657
28.2375,0.00028778115911488227,28.237499999998565,0.27945681839736364
28.24166666666667,0.0002872575105317882,28.241666666665235,0.27895041081346644
28.245833333333337,0.0002867348153141834,28.2458333333319,0.2784449158873057
28.25,0.0002862130716679721,28.249999999998565,0.2779403319820064
28.254166666666666,0.00028569227780131606,28.25416666666523,0.2774366574633846
28.258333333333336,0.0002851724319246261,28.258333333331894,0.27693389069993857
28.262500000000003,0.00028465353225054914,28.262499999998564,0.2764320300628416
28.26666666666667,0.0002841355769939567,28.26666666666523,0.2759310739259383
28.270833333333332,0.00028361856437193555,28.270833333331897,0.2754310206657366
28.275000000000002,0.00028310249260377263,28.274999999998567,0.27493186866140157
28.27916666666667,0.00028258735991094853,28.27916666666523,0.27443361629474966
28.283333333333335,0.0002820731645171231,28.283333333331896,0.27393626195024035
28.287500000000005,0.00028155990464812536,28.287499999998563,0.27343980401497286
28.291666666666668,0.0002810475785319424,28.291666666665225,0.27294424087867847
28.295833333333334,0.00028053618439870617,28.295833333331895,0.2724495709337121
28.3,0.00028002572048068536,28.299999999998562,0.2719557936975348
28.30416666666667,0.00027951618501227243,28.30416666666523,0.27146291476545664
28.308333333333337,0.0002790075762299719,28.3083333333319,0.270970924652547
28.3125,0.0002784998923723909,28.31249999999856,0.27047982177167484
28.316666666666666,0.0002779931316802249,28.316666666665228,0.2699896045384276
28.320833333333336,0.00027748729239625,28.320833333331894,0.26950027137110877
28.325000000000003,0.0002769823727653095,28.324999999998557,0.2690118206907313
28.32916666666667,0.00027647837103430314,28.329166666665227,0.2685242509210096
28.333333333333332,0.0002759752854521766,28.333333333331893,0.26803756048835725
28.337500000000002,0.0002754731142699079,28.33749999999856,0.2675517478218796
28.34166666666667,0.00027497185574049934,28.34166666666523,0.2670668113533681
28.345833333333335,0.00027447150811896437,28.345833333331893,0.2665827495172958
28.350000000000005,0.0002739720696623166,28.34999999999856,0.2660995607508088
28.354166666666668,0.00027347353862955924,28.354166666665225,0.26561724349372456
28.358333333333334,0.0002729759132816717,28.35833333333189,0.26513579618852395
28.3625,0.00027247919188160165,28.36249999999856,0.26465521728034475
28.36666666666667,0.00027198337269425144,28.366666666665225,0.2641755052169784
28.370833333333337,0.0002714884539864674,28.37083333333189,0.263696658448863
28.375,0.0002709944340270295,28.37499999999856,0.2632186754290773
28.379166666666666,0.00027050131108663733,28.379166666665224,0.2627415546133365
28.383333333333336,0.0002700090834379028,28.38333333333189,0.2622652944599838
28.387500000000003,0.0002695177493553362,28.387499999998557,0.2617898934299884
28.39166666666667,0.0002690273071153355,28.39166666666522,0.2613153499869376
28.395833333333332,0.00026853775499617626,28.39583333333189,0.26084166259703057
28.400000000000002,0.00026804909127799744,28.399999999998556,0.2603688297290747
28.40416666666667,0.00026756131424279377,28.404166666665223,0.2598968498544789
28.408333333333335,0.00026707442217440254,28.408333333331893,0.2594257214472477
28.412500000000005,0.00026658841335849257,28.412499999998555,0.25895544298397644
28.416666666666668,0.0002661032860825536,28.416666666665222,0.2584860129438436
28.420833333333334,0.0002656190386358828,28.42083333333189,0.2580174298086081
28.425,0.0002651356693095772,28.42499999999855,0.2575496920626023
28.42916666666667,0.00026465317639651973,28.42916666666522,0.2570827981927244
28.433333333333337,0.00026417155819136867,28.433333333331888,0.25661674668843637
28.4375,0.00026369081299054735,28.437499999998554,0.25615153604175583
28.441666666666666,0.00026321093909223,28.441666666665224,0.25568716474725134
28.445833333333336,0.0002627319347963346,28.445833333331887,0.2552236313020367
28.450000000000003,0.00026225379840450885,28.449999999998553,0.25476093420576373
28.45416666666667,0.0002617765282201197,28.45416666666522,0.25429907196061957
28.458333333333332,0.0002613001225482424,28.458333333331883,0.2538380430713193
28.462500000000002,0.0002608245796956477,28.462499999998553,0.25337784604509894
28.46666666666667,0.0002603498979707933,28.46666666666522,0.2529184793917128
28.470833333333335,0.00025987607568381054,28.470833333331885,0.25245994162342594
28.475000000000005,0.00025940311114649377,28.474999999998555,0.2520022312550086
28.479166666666668,0.00025893100267228975,28.47916666666522,0.2515453468037317
28.483333333333334,0.00025845974857628397,28.483333333331885,0.25108928678935843
28.4875,0.0002579893471751932,28.48749999999855,0.2506340497341423
28.49166666666667,0.00025751979678735116,28.491666666665214,0.2501796341628196
28.495833333333337,0.00025705109573269873,28.495833333331884,0.24972603860260217
28.5,0.0002565832423327729,28.49999999999855,0.24927326158317512
28.504166666666666,0.00025611623491069314,28.504166666665217,0.24882130163668886
28.508333333333336,0.0002556500717911538,28.508333333331887,0.24837015729775408
28.512500000000003,0.00025518475130041033,28.51249999999855,0.2479198271034365
28.51666666666667,0.00025472027176626883,28.516666666665216,0.24747030959324945
28.520833333333332,0.0002542566315180755,28.520833333331883,0.24702160330915082
28.525000000000002,0.00025379382888670264,28.524999999998546,0.2465737067955364
28.52916666666667,0.0002533318622045413,28.529166666665216,0.24612661859923218
28.533333333333335,0.0002528707298054875,28.533333333331882,0.24568033726949226
28.537500000000005,0.0002524104300249317,28.53749999999855,0.24523486135799083
28.541666666666668,0.0002519509611997478,28.54166666666522,0.24479018941881703
28.545833333333334,0.00025149232166828025,28.54583333333188,0.24434632000847
28.55,0.0002510345097703357,28.549999999998548,0.2439032516858511
28.55416666666667,0.0002505775238471694,28.554166666665214,0.2434609830122613
28.558333333333337,0.00025012136224147516,28.558333333331877,0.24301951255139392
28.5625,0.00024966602329737385,28.562499999998547,0.24257883886932755
28.566666666666666,0.0002492115053604008,28.566666666665213,0.24213896053452347
28.570833333333336,0.0002487578067774971,28.57083333333188,0.24169987611781796
28.575000000000003,0.00024830492589699647,28.57499999999855,0.24126158419241706
28.57916666666667,0.00024785286106861464,28.579166666665213,0.2408240833338916
28.583333333333332,0.00024740161064343877,28.58333333333188,0.2403873721201693
28.587500000000002,0.00024695117297391343,28.587499999998546,0.23995144913153227
28.59166666666667,0.0002465015464138335,28.59166666666521,0.23951631295060996
28.595833333333335,0.00024605272931833003,28.59583333333188,0.23908196216237176
28.600000000000005,0.00024560472004385984,28.599999999998545,0.23864839535412463
28.604166666666668,0.00024515751694819467,28.60416666666521,0.23821561111550507
28.608333333333334,0.00024471111839040815,28.60833333333188,0.23778360803847454
28.6125,0.0002442655227308673,28.612499999998544,0.23735238471731362
28.61666666666667,0.00024382072833121945,28.61666666666521,0.23692193974861486
28.620833333333337,0.00024337673355438147,28.620833333331877,0.23649227173128012
28.625,0.00024293353676452898,28.62499999999854,0.23606337926651305
28.629166666666666,0.000242491136327083,28.62916666666521,0.23563526095781226
28.633333333333336,0.00024204953060870212,28.633333333331876,0.23520791541096872
28.637500000000003,0.0002416087179772688,28.637499999998543,0.23478134123405764
28.64166666666667,0.0002411686968018787,28.641666666665213,0.23435553703743395
28.645833333333332,0.0002407294654528303,28.645833333331876,0.23393050143372668
28.650000000000002,0.00024029102230161125,28.649999999998542,0.2335062330378316
28.65416666666667,0.00023985336572089025,28.65416666666521,0.2330827304669084
28.658333333333335,0.00023941649408450383,28.65833333333187,0.23265999234037354
28.662500000000005,0.0002389804057674458,28.66249999999854,0.23223801727989316
28.666666666666668,0.0002385455958502268,28.666666666665208,0.23181680390938045
28.670833333333334,0.00023811196942606066,28.670833333331874,0.2313963508549879
28.675,0.00023767913841681864,28.674999999998544,0.23097665674510245
28.67916666666667,0.0002372471013632948,28.679166666665207,0.23055772849302422
28.683333333333337,0.00023681585680821788,28.683333333331873,0.2301395575029329
28.6875,0.00023638540329624293,28.68749999999854,0.22972214177843106
28.691666666666666,0.00023595573937393942,28.691666666665203,0.2293054799664885
28.695833333333336,0.00023552686358978506,28.695833333331873,0.22888957071640087
28.700000000000003,0.00023509877449415448,28.69999999999854,0.22847441267978721
28.70416666666667,0.00023467147063931026,28.704166666665206,0.22806000451058356
28.708333333333332,0.00023424495057939419,28.708333333331876,0.22764634486503776
28.712500000000002,0.00023381921287041595,28.71249999999854,0.2272334324017055
28.71666666666667,0.00023339425607024644,28.716666666665205,0.2268212657814434
28.720833333333335,0.00023297007873860707,28.72083333333187,0.22640984366740635
28.725000000000005,0.00023254667943706006,28.724999999998534,0.22599916472504175
28.729166666666668,0.0002321240567290002,28.729166666665204,0.2255892276220828
28.733333333333334,0.0002317022091796433,28.73333333333187,0.22518003102854628
28.7375,0.0002312811353560199,28.737499999998537,0.22477157361672556
28.74166666666667,0.00023086083382696372,28.741666666665207,0.2243638540611867
28.745833333333337,0.00023044130316310287,28.74583333333187,0.22395687103876327
28.75,0.00023002254193685127,28.749999999998536,0.22355062322854968
28.754166666666666,0.0002296045487223969,28.754166666665203,0.22314510931189924
28.758333333333336,0.00022918732209569568,28.758333333331866,0.22274032797241725
28.762500000000003,0.00022877086063446012,28.762499999998536,0.2223362778959554
28.76666666666667,0.00022835516291815015,28.766666666665202,0.22193295777060865
28.770833333333332,0.00022794022752796475,28.77083333333187,0.22153036628670925
28.775000000000002,0.00022752605304683022,28.77499999999854,0.22112850213682153
28.77916666666667,0.00022711263805939402,28.7791666666652,0.22072736401573778
28.783333333333335,0.00022669998115201322,28.783333333331868,0.2203269506204713
28.787500000000005,0.0002262880809127459,28.787499999998534,0.21992726065025409
28.791666666666668,0.00022587693593134197,28.791666666665197,0.21952829280653066
28.795833333333334,0.00022546654479923227,28.795833333331867,0.21913004579295164
28.8,0.00022505690610952162,28.799999999998533,0.21873251831537122
28.80416666666667,0.000224648018456978,28.8041666666652,0.21833570908184083
28.808333333333337,0.00022423988043802342,28.80833333333187,0.21793961680260424
28.8125,0.00022383249065072497,28.812499999998533,0.2175442401900932
28.816666666666666,0.00022342584769478394,28.8166666666652,0.2171495779589205
28.820833333333336,0.00022301995017152872,28.820833333331866,0.21675562882587804
28.825000000000003,0.00022261479668390406,28.82499999999853,0.21636239150992984
28.82916666666667,0.00022221038583646212,28.8291666666652,0.21596986473220642
28.833333333333332,0.00022180671623535313,28.833333333331865,0.21557804721600216
28.837500000000002,0.0002214037864883148,28.83749999999853,0.2151869376867683
28.84166666666667,0.00022100159520466536,28.8416666666652,0.214796534872109
28.845833333333335,0.0002206001409952924,28.845833333331864,0.21440683750177614
28.850000000000005,0.000220199422472644,28.84999999999853,0.21401784430766305
28.854166666666668,0.00021979943825071988,28.854166666665197,0.21362955402380188
28.858333333333334,0.00021940018694506012,28.85833333333186,0.21324196538635734
28.8625,0.00021900166717273869,28.86249999999853,0.21285507713362078
28.86666666666667,0.00021860387755235218,28.866666666665196,0.21246888800600716
28.870833333333337,0.00021820681670401074,28.870833333331863,0.21208339674604884
28.875,0.0002178104832493294,28.874999999998533,0.21169860209839073
28.879166666666666,0.000217414875811417,28.879166666665196,0.21131450280978603
28.883333333333336,0.00021701999301486905,28.883333333331862,0.21093109762908907
28.887500000000003,0.00021662583348575727,28.88749999999853,0.2105483853072535
28.89166666666667,0.00021623239585161997,28.89166666666519,0.21016636459732552
28.895833333333332,0.0002158396787414537,28.89583333333186,0.20978503425443779
28.900000000000002,0.0002154476807857016,28.899999999998528,0.20940439303580696
28.90416666666667,0.00021505640061624735,28.904166666665194,0.20902443970072718
28.908333333333335,0.00021466583686640338,28.908333333331864,0.20864517301056518
28.912500000000005,0.00021427598817090254,28.912499999998527,0.20826659172875614
28.916666666666668,0.0002138868531658886,28.916666666665193,0.20788869462079657
28.920833333333334,0.0002134984304889056,28.92083333333186,0.20751148045424217
28.925,0.000213110718778891,28.924999999998523,0.2071349479987013
28.92916666666667,0.0002127237166761644,28.929166666665193,0.20675909602582923
28.933333333333337,0.0002123374228224187,28.93333333333186,0.20638392330932503
28.9375,0.00021195183586071145,28.937499999998526,0.20600942862492544
28.941666666666666,0.00021156695443545328,28.941666666665196,0.20563561075039996
28.945833333333336,0.00021118277719240158,28.94583333333186,0.2052624684655465
28.950000000000003,0.00021079930277864912,28.949999999998525,0.20489000055218462
28.95416666666667,0.00021041652984261518,28.95416666666519,0.20451820579415292
28.958333333333332,0.0002100344570340369,28.958333333331854,0.20414708297730316
28.962500000000002,0.00020965308300395762,28.962499999998524,0.2037766308894937
28.96666666666667,0.00020927240640472076,28.96666666666519,0.20340684832058703
28.970833333333335,0.00020889242588995825,28.970833333331857,0.20303773406244338
28.975000000000005,0.0002085131401145819,28.974999999998527,0.2026692869089159
28.979166666666668,0.0002081345477347742,28.97916666666519,0.20230150565584623
28.983333333333334,0.00020775664740797764,28.983333333331856,0.20193438910105763
28.9875,0.00020737943779288747,28.987499999998523,0.20156793604435286
28.99166666666667,0.000207002917549441,28.991666666665186,0.2012021452875075
28.995833333333337,0.0002066270853388084,28.995833333331856,0.20083701563426426
29.0,0.0002062519398233839,28.999999999998522,0.20047254589032992
29.004166666666666,0.00020587747966677484,29.00416666666519,0.20010873486336905
29.008333333333336,0.0002055037035337946,29.00833333333186,0.19974558136299933
29.012500000000003,0.00020513061009045172,29.01249999999852,0.19938308420078696
29.01666666666667,0.00020475819800394094,29.016666666665188,0.19902124219024006
29.020833333333332,0.00020438646594263428,29.020833333331854,0.19866005414680615
29.025000000000002,0.00020401541257606998,29.024999999998517,0.19829951888786596
29.02916666666667,0.00020364503657494546,29.029166666665187,0.19793963523272712
29.033333333333335,0.0002032753366111067,29.033333333331854,0.19758040200262167
29.037500000000005,0.00020290631135753907,29.03749999999852,0.19722181802069955
29.041666666666668,0.00020253795948835837,29.04166666666519,0.19686388211202377
29.045833333333334,0.00020217027967879965,29.045833333331853,0.19650659310356627
29.05,0.00020180327060521076,29.04999999999852,0.19614994982420073
29.05416666666667,0.00020143693094504107,29.054166666665186,0.19579395729802895
29.058333333333337,0.00020107125937683244,29.05833333333185,0.1954386107799429
29.0625,0.0002007062545802105,29.06249999999852,0.19508390688934485
29.066666666666666,0.00020034191523587348,29.066666666665185,0.19472984447188485
29.070833333333336,0.00019997824002558544,29.07083333333185,0.19437642237520616
29.075000000000003,0.00019961522763216512,29.07499999999852,0.19402363944894138
29.07916666666667,0.00019925287673947713,29.079166666665184,0.19367149454470795
29.083333333333332,0.00019889118603242314,29.08333333333185,0.19331998651610302
29.087500000000002,0.00019853015419693025,29.087499999998517,0.19296911421870075
29.09166666666667,0.0001981697799199449,29.09166666666518,0.19261887651004722
29.095833333333335,0.00019781006188942144,29.09583333333185,0.19226927224965468
29.100000000000005,0.00019745099879431315,29.099999999998516,0.1919203002989996
29.104166666666668,0.00019709258932456357,29.104166666665183,0.19157195952151676
29.108333333333334,0.0001967348321710951,29.108333333331853,0.19122424878259536
29.1125,0.00019637772602580243,29.112499999998516,0.1908771669495749
29.11666666666667,0.00019602126958154152,29.116666666665182,0.19053071289173928
29.120833333333337,0.00019566546153212047,29.12083333333185,0.19018488548031492
29.125,0.00019531030057229072,29.12499999999851,0.18983968358846517
29.129166666666666,0.0001949557853977359,29.12916666666518,0.1894951060912848
29.133333333333336,0.00019460191470506536,29.133333333331848,0.18915115186579787
29.137500000000003,0.0001942486871918024,29.137499999998514,0.1888078197909519
29.14166666666667,0.00019389610155637606,29.141666666665184,0.188465108747614
29.145833333333332,0.00019354415649811175,29.145833333331847,0.18812301761856673
29.150000000000002,0.0001931928507172206,29.149999999998514,0.18778154528850236
29.15416666666667,0.00019284218291479207,29.15416666666518,0.1874406906440206
29.158333333333335,0.0001924921517927834,29.158333333331843,0.1871004525736234
29.162500000000005,0.00019214275605401054,29.162499999998513,0.18676082996770918
29.166666666666668,0.00019179399440213892,29.16666666666518,0.1864218217185709
29.170833333333334,0.00019144586554167294,29.170833333331846,0.18608342672039016
29.175,0.00019109836817794866,29.174999999998516,0.1857456438692332
29.17916666666667,0.00019075150101712307,29.17916666666518,0.18540847206304692
29.183333333333337,0.00019040526276616505,29.183333333331845,0.18507191020165303
29.1875,0.00019005965213284617,29.18749999999851,0.184735957186746
29.191666666666666,0.00018971466782573016,29.191666666665174,0.18440061192188759
29.195833333333336,0.0001893703085541658,29.195833333331844,0.18406587331250113
29.200000000000003,0.00018902657302827572,29.19999999999851,0.18373174026586986
29.20416666666667,0.00018868345995894784,29.204166666665177,0.18339821169113044
29.208333333333332,0.000188340968057826,29.208333333331847,0.18306528649926973
29.212500000000002,0.00018799909603729934,29.21249999999851,0.18273296360312027
29.21666666666667,0.00018765784261049522,29.216666666665176,0.18240124191735446
29.220833333333335,0.00018731720649126814,29.220833333331843,0.18207012035848283
29.225000000000005,0.00018697718639419108,29.224999999998506,0.18173959784484808
29.229166666666668,0.00018663778103454614,29.229166666665176,0.18140967329661994
29.233333333333334,0.00018629898912831397,29.233333333331842,0.1810803456357929
29.2375,0.00018596080939216656,29.23749999999851,0.18075161378618043
29.24166666666667,0.0001856232405434564,29.24166666666518,0.180423476673411
29.245833333333337,0.00018528628130020752,29.24583333333184,0.18009593322492404
29.25,0.0001849499303811063,29.249999999998508,0.1797689823699642
29.254166666666666,0.00018461418650549106,29.254166666665174,0.17944262303957897
29.258333333333336,0.00018427904839334435,29.258333333331837,0.1791168541666137
29.262500000000003,0.00018394451476528274,29.262499999998507,0.17879167468570545
29.26666666666667,0.00018361058434254734,29.266666666665174,0.17846708353328167
29.270833333333332,0.000183277255846995,29.27083333333184,0.17814307964755358
29.275000000000002,0.00018294452800108747,29.27499999999851,0.1778196619685128
29.27916666666667,0.00018261239952788432,29.279166666665173,0.17749682943792683
29.283333333333335,0.00018228086915103199,29.28333333333184,0.1771745809993337
29.287500000000005,0.0001819499355947548,29.287499999998506,0.17685291559803967
29.291666666666668,0.000181619597583846,29.29166666666517,0.17653183218111357
29.295833333333334,0.0001812898538436571,29.29583333333184,0.1762113296973816
29.3,0.0001809607031000905,29.299999999998505,0.1758914070974249
29.30416666666667,0.0001806321440795885,29.30416666666517,0.17557206333357414
29.308333333333337,0.00018030417550912497,29.30833333333184,0.1752532973599052
29.3125,0.00017997679611619552,29.312499999998504,0.17493510813223526
29.316666666666666,0.00017965000462880735,29.31666666666517,0.17461749460811699
29.320833333333336,0.00017932379977547166,29.320833333331837,0.17430045574683647
29.325000000000003,0.00017899818028519303,29.3249999999985,0.17398399050940755
29.32916666666667,0.00017867314488746055,29.32916666666517,0.17366809785856666
29.333333333333332,0.00017834869231223846,29.333333333331836,0.17335277675877045
29.337500000000002,0.00017802482128995557,29.337499999998503,0.17303802617619
29.34166666666667,0.00017770153055149824,29.341666666665173,0.1727238450787069
29.345833333333335,0.00017737881882819916,29.345833333331836,0.17241023243590922
29.350000000000005,0.00017705668485182857,29.349999999998502,0.17209718721908573
29.354166666666668,0.00017673512735458558,29.35416666666517,0.17178470840122365
29.358333333333334,0.00017641414506908666,29.35833333333183,0.1714727949570033
29.3625,0.00017609373672835917,29.3624999999985,0.17116144586279258
29.36666666666667,0.0001757739010658301,29.366666666665168,0.17085066009664487
29.370833333333337,0.0001754546368153171,29.370833333331834,0.17054043663829319
29.375,0.00017513594271101988,29.374999999998504,0.17023077446914608
29.379166666666666,0.00017481781748750883,29.379166666665167,0.16992167257228402
29.383333333333336,0.00017450025987971834,29.383333333331834,0.169613129932453
29.387500000000003,0.00017418326862293567,29.3874999999985,0.16930514553606293
29.39166666666667,0.00017386684245279202,29.391666666665163,0.1689977183711818
29.395833333333332,0.00017355098010525367,29.395833333331833,0.16869084742753043
29.400000000000002,0.00017323568031661103,29.3999999999985,0.16838453169648035
29.40416666666667,0.0001729209418234716,29.404166666665166,0.16807877017104772
29.408333333333335,0.00017260676336274883,29.408333333331836,0.16777356184588965
29.412500000000005,0.0001722931436716537,29.4124999999985,0.16746890571730005
29.416666666666668,0.00017198008148768505,29.416666666665165,0.16716480078320384
29.420833333333334,0.00017166757554861936,29.42083333333183,0.16686124604315472
29.425,0.00017135562459250322,29.424999999998494,0.16655824049832982
29.42916666666667,0.00017104422735764256,29.429166666665164,0.16625578727317714
29.433333333333337,0.0001707333825825939,29.43333333333183,0.16595388509383055
29.4375,0.0001704230890061548,29.437499999998497,0.16565252948655115
29.441666666666666,0.00017011334536735394,29.441666666665167,0.16535171946734836
29.445833333333336,0.000169804150405443,29.44583333333183,0.16505145405393873
29.450000000000003,0.00016949550285988638,29.449999999998496,0.16475173226574052
29.45416666666667,0.0001691874014703522,29.454166666665163,0.16445255312387197
29.458333333333332,0.00016887984497670306,29.458333333331826,0.1641539156511468
29.462500000000002,0.0001685728321189855,29.462499999998496,0.16385581887206901
29.46666666666667,0.00016826636163742262,29.466666666665162,0.1635582618128315
29.470833333333335,0.0001679604322724033,29.47083333333183,0.1632612435013107
29.475000000000005,0.00016765504276447326,29.4749999999985,0.16296476296706314
29.479166666666668,0.0001673501918543261,29.47916666666516,0.16266881924132218
29.483333333333334,0.00016704587828279247,29.483333333331828,0.1623734113569927
29.4875,0.0001667421007908327,29.487499999998494,0.16207853834864946
29.49166666666667,0.0001664388581195264,29.491666666665157,0.16178419925253215
29.495833333333337,0.00016613614901006294,29.495833333331827,0.1614903931065409
29.5,0.00016583397220373296,29.499999999998494,0.16119711895023417
29.504166666666666,0.00016553232644191717,29.50416666666516,0.16090437582482386
29.508333333333336,0.0001652312104660794,29.50833333333183,0.1606121627731718
29.512500000000003,0.00016493062301775577,29.512499999998493,0.16032047883978628
29.51666666666667,0.00016463056283854555,29.51666666666516,0.160029323070817
29.520833333333332,0.00016433102867010233,29.520833333331826,0.1597386945140531
29.525000000000002,0.00016403201925412308,29.52499999999849,0.15944859221891877
29.52916666666667,0.00016373353333234113,29.52916666666516,0.1591590152364681
29.533333333333335,0.00016343556964651518,29.533333333331825,0.15886996261938344
29.537500000000005,0.00016313812693842037,29.53749999999849,0.15858143342197017
29.541666666666668,0.00016284120394983933,29.54166666666516,0.15829342670015362
29.545833333333334,0.0001625447994225514,29.545833333331824,0.15800594151147515
29.55,0.0001622489120983254,29.54999999999849,0.15771897691508735
29.55416666666667,0.0001619535407189086,29.554166666665157,0.15743253197175214
29.558333333333337,0.00016165868402601827,29.55833333333182,0.15714660574383602
29.5625,0.00016136434076133204,29.56249999999849,0.1568611972953054
29.566666666666666,0.00016107050966647767,29.566666666665157,0.15657630569172448
29.570833333333336,0.00016077718948302538,29.570833333331823,0.15629193000025055
29.575000000000003,0.00016048437895247735,29.574999999998493,0.15600806928963035
29.57916666666667,0.0001601920768162588,29.579166666665156,0.1557247226301966
29.583333333333332,0.0001599011392705843,29.583333333331822,0.1554418890938629
29.587500000000002,0.00015961129201100133,29.58749999999849,0.15515956775412207
29.59166666666667,0.000159321976531874,29.59166666666515,0.15487775768604117
29.595833333333335,0.00015903319183242532,29.59583333333182,0.15459645796625693
29.600000000000005,0.00015874493691308918,29.599999999998488,0.15431566767297378
29.604166666666668,0.0001584572107755044,29.604166666665154,0.15403538588595894
29.608333333333334,0.00015817001242250715,29.608333333331824,0.15375561168653878
29.6125,0.0001578833408581265,29.612499999998487,0.15347634415759542
29.61666666666667,0.00015759719508757672,29.616666666665154,0.15319758238356185
29.620833333333337,0.0001573115741172515,29.62083333333182,0.1529193254504198
29.625,0.00015702647695471772,29.624999999998483,0.15264157244569507
29.629166666666666,0.00015674190260870778,29.629166666665153,0.15236432245845302
29.633333333333336,0.00015645785008911527,29.63333333333182,0.1520875745792964
29.637500000000003,0.00015617431840698757,29.637499999998486,0.1518113279003604
29.64166666666667,0.0001558913065745194,29.641666666665156,0.15153558151530935
29.645833333333332,0.0001556088136050471,29.64583333333182,0.15126033451933302
29.650000000000002,0.00015532683851304089,29.649999999998485,0.1509855860091418
29.65416666666667,0.00015504538031410047,29.65416666666515,0.15071133508296453
29.658333333333335,0.00015476443802494753,29.658333333331814,0.15043758084054407
29.662500000000005,0.00015448401066341943,29.662499999998484,0.1501643223831324
29.666666666666668,0.00015420409724846342,29.66666666666515,0.14989155881348884
29.670833333333334,0.00015392469680012907,29.670833333331817,0.14961928923587492
29.675,0.00015364580833956358,29.674999999998487,0.14934751275605093
29.67916666666667,0.00015336743088900437,29.67916666666515,0.1490762284812725
29.683333333333337,0.00015308956347177298,29.683333333331817,0.14880543552028552
29.6875,0.00015281220511226916,29.687499999998483,0.1485351329833244
29.691666666666666,0.00015253535483596302,29.691666666665146,0.14826531998210704
29.695833333333336,0.0001522590116693909,29.695833333331816,0.1479959956298303
29.700000000000003,0.0001519831746401474,29.699999999998482,0.14772715904116832
29.70416666666667,0.0001517078427768798,29.70416666666515,0.14745880933226693
29.708333333333332,0.00015143301510928155,29.70833333333182,0.14719094562074087
29.712500000000002,0.00015115869066808515,29.71249999999848,0.1469235670256697
29.71666666666667,0.00015088486848505715,29.716666666665148,0.1466566726675931
29.720833333333335,0.00015061154759299115,29.720833333331814,0.14639026166850905
29.725000000000005,0.00015033872702570136,29.724999999998477,0.14612433315186876
29.729166666666668,0.00015006640581801658,29.729166666665147,0.14585888624257243
29.733333333333334,0.0001497945830057729,29.733333333331814,0.14559392006696686
29.7375,0.00014952325762580902,29.73749999999848,0.14532943375284074
29.74166666666667,0.00014925242871595857,29.74166666666515,0.14506542642942113
29.745833333333337,0.00014898209531504438,29.745833333331813,0.14480189722736989
29.75,0.000148712256462872,29.74999999999848,0.14453884527877875
29.754166666666666,0.00014844291120022274,29.754166666665146,0.1442762697171674
29.758333333333336,0.00014817405856884858,29.75833333333181,0.1440141696774787
29.762500000000003,0.00014790569761146495,29.76249999999848,0.14375254429607418
29.76666666666667,0.00014763782737174446,29.766666666665145,0.1434913927107317
29.770833333333332,0.0001473704468943113,29.77083333333181,0.14323071406064086
29.775000000000002,0.0001471035552247331,29.77499999999848,0.14297050748639947
29.77916666666667,0.0001468371514095167,29.779166666665144,0.14271077213000977
29.783333333333335,0.00014657123449610083,29.78333333333181,0.1424515071348738
29.787500000000005,0.00014630580353284958,29.787499999998477,0.14219271164579128
29.791666666666668,0.00014604085756904676,29.79166666666514,0.1419343848089547
29.795833333333334,0.00014577639565488802,29.79583333333181,0.14167652577194528
29.8,0.00014551241684147674,29.799999999998477,0.14141913368373027
29.80416666666667,0.00014524892018081618,29.804166666665143,0.1411622099859612
29.808333333333337,0.0001449859047258033,29.808333333331813,0.14090575618574339
29.8125,0.00014472336953022316,29.812499999998476,0.14064976710760926
29.816666666666666,0.000144461313648741,29.816666666665142,0.14039424191337785
29.820833333333336,0.00014419973613689799,29.82083333333181,0.14013917976632784
29.825000000000003,0.00014393863605110336,29.82499999999847,0.13988457983119335
29.82916666666667,0.0001436780124486286,29.82916666666514,0.1396304412741598
29.833333333333332,0.00014341786438760144,29.833333333331808,0.13937676326286236
29.837500000000002,0.00014315819092699812,29.837499999998474,0.13912354496638155
29.84166666666667,0.00014289899112663904,29.841666666665144,0.13887078555524032
29.845833333333335,0.00014264026404718096,29.845833333331807,0.13861848420140077
29.850000000000005,0.00014238200875011135,29.849999999998474,0.13836664007826016
29.854166666666668,0.00014212422429774196,29.85416666666514,0.1381152523606491
29.858333333333334,0.00014186690975320163,29.858333333331803,0.1378643202248273
29.8625,0.00014161006418043134,29.862499999998473,0.13761384284847988
29.86666666666667,0.00014135368664417708,29.86666666666514,0.13736381941071518
29.870833333333337,0.00014109777620998352,29.870833333331806,0.13711424909206105
29.875,0.00014084233194418808,29.874999999998476,0.13686513107446124
29.879166666666666,0.0001405873529139135,29.87916666666514,0.13661646454127285
29.883333333333336,0.00014033283818706298,29.883333333331805,0.13636824867726158
29.887500000000003,0.00014007878683231298,29.88749999999847,0.13612048266860055
29.89166666666667,0.00013982519791910704,29.891666666665134,0.13587316570286576
29.895833333333332,0.0001395720705176497,29.895833333331804,0.13562629696903225
29.900000000000002,0.00013931940369889888,29.89999999999847,0.13537987565747245
29.90416666666667,0.00013906719653456178,29.904166666665137,0.1351339009599517
29.908333333333335,0.00013881544809708654,29.908333333331807,0.1348883720696254
29.912500000000005,0.00013856415745965714,29.91249999999847,0.13464328818103585
29.916666666666668,0.0001383133236961866,29.916666666665137,0.13439864849010807
29.920833333333334,0.00013806294588130982,29.920833333331803,0.134154452194148
29.925,0.00013781302309037892,29.924999999998466,0.1339106984918385
29.92916666666667,0.00013756355439945576,29.929166666665136,0.13366738658323518
29.933333333333337,0.00013731453888530582,29.933333333331802,0.13342451566976485
29.9375,0.00013706597562539229,29.93749999999847,0.13318208495422115
29.941666666666666,0.00013681786369786834,29.94166666666514,0.1329400936407615
29.945833333333336,0.0001365702021815727,29.9458333333318,0.13269854093490413
29.950000000000003,0.00013632299015602214,29.949999999998468,0.13245742604352373
29.95416666666667,0.00013607622670140543,29.954166666665134,0.13221674817484963
29.958333333333332,0.00013582991089857712,29.958333333331797,0.13197650653846213
29.962500000000002,0.00013558404182905024,29.962499999998467,0.13173670034528795
29.96666666666667,0.00013533861857499167,29.966666666665134,0.13149732880759893
29.970833333333335,0.0001350936402192145,29.9708333333318,0.13125839113900745
29.975000000000005,0.00013484910584517213,29.97499999999847,0.13101988655446353
29.979166666666668,0.0001346050145369521,29.979166666665133,0.1307818142702518
29.983333333333334,0.00013436136537926872,29.9833333333318,0.13054417350398714
29.9875,0.0001341181574574584,29.987499999998466,0.13030696347461315
29.99166666666667,0.0001338753898574721,29.99166666666513,0.13007018340239782
29.995833333333337,0.00013363306166586935,29.9958333333318,0.12983383250892963
30.0,0.0001333911719698121,29.999999999998465,0.12959791001711596
30.004166666666666,0.00013314971985705748,30.00416666666513,0.1293624151511785
30.008333333333336,0.00013290870441595284,30.0083333333318,0.12912734713665042
30.012500000000003,0.00013266812473542849,30.012499999998465,0.12889270520037333
30.01666666666667,0.00013242797990499147,30.01666666666513,0.128658488570493
30.020833333333332,0.00013218826901471978,30.020833333331797,0.12842469647645754
30.025000000000002,0.00013194899115525464,30.02499999999846,0.12819132814901346
30.02916666666667,0.00013171014541779586,30.02916666666513,0.1279583828202015
30.033333333333335,0.00013147173089409465,30.033333333331797,0.127725859723355
30.037500000000005,0.00013123374667644712,30.037499999998463,0.12749375809309574
30.041666666666668,0.00013099619185768857,30.041666666665133,0.12726207716533053
30.045833333333334,0.00013075906553118585,30.045833333331796,0.12703081617724854
30.05,0.00013052236679083292,30.049999999998462,0.1267999743673169
30.05416666666667,0.00013028609473104294,30.05416666666513,0.12656955097527892
30.058333333333337,0.00013005024844674282,30.05833333333179,0.12633954524215005
30.0625,0.00012981482703336656,30.06249999999846,0.126109956410214
30.066666666666666,0.00012957982958684825,30.066666666665128,0.12588078372302075
30.070833333333336,0.00012934525520361714,30.070833333331795,0.12565202642538245
30.075000000000003,0.00012911110298059026,30.074999999998465,0.12542368376337024
30.07916666666667,0.00012887737201516637,30.079166666665127,0.12519575498431149
30.083333333333332,0.00012864406140521996,30.083333333331794,0.12496823933678519
30.087500000000002,0.00012841117024909356,30.08749999999846,0.12474113607062046
30.09166666666667,0.00012817869764559337,30.091666666665123,0.1245144444368924
30.095833333333335,0.00012794664269398162,30.095833333331793,0.124288163687918
30.100000000000005,0.00012771500449397055,30.09999999999846,0.12406229307725458
30.104166666666668,0.00012748378214571637,30.104166666665126,0.12383683185969534
30.108333333333334,0.00012725297474981177,30.108333333331796,0.1236117792912663
30.1125,0.00012702258140728122,30.11249999999846,0.1233871346292235
30.11666666666667,0.00012679260121957372,30.116666666665125,0.12316289713204848
30.120833333333337,0.00012656303328855637,30.12083333333179,0.12293906605944671
30.125,0.00012633387671650862,30.124999999998455,0.1227156406723435
30.129166666666666,0.0001261051306061147,30.129166666665125,0.12249262023287977
30.133333333333336,0.000125876794060459,30.13333333333179,0.12227000400441074
30.137500000000003,0.00012564886618301847,30.137499999998457,0.12204779125150113
30.14166666666667,0.00012542134607765678,30.141666666665127,0.12182598123992264
30.145833333333332,0.000125194232848618,30.14583333333179,0.1216045732366504
30.150000000000002,0.0001249675256005194,30.149999999998457,0.12138356650985922
30.15416666666667,0.0001247412234383467,30.154166666665123,0.12116296032892147
30.158333333333335,0.0001245153254674464,30.158333333331786,0.12094275396440314
30.162500000000005,0.00012428983079352003,30.162499999998456,0.12072294668805991
30.166666666666668,0.0001240647385226179,30.166666666665122,0.12050353777283526
30.170833333333334,0.00012384004776113173,30.17083333333179,0.1202845264928563
30.175,0.00012361575761578997,30.17499999999846,0.12006591212343067
30.17916666666667,0.0001233918671936502,30.17916666666512,0.11984769479110977
30.183333333333337,0.00012316837560209337,30.183333333331788,0.1196298780848699
30.1875,0.0001229452819488173,30.187499999998455,0.11941245639899895
30.191666666666666,0.0001227225853418298,30.191666666665117,0.11919542901990272
30.195833333333336,0.00012250028488944344,30.195833333331787,0.11897879523523085
30.200000000000003,0.00012227837970026835,30.199999999998454,0.11876255433387552
30.20416666666667,0.00012205686888320632,30.20416666666512,0.1185467056059678
30.208333333333332,0.00012183575154744433,30.20833333333179,0.11833124834287484
30.212500000000002,0.00012161502680244749,30.212499999998453,0.11811618183719748
30.21666666666667,0.00012139469375795413,30.21666666666512,0.11790150538276624
30.220833333333335,0.00012117475152396841,30.220833333331786,0.11768721827464015
30.225000000000005,0.00012095519921075437,30.22499999999845,0.11747331980910304
30.229166666666668,0.00012073603592882952,30.22916666666512,0.11725980928366003
30.233333333333334,0.00012051726078895796,30.233333333331785,0.11704668599703624
30.2375,0.00012029887290214514,30.23749999999845,0.11683394924917291
30.24166666666667,0.00012008087137963069,30.24166666666512,0.11662159834122468
30.245833333333337,0.00011986325533288233,30.245833333331785,0.11640963257555734
30.25,0.00011964602387358976,30.24999999999845,0.11619805125574363
30.254166666666666,0.0001194291761136573,30.254166666665117,0.11598685368656217
30.258333333333336,0.00011921271116519909,30.25833333333178,0.11577603917399379
30.262500000000003,0.00011899662814053169,30.26249999999845,0.11556560702521798
30.26666666666667,0.00011878092615216803,30.266666666665117,0.11535555654861145
30.270833333333332,0.00011856560431281135,30.270833333331783,0.11514588705374444
30.275000000000002,0.00011835066173534776,30.274999999998453,0.1149365978513781
30.27916666666667,0.00011813609753284153,30.279166666665116,0.11472768825346177
30.283333333333335,0.00011792191081852763,30.283333333331782,0.1145191575731294
30.287500000000005,0.00011770810070580567,30.28749999999845,0.11431100512469809
30.291666666666668,0.00011749466630823383,30.29166666666511,0.11410323022366436
30.295833333333334,0.00011728160673952158,30.29583333333178,0.11389583218670092
30.3,0.00011706892111352466,30.299999999998448,0.11368881033165491
30.30416666666667,0.000116856608544238,30.304166666665115,0.11348216397754453
30.308333333333337,0.00011664466814578931,30.308333333331785,0.11327589244455605
30.3125,0.00011643309903243327,30.312499999998447,0.11306999505404146
30.316666666666666,0.00011622190031854408,30.316666666665114,0.11286447112851465
30.320833333333336,0.00011601107111861058,30.32083333333178,0.1126593199916499
30.325000000000003,0.0001158006105472289,30.324999999998443,0.11245454096827842
30.32916666666667,0.00011559051771909654,30.329166666665113,0.11225013338438494
30.333333333333332,0.000115380791749006,30.33333333333178,0.11204609656710598
30.337500000000002,0.0001151714317518377,30.337499999998446,0.11184242984472635
30.34166666666667,0.00011496243684255498,30.341666666665116,0.11163913254667643
30.345833333333335,0.00011475380613619686,30.34583333333178,0.11143620400352965
30.350000000000005,0.00011454553874787182,30.349999999998445,0.11123364354699862
30.354166666666668,0.00011433763379275184,30.35416666666511,0.11103145050993378
30.358333333333334,0.000114130090386065,30.358333333331775,0.11082962422631985
30.3625,0.00011392290764309062,30.362499999998445,0.11062816403127232
30.36666666666667,0.00011371608467915199,30.36666666666511,0.11042706926103601
30.370833333333337,0.00011350962060961012,30.370833333331777,0.11022633925298121
30.375,0.00011330351454985789,30.374999999998447,0.11002597334560127
30.379166666666666,0.00011309776561531254,30.37916666666511,0.10982597087850977
30.383333333333336,0.00011289237292141082,30.383333333331777,0.1096263311924371
30.387500000000003,0.00011268733558360168,30.387499999998443,0.1094270536292286
30.39166666666667,0.00011248265271734035,30.391666666665106,0.10922813753184134
30.395833333333332,0.00011227832343808186,30.395833333331776,0.10902958224434053
30.400000000000002,0.00011207434686127417,30.399999999998442,0.10883138711189795
30.40416666666667,0.00011187072210235289,30.40416666666511,0.10863355148078846
30.408333333333335,0.00011166744827673424,30.40833333333178,0.10843607469838701
30.412500000000005,0.00011146452449980886,30.412499999998442,0.10823895611316646
30.416666666666668,0.00011126194988693569,30.416666666665108,0.10804219507469354
30.420833333333334,0.00011105972355343465,30.420833333331775,0.10784579093362752
30.425,0.00011085784461458182,30.424999999998438,0.10764974304171666
30.42916666666667,0.0001106563121856021,30.429166666665107,0.10745405075179464
30.433333333333337,0.00011045512538166303,30.433333333331774,0.1072587134177793
30.4375,0.00011025428331786887,30.43749999999844,0.10706373039466865
30.441666666666666,0.00011005378510925311,30.44166666666511,0.10686910103853833
30.445833333333336,0.0001098536298707736,30.445833333331773,0.1066748247065392
30.450000000000003,0.00010965381671730547,30.44999999999844,0.1064809007568933
30.45416666666667,0.00010945434476363466,30.454166666665106,0.10628732854889258
30.458333333333332,0.00010925521312445217,30.45833333333177,0.10609410744289541
30.462500000000002,0.0001090564209143465,30.46249999999844,0.1059012368003229
30.46666666666667,0.00010885796724779887,30.466666666665105,0.10570871598365765
30.470833333333335,0.000108659851239176,30.470833333331772,0.10551654435643976
30.475000000000005,0.00010846207200272367,30.474999999998442,0.10532472128326445
30.479166666666668,0.00010826462865256111,30.479166666665105,0.1051332461297794
30.483333333333334,0.00010806752030267336,30.48333333333177,0.10494211826268085
30.4875,0.00010787074606690642,30.487499999998438,0.10475133704971237
30.49166666666667,0.00010767430505895996,30.4916666666651,0.10456090185966121
30.495833333333337,0.00010747819639238135,30.49583333333177,0.10437081206235482
30.5,0.00010728321526522677,30.499999999998437,0.10418106702865942
30.504166666666666,0.00010708901734668975,30.504166666665103,0.10399166613047615
30.508333333333336,0.00010689517262363502,30.508333333331773,0.1038026087407386
30.512500000000003,0.00010670168043241787,30.512499999998436,0.10361389423341008
30.51666666666667,0.00010650854011036468,30.516666666665103,0.10342552198348007
30.520833333333332,0.00010631575099576956,30.52083333333177,0.10323749136696252
30.525000000000002,0.00010612331242788943,30.524999999998432,0.10304980176089248
30.52916666666667,0.00010593122374694201,30.529166666665102,0.10286245254332262
30.533333333333335,0.00010573948429410082,30.53333333333177,0.10267544309332162
30.537500000000005,0.00010554809341149199,30.537499999998435,0.10248877279097052
30.541666666666668,0.00010535705044219049,30.541666666665105,0.10230244101736019
30.545833333333334,0.00010516635473021566,30.545833333331768,0.10211644715458859
30.55,0.00010497600562052891,30.549999999998434,0.10193079058575709
30.55416666666667,0.00010478600245902874,30.5541666666651,0.10174547069496899
30.558333333333337,0.00010459634459254765,30.558333333331763,0.1015604918768568
30.5625,0.00010440703136884839,30.562499999998433,0.10137584901034913
30.566666666666666,0.00010421806213661933,30.5666666666651,0.10119154122951353
30.570833333333336,0.00010402943624547226,30.570833333331766,0.1010075679281533
30.575000000000003,0.00010384115304593748,30.574999999998436,0.10082392850113049
30.57916666666667,0.00010365321188946057,30.5791666666651,0.10064062234436337
30.583333333333332,0.00010346561212839868,30.583333333331765,0.10045764885482332
30.587500000000002,0.00010327835311601609,30.587499999998432,0.10027500743053368
30.59166666666667,0.00010309143420648161,30.591666666665095,0.10009269747056654
30.595833333333335,0.00010290485475486406,30.595833333331765,0.09991071837503979
30.600000000000005,0.00010271861411712888,30.59999999999843,0.09972906954511586
30.604166666666668,0.00010253271165013436,30.604166666665098,0.09954775038299846
30.608333333333334,0.00010234714671162726,30.608333333331768,0.09936676029193042
30.6125,0.00010216191866024029,30.61249999999843,0.09918609867619137
30.61666666666667,0.00010197702685548751,30.616666666665097,0.09900576494109453
30.620833333333337,0.00010179247065776088,30.620833333331763,0.09882575849298542
30.625,0.00010160824942832655,30.624999999998426,0.09864607873923893
30.629166666666666,0.00010142436252932063,30.629166666665096,0.09846672508825616
30.633333333333336,0.0001012408093237463,30.633333333331763,0.09828769694946327
30.637500000000003,0.00010105758917546965,30.63749999999843,0.0981089937333082
30.64166666666667,0.00010087470144921586,30.6416666666651,0.09793061485125841
30.645833333333332,0.00010069214551056575,30.645833333331762,0.0977525597157987
30.650000000000002,0.00010050992072595137,30.64999999999843,0.09757482774042792
30.65416666666667,0.00010032802646265324,30.654166666665095,0.09739741833965773
30.658333333333335,0.00010014646208879606,30.658333333331758,0.0972203309290096
30.662500000000005,9.996522697334508e-05,30.662499999998428,0.09704356492501169
30.666666666666668,9.978432048610245e-05,30.666666666665094,0.09686711974519778
30.670833333333334,9.960374199770284e-05,30.67083333333176,0.09669099480810377
30.675,9.9423490879611e-05,30.67499999999843,0.09651518953326574
30.67916666666667,9.924356650411682e-05,30.679166666665093,0.09633970334121743
30.683333333333337,9.906396824433239e-05,30.68333333333176,0.09616453565348716
30.6875,9.888469547418791e-05,30.687499999998426,0.0959896858925966
30.691666666666666,9.870574756842754e-05,30.69166666666509,0.09581515348205763
30.695833333333336,9.85271239026067e-05,30.69583333333176,0.09564093784636937
30.700000000000003,9.834882385308744e-05,30.699999999998425,0.09546703841101697
30.70416666666667,9.817084679703531e-05,30.704166666665092,0.09529345460246828
30.708333333333332,9.799319211241533e-05,30.708333333331762,0.09512018584817172
30.712500000000002,9.781585917798779e-05,30.712499999998425,0.09494723157655385
30.71666666666667,9.763884737330556e-05,30.71666666666509,0.0947745912170164
30.720833333333335,9.746215607870967e-05,30.720833333331758,0.09460226419993478
30.725000000000005,9.728578467532573e-05,30.72499999999842,0.09443024995665525
30.729166666666668,9.710973254506036e-05,30.72916666666509,0.09425854791949166
30.733333333333334,9.693399907059665e-05,30.733333333331757,0.09408715752172446
30.7375,9.67585836353918e-05,30.737499999998423,0.09391607819759722
30.74166666666667,9.658348562367236e-05,30.741666666665093,0.09374530938231453
30.745833333333337,9.640870442043084e-05,30.745833333331756,0.09357485051203977
30.75,9.623423941142211e-05,30.749999999998423,0.0934047010238918
30.754166666666666,9.606008998315892e-05,30.75416666666509,0.09323486035594375
30.758333333333336,9.588625552290939e-05,30.758333333331752,0.09306532794722
30.762500000000003,9.571273541869233e-05,30.762499999998422,0.09289610323769304
30.76666666666667,9.553952905927395e-05,30.76666666666509,0.09272718566828245
30.770833333333332,9.536663583416406e-05,30.770833333331755,0.09255857468085142
30.775000000000002,9.51940551336118e-05,30.774999999998425,0.09239026971820465
30.77916666666667,9.502178634860287e-05,30.779166666665088,0.092222270224086
30.783333333333335,9.484982887085522e-05,30.783333333331754,0.09205457564317546
30.787500000000005,9.467818209281534e-05,30.78749999999842,0.09188718542108769
30.791666666666668,9.450684540765483e-05,30.791666666665083,0.09172009900436905
30.795833333333334,9.433581820926579e-05,30.795833333331753,0.09155331584049461
30.8,9.416509989225841e-05,30.79999999999842,0.09138683537786686
30.80416666666667,9.399468985195636e-05,30.804166666665086,0.09122065706581249
30.808333333333337,9.38245874843932e-05,30.808333333331756,0.09105478035458014
30.8125,9.365479218630899e-05,30.81249999999842,0.09088920469533814
30.816666666666666,9.348530335514565e-05,30.816666666665085,0.09072392954017139
30.820833333333336,9.331612038904446e-05,30.820833333331752,0.09055895434207989
30.825000000000003,9.314724268684152e-05,30.824999999998415,0.09039427855497596
30.82916666666667,9.297866964806434e-05,30.829166666665085,0.090229901633681
30.833333333333332,9.281040067292804e-05,30.83333333333175,0.09006582303392437
30.837500000000002,9.264243516233111e-05,30.837499999998418,0.08990204221234009
30.84166666666667,9.247477251785265e-05,30.841666666665088,0.08973855862646464
30.845833333333335,9.230741214174801e-05,30.84583333333175,0.08957537173473462
30.850000000000005,9.214035343694518e-05,30.849999999998417,0.08941248099648373
30.854166666666668,9.197359580704122e-05,30.854166666665083,0.08924988587194128
30.858333333333334,9.180713865629781e-05,30.858333333331746,0.08908758582222927
30.8625,9.164098138963871e-05,30.862499999998416,0.08892558030935943
30.86666666666667,9.147512341264522e-05,30.866666666665083,0.0887638687962318
30.870833333333337,9.130956413155246e-05,30.87083333333175,0.08860245074663159
30.875,9.114430295324624e-05,30.87499999999842,0.08844132562522697
30.879166666666666,9.09793392852582e-05,30.879166666665082,0.08828049289756676
30.883333333333336,9.081467253576334e-05,30.88333333333175,0.08811995203007728
30.887500000000003,9.065030211357562e-05,30.887499999998415,0.08795970249006102
30.89166666666667,9.048622742814427e-05,30.891666666665078,0.08779974374569359
30.895833333333332,9.032244788955034e-05,30.895833333331748,0.08764007526602081
30.900000000000002,9.015896290850219e-05,30.899999999998414,0.08748069652095739
30.90416666666667,8.999577189633288e-05,30.90416666666508,0.08732160698128358
30.908333333333335,8.983287426499576e-05,30.90833333333175,0.08716280611864312
30.912500000000005,8.967026942706075e-05,30.912499999998413,0.08700429340554086
30.916666666666668,8.9507956795711e-05,30.91666666666508,0.08684606831533975
30.920833333333334,8.934593578473828e-05,30.920833333331746,0.08668813032225917
30.925,8.918420580854045e-05,30.92499999999841,0.08653047890137233
30.92916666666667,8.902276628211688e-05,30.92916666666508,0.08637311352860305
30.933333333333337,8.886161662106504e-05,30.933333333331746,0.08621603718294432
30.9375,8.870075624157685e-05,30.937499999998412,0.08605924716814178
30.941666666666666,8.854018456043421e-05,30.941666666665082,0.08590274185377206
30.945833333333336,8.837990099500648e-05,30.945833333331745,0.08574652072418787
30.950000000000003,8.82199049632459e-05,30.94999999999841,0.08559058326464347
30.95416666666667,8.806019588368409e-05,30.954166666665078,0.08543492896129373
30.958333333333332,8.790077317542849e-05,30.95833333333174,0.08527955730119142
30.962500000000002,8.774163625815791e-05,30.96249999999841,0.08512446777228469
30.96666666666667,8.75827845521199e-05,30.966666666665077,0.08496965986341598
30.970833333333335,8.742421747812627e-05,30.970833333331743,0.08481513306431915
30.975000000000005,8.726593445754953e-05,30.974999999998413,0.08466088686561768
30.979166666666668,8.710793491231939e-05,30.979166666665076,0.0845069207588227
30.983333333333334,8.695021826491829e-05,30.983333333331743,0.08435323423633012
30.9875,8.679278393837871e-05,30.98749999999841,0.08419982679141984
30.99166666666667,8.663563135627873e-05,30.991666666665072,0.0840466979182527
30.995833333333337,8.647875994273852e-05,30.995833333331742,0.08389384711186833
,,30.99999999999841,0.08374127386818375
