time,P_100%,P_99%,P_90%,P_50%,P_20%
0.0,100.0,99.0,90.0,50.0,20.0
0.004166666666666667,99.99949998231854,98.99944712082718,89.99902406324867,49.99829026297561,19.998966344574114
0.008333333333333333,99.99899985459673,98.99878425306821,89.99704967951381,49.99381415143201,19.996165507452147
0.012500000000000002,99.99849951620344,98.99801935986305,89.99415057621573,49.98678307235163,19.991735827286192
0.016666666666666666,99.99799887745881,98.99715959592614,89.99039300388067,49.977387106183876,19.98580179281472
0.020833333333333332,99.99749785756732,98.99621141577856,89.98583674759516,49.965797987075376,19.978475879323813
0.025000000000000005,99.99699638467024,98.99518065406227,89.9805358468963,49.95217102937005,19.96985992165648
0.02916666666666667,99.996494392887,98.99407261219535,89.97453942964843,49.93664761754433,19.96004656492864
0.03333333333333333,99.99599182363806,98.99289210841503,89.9678921411966,49.91935629882613,19.949120125160942
0.0375,99.99548862376409,98.99164353977591,89.96063473288704,49.90041450397045,19.937157641396638
0.041666666666666664,99.99498474512029,98.99033092776568,89.95280448148768,49.87992973919401,19.92422964741777
0.04583333333333334,99.99448014383061,98.98895796000943,89.94443557209607,49.85800063128566,19.9104008974298
0.05000000000000001,99.99397478009855,98.98752802417425,89.93555942048708,49.834717941053285,19.895730903066635
0.05416666666666667,99.99346861788487,98.98604423833443,89.92620493547034,49.81016517521428,19.880274506469693
0.05833333333333334,99.99296162412955,98.98450948016875,89.91639880543107,49.7844194914298,19.864082342340737
0.0625,99.99245376860594,98.98292640963079,89.90616570300361,49.75755224104473,19.847201235639716
0.06666666666666667,99.99194502370725,98.98129748948767,89.89552847310523,49.72962952949857,19.829674553946695
0.07083333333333335,99.99143536415983,98.97962500396407,89.88450830625032,49.70071269100564,19.8115425291472
0.075,99.99092476679722,98.97791107508998,89.8731248898897,49.670858727774316,19.792842538782438
0.07916666666666668,99.99041321027808,98.97615767750506,89.86139654557823,49.64012069019479,19.77360935951273
0.08333333333333333,99.98990067523597,98.97436665027386,89.84934033911527,49.60854803005149,19.75387536691916
0.08750000000000001,99.98938714365397,98.97253971003236,89.83697219748007,49.57618686327983,19.733670778496013
0.09166666666666667,99.98887259914578,98.9706784600054,89.82430699971968,49.543080303588525,19.71302379467912
0.09583333333333334,99.98835702642289,98.96878440046363,89.81135866801955,49.50926866345861,19.691960785437537
0.10000000000000002,99.98784041160593,98.96685893586802,89.79814023619133,49.474789711437126,19.670506421872467
0.10416666666666667,99.98732274173597,98.96490338346574,89.78466392987481,49.4396788359677,19.64868381208065
0.10833333333333334,99.98680400498078,98.96291897928093,89.77094121905853,49.403969261370776,19.6265146234686
0.1125,99.986284190364,98.9609068847898,89.756982884569,49.36769217962059,19.604019183688905
0.11666666666666668,99.98576328776922,98.95886819225007,89.74279906230561,49.33087692895947,19.581216587798217
0.12083333333333335,99.98524128787739,98.9568039298269,89.72839929546413,49.29355110384664,19.558124779067008
0.125,99.9847181820342,98.95471506629102,89.71379257434313,49.255740700530794,19.534760638107727
0.12916666666666668,99.98419396227729,98.95260251511229,89.69898737686401,49.21747021138746,19.511140054659727
0.13333333333333333,99.98366862113717,98.95046713849237,89.68399170532004,49.178762744066354,19.487277993486817
0.1375,99.98314215197836,98.94830975042088,89.66881311425155,49.139640105588384,19.463188554373268
0.1416666666666667,99.98261454841064,98.94613112053646,89.65345874407507,49.10012289739914,19.438885045663586
0.14583333333333334,99.98208580460835,98.94393197671506,89.6379353517742,49.06023057396281,19.41438001721159
0.15,99.981555915186,98.94171300782577,89.62224932864137,49.019981550565795,19.389685324659713
0.15416666666666667,99.98102487507805,98.93947486633549,89.60640673096667,48.979393247985485,19.36481216320839
0.15833333333333335,99.98049267973569,98.9372181704468,89.59041329504487,48.93848215652241,19.33977111665207
0.1625,99.97995932476339,98.93494350642574,89.57427446178772,48.89726390557891,19.31457219244117
0.16666666666666666,99.9794248062459,98.93265143040206,89.55799539237788,48.85575329992549,19.28922485736659
0.17083333333333336,99.9788891204243,98.9303424702968,89.5415809858603,48.81396438504715,19.263738072826154
0.17500000000000002,99.97835226388733,98.92801712746146,89.52503589562218,48.771910483544104,19.238120322043518
0.17916666666666667,99.97781423343007,98.9256758782514,89.50836454237549,48.729604239776315,19.212379642080123
0.18333333333333335,99.97727502606482,98.92331917547556,89.4915711293941,48.687057663504035,19.186523647140742
0.1875,99.97673463905305,98.92094744975898,89.4746596535526,48.6442821605484,19.16055955572609
0.19166666666666668,99.97619306977546,98.91856111077237,89.45763391814367,48.60128857248774,19.134494212042195
0.19583333333333333,99.97565031584739,98.91616054843934,89.4404975431635,48.55808720544956,19.108334108505552
0.20000000000000004,99.97510637493193,98.91374613394837,89.42325397576349,48.51468786108513,19.082085404874338
0.2041666666666667,99.97456124497056,98.91131822088903,89.4059064995848,48.47109986542918,19.055753946126732
0.20833333333333334,99.97401492414058,98.90887714623523,89.38845824325156,48.427332093426685,19.02934528258365
0.21250000000000002,99.97346741044474,98.90642323096216,89.37091218944104,48.38339299494343,19.0028646850757
0.21666666666666667,99.97291870215172,98.90395678115061,89.3532711825186,48.33929061611975,18.976317159327706
0.22083333333333335,99.97236879772,98.90147808877764,89.33553793537857,48.29503262143983,18.949707461470812
0.225,99.97181769549846,98.89898743216948,89.31771503655469,48.2506263152385,18.92304011112507
0.22916666666666666,99.97126539402915,98.89648507695503,89.29980495638299,48.206078659490956,18.896319404052676
0.23333333333333336,99.97071189200423,98.89397127672574,89.28181005335024,48.16139629182722,18.869549424148246
0.23750000000000002,99.97015718801916,98.89144627336613,89.26373257963822,48.11658554247427,18.84273405448449
0.2416666666666667,99.96960128081176,98.88891029787413,89.24557468600949,48.07165244861938,18.815876988239324
0.24583333333333335,99.96904416923411,98.88636357091804,89.2273384275176,48.0266027712051,18.7889817382538
0.25,99.9684858520641,98.88380630310138,89.20902576800549,47.9814420088467,18.76205164636086
0.2541666666666667,99.96792632817959,98.88123869565028,89.19063858399352,47.9361754084321,18.735089892824462
0.25833333333333336,99.96736559654322,98.87866094088923,89.17217866974909,47.8908079799874,18.70809950386558
0.2625,99.96680365605769,98.87607322244504,89.15364774099422,47.84534450890521,18.68108335950563
0.26666666666666666,99.96624050569537,98.87347571583224,89.13504743789669,47.79978956486598,18.654044201825027
0.2708333333333333,99.96567614449144,98.87086858886245,89.11637932963016,47.75414751304357,18.626984641127855
0.275,99.96511057142801,98.86825200181339,89.09764491749806,47.708422525744986,18.599907162523273
0.2791666666666667,99.96454378553358,98.86562610791823,89.07884563734925,47.66261859042897,18.572814133013633
0.2833333333333334,99.96397578587509,98.86299105371228,89.05998286349852,47.616739516658875,18.545707806163424
0.28750000000000003,99.96340657143811,98.86034697911028,89.04105791134253,47.57078894795844,18.518590328004763
0.2916666666666667,99.96283614126843,98.8576940179383,89.0220720390406,47.52477036896585,18.491463743719365
0.29583333333333334,99.96226449448484,98.85503229827196,89.00302645157097,47.47868711038109,18.46433000282182
0.3,99.96169163026167,98.85236194269818,88.98392230323641,47.43254235882072,18.43719096112065
0.3041666666666667,99.96111754754374,98.84968306798847,88.96476069984921,47.38633916378879,18.410048385238788
0.30833333333333335,99.9605422453545,98.84699578587185,88.94554269788829,47.34008044082638,18.382903960258506
0.3125,99.95996572278126,98.84430020331895,88.92626931000265,47.29376897990859,18.355759292907916
0.3166666666666667,99.95938797894178,98.84159642269702,88.9069415067806,47.24740745339015,18.32861591319024
0.32083333333333336,99.95880901278863,98.83888454153465,88.88756021841817,47.20099842164865,18.301475277716168
0.325,99.95822882332158,98.83616465312144,88.8681263339868,47.15454433634362,18.274338776329962
0.32916666666666666,99.95764740958175,98.83343684675093,88.84864070571228,47.10804753692218,18.247207734576463
0.3333333333333333,99.95706477062856,98.83070120785199,88.82910415070671,47.06151026835213,18.220083415000936
0.33749999999999997,99.95648090538081,98.82795781777955,88.80951745234003,47.01493468265181,18.192967019466444
0.34166666666666673,99.95589581278624,98.82520675431157,88.789881359507,46.96832284354151,18.165859695040858
0.3458333333333334,99.95530949181757,98.8224480918576,88.77019658997969,46.92167672327379,18.138762535822604
0.35000000000000003,99.95472194145404,98.81968190156338,88.75046383211327,46.87499821082998,18.111676584203444
0.3541666666666667,99.95413316056239,98.81690825115741,88.73068374592773,46.82828911948993,18.08460283251652
0.35833333333333334,99.95354314802243,98.81412720533888,88.71085696266235,46.78155118883402,18.057542227955548
0.36250000000000004,99.95295190272559,98.81133882595653,88.69098408717187,46.73478608672884,18.030495674065087
0.3666666666666667,99.95235942356109,98.80854317209665,88.67106569959935,46.68799540646445,18.003464031771866
0.37083333333333335,99.9517657093268,98.8057402999572,88.6511023562434,46.64118067904949,17.976448120461576
0.375,99.95117075882317,98.80293026316423,88.63109458922973,46.59434337399984,17.949448722331812
0.37916666666666665,99.95057457085359,98.80011311292624,88.61104290823417,46.547484902311446,17.922466583504484
0.38333333333333336,99.94997714421444,98.79728889810694,88.59094780213894,46.50060661437549,17.89550241498496
0.3875,99.94937847762323,98.79445766512704,88.57080973968678,46.453709805184396,17.868556893395997
0.39166666666666666,99.94877856979312,98.79161945821761,88.55062916936033,46.40679571945229,17.84163066459993
0.3958333333333333,99.94817741943412,98.78877431955357,88.53040652050258,46.35986555283471,17.814724344623066
0.4000000000000001,99.9475750252413,98.78592228930935,88.51014220491199,46.31292045325123,17.787838520131608
0.40416666666666673,99.94697138581706,98.78306340550779,88.48983661734222,46.26596151892316,17.760973748866952
0.4083333333333334,99.94636649977305,98.78019770434324,88.46949013513382,46.21898980650892,17.734130563760218
0.41250000000000003,99.94576036572725,98.77732522030468,88.44910311921058,46.172006331634805,17.70730947334565
0.4166666666666667,99.94515298230337,98.77444598622827,88.4286759160775,46.125012070829314,17.68051096325058
0.4208333333333334,99.94454434814395,98.77156003340964,88.4082088580082,46.07800796007668,17.65373549677981
0.42500000000000004,99.94393446174992,98.7686673913068,88.38770226389778,46.030994898194166,17.626983510612646
0.4291666666666667,99.94332332155491,98.76576808752823,88.3671564392574,45.98397375036461,17.600255422811273
0.43333333333333335,99.94271092605034,98.76286214850532,88.34657167307813,45.93694534886635,17.57355163263365
0.4375,99.94209727372126,98.75994959929506,88.32594824367877,45.889910493785,17.54687252104924
0.4416666666666667,99.94148236305583,98.75703046366426,88.30528641803916,45.84286995134564,17.52021845183306
0.44583333333333336,99.94086619250231,98.75410476407012,88.28458645209433,45.79582446046517,17.493589768795754
0.45,99.94024876037665,98.7511725213059,88.26384859138625,45.748774732829645,17.466986799032146
0.45416666666666666,99.93963006504724,98.74823375515564,88.24307306901851,45.701721454287174,17.440409855427486
0.4583333333333333,99.93901010487608,98.74528848430121,88.22226010741105,45.654665285972335,17.41385923633097
0.4625000000000001,99.93838887822133,98.74233672635341,88.20140992043657,45.60760685895718,17.387335226470213
0.46666666666666673,99.93776638343451,98.73937849790933,88.18052271289677,45.5605467820415,17.360838096182764
0.4708333333333334,99.93714261874854,98.73641381423897,88.15959868105664,45.5134856430104,17.334368100463973
0.47500000000000003,99.93651758240473,98.73344268961884,88.13863801244956,45.466424008623044,17.307925483683118
0.4791666666666667,99.93589127264946,98.73046513747748,88.11764088416581,45.419362425846884,17.28151047864756
0.4833333333333334,99.9352636877198,98.72748117034881,88.09660746659588,45.37230141953451,17.255123307258515
0.48750000000000004,99.9346348258496,98.72449079992727,88.07553792280216,45.32524149439413,17.228764180817464
0.4916666666666667,99.93400468520733,98.72149403696613,88.05443240878517,45.27818313882701,17.20243329813685
0.49583333333333335,99.93337326391459,98.7184908912091,88.0332910738666,45.23112682430351,17.17613084910168
0.5,99.93274056011,98.71548137175179,88.01211405924316,45.18407300636059,17.149857014653406
0.5041666666666668,99.93210657191949,98.71246548694592,87.99090149955572,45.137022124068146,17.123611967037327
0.5083333333333334,99.93147129746066,98.70944324444027,87.96965352384954,45.089974598382085,17.09739587032
0.5125000000000001,99.93083473482668,98.70641465118486,87.94837025535183,45.042930837622166,17.071208879010342
0.5166666666666667,99.9301968820396,98.70337971323964,87.92705181180779,44.995891236497826,17.045051139599263
0.5208333333333334,99.92955773713538,98.7003384360933,87.90569830523253,44.94885617678485,17.018922791830228
0.525,99.92891729813913,98.69729082463759,87.88430984109276,44.90182602770953,16.992823968493784
0.5291666666666667,99.92827556306545,98.69423688317582,87.86288652057456,44.85480114378261,16.96675479585503
0.5333333333333333,99.92763252991872,98.691176615456,87.84142844012102,44.807781868716205,16.94071539334125
0.5375,99.92698819664237,98.68811002453343,87.81993569164437,44.76076853551138,16.9147058730821
0.5416666666666666,99.92634256117258,98.68503711289574,87.79840836273908,44.71376146670462,16.888726342085683
0.5458333333333334,99.92569562144122,98.68195788256739,87.77684653567812,44.66676097494564,16.862776901828006
0.55,99.92504737536827,98.67887233507972,87.75525028868599,44.61976736140785,16.8368576485603
0.5541666666666667,99.92439782086461,98.67578047149922,87.73361969632907,44.57278091762304,16.81096867345792
0.5583333333333333,99.92374695580052,98.67268229237786,87.71195482943457,44.52580192683594,16.785110061697093
0.5625,99.92309477801285,98.6695777976874,87.69025575530627,44.478830663805915,16.759281894162697
0.5666666666666668,99.92244128534716,98.6664669870635,87.66852253739256,44.431867395298994,16.73348424745113
0.5708333333333334,99.92178647563887,98.66334985973991,87.64675523494321,44.384912379197985,16.707717193977896
0.5750000000000001,99.92113034671635,98.6602264145707,87.62495390460823,44.33796586612473,16.681980802224807
0.5791666666666667,99.92047289640482,98.65709665005753,87.60311860002292,44.29102809826209,16.656275136104902
0.5833333333333334,99.91981412249473,98.65396056430691,87.58124937197887,44.24409931203353,16.630600255656933
0.5875,99.91915402270955,98.65081815481638,87.55934626862279,44.19717973725493,16.60495621767092
0.5916666666666667,99.91849259479942,98.6476694188679,87.53740933521811,44.15026959709731,16.579343075586042
0.5958333333333333,99.91782983650417,98.64451435343227,87.51543861283027,44.10336910669946,16.553760879693254
0.6,99.91716574555409,98.6413529551672,87.49343414081304,44.05647847658709,16.52820967682992
0.6041666666666666,99.91650031967238,98.63818522043725,87.47139595623426,44.00959791210141,16.502689510961787
0.6083333333333334,99.91583355656482,98.63501114531243,87.4493240938862,43.96272761352717,16.47720042269841
0.6125,99.91516545388288,98.63183072540767,87.42721858642999,43.91586777638557,16.45174245045144
0.6166666666666667,99.9144960092893,98.62864395611463,87.4050794644246,43.869018591665956,16.42631563005913
0.6208333333333333,99.91382522043901,98.62545083258485,87.38290675533813,43.822180243340995,16.40091999484163
0.625,99.91315308497782,98.62225134971719,87.36070048497334,43.775352910496125,16.37555557494153
0.6291666666666668,99.91247960054434,98.61904550217359,87.3384606774279,43.728536768830935,16.350222398664513
0.6333333333333334,99.91180476476671,98.61583328438972,87.31618735501708,43.68173198962414,16.324920492369703
0.6375000000000001,99.91112857522381,98.61261469043751,87.29388053838917,43.63493873979535,16.29964988047626
0.6416666666666667,99.91045102949755,98.60938971417242,87.27154024662073,43.58815718193927,16.2744105855842
0.6458333333333334,99.90977212516505,98.60615834927202,87.24916649640679,43.54138747538234,16.249202628585646
0.65,99.90909185979422,98.60292058920686,87.22675930287333,43.49462977863481,16.224026027868383
0.6541666666666667,99.90841023094507,98.59967642725277,87.20431867994064,43.44788424470442,16.198880799552466
0.6583333333333333,99.90772723616999,98.59642585650337,87.18184464012336,43.401151022786166,16.173766958691793
0.6625,99.90704287298462,98.59316886978758,87.15933719461889,43.35443025844942,16.1486845186812
0.6666666666666666,99.90635713889753,98.58990545971929,87.1367963534001,43.30772209361257,16.12363349128841
0.6708333333333334,99.90567003141466,98.58663561877869,87.11422212479359,43.26102666665349,16.09861388667585
0.6749999999999999,99.9049815480327,98.58335933927623,87.09161451561592,43.21434411732849,16.07362571359359
0.6791666666666667,99.90429168624017,98.5800766133621,87.06897353183494,43.16767458224859,16.048668980487257
0.6833333333333335,99.90360044351864,98.57678743303619,87.04629917831731,43.12101819366491,16.023743693958625
0.6875,99.90290781732408,98.57349179010718,87.02359145889704,43.07437508104617,15.998849859114921
0.6916666666666668,99.902213805098,98.57018967617557,87.00085037644708,43.027745371065876,15.973987479732479
0.6958333333333333,99.90151840428089,98.56688108274172,86.97807593270376,42.98112918757203,15.949156558254614
0.7000000000000001,99.90082161230433,98.56356600116652,86.9552681280233,42.93452665319987,15.924357095781009
0.7041666666666667,99.90012342659197,98.56024442267835,86.93242696215347,42.887937891627224,15.899589093353136
0.7083333333333334,99.89942384456046,98.55691633838097,86.90955243399394,42.84136302201976,15.874852551691315
0.7125,99.89872286360291,98.55358173920642,86.88664454163704,42.79480216128653,15.85014746961393
0.7166666666666667,99.8980204811162,98.55024061601402,86.86370328242388,42.74825542420345,15.825473844932006
0.7208333333333333,99.89731669446613,98.54689295942993,86.84072865269007,42.70172292339466,15.800831674450183
0.7250000000000001,99.89661150102597,98.54353876004241,86.81772064840688,42.65520476948284,15.776220953961467
0.7291666666666666,99.89590489815993,98.54017800832425,86.7946792640246,42.608701074124255,15.751641678472595
0.7333333333333334,99.89519688322444,98.5368106946413,86.77160449387077,42.562211946705276,15.727093843566703
0.7374999999999999,99.89448745356118,98.53343680924455,86.7484963316139,42.515737494214946,15.70257744341998
0.7416666666666667,99.89377660648678,98.53005634220257,86.72535477032093,42.46927782200242,15.678092471255567
0.7458333333333335,99.89306433932357,98.52666928353085,86.70217980246059,42.422833033768256,15.653638919539803
0.75,99.89235064938806,98.52327562316387,86.67897141943183,42.376403231545495,15.629216779980032
0.7541666666666668,99.89163553399057,98.51987535094992,86.6557296123127,42.32998851699053,15.604826043517692
0.7583333333333333,99.89091899043584,98.51646845665584,86.63245437181118,42.283588992139656,15.580466701078382
0.7625000000000001,99.89020101602355,98.51305492997146,86.60914568819214,42.237204756172225,15.556138743389464
0.7666666666666667,99.88948160804749,98.5096347605135,86.58580355131232,42.19083590691675,15.531842160098147
0.7708333333333334,99.88876076376638,98.50620793774027,86.56242795065289,42.14448254087282,15.507576940277405
0.775,99.8880384804346,98.50277445098435,86.53901887534946,42.098144753190525,15.483343072426415
0.7791666666666667,99.88731475530683,98.49933428955721,86.51557631397505,42.051822637641685,15.45914054446755
0.7833333333333333,99.8865895856281,98.49588744268702,86.49210025397771,42.00551628739831,15.434969343892597
0.7875000000000001,99.8858629686332,98.4924338995181,86.46859068291124,41.959225797372376,15.410829458578029
0.7916666666666666,99.88513490154591,98.48897364911038,86.44504758799718,41.91295125976559,15.386720875507196
0.7958333333333334,99.88440538157833,98.48550668043788,86.4214709560731,41.86669276556806,15.362643581088225
0.8000000000000002,99.88367440594176,98.48203298240506,86.39786077359342,41.820450404789455,15.338597561271866
0.8041666666666667,99.8829419718648,98.47855254395954,86.37421702662701,41.77422426644899,15.314582801546875
0.8083333333333335,99.88220807654659,98.47506535392007,86.35053970085178,41.728014438559974,15.290599286932657
0.8125,99.88147271717463,98.47157140101282,86.32682878200843,41.68182100832145,15.266647001977432
0.8166666666666668,99.8807358909255,98.46807067388863,86.30308425590515,41.63564406401029,15.242725931690204
0.8208333333333334,99.87999759496394,98.4645631611212,86.27930610762492,41.58948369240959,15.218836060865574
0.8250000000000001,99.87925782644204,98.46104885120475,86.25549432194313,41.54333997918104,15.194977373520697
0.8291666666666667,99.87851658249963,98.45752773255133,86.23164888332337,41.49721300922896,15.171149853342806
0.8333333333333334,99.87777386031081,98.45399979360894,86.20776977590825,41.45110286669246,15.147353483688189
0.8375,99.87702965703579,98.45046502285533,86.18385698350792,41.40500963493351,15.123588247579262
0.8416666666666668,99.87628396980969,98.44692340860128,86.15991048961732,41.358933396555116,15.099854127699814
0.8458333333333333,99.87553679575804,98.44337493909549,86.13593027853163,41.312874234799956,15.076151106621714
0.8500000000000001,99.87478813199623,98.43981960252367,86.11191633423853,41.26683223225995,15.052479167220806
0.8541666666666666,99.87403797562895,98.43625738700707,86.08786864011635,41.22080747042565,15.02883829171617
0.8583333333333334,99.87328632374933,98.43268828060047,86.06378717933417,41.1748000301999,15.005228462045558
0.8625000000000002,99.87253317345127,98.42911227130683,86.0396719348465,41.12880999189291,14.981649659896974
0.8666666666666667,99.87177852185226,98.42552934722116,86.01552288938593,41.08283743521409,14.958101866706711
0.8708333333333335,99.87102236603833,98.42193949632764,85.99134002545415,41.03688243926089,14.93458506365601
0.875,99.8702647030851,98.41834270653075,85.96712332545201,40.99094508322704,14.911099231698632
0.8791666666666668,99.86950553005917,98.41473896568266,85.94287277254689,40.9450254462899,14.887644352062749
0.8833333333333334,99.86874484401763,98.41112826158212,85.91858834932854,40.89912360659749,14.864220405656175
0.8875000000000001,99.86798264200748,98.40751058197307,85.89427003811129,40.853239641830676,14.840827373068413
0.8916666666666667,99.86721892106584,98.40388591454308,85.86991782107482,40.80737362920059,14.817465234700142
0.8958333333333334,99.86645367824703,98.40025424698369,85.8455316802594,40.761525645443605,14.79413397076228
0.9,99.86568691059561,98.39661556700887,85.82111159755985,40.7156957668139,14.770833561274102
0.9041666666666668,99.86491861513844,98.39296986222222,85.79665755471788,40.66988406742065,14.747563986060378
0.9083333333333333,99.86414878889411,98.38931712018207,85.77216953155393,40.624090628610084,14.72432522495436
0.9125000000000001,99.86337742887285,98.38565732840162,85.74764751551012,40.57831552221148,14.701117257826699
0.9166666666666666,99.86260453207593,98.38199047434803,85.72309148477237,40.53255882352323,14.67794006420356
0.9208333333333334,99.86183009549546,98.37831654544136,85.69850142125776,40.48682060737936,14.65479362346336
0.9250000000000002,99.86105411612212,98.37463552906148,85.67387730673867,40.44110094816188,14.631677914838068
0.9291666666666667,99.86027659096086,98.37094741264329,85.64921912285052,40.395399919813265,14.608592917412325
0.9333333333333335,99.85949751699232,98.36725218354584,85.62452685109933,40.34971759600875,14.585538610121915
0.9375,99.85871689118774,98.3635498290649,85.59980047286956,40.30405405085205,14.562514971126191
0.9416666666666668,99.85793471051005,98.35984033645536,85.57503996991048,40.25840935757512,14.539521981078604
0.9458333333333334,99.85715097191368,98.35612369293038,85.55024532405082,40.21278358896097,14.516559617485353
0.9500000000000001,99.856365672344,98.35239988566028,85.52541651672017,40.1671768174681,14.493627858980048
0.9541666666666667,99.85557880873702,98.34866890177142,85.50055352930211,40.121589115244426,14.470726684058796
0.9583333333333334,99.85479037801896,98.34493072834488,85.47565634314365,40.07602055414123,14.447856071083454
0.9625,99.85400037712667,98.34118535244585,85.45072493956457,40.03047120572701,14.425015998284874
0.9666666666666668,99.85320880300537,98.33743276122486,85.42575929986684,39.984941141301455,14.402206443768584
0.9708333333333333,99.85241565257321,98.33367294171947,85.40075940534426,39.9394304319151,14.379427385749127
0.9750000000000001,99.85162092274092,98.32990588091994,85.375725237295,39.893939148567284,14.356678802330558
0.9791666666666666,99.85082461041164,98.32613156578147,85.35065677717749,39.8484673619935,14.333960671393802
0.9833333333333334,99.85002671248064,98.32234998322349,85.32555400645533,39.803015142649095,14.311272970720951
0.9875000000000002,99.84922722583521,98.31856112012912,85.300416906564,39.757582560796905,14.288615677998964
0.9916666666666667,99.84842614735426,98.31476496334429,85.27524545898508,39.7121696865209,14.265988770823302
0.9958333333333335,99.84762347390857,98.31096149967686,85.25003964525604,39.666776589739754,14.243392226701571
1.0,99.84681920237935,98.30715071593488,85.2247994469796,39.62140334022039,14.220826023057143
1.0041666666666667,99.84601332963928,98.30333259894782,85.19952484583355,39.576050007591576,14.19829013723279
1.0083333333333335,99.84520585254626,98.2995071354623,85.17421582358028,39.53071666135746,14.175784546516917
1.0125,99.84439676795111,98.29567431219206,85.14887236201699,39.485403370124054,14.153309228267716
1.0166666666666668,99.84358607269725,98.29183411581877,85.12349444216339,39.44011020156582,14.130864159693996
1.0208333333333333,99.84277376362051,98.28798653299181,85.09808204540136,39.39483722409514,14.108449317921803
1.0250000000000001,99.84195983754908,98.28413155032749,85.07263515339588,39.349584505962376,14.086064680020726
1.0291666666666668,99.84114429130307,98.28026915440859,85.04715374787591,39.30435211525411,14.063710223007476
1.0333333333333334,99.84032712169645,98.27639933178376,85.02163781064115,39.259140119902256,14.041385923849404
1.0375,99.83950832555163,98.27252206901736,84.99608732356899,39.21394858769323,14.019091759468083
1.0416666666666667,99.8386878996769,98.26863735265418,84.97050226862132,39.168777586277095,13.99682770674281
1.0458333333333334,99.83786584087065,98.26474516918131,84.94488262785157,39.12362718317659,13.974593742514113
1.05,99.83704214592417,98.26084550505654,84.91922838330737,39.078497445555335,13.952389843431726
1.0541666666666667,99.83621681162168,98.25693834670821,84.89353951643075,39.033388439370086,13.930215985913438
1.0583333333333333,99.83538983474006,98.25302368053481,84.867816009104,38.98830023110991,13.908072146528594
1.0625,99.83456121204868,98.24910149290457,84.84205784338735,38.94323288722148,13.885958301802129
1.0666666666666667,99.83373094030942,98.24517177015495,84.81626500141302,38.89818647399069,13.86387442821285
1.0708333333333335,99.83289901627982,98.24123449859485,84.79043746539008,38.853161057548675,13.841820502195754
1.075,99.83206543672047,98.23728966454598,84.7645752176093,38.80815670387777,13.819796500144294
1.0791666666666668,99.83123019837782,98.23333725429013,84.73867824044797,38.763173478817585,13.797802398412678
1.0833333333333333,99.8303932979909,98.22937725407014,84.71274651637478,38.71821144807094,13.775838173318114
1.0875000000000001,99.8295547322917,98.22540965010135,84.68678002782396,38.673270704829235,13.753903801136266
1.0916666666666668,99.82871449800528,98.22143442857133,84.66077875686598,38.62835124795005,13.731999257905864
1.0958333333333334,99.8278725918496,98.21745157563963,84.63474268596461,38.58345318354148,13.71012451966356
1.1,99.82702901053536,98.21346107743749,84.60867179769947,38.53857657557,13.688279562475817
1.1041666666666667,99.82618375076599,98.20946292006751,84.58256607472913,38.49372148796426,13.666464362366698
1.1083333333333334,99.82533680921064,98.20545708946732,84.55642549979473,38.44888798461511,13.644678895319364
1.1125,99.82448818264534,98.20144357207079,84.5302500557236,38.40407612937574,13.622923137277473
1.1166666666666667,99.82363786770267,98.19742235367936,84.5040397254327,38.35928598606162,13.601197064146609
1.1208333333333333,99.82278586106453,98.19339342031152,84.47779449193241,38.31451761845061,13.579500651795703
1.125,99.82193215940522,98.18935675795683,84.45151433817104,38.269771090283,13.557833876058458
1.1291666666666667,99.82107675939153,98.18531235257592,84.42519924691345,38.22504646424477,13.536196721247649
1.1333333333333335,99.82021965768266,98.18126019010086,84.3988492012716,38.18034380238559,13.514589142642372
1.1375,99.81936085093042,98.17720025643517,84.37246418445304,38.13566316790445,13.493011128695986
1.1416666666666668,99.81850033577929,98.173132537454,84.34604417975221,38.09100462396438,13.471462654789562
1.1458333333333333,99.8176381088738,98.16905701901828,84.31958917055323,38.04636823368604,13.449943696302421
1.1500000000000001,99.81677416685004,98.16497368698437,84.29309914033232,38.001754060147775,13.428454228612136
1.1541666666666668,99.8159085063339,98.16088252715826,84.26657407266067,37.95716216638569,13.40699422709454
1.1583333333333334,99.81504112394418,98.15678352531883,84.24001395120698,37.912592615393706,13.385563667123757
1.1625,99.81417201629284,98.1526766672188,84.21341875974021,37.86804547012357,13.364162524072196
1.1666666666666667,99.81330117998495,98.14856193858503,84.18678848210187,37.823520793484974,13.342790773310567
1.1708333333333334,99.81242861161873,98.14443932511881,84.16012310186223,37.779018648345584,13.321448390023319
1.175,99.81155430778568,98.14030881249586,84.13342260283729,37.734539096685666,13.300135349309022
1.1791666666666667,99.81067826507051,98.13617038636666,84.1066869690219,37.69008219521975,13.278851626451004
1.1833333333333333,99.80980048005128,98.13202403235674,84.07991618449994,37.645648004480684,13.25759719672967
1.1875,99.80892094929938,98.1278697360667,84.05311023344588,37.60123658594576,13.2363720354222
1.1916666666666667,99.8080396693801,98.12370748307407,84.02626910012646,37.55684800105898,13.215176117802564
1.1958333333333335,99.8071566368526,98.11953725894016,83.9993927689022,37.5124823112311,13.194009419141537
1.2,99.80627184826905,98.11535904919704,83.97248122422918,37.4681395778397,13.172871914706727
1.2041666666666668,99.80538530017519,98.11117283935201,83.94553445066055,37.42381986222919,13.151763579762585
1.2083333333333333,99.80449698911042,98.10697861488897,83.91855243284823,37.3795232257109,13.130684389570412
1.2125000000000001,99.8036069116078,98.10277636126865,83.8915351554317,37.33524972956308,13.1096343190256
1.2166666666666668,99.80271506419415,98.09856606392887,83.86448260306032,37.29099943503101,13.088613342226951
1.2208333333333334,99.80182144339005,98.09434770828477,83.8373947605948,37.246772403324115,13.067621434104188
1.225,99.80092604571001,98.090121279729,83.81027161298961,37.2025686906793,13.046658569644256
1.2291666666666667,99.80002886766232,98.085886763632,83.7831131452935,37.158388352745305,13.02572472383256
1.2333333333333334,99.79912990574928,98.08164414534221,83.75591934265071,37.114231449146615,13.004819871652984
1.2375,99.79822915646214,98.07739341018417,83.72869019030209,37.07009803948617,12.983943988087926
1.2416666666666667,99.7973266162713,98.07313454340691,83.70142567358604,37.02598818334559,12.963097048118277
1.2458333333333333,99.79642228165278,98.0688675302521,83.67412577793989,36.981901940285056,12.942279026723453
1.25,99.79551614907722,98.06459235595676,83.64679048890086,36.93783936984343,12.921489898881402
1.2541666666666667,99.79460821500882,98.0603090057343,83.61941979209057,36.89380053153825,12.900729639399025
1.2583333333333335,99.79369847590526,98.05601746477492,83.59201367312987,36.84978548486577,12.879998221919454
1.2625,99.79278692821765,98.05171771824554,83.5645721177955,36.805794289301005,12.859295620887753
1.2666666666666668,99.79187356839076,98.04740975129002,83.53709511197654,36.761827004297736,12.838621810978198
1.2708333333333333,99.79095839286288,98.04309354902936,83.50958264166005,36.717883687692336,12.817976766865828
1.2750000000000001,99.79004139806594,98.03876909656178,83.48203469293183,36.67396439106894,12.797360463226465
1.2791666666666668,99.78912258042556,98.03443637896297,83.45445125197722,36.63006917140179,12.776772874736706
1.2833333333333334,99.7882019363595,98.03009538128613,83.42683230508179,36.586198086467185,12.756213976073937
1.2875,99.78727946226526,98.02574608853249,83.39917783863216,36.54235119402584,12.73568374191633
1.2916666666666667,99.78635515454097,98.02138848566608,83.37148783911678,36.498528551822865,12.715182146942853
1.2958333333333334,99.78542900958095,98.0170225576541,83.34376224350127,36.454730217587795,12.694709165801605
1.3,99.78450102377282,98.01264828943982,83.31600115424148,36.41095624903464,12.674264772088781
1.3041666666666667,99.78357119349741,98.00826566594289,83.28820448743073,36.36720670386189,12.653848939740216
1.3083333333333333,99.7826395151289,98.00387467205918,83.26037223085673,36.323481639752565,12.633461643149074
1.3125,99.78170598503475,97.99947529266106,83.23250437230813,36.27978111437419,12.613102856710418
1.3166666666666667,99.7807705995757,97.9950675125974,83.20460089957464,36.23610518530453,12.592772554821188
1.3208333333333335,99.77983335510594,97.99065131669373,83.176661800447,36.192453904146255,12.572470711880232
1.325,99.77889424797287,97.98622668975226,83.14868706271687,36.148827323505685,12.55219730228828
1.3291666666666668,99.77795327881749,97.98179361655205,83.12067667417696,36.105225499312276,12.53195230044794
1.3333333333333333,99.77701043401208,97.97735209414161,83.09263062262092,36.061648487483296,12.511735680763742
1.3375000000000001,99.77606571587523,97.97290207856466,83.06454889584337,36.01809634392371,12.491547417642085
1.3416666666666668,99.77511912065833,97.9684435719512,83.0364314819948,35.97456912452632,12.47138748473502
1.3458333333333334,99.77417064461265,97.96397655875707,83.00827837023714,35.93106688517171,12.45125585537009
1.3499999999999999,99.77322028398943,97.95950102343826,82.98008954871499,35.88758968172832,12.431152503688839
1.3541666666666667,99.77226803503987,97.9550169504509,82.95186500546819,35.84413757005242,12.411077403837139
1.3583333333333334,99.77131389401511,97.95052432425123,82.92360472853701,35.800710605988165,12.391030529963341
1.3625,99.77035785716623,97.9460231292956,82.895308705962,35.757308845132734,12.37101185621829
1.366666666666667,99.76939992074428,97.9415133500405,82.86697692578406,35.71393233681704,12.351021356755297
1.3708333333333333,99.76844008100025,97.93699497094255,82.83860937604447,35.670581132716954,12.331059005730156
1.375,99.76747833418503,97.9324679764585,82.8102060447848,35.62725528701435,12.311124777301124
1.3791666666666667,99.76651467649734,97.92793235100363,82.78176692004692,35.58395485388148,12.291218645628947
1.3833333333333335,99.76554910409601,97.92338807868177,82.75329198987299,35.540679887480934,12.271340584876834
1.3875000000000002,99.76458161321203,97.91883514381777,82.72478124230548,35.49743044196572,12.251490569126073
1.3916666666666666,99.7636122000772,97.91427353080468,82.69623466538717,35.45420657147921,12.231668571194795
1.3958333333333333,99.76264086092327,97.90970322403545,82.66765224716666,35.41100833015525,12.211874564556673
1.4000000000000001,99.76166759198183,97.90512420790311,82.63903398039069,35.36783577211807,12.192108523088981
1.4041666666666668,99.76069238948443,97.90053646680057,82.61037985803227,35.324688951482415,12.172370420672044
1.4083333333333334,99.75971524966249,97.89593998512076,82.58168986937166,35.28156792184442,12.152660231189214
1.4124999999999999,99.75873616874739,97.89133474725656,82.55296400369045,35.23847273009003,12.132977928526897
1.4166666666666667,99.75775514297041,97.88672073760083,82.52420225027174,35.19540342667664,12.113323486574533
1.4208333333333334,99.75677216856272,97.8820979405464,82.49540459839997,35.15236006401557,12.093696879224588
1.425,99.75578724175534,97.87746634048608,82.466571037361,35.1093426945103,12.074098080372565
1.429166666666667,99.75480035877936,97.8728259218126,82.43770155644215,35.06635137055662,12.05452706391698
1.4333333333333333,99.75381151586072,97.8681766689187,82.40879614493204,35.02338614454249,12.03498380375938
1.4375,99.75282070885604,97.86351856575192,82.37985479212071,34.98044706884821,12.015468273442375
1.4416666666666667,99.75182793370266,97.85885159508904,82.35087748729956,34.937534195846304,11.99598044556689
1.4458333333333335,99.75083318654735,97.85417574092202,82.32186421976138,34.894647577901615,11.97652029368787
1.4500000000000002,99.74983646353687,97.84949098735622,82.29281497880035,34.85178726737131,11.95708779145021
1.4541666666666666,99.74883776081785,97.84479731849702,82.26372975469086,34.808953237740155,11.937682912502131
1.4583333333333333,99.74783707453689,97.84009471844993,82.23460854509626,34.76614571543388,11.918305630495157
1.4625000000000001,99.74683440084057,97.83538317132057,82.20545134245963,34.7233646388655,11.898955919084104
1.4666666666666668,99.74582973587529,97.83066266121465,82.17625813760617,34.68061006006856,11.879633751927095
1.4708333333333334,99.74482307578747,97.82593317223792,82.14702892136387,34.63788203091326,11.860339102685536
1.4749999999999999,99.74381441672345,97.82119468849628,82.11776368456351,34.595180603106556,11.841071945024133
1.4791666666666667,99.7428037548295,97.81644719409567,82.08846241803866,34.55250582819228,11.821832252610848
1.4833333333333334,99.7417910862518,97.81169067314217,82.05912511262574,34.50985775755132,11.802619999116596
1.4875,99.74077640713645,97.80692510974187,82.02975175916389,34.46723644240175,11.783435157423915
1.491666666666667,99.73975971357861,97.80215048800105,82.00034234849505,34.424641933798874,11.764277700316981
1.4958333333333333,99.73874100116493,97.79736679104202,81.97089687146398,34.38207428263547,11.745147601231306
1.5,99.73772026580664,97.79257400125988,81.94141531891819,34.339533538349905,11.726044833605794
1.5041666666666667,99.73669750354749,97.78777210239829,81.91189768170798,34.297019744287944,11.70696937088277
1.5083333333333335,99.73567271043125,97.7829610782167,81.88234395068646,34.25453294872626,11.687921186507946
1.5125000000000002,99.73464588250165,97.77814091247487,81.85275412050204,34.212073200666346,11.668900253930433
1.5166666666666666,99.73361701580241,97.77331158893287,81.82312819004876,34.16964054889877,11.649906546602733
1.5208333333333333,99.73258610637721,97.76847309135111,81.79346615192324,34.12723504200319,11.630940037980722
1.5250000000000001,99.73155315026978,97.76362540349034,81.76376799856465,34.084856728348626,11.612000701523657
1.5291666666666668,99.7305181435237,97.75876850911159,81.7340337224154,34.04250565609351,11.593088510694168
1.5333333333333334,99.72948108218264,97.75390239197628,81.70426331592118,34.000181873185866,11.574203438832633
1.5374999999999999,99.72844196229023,97.7490270358461,81.67445677153097,33.9578854273635,11.555345458053072
1.5416666666666667,99.72740077989006,97.74414242448306,81.644614081697,33.91561636615405,11.536514541290696
1.5458333333333334,99.7263575310257,97.73924854164957,81.61473523887477,33.873374736875235,11.517710661808417
1.55,99.72531067705715,97.73434537109253,81.58482023552308,33.831160586634915,11.498933792872588
1.554166666666667,99.72426360712606,97.72943289502585,81.55486906410394,33.78897396233131,11.480183907753002
1.5583333333333333,99.7232144086177,97.7245110959383,81.52488171708265,33.746814910653065,11.461460979722872
1.5625,99.72216308153872,97.7195799572392,81.49485818692781,33.70468347807947,11.442764982058847
1.5666666666666667,99.72110962589582,97.71463946233837,81.46479846637382,33.66257971088054,11.424095888040982
1.5708333333333335,99.72005404169575,97.70968959464601,81.4347025555664,33.620503655117226,11.405453670952758
1.5750000000000002,99.71899632894522,97.70473033757278,81.40457045174574,33.5784553566415,11.386838304081055
1.5791666666666666,99.71793648765099,97.6997616745298,81.37440214903674,33.5364348610965,11.36824976071615
1.5833333333333333,99.71687451781976,97.69478358892853,81.3441976415677,33.49444221391674,11.349688014151722
1.5875000000000001,99.71581041945838,97.68979606418102,81.31395692347036,33.452477460328176,11.331153037684839
1.5916666666666668,99.71474419257358,97.68479908369963,81.28367998887978,33.41054064534839,11.312644804615946
1.5958333333333334,99.71367583717218,97.67979263089724,81.25336683193454,33.36863181405342,11.294163288248873
1.6000000000000003,99.71260535326103,97.67477668918713,81.22301744677655,33.32675101378827,11.27570846181565
1.6041666666666667,99.71153274084689,97.66975124198302,81.19263182755112,33.284898290036466,11.25728029699378
1.6083333333333334,99.7104579900247,97.66471627259017,81.16220996840696,33.24307368746277,11.23887876622548
1.6125,99.70938108480743,97.65967176293967,81.1317518634962,33.20127725054278,11.220503842551965
1.616666666666667,99.70830202498512,97.65461769566683,81.10125750697435,33.159509023563025,11.202155499017909
1.6208333333333336,99.70722081056468,97.64955405378849,81.07072689321684,33.11776905062098,11.183833708671443
1.625,99.70613744155305,97.64448082032197,81.04016002374512,33.076057375625325,11.165538444564156
1.6291666666666667,99.70505191795719,97.63939797828513,81.00955689750799,33.03437404229586,11.147269679751068
1.6333333333333335,99.70396423978407,97.63430551069632,80.97891751027781,32.992719094163725,11.129027387290641
1.6375000000000002,99.70287440704067,97.62920340057443,80.94824185783047,32.951092574571476,11.110811540244773
1.6416666666666668,99.70178241973399,97.62409163093879,80.91752993594532,32.90949452667315,11.092622111678786
1.6458333333333333,99.70068827787102,97.61897018480158,80.88678174040533,32.867924993434386,11.074459074661414
1.6500000000000001,99.69959198145885,97.613839044558,80.85599726699684,32.826384017632535,11.056322402264811
1.6541666666666668,99.69849353050448,97.6086981926874,80.82517651150978,32.78487164185671,11.038212067564537
1.6583333333333334,99.6973929108024,97.60354761200645,80.79431946973757,32.74338790850794,11.020128043639549
1.6625000000000003,99.6962900864585,97.59838728533235,80.76342613747713,32.70193285979923,11.002070303572207
1.6666666666666667,99.69518505573134,97.59321719548281,80.73249651052885,32.660506537755666,10.984038820430879
1.6708333333333334,99.69407781862803,97.58803732527608,80.70153058469668,32.619108984214506,10.966033566119544
1.675,99.69296837515577,97.58284765753098,80.67052835597569,32.57774024082531,10.948054512849245
1.679166666666667,99.69185672532167,97.57764817506681,80.6394898277038,32.53640034904998,10.930101633489562
1.6833333333333336,99.69074286913292,97.57243886070346,80.60841500082184,32.4950893501629,10.912174900913483
1.6875,99.6896268065967,97.56721969675638,80.57730387281667,32.453807285251024,10.894274287997394
1.6916666666666667,99.68850853772025,97.56199066519753,80.54615644117872,32.41255419533597,10.876399767621077
1.6958333333333335,99.68738806251075,97.55675174859843,80.5149727034019,32.37133012408185,10.858551312667693
1.7000000000000002,99.68626538097544,97.55150292953533,80.48375265698358,32.330135113678416,10.84072889602379
1.7041666666666668,99.6851404931216,97.54624419058504,80.45249629942467,32.28896920502177,10.822932490579285
1.7083333333333333,99.68401450441783,97.540975514325,80.42120362822955,32.247832438842444,10.805162069227471
1.7125000000000001,99.68288487911533,97.5356968833332,80.38987464090613,32.206724855705446,10.787417604864988
1.7166666666666668,99.68175304047368,97.53040828018824,80.35850933496576,32.16564649601024,10.769699070391841
1.7208333333333334,99.68061898412448,97.52510968746927,80.32710770792329,32.124597399990854,10.75200643871139
1.7250000000000003,99.67948270569937,97.51980108746075,80.29566975729713,32.08357760771584,10.734339682730324
1.7291666666666667,99.67834420083001,97.51448246177135,80.264195631178,32.04258715908833,10.716698775358681
1.7333333333333334,99.67720346514811,97.50915379268406,80.23268499225942,32.00162609384604,10.699083689509607
1.7375,99.67606049428535,97.50381506253247,80.20113804486778,31.960694451561363,10.681494397298053
1.741666666666667,99.67491528387346,97.49846625365072,80.16955478675486,31.919792271641317,10.663930870768947
1.7458333333333336,99.67376782954426,97.49310734837363,80.13793521580828,31.87891959332762,10.646393082660904
1.75,99.67261812692948,97.48773832903657,80.10627933005154,31.838076455696708,10.628881005715856
1.7541666666666667,99.67146617166094,97.4823591779756,80.07458712764388,31.797262897659774,10.61139461267904
1.7583333333333335,99.67031195761388,97.47696987752734,80.0428586068804,31.75647895796276,10.593933876298998
1.7625000000000002,99.66915546862177,97.47157040955928,80.01109376619195,31.715724675186426,10.576498769327566
1.7666666666666668,99.66799669742798,97.46616075335164,79.97929260414521,31.675000087746362,10.559089264519866
1.7708333333333333,99.66683563882056,97.46074089045901,79.94745511944255,31.634305233893024,10.541705334634308
1.7750000000000001,99.66567228758768,97.45531080294002,79.91558131092214,31.59364015171174,10.524346952432571
1.7791666666666668,99.66450663851742,97.44987047285396,79.88367117755789,31.553004879122753,10.507014090679617
1.7833333333333334,99.66333868639799,97.44441988226073,79.85172471860476,31.512399453881272,10.489706722143664
1.7875000000000003,99.6621684260176,97.43895901322087,79.81974194172,31.47182391357654,10.472424819596187
1.7916666666666667,99.66099585216448,97.43348784779559,79.787722852032,31.43127829551733,10.455168355811919
1.7958333333333334,99.65982095962687,97.42800636804675,79.7556674502782,31.390762636866214,10.437937303568841
1.8,99.6586437431931,97.42251455603686,79.72357573736649,31.350276974694264,10.420731635648165
1.804166666666667,99.65746419765146,97.41701239382908,79.69144771437524,31.30982134590688,10.403551324030017
1.8083333333333336,99.65628231779033,97.41149986348722,79.65928338255321,31.269395787243827,10.386396340233985
1.8125,99.65509809839811,97.40597694707579,79.62708274331956,31.229000335279274,10.36926665690568
1.8166666666666667,99.6539115342632,97.4004436266599,79.59484579826382,31.188635026421842,10.352162246704461
1.8208333333333335,99.65272262017406,97.39489988430532,79.56257254914588,31.148299896914654,10.335083082292918
1.8250000000000002,99.65153135091919,97.38934570207854,79.530262997896,31.10799498283535,10.31802913633686
1.8291666666666668,99.65033772128706,97.38378106204667,79.49791714661472,31.067720320096164,10.301000381505299
1.8333333333333333,99.64914172606629,97.3782059462775,79.46553499757293,31.027475944443957,10.283996790470466
1.8375000000000001,99.6479433600454,97.37262033683946,79.43311655321175,30.987261891460214,10.267018335907775
1.8416666666666668,99.646742618013,97.36702421580172,79.40066181614262,30.947078196561144,10.250064990495842
1.8458333333333334,99.64553949475776,97.36141756523404,79.36817078914721,30.90692489499771,10.233136726916472
1.8500000000000003,99.64433398506834,97.35580036720688,79.33564347517739,30.866802021855634,10.216233517854649
1.8541666666666667,99.64312608373346,97.35017260379139,79.30307987735526,30.826709612055485,10.199355335998534
1.8583333333333334,99.64191578554184,97.3445342570594,79.27047999897316,30.78664770035268,10.182502154039454
1.8625,99.64070308528225,97.33888530908335,79.23784384349348,30.746616321337566,10.165673944671903
1.866666666666667,99.63948797774353,97.33322574193647,79.20517141454889,30.70661550943542,10.148870680593529
1.8708333333333336,99.63827045771446,97.32755553769256,79.17246271594209,30.666645298906513,10.132092334505135
1.875,99.63705051998393,97.32187467842618,79.13971775164597,30.626705723846158,10.11533887911067
1.8791666666666667,99.63582815934086,97.31618314334368,79.10693652580349,30.58679681818473,10.098610287117214
1.8833333333333335,99.63460337057415,97.3104809069781,79.07411904272765,30.546918615687712,10.081906531234996
1.8875000000000002,99.63337614847279,97.30476795033765,79.04126530690152,30.507072801270002,10.065227584177357
1.8916666666666668,99.63214648782575,97.29904425476481,79.00837532297822,30.467255827362827,10.048573418660773
1.8958333333333333,99.63091438342211,97.29330980160279,78.9754490957809,30.42746969355246,10.031944007404823
1.9000000000000001,99.62967983005088,97.28756457219556,78.94248663030264,30.38771442954782,10.015339323132205
1.9041666666666668,99.62844282250117,97.28180854788778,78.90948793170658,30.34799006505773,9.998759338568725
1.9083333333333334,99.62720335638419,97.27604171002484,78.87645300532574,30.30829662979096,9.982204026443268
1.9125000000000003,99.6259614323083,97.27026403995289,78.84338185666313,30.26863415345621,9.965673359487836
1.9166666666666667,99.62471704653947,97.26447551901879,78.81027449139162,30.229002665762085,9.949167310437499
1.9208333333333334,99.62347019428388,97.25867612857016,78.77713091535405,30.189402196417163,9.932685852030414
1.925,99.62222087074775,97.25286584995531,78.74395113399181,30.149832775129976,9.916228956171418
1.929166666666667,99.62096907113735,97.24704466452337,78.71073515225541,30.110294431608963,9.899796593866823
1.9333333333333336,99.61971479065902,97.24121255362411,78.67748297630554,30.070787195562566,9.883388737651082
1.9375,99.61845802451906,97.23536949860814,78.64419461249928,30.031311096699163,9.867005360104429
1.9416666666666667,99.61719876792388,97.22951548082672,78.61087006735885,29.99186616472712,9.850646433810157
1.9458333333333335,99.6159370160799,97.22365048163196,78.57750934757155,29.952452429354754,9.834311931354625
1.9500000000000002,99.61467276419359,97.21777448237663,78.54411245998972,29.913069920290386,9.818001825327254
1.9541666666666668,99.61340600747141,97.2118874644143,78.51067941163076,29.8737186672423,9.801716088320516
1.9583333333333333,99.61213674111995,97.20598940909929,78.47721020967703,29.8343986999188,9.785454692929928
1.9625000000000001,99.61086496034578,97.20008029778666,78.44370486147594,29.79511004802815,9.769217611754048
1.9666666666666668,99.6095906603555,97.1941601118322,78.41016337453985,29.75585274127863,9.753004817394464
1.9708333333333334,99.60831383635576,97.18822883259254,78.37658575654604,29.71662680937855,9.7368162824558
1.9750000000000003,99.60703448355326,97.18228644142498,78.34297201533674,29.677432282036204,9.720651979545698
1.9791666666666667,99.60575259715475,97.17633291968764,78.30932215891903,29.63826918895991,9.704511881274819
1.9833333333333334,99.604468172367,97.17036824873938,78.27563619546493,29.599137559149334,9.68839596025683
1.9875,99.60318120439682,97.16439240993982,78.24191413331121,29.56003742070015,9.672304189108416
1.991666666666667,99.60189168845106,97.15840538464938,78.20815598095959,29.52096880294442,9.656236540449244
1.9958333333333336,99.60059961973661,97.15240714870326,78.17436174707645,29.481931735251997,9.640192986901988
2.0,99.59930499346044,97.14639767738518,78.14053144049305,29.44292624699183,9.624173501092303
2.004166666666667,99.59800780482946,97.14037695127787,78.10666507020537,29.403952367531993,9.608178055648825
2.0083333333333333,99.59670804905075,97.13434495096486,78.07276264537411,29.36501012623971,9.592206623203175
2.0125,99.5954057213313,97.12830165703043,78.03882417532466,29.3260995524813,9.576259176389932
2.016666666666667,99.59410081687827,97.12224705005977,78.00484966954714,29.287220675622276,9.560335687846651
2.0208333333333335,99.59279333089873,97.11618111063875,77.97083913769626,29.24837352502726,9.54443613021384
2.025,99.5914832585999,97.11010381935418,77.93679258959139,29.209558130060053,9.528560476134952
2.029166666666667,99.59017059518898,97.10401515679361,77.90271003521653,29.170774520083633,9.512708698256409
2.0333333333333337,99.58885533587323,97.09791510354545,77.86859148472021,29.132022724187202,9.496880769227548
2.0375,99.58753747585995,97.09180364019885,77.83443694841554,29.09330276409558,9.481076661700666
2.0416666666666665,99.58621701035646,97.0856807473439,77.8002464367802,29.05461466445195,9.46529634833097
2.0458333333333334,99.58489393457018,97.07954640557143,77.76601996045633,29.0159584529327,9.44953980156046
2.0500000000000003,99.58356824370847,97.07340059547313,77.73175753025055,28.97733415721282,9.433806993460587
2.0541666666666667,99.58223993297885,97.06724329764153,77.69745915713396,28.93874180496591,9.418097896612299
2.0583333333333336,99.58090899697075,97.0610744926699,77.66312485224209,28.9001814238642,9.40241248362786
2.0625,99.5795754262758,97.05489416115246,77.62875462649419,28.86165304157854,9.38675072712245
2.066666666666667,99.57823921488755,97.04870228368424,77.59434848862146,28.823156685778407,9.37111259971413
2.0708333333333333,99.57690035768238,97.04249884086101,77.55990644944868,28.784692384131915,9.35549807402386
2.075,99.57555884953675,97.03628381327952,77.52542852043844,28.746260164305887,9.339907122675484
2.079166666666667,99.57421468532716,97.03005718153726,77.49091471320818,28.70786005396575,9.32433971829572
2.0833333333333335,99.57286785993018,97.0238189262326,77.45636503953006,28.669492080775633,9.30879583351417
2.0875,99.57151836822239,97.01756902796474,77.42177951133107,28.631156269667756,9.293275440963292
2.091666666666667,99.57016620508043,97.01130746733375,77.38715814069286,28.592852637839556,9.277778513278417
2.0958333333333337,99.56881136538101,97.00503422494053,77.35250093985181,28.554581210159068,9.262305023097722
2.1,99.56745384400094,96.99874928138685,77.3178079211989,28.516342012276414,9.246854943062246
2.1041666666666665,99.56609363581694,96.9924526172753,77.28307909727981,28.47813506984145,9.231428245815867
2.1083333333333334,99.56473073570592,96.98614353191293,77.2483144807947,28.439960408503744,9.216024904005302
2.1125000000000003,99.56336513854481,96.97982345374328,77.21351408459842,28.40181805391261,9.200644890280103
2.1166666666666667,99.56199683921054,96.97349157477905,77.17867792170023,28.36370803171709,9.185288177292652
2.1208333333333336,99.56062583258012,96.96714787557637,77.14380600526394,28.325630367565974,9.169954737698154
2.125,99.55925211353066,96.96079233666364,77.1088983486078,28.287585087107818,9.15464454415463
2.129166666666667,99.55787567693926,96.9544249385415,77.07395496520452,28.249572215990916,9.139357569322911
2.1333333333333333,99.55649651768309,96.94804566168284,77.03897586868115,28.211591779863355,9.124093785866641
2.1375,99.55511463063938,96.94165448653291,77.00396107281914,28.173643804346497,9.108853166452253
2.141666666666667,99.55373001068544,96.93525139350909,76.96891059155428,28.135728307634945,9.093635683748987
2.1458333333333335,99.55234265269856,96.92883636300111,76.93382443897659,28.097845308150067,9.078441310428868
2.15,99.55095255155616,96.92240937537096,76.8987026293304,28.059994829542056,9.063270019166698
2.154166666666667,99.5495597021357,96.91597041095292,76.86354517701429,28.02217689546132,9.048121782640063
2.1583333333333337,99.54816409931463,96.9095194500535,76.82835209658099,27.984391529558522,9.032996573529328
2.1625,99.54676573797052,96.9030564729515,76.79312340273741,27.946638755484525,9.017894364517616
2.1666666666666665,99.54536461298099,96.89658145989807,76.7578591103446,27.90891859689047,9.00281512843974
2.1708333333333334,99.54396071922368,96.89009439111658,76.72255923441767,27.871231077427716,8.98775883852001
2.1750000000000003,99.54255405157633,96.88359524680268,76.68722379012584,27.83357622074789,8.972725467539924
2.1791666666666667,99.54114460491668,96.87708400712438,76.65185279279231,27.795954050502875,8.957714988241259
2.1833333333333336,99.53973237412256,96.87056065222191,76.6164462578943,27.758364590344836,8.942727373368522
2.1875,99.53831735407186,96.86402516220785,76.58100420106301,27.720807863926172,8.927762595668923
2.191666666666667,99.5368995396425,96.85747751716707,76.5455266380835,27.68328389317119,8.91282062789239
2.1958333333333333,99.53547892571251,96.85091769715672,76.51001358489479,27.645792689967536,8.897901442791563
2.2,99.53405550715988,96.84434568220624,76.47446505761515,27.608334274158597,8.883005013121775
2.204166666666667,99.53262927886274,96.83776145231748,76.43888107453608,27.570908667463957,8.868131311641053
2.2083333333333335,99.53120023505878,96.83116498746446,76.40326165356348,27.53351589160354,8.853280311110128
2.2125,99.52976836557332,96.82455626759364,76.36760681155707,27.496155968297632,8.838451984292394
2.216666666666667,99.52833366390695,96.8179352726237,76.33191656553905,27.45882891926691,8.823646303953943
2.2208333333333337,99.52689612457434,96.81130198244571,76.29619093269402,27.421534766232377,8.808863242863533
2.225,99.52545574209029,96.80465637575277,76.26042993036889,27.384273530915465,8.794102773792591
2.2291666666666665,99.52401251096957,96.79799842538098,76.22463357607295,27.34704523503797,8.779364869515208
2.2333333333333334,99.52256642572709,96.79132810949521,76.18880188747772,27.309849900322057,8.764649502808131
2.2375000000000003,99.52111748087778,96.7846454072904,76.15293488241701,27.272687548490325,8.749956646450764
2.2416666666666667,99.5196656709366,96.77795029792205,76.1170325788868,27.235558201265746,8.735286273225155
2.2458333333333336,99.51821099041862,96.77124276050621,76.08109499504535,27.19846188037171,8.72063835591599
2.25,99.51675343383891,96.76452277411963,76.04512214921294,27.16139860753202,8.706012867310601
2.254166666666667,99.51529299571263,96.75779031779956,76.00911405987199,27.12436840162252,8.691409780198944
2.2583333333333333,99.51382967055503,96.75104537054389,75.97307074566704,27.087371269937165,8.676829067373601
2.2625,99.51236345288133,96.7442879113111,75.93699222540461,27.05040723018391,8.66227070162978
2.266666666666667,99.51089433720685,96.73751791902032,75.9008785180532,27.01347630172981,8.647734655765301
2.2708333333333335,99.50942231804703,96.73073537255125,75.86472964274334,26.97657850394264,8.633220902580591
2.275,99.50794738991726,96.7239402507442,75.82854561876744,26.939713856190895,8.618729414878688
2.279166666666667,99.50646954733307,96.71713253240014,75.79232646557972,26.902882377843785,8.604260165465226
2.2833333333333337,99.50498878481001,96.71031219628061,75.75607220279636,26.86608408827123,8.589813127148432
2.2875,99.50350509686368,96.7034792211078,75.71978285019534,26.829319006843917,8.575388273007567
2.2916666666666665,99.50201847800976,96.69663358556454,75.68345842771633,26.792587152933233,8.56098557715948
2.2958333333333334,99.500528922764,96.6897752682943,75.6470989554608,26.755888545911315,8.546605012715206
2.3000000000000003,99.49903642564215,96.68290424790113,75.61070445369191,26.719223205151067,8.532246552636291
2.3041666666666667,99.4975409811601,96.67602050294978,75.57427494283446,26.682591150026113,8.517910169886818
2.3083333333333336,99.49604258383376,96.66912401196562,75.53781044347491,26.64599239991085,8.50359583743341
2.3125,99.49454122817905,96.66221475343465,75.50131097636124,26.60942697418044,8.489303528245232
2.316666666666667,99.49303690871203,96.65529270580355,75.46477656240303,26.57289488863006,8.475033215293978
2.3208333333333333,99.49152961994879,96.64835784747962,75.42820722267139,26.536396148811626,8.460784871553868
2.325,99.49001935640545,96.64141015683084,75.39160297839884,26.499930770730746,8.446558470001637
2.329166666666667,99.48850611259826,96.63444961218585,75.35496385097935,26.46349877148485,8.43235398361655
2.3333333333333335,99.48698988304344,96.62747619183396,75.31828986196834,26.427100168172508,8.418171385380369
2.3375,99.48547066225733,96.62048987402511,75.28158103308253,26.390734977893388,8.404010648277369
2.341666666666667,99.48394844475631,96.61349063696993,75.24483738707389,26.354403217748352,8.38987174529432
2.3458333333333337,99.48242322505683,96.60647845883975,75.20805894802479,26.31810490483934,8.375754649420493
2.35,99.48089499767542,96.59945331776657,75.1712457384629,26.28184005626949,8.361659333647646
2.3541666666666665,99.47936375712861,96.59241519184302,75.13439778102013,26.24560868914306,8.347585770970028
2.3583333333333334,99.4778294974841,96.5853640591225,75.09751509849727,26.209410820565488,8.333533934384354
2.3625000000000003,99.47629220945647,96.57829989761902,75.06059771386414,26.173246467643345,8.319503796889832
2.3666666666666667,99.47475188634782,96.5712226853073,75.02364565025943,26.137115647484382,8.30549533148813
2.3708333333333336,99.47320852223984,96.56413240012282,74.98665893099066,26.101018377197523,8.291508511183384
2.375,99.47166211121421,96.55702901996169,74.94963757953427,26.064954673892842,8.277543308982187
2.379166666666667,99.4701126473527,96.54991252268074,74.91258161953542,26.028924294946954,8.26359969789359
2.3833333333333333,99.46856012473704,96.54278288609751,74.87549107480817,25.99292781945333,8.249677651302875
2.3875,99.4670045374491,96.53564008799025,74.83836596933526,25.95696492854116,8.235777143697259
2.391666666666667,99.4654458795707,96.52848410609795,74.80120632726816,25.921035638994795,8.22189814838646
2.3958333333333335,99.46388414518374,96.52131491812027,74.76401217292711,25.885139967449373,8.208040638552871
2.4,99.46231932837016,96.51413250171763,74.72678353080094,25.84927793039085,8.194204587381327
2.404166666666667,99.46075142321192,96.50693683451112,74.6895204255472,25.813449544156036,8.1803899680591
2.4083333333333337,99.45918042379105,96.49972789408267,74.65222288199197,25.777654824932593,8.166596753775899
2.4125,99.45760632418961,96.49250565797483,74.61489092513001,25.741893788759096,8.152824917723867
2.4166666666666665,99.45602911848967,96.48527010369092,74.5775245801246,25.706166451525046,8.139074433097566
2.4208333333333334,99.45444880077338,96.47802120869507,74.5401238723075,25.670472828970876,8.125345273093968
2.4250000000000003,99.4528653651229,96.47075895159686,74.50268882717904,25.63481293668801,8.111637410912472
2.4291666666666667,99.45127880562043,96.46348331304888,74.46521947040797,25.59918679011887,8.097950819754885
2.4333333333333336,99.44968911634822,96.45619427084446,74.42771582783155,25.563594404556905,8.084285472825412
2.4375,99.4480962913886,96.44889180258059,74.39017792545538,25.528035795146625,8.070641343330664
2.441666666666667,99.44650032482386,96.44157588582074,74.35260578945345,25.492510971462316,8.057018404479635
2.4458333333333333,99.44490121073638,96.43424649809505,74.31499944616814,25.457019936208024,8.043416629483717
2.45,99.44329894318345,96.42690361690008,74.27735892211017,25.42156270231749,8.029835991556688
2.454166666666667,99.44169351481658,96.41954721969907,74.2396842439585,25.38613928289258,8.016276463914695
2.4583333333333335,99.44008491874796,96.41217728392184,74.20197543856038,25.350749690849618,8.00273801977627
2.4625,99.43847314886293,96.40479378696466,74.16423253293131,25.315393938919446,7.989220632362312
2.466666666666667,99.43685819904687,96.39739670619052,74.12645555425496,25.2800720396474,7.975724274896077
2.4708333333333337,99.43524006318528,96.3899860189289,74.08864452988323,25.244784005393416,7.962248920603186
2.475,99.43361873516368,96.38256170247594,74.05079948733612,25.209529848331986,7.948794542711618
2.4791666666666665,99.4319942088677,96.37512373409429,74.01292045443849,25.174309580452224,7.935361115042795
2.4833333333333334,99.43036647818299,96.36767209101326,73.9750074601644,25.1391232135579,7.921948612736748
2.4875000000000003,99.4287355369953,96.36020675042876,73.93706053296077,25.103970759267458,7.908557009365802
2.4916666666666667,99.42710137919049,96.35272768950325,73.89907970124563,25.068852229014034,7.895186278382793
2.4958333333333336,99.4254639986544,96.34523488536585,73.86106499361543,25.033767634045535,7.881836393242884
2.5,99.42382338927297,96.33772831511223,73.82301643884492,24.99871698542461,7.868507327403557
2.504166666666667,99.42217954493226,96.33020795580477,73.78493406588724,24.96370029402871,7.855199054324602
2.5083333333333333,99.42053245951836,96.32267378447237,73.74681790387379,24.928717570550106,7.841911547468125
2.5125,99.41888212691741,96.3151257781106,73.70866798211425,24.89376882549595,7.828644780298534
2.516666666666667,99.41722854101566,96.30756391368168,73.67048433009657,24.85885406918825,7.815398726282534
2.5208333333333335,99.41557169569941,96.2999881681144,73.63226697748699,24.823973311763943,7.802173358889126
2.525,99.41391158485503,96.29239851830424,73.59401595412987,24.78912656317492,7.788968651589596
2.529166666666667,99.41224820236897,96.28479494111329,73.5557312900478,24.75431383318803,7.77578457785752
2.5333333333333337,99.41058154212774,96.27717741337027,73.51741301544159,24.71953513138512,7.762621111168751
2.5375,99.40891159801794,96.2695459118706,73.47906116069014,24.684790467163086,7.749478225001419
2.5416666666666665,99.40723836392621,96.2619004133763,73.44067575635049,24.65007984973388,7.736355892835925
2.5458333333333334,99.40556183260315,96.25424089461607,73.40225683315781,24.61540328812455,7.723254088154929
2.5500000000000003,99.40388199596597,96.24656733228527,73.36380442202532,24.58076079117723,7.710172784443357
2.5541666666666667,99.40219884761817,96.23887970304588,73.3253185540443,24.54615236754925,7.697111955188393
2.5583333333333336,99.40051238118637,96.23117798352663,73.2867992604841,24.511578025713078,7.684071573879468
2.5625,99.39882259029729,96.22346215032283,73.2482465727779,24.4770377739564,7.671051614008261
2.566666666666667,99.39712946857779,96.21573217999656,73.2096605224158,24.442531620382148,7.658052049068691
2.5708333333333333,99.39543300965472,96.2079880490765,73.17104114114035,24.408059572908485,7.645072852556913
2.575,99.39373320715514,96.20022973405807,73.13238846089676,24.373621639268887,7.632114112629986
2.579166666666667,99.3920300547061,96.1924572114033,73.09370251380544,24.339217827012146,7.619175558194012
2.5833333333333335,99.3903235459348,96.18467045754102,73.05498333216191,24.304848143502397,7.606257298627978
2.5875,99.3886136744685,96.17686944886668,73.01623094843664,24.270512595919143,7.593359307461572
2.591666666666667,99.38690043393461,96.16905416174242,72.97744539527497,24.236211191257308,7.580481558237954
2.5958333333333337,99.38518381796054,96.16122457249719,72.93862670549699,24.201943939777014,7.567624024513729
2.6,99.38346382017383,96.15338065742652,72.89977491209743,24.167710855502282,7.55478667985896
2.6041666666666665,99.38174043420214,96.14552239279274,72.86089004824561,24.133511945933336,7.541969497857144
2.6083333333333334,99.3800136536732,96.13764975482485,72.82197214728521,24.099347218217833,7.529172452105218
2.6125000000000003,99.37828347221486,96.1297627197186,72.78302124273429,24.065216679341614,7.516395516213548
2.6166666666666667,99.37654988345498,96.12186126363645,72.74403736828513,24.031120336128645,7.503638663805921
2.6208333333333336,99.37481288102164,96.11394536270758,72.70502055780409,23.997058195241085,7.490901868519541
2.625,99.3730724585429,96.10601499473078,72.66597084533151,23.963030263179313,7.478185104005021
2.629166666666667,99.37132860964697,96.09807013801498,72.62688826508169,23.929036546281935,7.465488343926376
2.6333333333333333,99.36958132796214,96.09011076883648,72.58777285144265,23.895077050725792,7.452811561961019
2.6375,99.36781929589174,96.08213686343784,72.54862463897605,23.861151782526054,7.440154731799755
2.641666666666667,99.36606662006807,96.07414839803334,72.5094436624172,23.827260747536155,7.42751782714677
2.6458333333333335,99.364310351175,96.06614534880887,72.47022995670702,23.793403951447875,7.414900821719628
2.65,99.36255048923069,96.05812769192205,72.43098355728146,23.759581399791344,7.402303689249261
2.654166666666667,99.36078703425319,96.05009540350213,72.39170449955422,23.725793097935057,7.389726403479975
2.6583333333333337,99.35901998626066,96.04204845965012,72.35239281903465,23.69203905108594,7.377168938169425
2.6625,99.35724934527134,96.03398683643867,72.3130485514098,23.65831926428932,7.36463126708862
2.6666666666666665,99.35547511130339,96.02591050991217,72.27367173254453,23.624633742428973,7.35211336402192
2.670833333333334,99.35369728437513,96.01781945608667,72.23426239848129,23.59098249022714,7.339615203797479
2.6750000000000003,99.35191586450483,96.00971365094996,72.19482058544028,23.557365512244584,7.3271367624560755
2.6791666666666667,99.35013085171087,96.00159307046155,72.15534632981931,23.52378281288056,7.3146780141102665
2.6833333333333336,99.34834224601158,95.99345769055265,72.11583966819377,23.49023439637288,7.302238932829956
2.6875,99.3465500474254,95.98530748712618,72.07630063731668,23.456720266797902,7.289819492703526
2.691666666666667,99.34475425597078,95.97714243605685,72.03672927411856,23.423240428070578,7.2774196678377905
2.6958333333333333,99.3429548716662,95.96896251319104,71.99712561570745,23.389794883944493,7.265039432358035
2.6999999999999997,99.34115189453017,95.96076769434691,71.95748969936889,23.35638363801184,7.252678760407974
2.704166666666667,99.33934532458129,95.95255795531435,71.91782156256589,23.323006693703466,7.240337626149762
2.7083333333333335,99.33753516183815,95.94433327185497,71.87812124293885,23.289664054288924,7.228016003763986
2.7125000000000004,99.33572140631935,95.93609361970219,71.83838877830557,23.256355722876435,7.215713867449653
2.716666666666667,99.33390405804361,95.92783897456117,71.79862420666126,23.22308170241298,7.2034311914241895
2.720833333333333,99.33208311702958,95.91956931210882,71.75882756617841,23.189841995684258,7.191167949923434
2.725,99.3302585832961,95.9112846079938,71.71899889520684,23.15663660531475,7.1789241172016265
2.7291666666666665,99.32843045497401,95.9029848378366,71.67913823227896,23.123465533767735,7.1666996675314065
2.733333333333334,99.32659870554242,95.89466997722947,71.63924561616884,23.090328783345292,7.154494575203809
2.7375000000000003,99.32476332645392,95.88634000173643,71.59932108579366,23.05722635618836,7.142308814528252
2.7416666666666667,99.32292431772733,95.87799488689328,71.55936468023152,23.024158254276713,7.130142359832534
2.7458333333333336,99.32108167938148,95.86963460820762,71.51937643873912,22.991124479429022,7.117995185462823
2.75,99.31923541143532,95.86125914115891,71.47935640075185,22.958125038112925,7.105867265783665
2.754166666666667,99.31738551390771,95.85286846119834,71.4393046058838,22.925159941701008,7.093758575177953
2.7583333333333333,99.31553198681763,95.84446254374895,71.39922109392778,22.892229192924155,7.081669088046946
2.7624999999999997,99.31367483018411,95.83604136420556,71.35910590485527,22.85933279415958,7.06959877881025
2.766666666666667,99.31181404402618,95.82760489793485,71.31895907881653,22.82647074765403,7.057547621905806
2.7708333333333335,99.30994962423803,95.81915312027533,71.27878065614063,22.79364305552379,7.045515591789902
2.7750000000000004,99.30808151971088,95.81068600653731,71.23857067733529,22.760849719754678,7.033502662937149
2.779166666666667,99.3062097152006,95.80220353200295,71.19832918308713,22.7280907422021,7.021508809840489
2.783333333333333,99.30433421072685,95.79370567192626,71.15805621426153,22.69536612459104,7.0095340070111725
2.7875,99.30245500630949,95.78519240153307,71.11775181190274,22.662675868516082,6.997578228978769
2.7916666666666665,99.30057210196831,95.77666369602113,71.07741601723379,22.630019975441463,6.985641450291158
2.795833333333334,99.29868549772318,95.76811953055994,71.03704887165662,22.597398446701025,6.973723645514507
2.8000000000000003,99.296795193594,95.75955988029101,70.9966504167521,22.56481128349832,6.961824789233292
2.8041666666666667,99.29490118960071,95.75098472032754,70.95622069427993,22.532258486906535,6.949944856050265
2.8083333333333336,99.29300348576326,95.74239402575478,70.91575974617874,22.499740057868568,6.9380838205864634
2.8125,99.29110314319159,95.73378777162972,70.87526646959142,22.467255997197057,6.926241657481208
2.816666666666667,99.28919767838417,95.72516593298133,70.83474341209579,22.434806305574345,6.914418341392079
2.8208333333333333,99.28728850396986,95.71652848481173,70.79418922402911,22.402390983552547,6.902613846994927
2.8249999999999997,99.28537561276943,95.70787540215669,70.75360395136423,22.370010031553537,6.890828148983862
2.829166666666667,99.2834589976038,95.69920666000004,70.71298764006865,22.33766344986898,6.87906122207124
2.8333333333333335,99.28153865129396,95.69052223326466,70.67234033610472,22.305351238660354,6.86731304098767
2.8375000000000004,99.27961456666097,95.68182209684541,70.63166208542945,22.273073397958946,6.855583580482
2.841666666666667,99.27768673652601,95.67310622560929,70.59095293399466,22.240829927665903,6.843872815321311
2.845833333333333,99.27575515371036,95.66437459439528,70.55021292774676,22.208620827552217,6.832180720291181
2.85,99.27381981103541,95.65562717801448,70.50944211262693,22.176446097258758,6.8205072703713
2.8541666666666665,99.27188069982226,95.64686395125001,70.46864053457104,22.144305736296296,6.808852440549547
2.858333333333334,99.26993779767548,95.63808488885708,70.42780823950956,22.11219974404551,6.797216205689323
2.8625000000000003,99.26799109231912,95.629289965563,70.38694527336767,22.080128119757,6.7855985406727815
2.8666666666666667,99.26604057514697,95.62047915606713,70.34605168206517,22.048090862551327,6.773999420400815
2.8708333333333336,99.26408623755302,95.61165243504095,70.30512751151646,22.016087971419005,6.762418819793063
2.875,99.26212807093133,95.60280977712802,70.26417280763057,21.98411944522053,6.7508567137879005
2.879166666666667,99.26016606667602,95.593951156944,70.22318761631115,21.952185282686393,6.739313077342427
2.8833333333333333,99.25820021618141,95.58507654907667,70.18217198345636,21.920285482417107,6.727787885432475
2.8874999999999997,99.25623051084187,95.57618592808592,70.14112595495897,21.888420042883215,6.716281113052593
2.891666666666667,99.25425694205192,95.56727926850374,70.10004957670634,21.856588962425292,6.704792735216042
2.8958333333333335,99.25227950120612,95.55835654483427,70.05894289469266,21.824792239254005,6.693322726954798
2.9000000000000004,99.25029817969921,95.54941773155377,70.0178059568738,21.79302987145008,6.681871063319539
2.904166666666667,99.24831296892603,95.54046280311066,69.976638810216,21.761301858424705,6.670437719379644
2.908333333333333,99.24632386028148,95.53149173392546,69.93544150099704,21.7296082008692,6.659022670223182
2.9125,99.24433084516059,95.52250449839089,69.89421407548878,21.697948896875765,6.647625890956914
2.9166666666666665,99.24233391495858,95.51350107087175,69.85295657995727,21.666323944359466,6.636247356706291
2.920833333333334,99.24033306107067,95.50448142570508,69.81166906066255,21.634733341114504,6.624887042615433
2.9250000000000003,99.23832827489227,95.49544553720006,69.77035156385884,21.603177084814263,6.613544923847145
2.9291666666666667,99.23631954781882,95.48639337963802,69.7290041357944,21.57165517301129,6.60222097558289
2.9333333333333336,99.234306871246,95.47732492727249,69.68762682271148,21.54016760313735,6.590915173022798
2.9375,99.23229023656947,95.46824015432918,69.64621967084645,21.508714372503405,6.579627491385666
2.941666666666667,99.2302696351851,95.45913903500599,69.60478272642966,21.477295478299663,6.5683579059089325
2.9458333333333333,99.22824505848878,95.45002154347301,69.5633160356855,21.44591091759557,6.557106391848699
2.9499999999999997,99.22621649787664,95.44088765387258,69.52181964483232,21.414560687339836,6.545872924479699
2.954166666666667,99.22418394474478,95.43173734031917,69.4802936068776,21.383244784360446,6.534657479095313
2.9583333333333335,99.22214739048954,95.42257057689953,69.43873797646376,21.351963205364687,6.5234600310075495
2.9625000000000004,99.2201068265073,95.4133873376726,69.39715280179452,21.32071594693913,6.512280555547048
2.966666666666667,99.2180622441946,95.40418759666956,69.35553813106804,21.2895030055497,6.501119028063074
2.970833333333333,99.21601363730598,95.39497132789381,69.31389401247779,21.258324377541644,6.489975423923513
2.975,99.21396100702427,95.385738505321,69.27222049421243,21.227180059139556,6.4788497185148595
2.9791666666666665,99.21190434660112,95.37648910289901,69.23051762445598,21.196070046447428,6.467741887242222
2.983333333333334,99.20984364833666,95.36722309454804,69.18878545138766,21.164994335448593,6.456651905529314
2.9875000000000003,99.20777890453111,95.35794045416043,69.14702402318194,21.133952922005832,6.445579748818443
2.9916666666666667,99.20571010748483,95.3486411556009,69.10523338800857,21.1029458018613,6.434525392570521
2.9958333333333336,99.20363724949826,95.33932517270637,69.06341359403243,21.071972970636597,6.423488812265038
3.0,99.20156032287196,95.32999247928606,69.02156468941372,21.041034423832787,6.412469983400078
3.004166666666667,99.19947931990657,95.32064304912147,68.97968672230772,21.010130156830353,6.401468881492301
3.0083333333333333,99.1973942329029,95.3112768559664,68.93777974480642,20.979260164889286,6.390485482076942
3.0124999999999997,99.19530505416179,95.30189387354694,68.89584381788379,20.948424443149054,6.37951976070781
3.016666666666667,99.19321177598422,95.29249407556146,68.85387899279536,20.91762298662862,6.368571692957274
3.0208333333333335,99.1911143906713,95.28307743569275,68.81188532005638,20.886855790226473,6.357641254416271
3.0250000000000004,99.18901289052424,95.2736439277171,68.7698628501764,20.856122848720638,6.3467284218575015
3.029166666666667,99.18690726784433,95.26419352532012,68.72781163365927,20.825424156768687,6.335833172943439
3.033333333333333,99.18479751493298,95.25472620213404,68.68573172100324,20.794759708907748,6.324955480447586
3.0375,99.18268362409177,95.24524193176634,68.64362316270073,20.76412949955452,6.314095320046259
3.0416666666666665,99.18056558762227,95.23574068779985,68.60148600923857,20.733533523005306,6.303252667434495
3.045833333333334,99.17844339782626,95.22622244379252,68.55932031109776,20.702971773436012,6.292427498326032
3.0500000000000003,99.1763170470056,95.21668717327759,68.51712611875362,20.67244424490215,6.281619788453319
3.0541666666666667,99.17418652746223,95.20713484976345,68.4749034826757,20.641950931338872,6.270829513567502
3.0583333333333336,99.17205183149825,95.1975654467336,68.43265245332776,20.611491828198663,6.260056649438425
3.0625,99.16991295141587,95.18797893764672,68.39037328788612,20.581066932256643,6.249301171854631
3.066666666666667,99.16776987951737,95.17837529593653,68.34806558186912,20.55067623751273,6.238563056623341
3.0708333333333333,99.16562260810512,95.1687544949982,68.30572966563109,20.520319737804435,6.227842279570471
3.0749999999999997,99.16347112948174,95.15911650809777,68.26336558994286,20.489997426858643,6.217138816540612
3.079166666666667,99.16131543594979,95.14946130853781,68.2209734057475,20.459709298291635,6.206452643397033
3.0833333333333335,99.15915551981203,95.13978886961411,68.1785531641602,20.429455345609128,6.195783736021679
3.0875000000000004,99.15699137145971,95.13009916459497,68.13610491646817,20.399235562206222,6.185132070315155
3.091666666666667,99.15482297942134,95.12039216672126,68.09362871413059,20.36904994136749,6.17449762219674
3.095833333333333,99.15265033553028,95.11066784920644,68.05112460877848,20.33889847626692,6.163880367604369
3.1,99.1504734316982,95.10092618523657,68.0085926522146,20.308781159967964,6.1532802824946335
3.1041666666666665,99.14829225983682,95.09116714797024,67.96603289641348,20.278697985423545,6.14269734284278
3.108333333333334,99.14610681185806,95.08139071053876,67.92344539352119,20.248648945476045,6.132131524642694
3.1125000000000003,99.14391707967386,95.07159684604596,67.88083019585532,20.218634032857356,6.121582803906926
3.1166666666666667,99.14172305519632,95.0617855275684,67.83818735599638,20.18865324018885,6.111051156666644
3.1208333333333336,99.13952473033773,95.0519567281623,67.79551693712158,20.158706559981407,6.100536558971664
3.125,99.13732209701035,95.04211042089882,67.75281900027576,20.128793984635443,6.090038986890436
3.129166666666667,99.13511514712668,95.03224657879528,67.71009359996353,20.098915506440882,6.079558416510033
3.1333333333333333,99.13290387259931,95.0223651748363,67.66734079090058,20.069071117577195,6.069094823936156
3.1374999999999997,99.13068826534095,95.0124661819806,67.62456062801365,20.039260810113415,6.058648185293128
3.141666666666667,99.12846831726439,95.00254957316108,67.58175316644041,20.009484576008116,6.04821847672388
3.1458333333333335,99.1262440202826,94.99261532128486,67.53891846152936,19.979742407109462,6.037805674389969
3.1500000000000004,99.12401536630864,94.9826633992333,67.49605656883978,19.950034295155177,6.02740975447155
3.154166666666667,99.12178234725569,94.97269377986203,67.4531675441416,19.9203602317726,6.0170306931673885
3.158333333333333,99.11954495503703,94.96270643600101,67.4102514434154,19.890720208478655,6.006668466694849
3.1625,99.11730318156613,94.95270134045451,67.36730832285214,19.861114216679876,5.996323051289889
3.1666666666666665,99.11505701875653,94.94267846600127,67.32433823885326,19.83154224767243,5.985994423207069
3.170833333333334,99.1128064585219,94.93263778539703,67.28134124803049,19.802004292642113,5.975682558719529
3.1750000000000003,99.11055149277604,94.92257927138404,67.23831740720581,19.77250034266437,5.965387434119
3.1791666666666667,99.10829211343287,94.91250289666925,67.19526677341132,19.743030388704273,5.955109025715792
3.1833333333333336,99.10602831240641,94.90240863393244,67.1521894038892,19.71359442161658,5.944847309838793
3.1875,99.10376008161084,94.89229645582779,67.10908535609153,19.684192432145718,5.934602262835465
3.191666666666667,99.1014874129605,94.88216633498405,67.06595468768029,19.654824410925784,5.92437386107184
3.1958333333333333,99.09921029836973,94.87201824400431,67.02279745652729,19.625490348480582,5.914162080932514
3.2000000000000006,99.09692835599907,94.8618521554662,66.97961372071394,19.5961902352236,5.903966898820649
3.204166666666667,99.09464237303129,94.85166804192178,66.93640353853137,19.566924061458057,5.893788291157961
3.2083333333333335,99.09235190814589,94.84146587589755,66.89316696848007,19.537691817376874,5.883626234384722
3.2125000000000004,99.09005695323435,94.83124562989448,66.84990406927011,19.50849349514204,5.873480704959755
3.216666666666667,99.08775750017314,94.82100727638802,66.8066148998208,19.479329088432884,5.863351679360432
3.2208333333333337,99.08545354082368,94.81075080645974,66.76329951926071,19.4501985875604,5.853239134082662
3.225,99.08314506703228,94.80047614955063,66.71995798692758,19.42110198268082,5.8431430456408995
3.2291666666666665,99.08083207063028,94.79018330389127,66.67659036236823,19.392039263849,5.83306339056813
3.233333333333334,99.07851454343391,94.77987224159624,66.63319670533838,19.363010421018416,5.823000145598769
3.2375000000000003,99.0761924772444,94.76954293478201,66.58977707580271,19.334015444041196,5.812953320161903
3.241666666666667,99.07386586384791,94.75919535556707,66.5463315339347,19.30505432266811,5.8029228602048875
3.2458333333333336,99.07153469501556,94.74882947607183,66.50286014011645,19.276127046548584,5.792908742411068
3.25,99.06919896250342,94.73844526841867,66.45936295493878,19.24723360523071,5.782910943483257
3.254166666666667,99.06685865805255,94.72804270473193,66.41584003920093,19.218373988161222,5.772929440143733
3.2583333333333333,99.06451377338888,94.71762175713792,66.37229145391063,19.189548184685577,5.762964209134249
3.2625000000000006,99.0621643002234,94.70718239776497,66.32871726028398,19.160756184047855,5.753015227216004
3.266666666666667,99.059810230252,94.69672459874329,66.28511751957379,19.13199797539088,5.743082471169663
3.2708333333333335,99.05745155515557,94.68624833212671,66.24149228717535,19.10327354775615,5.733165917795334
3.2750000000000004,99.05508826659988,94.67575356976145,66.19784162122842,19.07458289008385,5.723265543912568
3.279166666666667,99.05272035623574,94.66524028371033,66.1541655829891,19.045925991212904,5.713381326360371
3.2833333333333337,99.05034781569888,94.65470844605856,66.11046423390107,19.01730283988094,5.703513241997173
3.2875,99.04797063661003,94.64415802889346,66.0667376355957,18.988713424724313,5.693661267700845
3.2916666666666665,99.04558881057483,94.63358900430441,66.02298584989192,18.960157734278106,5.683825380368683
3.295833333333334,99.0432023291839,94.62300134438294,65.9792089387961,18.931635756976135,5.6740055569174075
3.3000000000000003,99.04081118401285,94.61239502122267,65.93540696450214,18.90314748115098,5.664201774283159
3.304166666666667,99.03841536662225,94.6017700069193,65.89157998939125,18.874692895033952,5.654414009421493
3.3083333333333336,99.03601486855759,94.59112627357072,65.8477280760321,18.846271986755127,5.644642239307379
3.3125,99.03360968134935,94.5804637932769,65.80385128718059,18.817884744343353,5.634886440935191
3.316666666666667,99.03119979631279,94.56978253813996,65.75994968577987,18.789531155726237,5.625146591318705
3.3208333333333333,99.02878520111716,94.5590824802641,65.71602333496031,18.76121120873017,5.615422667491102
3.3250000000000006,99.02636588554844,94.5483635914758,65.67207229803937,18.732924891080334,5.605714646504942
3.329166666666667,99.02394184076245,94.537625842353,65.62809663852164,18.704672190400686,5.5960225054321935
3.3333333333333335,99.02151305789414,94.5268692045369,65.58409642009872,18.676453094214008,5.586346221364199
3.3375000000000004,99.01907952805765,94.51609364985889,65.54007170664919,18.64826758994184,5.576685771411684
3.341666666666667,99.01664124234635,94.50529915015254,65.49602256223857,18.62011566490459,5.567041132704755
3.3458333333333337,99.01419819183272,94.49448567725358,65.45194905111924,18.591997306321428,5.557412282392886
3.35,99.01175036756854,94.48365320299993,65.40785123773043,18.56391250131039,5.547799197644926
3.3541666666666665,99.00929776058469,94.47280169923162,65.36372918669808,18.535861236888312,5.538201855649085
3.358333333333334,99.00684036189126,94.46193113779094,65.31958296283493,18.507843499970885,5.528620233612929
3.3625000000000003,99.0043781624776,94.45104149052236,65.2754126311403,18.47985927737263,5.519054308763393
3.366666666666667,99.00191115331212,94.44013272927249,65.23121825680013,18.451908555806916,5.509504058346748
3.3708333333333336,98.99943932534255,94.42920482589024,65.18699990518701,18.423991321885975,5.499969459628627
3.375,98.99696266949579,94.41825775222662,65.14275764185989,18.396107562120896,5.490450489894
3.379166666666667,98.99448117667787,94.40729147992974,65.09849153256431,18.368257262921624,5.480947126447173
3.3833333333333333,98.99199483777407,94.39630597908504,65.0542016432321,18.34044041059699,5.471459346611797
3.3875000000000006,98.98950364364886,94.38530122087441,65.00988803998148,18.312656991354693,5.461987127730848
3.391666666666667,98.9870075851459,94.37427717682573,64.96555078911697,18.28490699431934,5.452530447166631
3.3958333333333335,98.98450665308806,94.3632338184692,64.92118995712933,18.257190410600856,5.443089282300774
3.4000000000000004,98.98200083827741,94.35217111733719,64.87680561069547,18.229507226717118,5.433663610534223
3.404166666666667,98.9794901314952,94.34108904496435,64.83239781667847,18.2018574290385,5.424253409287242
3.4083333333333337,98.97697452350191,94.32998757288748,64.78796664212746,18.174241003846745,5.414858655999402
3.4125,98.97445400503719,94.31886667264573,64.74351215427761,18.14665793733501,5.405479328129587
3.4166666666666665,98.97192856681988,94.30772631578044,64.69903441997019,18.119108215607852,5.396115403155978
3.420833333333334,98.96939819954812,94.2965664738352,64.6545334962585,18.0915918246812,5.386766858576059
3.4250000000000003,98.96686289389916,94.2853871183559,64.61000944606855,18.06410875048244,5.377433671906603
3.429166666666667,98.96432264052945,94.27418822089064,64.56546233612345,18.03665897885033,5.368115820683682
3.4333333333333336,98.96177743007472,94.26296975288263,64.52089223329949,18.009242495535077,5.35881328246265
3.4375,98.95922725314985,94.25173168425202,64.47629920462612,17.981859286198297,5.349526034818146
3.441666666666667,98.95667210034892,94.24047398575311,64.43168331728599,17.954509336413025,5.340254055344086
3.4458333333333333,98.95411196224529,94.22919662862051,64.38704463861484,17.927192631663758,5.330997359205247
3.4500000000000006,98.95154682939143,94.2178995840912,64.34238323610158,17.899909157346396,5.321755903495539
3.454166666666667,98.9489766923191,94.20658282340443,64.29769917738821,17.87265889876831,5.312529652709976
3.4583333333333335,98.94640154153926,94.19524631780179,64.25299253026984,17.84544184114831,5.30331858464204
3.4625000000000004,98.94382136754201,94.18389003852715,64.20826336269455,17.818257969616646,5.2941226771060546
3.466666666666667,98.94123616079678,94.17251395682676,64.16351174276357,17.791107269215047,5.284941907937192
3.4708333333333337,98.9386459117521,94.16111804394919,64.11873773873113,17.763989724896682,5.275776254991457
3.475,98.93605061083578,94.14970227114532,64.07394141900441,17.7369053215262,5.266625696145693
3.4791666666666665,98.93345024845482,94.13826660966838,64.02912285214369,17.709854043879723,5.257490209297573
3.483333333333334,98.93084481499548,94.12681103077396,63.9842821068621,17.682835876644823,5.248369772365592
3.4875000000000003,98.92823430082318,94.11533550568348,63.93941925202582,17.65585080442059,5.239264363289076
3.491666666666667,98.9256186962826,94.10384000439434,63.894534356653885,17.62889881171757,5.230173960028166
3.4958333333333336,98.92299799169759,94.09232449730797,63.849627489918284,17.601979882957806,5.221098540563821
3.5,98.92037217737125,94.08078895536408,63.80469872114389,17.575094002474845,5.212038082897809
3.504166666666667,98.91774124358594,94.06923334950476,63.75974811980847,17.5482411545137,5.2029925650527105
3.5083333333333333,98.91510518060316,94.05765765067444,63.71477575554262,17.521421323230925,5.193961965071908
3.5125000000000006,98.9124639786637,94.04606182982008,63.66978169812977,17.49463449269455,5.184946261019587
3.516666666666667,98.90981762798755,94.03444585789089,63.6247660175062,17.467880646884137,5.17594543098073
3.5208333333333335,98.9071661187739,94.02280970583861,63.57972878376097,17.44115976969075,5.166959453061113
3.5250000000000004,98.90450944120121,94.01115334461736,63.53467006713592,17.414471844916964,5.1579883053873035
3.529166666666667,98.90184758542713,93.99947674518369,63.48958993802568,17.3878168562769,5.149031966106655
3.5333333333333337,98.89918054158856,93.98777987842593,63.44448846697757,17.361194787396183,5.140090413387302
3.5375,98.89650829988628,93.97606271428404,63.39936572469169,17.334605621811995,5.131163625418163
3.5416666666666665,98.89383085074263,93.96432522320237,63.35422178202082,17.30804934297302,5.122251580408932
3.545833333333334,98.89114818434686,93.95256737590893,63.30905670997042,17.281525934239518,5.113354256590065
3.5500000000000003,98.88846029085212,93.94078914313427,63.263870579698676,17.255035378883257,5.104471632212807
3.554166666666667,98.88576716039725,93.92899049561137,63.218663462516346,17.228577660087577,5.095603685549145
3.5583333333333336,98.88306878310675,93.91717140407572,63.17343542988686,17.202152760947364,5.0867503948918475
3.5625,98.88036514909078,93.90533183926523,63.12818655342629,17.175760664469056,5.077911738554429
3.566666666666667,98.87765624844515,93.89347177192033,63.082916904760786,17.149401353570646,5.069087694871162
3.5708333333333333,98.87494207125135,93.88159117278391,63.037626554086316,17.123074814034663,5.060278242197072
3.5750000000000006,98.8722226075765,93.86969001260135,62.992315572396826,17.096781033338907,5.051483358907926
3.579166666666667,98.8694978474734,93.85776826198212,62.9469840311314,17.07051999470357,5.042703023400245
3.5833333333333335,98.8667677809804,93.8458258905773,62.90163200181137,17.044291681229886,5.0339372140912815
3.5875000000000004,98.8640323981216,93.83386286870562,62.85625955604065,17.01809607594257,5.025185909419027
3.591666666666667,98.861291688888,93.82187916687984,62.810866765506134,16.991933161789827,5.016449087842211
3.5958333333333337,98.85854564315125,93.80987475561527,62.76545370197797,16.96580292164335,5.0077267278402875
3.6,98.85579425084057,93.79784960542969,62.72002043730992,16.93970533829832,4.999018807913439
3.6041666666666665,98.85303750188577,93.78580368684354,62.67456704363925,16.913640394473425,4.990325306582574
3.608333333333334,98.85027538619983,93.7737369703797,62.62909359514867,16.887608072810853,4.981646202389315
3.6125000000000003,98.84750789367915,93.76164942656362,62.58360016521881,16.861608355876314,4.972981473896005
3.616666666666667,98.84473501420341,93.74954102592335,62.53808682696459,16.83564122615903,4.964331099685696
3.6208333333333336,98.84195673763561,93.73741173898945,62.49255365365583,16.809706666071744,4.955695058362156
3.625,98.83917305382214,93.72526152599099,62.44700071871526,16.783804657950736,4.947073328549853
3.629166666666667,98.83638395259268,93.71309037993889,62.401428095716504,16.757935184055807,4.938465888893956
3.6333333333333333,98.83358942376029,93.7008982566268,62.35583585838219,16.73209822657031,4.92987271806034
3.6375000000000006,98.83078945712141,93.68868512655095,62.31022408058187,16.706293767601142,4.9212937947355675
3.641666666666667,98.82798404245588,93.67645096018873,62.2645928362311,16.68052178917875,4.912729097626903
3.6458333333333335,98.82517316952118,93.66419572799853,62.21894219853444,16.65478227325714,4.904178605462291
3.6500000000000004,98.82235682798802,93.65191940041989,62.17327224128957,16.629075201713867,4.8956422969903635
3.654166666666667,98.81953500754467,93.63962194787341,62.1275830385976,16.603400556350074,4.887120171509843
3.6583333333333337,98.81670769787988,93.62730334076079,62.08187466468848,16.57775831889046,4.878612214002132
3.6625,98.81387488866406,93.61496354946486,62.03614719392234,16.552148470983308,4.870118379931747
3.6666666666666665,98.81103656954934,93.60260254434955,61.99040070079097,16.526570994200483,4.861638648237776
3.670833333333334,98.80819273016952,93.59022029532153,61.9446352599192,16.501025870037438,4.85317299788137
3.6750000000000003,98.80534336014007,93.5778167713895,61.89885094606641,16.475513079913227,4.844721407845753
3.679166666666667,98.80248844905816,93.56539194266814,61.85304783411131,16.450032605170485,4.836283857136206
3.6833333333333336,98.79962798650263,93.55294577932854,61.8072259989313,16.42458442707547,4.827860324780078
3.6875,98.796761962034,93.54047825152051,61.761385515587484,16.399168526818038,4.8194507898267664
3.691666666666667,98.79389036519446,93.52798932937263,61.715526459287915,16.37378488551165,4.8110552313477255
3.6958333333333333,98.7910131855079,93.51547898299226,61.66964890536487,16.348433484193407,4.802673628436463
3.7000000000000006,98.78813041248007,93.50294718246552,61.623752929274865,16.32311430382401,4.794305960208526
3.704166666666667,98.78524203560633,93.49039389785736,61.57783860659908,16.297827325287813,4.785952205801518
3.7083333333333335,98.78234804436174,93.47781909921152,61.53190601304344,16.272572529392782,4.77761234437507
3.7125000000000004,98.77944842819969,93.46522275655049,61.48595522443892,16.247349896870528,4.769286355110859
3.716666666666667,98.77654317655542,93.45260483987566,61.43998628771804,16.222159408376307,4.760974217212598
3.7208333333333337,98.77363227884608,93.43996531916717,61.39399934839316,16.197001044489017,4.752675909906025
3.725,98.77071572447058,93.42730416438405,61.347994438434604,16.17187478571122,4.744391412438912
3.7291666666666665,98.76779350280972,93.41462134546407,61.30197163507635,16.146780612469122,4.736120704081057
3.733333333333334,98.7648656032261,93.40191683232393,61.25593101553627,16.12171850511259,4.727863764124277
3.7375000000000003,98.76193201506422,93.38919059485916,61.20987265701624,16.096688443915163,4.719620571882411
3.741666666666667,98.75899272765034,93.3764426029441,61.16379663670205,16.071690409074048,4.711391106691312
3.7458333333333336,98.75604773029258,93.36367282643204,61.11770303176339,16.046724380710135,4.703175347908849
3.75,98.75309701228089,93.350881235155,61.071591919353885,16.021790341853034,4.694973274914903
3.754166666666667,98.75014058593882,93.33806779892403,61.025463376759504,15.996888277008834,4.6867848671113554
3.7583333333333333,98.74717838813848,93.325232487529,60.979317482134554,15.97201816661165,4.678610103922099
3.7625000000000006,98.74421043879381,93.3123752707386,60.933154312970316,15.947179991000562,4.670448964793024
3.766666666666667,98.74123672690003,93.29949611830058,60.88697394658649,15.922373730449928,4.662301429192019
3.7708333333333335,98.73825724145257,93.2865949999415,60.84077646028968,15.897599365169334,4.6541674766089685
3.7750000000000004,98.73527197144716,93.27367188536681,60.794561931373394,15.872856875303635,4.646047086555749
3.779166666666667,98.7322809058797,93.26072674426091,60.74833043711815,15.848146240932962,4.637940238566228
3.7833333333333337,98.7292840337464,93.24775954628718,60.7020820547913,15.823467442072687,4.629846912196256
3.7875,98.72628134404376,93.23477026108786,60.65581686164714,15.79882045867349,4.62176708702367
3.7916666666666665,98.72327282576843,93.2217588582842,60.609534934926856,15.77420527062131,4.613700742648285
3.795833333333334,98.7202584679174,93.20872530747634,60.56323635185851,15.749621857737367,4.605647858691891
3.8000000000000003,98.7172382594879,93.19566957824347,60.51692118965703,15.725070199778177,4.597608414798259
3.804166666666667,98.71421218947741,93.18259164014361,60.47058952786452,15.700550276435543,4.589582390633127
3.8083333333333336,98.71118024688364,93.16949146271392,60.42424144896764,15.676062067336579,4.581569765884201
3.8125,98.70814242060287,93.15636901547037,60.37787703143545,15.651605552043687,4.573570520261154
3.816666666666667,98.70509869945097,93.14322426790808,60.33149635360385,15.627180710054573,4.565584633495621
3.8208333333333333,98.70204907238268,93.13005718950109,60.2850994937966,15.602787520802266,4.557612085341196
3.8250000000000006,98.6989935283547,93.1168677497024,60.23868653032531,15.578425963655098,4.54965285557343
3.829166666666667,98.69593205632394,93.10365591794411,60.192257541489425,15.554096017916741,4.54170692398983
3.8333333333333335,98.69286464524758,93.09042166363733,60.14581260557622,15.52979766282617,4.533774270409853
3.8375000000000004,98.68979128408297,93.07716495617213,60.09935180086077,15.50553087755769,4.525854874674899
3.841666666666667,98.68671196178781,93.06388576491769,60.05287520560603,15.48129564122096,4.517948716648322
3.8458333333333337,98.68362666731994,93.05058405922217,60.00638289806267,15.457091932860948,4.510055776215407
3.85,98.68053538963751,93.03725980841287,59.95987495654397,15.432919731457984,4.502176033283392
3.8541666666666665,98.67743811769888,93.02391298179604,59.913351464509375,15.408779015927735,4.494309467781439
3.858333333333334,98.67433484046232,93.01054354865708,59.86681250433901,15.384669765121211,4.48645605966065
3.8625000000000003,98.6712255462536,92.99715147826043,59.82025815558928,15.360591957824795,4.478615793899747
3.866666666666667,98.66811022332415,92.98373674076925,59.7736884978035,15.336545572760214,4.470788668919176
3.8708333333333336,98.66498886044039,92.97029930735519,59.72710361051209,15.312530588584552,4.46297464335439
3.875,98.66186144636892,92.95683914745372,59.68050357323229,15.288546983890278,4.455173697309762
3.879166666666667,98.65872796987662,92.9433562304318,59.6338884654684,15.264594737205202,4.447385810912426
3.8833333333333333,98.65558841973053,92.92985052563924,59.58725836671167,15.240673826992543,4.439610964312285
3.8875000000000006,98.652442784698,92.91632200240876,59.54061335644022,15.216784231650864,4.431849137681999
3.891666666666667,98.64929105354659,92.90277063005597,59.49395351411919,15.192925929514134,4.424100311216987
3.8958333333333335,98.64613321504405,92.88919637787944,59.44727891920058,15.169098898851697,4.416364465135422
3.9000000000000004,98.64296925795838,92.87559921516059,59.400589651951584,15.145303117868277,4.408641579678229
3.904166666666667,98.63979917105786,92.86197911116379,59.35388579804236,15.121538564704009,4.400931635109083
3.9083333333333337,98.63662294309187,92.84833603513634,59.30716743922601,15.097805217434415,4.393234611714402
3.9125,98.63344056188396,92.83466995630853,59.26043465619023,15.074103054070417,4.385550489803354
3.9166666666666665,98.63025201550919,92.82098084389347,59.213687529609274,15.050432052558346,4.3778792497078385
3.920833333333334,98.62705729250307,92.80726866708736,59.166926140143985,15.026792190779917,4.3702208717824975
3.9250000000000003,98.62385638140137,92.79353339506929,59.12015056844183,15.0031834465523,4.362575336404713
3.929166666666667,98.62064927074012,92.77977499700133,59.07336089513686,14.979605798852843,4.354942623974587
3.9333333333333336,98.61743594905556,92.76599344202855,59.02655720084971,14.95605922749435,4.34732271491496
3.9375,98.61421640488425,92.75218869927896,58.97973956618755,14.932543710941989,4.339715589671398
3.941666666666667,98.61099062676291,92.73836073786363,58.932908071744116,14.909059227656865,4.332121228712184
3.9458333333333333,98.60775860322859,92.72450952687655,58.886062798099715,14.885605756103782,4.324539612528333
3.9500000000000006,98.60452032281852,92.71063503539474,58.839203828744616,14.862183274751128,4.316970721633564
3.954166666666667,98.60127577407025,92.69673723247833,58.79233125111322,14.838791762070935,4.309414536564323
3.9583333333333335,98.59802494545423,92.68281608717034,58.74544514712176,14.815431196538759,4.301871037879764
3.9625000000000004,98.59476782441943,92.66887156849688,58.698545598473295,14.79210155663372,4.294340206161749
3.966666666666667,98.59150439894069,92.65490364546712,58.65163268685738,14.768802820838431,4.286822022014851
3.9708333333333337,98.58823465731886,92.6409122870732,58.604706493949976,14.74553496759195,4.279316466066344
3.975,98.5849585878551,92.62689746229043,58.557767101413496,14.722297973251184,4.271823518966204
3.9791666666666665,98.58167617885081,92.61285914007708,58.510814590896786,14.699091814505227,4.264343161387106
3.983333333333334,98.57838741860768,92.59879728937453,58.46384904403511,14.675916468890312,4.256875374024419
3.9875000000000003,98.57509229542758,92.58471187910725,58.41687054245016,14.652771913867054,4.2494201375962115
3.991666666666667,98.57179079761273,92.57060287818277,58.36987916775001,14.629658126820186,4.241977432843235
3.9958333333333336,98.56848291346559,92.55647025549169,58.32287500152914,14.60657508505834,4.234547240528934
4.0,98.56516863128886,92.54231397990783,58.275858125368444,14.583522765813791,4.227129541439434
4.004166666666667,98.56184793938553,92.52813402028795,58.22882862083517,14.5605011462422,4.2197243163835445
4.008333333333334,98.55852082586367,92.51393034547205,58.181786569482966,14.537510203422396,4.21233154619276
4.0125,98.55518727748839,92.4997029242832,58.134732053670604,14.514549914356111,4.204951211721242
4.016666666666667,98.55184728204287,92.48545172552762,58.08766516416471,14.49162025607581,4.197583293845835
4.020833333333333,98.5485008275958,92.47117671799467,58.04058598627293,14.468721206410667,4.190227773466049
4.025,98.54514790221614,92.45687787045685,57.99349460301861,14.445852742655447,4.182884631504065
4.029166666666667,98.54178849397321,92.44255515166981,57.94639109741134,14.42301484189023,4.175553848904736
4.033333333333334,98.53842259093649,92.42820853037239,57.89927555244675,14.400207481151483,4.168235406635568
4.0375000000000005,98.53505018117583,92.4138379752866,57.85214805110663,14.377430637432312,4.160929285686739
4.041666666666667,98.53167125276129,92.39944345511759,57.805008676358824,14.354684287682717,4.153635467071077
4.045833333333333,98.52828579376323,92.38502493855374,57.7578575111573,14.331968408809862,4.146353931824068
4.05,98.52489379225226,92.3705823942666,57.71069463844209,14.309282977678345,4.1390846610038565
4.054166666666667,98.5214952362993,92.35611579091096,57.66352014113936,14.286627971110441,4.131827635691229
4.058333333333334,98.51809011397553,92.34162509712476,57.61633410216127,14.264003365886376,4.124582836989626
4.0625,98.51467841335241,92.32711028371243,57.569136604406125,14.241409138759556,4.117350246025132
4.066666666666667,98.51126012250167,92.3125713225222,57.521927730758236,14.21884526647818,4.11012984394647
4.070833333333334,98.5078352294953,92.29800818250004,57.47470756408802,14.19631172571236,4.102921611925011
4.075,98.50440372235705,92.2834208325625,57.427476187251905,14.173808493087556,4.0957255393411645
4.079166666666667,98.50096558724275,92.2688092416164,57.38023368801821,14.151335545187639,4.088541600661795
4.083333333333333,98.49752081098401,92.25417337855876,57.33298015603086,14.128892858554872,4.081369776363109
4.0875,98.49406938130983,92.23951321227692,57.2857156754725,14.106480409690011,4.07421004772819
4.091666666666667,98.49061128594947,92.22482871164843,57.23844033049909,14.084098175052324,4.06706239606302
4.095833333333334,98.4871465126325,92.21011984554116,57.19115420525226,14.06174613105962,4.059926802696469
4.1000000000000005,98.48367504908879,92.19538658281323,57.1438573838595,14.039424254088312,4.052803248980303
4.104166666666667,98.48019688304844,92.18062889231308,57.096549950433996,14.017132520473458,4.045691716289171
4.108333333333333,98.47671200224188,92.16584674287942,57.049231989074734,13.994870923231606,4.038592186020606
4.1125,98.47322039439985,92.15104010334127,57.001903583866444,13.97263939956914,4.031504639595031
4.116666666666667,98.46972204725331,92.136208942518,56.95456481887956,13.95043794989061,4.024429058455739
4.120833333333334,98.46621694853364,92.12135322921921,56.90721577817032,13.928266550045393,4.01736542406891
4.125,98.46270508597235,92.10647293224496,56.859856545780666,13.906125175885892,4.01031371792359
4.129166666666667,98.45918644730133,92.0915680203855,56.81248720573826,13.884013803267534,4.003273921531701
4.133333333333334,98.45566102025282,92.07663846242153,56.76510784205651,13.86193240804879,3.9962460164280373
4.1375,98.45212879255924,92.06168422712405,56.71771853873451,13.839880966091158,3.989229984170253
4.141666666666667,98.44858975195335,92.04670528325443,56.67031954282387,13.817859453259167,3.982225806338876
4.145833333333333,98.44504388492626,92.0317015995644,56.62291058328306,13.795867845420362,3.9752334645372875
4.15,98.4414911773371,92.01667314479607,56.575491954897615,13.773906118441326,3.9682529403917317
4.154166666666667,98.43793161656635,92.00161988768194,56.52806374176802,13.751974248045764,3.961284215551311
4.158333333333334,98.43436519000292,91.98654179694489,56.480626028059376,13.73007221000518,3.954327271687979
4.1625000000000005,98.43079188503609,91.97143884129815,56.43317889800148,13.708199980160538,3.947382090496544
4.166666666666667,98.42721168905541,91.95631098944547,56.38572243588872,13.686357534356933,3.9404486536946606
4.170833333333333,98.42362458945072,91.94115821008086,56.338256726080104,13.664544848443578,3.933526943022831
4.175,98.42003057361218,91.92598047188886,56.29078185299928,13.642761898273829,3.926616940244404
4.179166666666667,98.41642962893027,91.9107777435444,56.24329790113439,13.621008659705131,3.9197186271455657
4.183333333333334,98.41282174279578,91.89554999371285,56.195804955038184,13.59928510859905,3.9128319855353464
4.1875,98.4092069025998,91.88029719105002,56.14830309932791,13.577591220821247,3.905956997245609
4.191666666666667,98.40558509573374,91.86501930420216,56.10079241868537,13.555926971858778,3.8990936441310504
4.195833333333334,98.4019563095893,91.84971630180598,56.053272997856865,13.534292336383563,3.892241908069205
4.2,98.3983205315585,91.83438815248867,56.00574492165313,13.512687289916661,3.8854017709604296
4.204166666666667,98.39467774903366,91.81903482486788,55.95820827499127,13.491111808040385,3.8785732147279117
4.208333333333333,98.39102794940749,91.80365628755175,55.91066314690325,13.469565866341368,3.871756221317662
4.2125,98.38737106594493,91.78825250913889,55.863109625549626,13.44804944041054,3.864950772698514
4.216666666666667,98.38370720316465,91.77282345821844,55.8155477966562,13.426562505843146,3.858156850862118
4.220833333333334,98.3800362797,91.75736910337,55.76797774603297,13.405105038238704,3.8513744378229435
4.2250000000000005,98.37635828289811,91.74188941316372,55.72039955957406,13.383677013201043,3.844603515618278
4.229166666666667,98.37267320008476,91.72638435616024,55.672813323257685,13.362278406291447,3.8378440663082145
4.233333333333333,98.36898101856437,91.71085390091075,55.62521912314617,13.340909191894662,3.8310960719756584
4.2375,98.36528172562005,91.69529801595698,55.5776170453859,13.319569344825185,3.8243595147263254
4.241666666666667,98.3615753085135,91.67971666983118,55.53000717620735,13.298258840355526,3.8176343766887317
4.245833333333334,98.35786175448511,91.66410983105618,55.482389601925,13.276977653762263,3.8109206400142
4.25,98.35414105075392,91.64847746814532,55.43476440893733,13.255725760326015,3.8042182868768504
4.254166666666667,98.35041318451765,91.63281954960327,55.38713168372683,13.234503135331435,3.7975272994736
4.258333333333334,98.3466781429526,91.61713604629524,55.339491512859965,13.213309754067238,3.7908476600241667
4.2625,98.34293591321378,91.60142692911259,55.291843982987146,13.192145591826135,3.784179350771054
4.266666666666667,98.33918648243487,91.58569216682687,55.244189180842675,13.171010623904895,3.7775223539795615
4.270833333333333,98.3354298377282,91.56993172820629,55.19652719324484,13.14990482513306,3.770876651937777
4.275,98.33166596618473,91.55414558201576,55.14885810709574,13.128828169526507,3.7642422269565703
4.279166666666667,98.32789485453486,91.53833369701697,55.10118200938141,13.107780632021166,3.757619061369598
4.283333333333334,98.32411648660862,91.52249604196824,55.05349898717169,13.086762187601634,3.7510071362665265
4.2875000000000005,98.32033084845277,91.50663258562466,55.00580912762025,13.065772811256531,3.744406434448371
4.291666666666667,98.31653792684133,91.49074329673809,54.958112517964594,13.044812477978477,3.737816939012569
4.295833333333333,98.31273770852297,91.47482814405704,54.91040924552599,13.02388116276409,3.731238632379146
4.3,98.30893018022108,91.45888709632689,54.86269939770949,13.002978840613988,3.7246714969908448
4.304166666666667,98.30511532863373,91.44292012228968,54.81498306200391,12.982105486532767,3.7181155153131087
4.308333333333334,98.30129314043374,91.42692719068425,54.767260325981745,12.9612610754546,3.7115706698340976
4.3125,98.2974636022686,91.41090827024622,54.71953127729925,12.940445580979807,3.7050369430646684
4.316666666666667,98.29362670076056,91.394863329708,54.67179600369635,12.919658977360344,3.6985143175383817
4.320833333333334,98.28978242250646,91.37879233779877,54.62405459299665,12.89890123931765,3.692002775811501
4.325,98.28593075407801,91.36269526324449,54.57630713310739,12.878172341577141,3.6855023004629826
4.329166666666667,98.28207168202151,91.34657207476795,54.528553712019466,12.857472258868242,3.679012874094481
4.333333333333333,98.27820519285805,91.33042274108877,54.48079441780737,12.836800965924338,3.6725344793303445
4.3375,98.2743312730834,91.31424723092334,54.43302933690638,12.8161584374828,3.6660670988176083
4.341666666666667,98.27044990916805,91.2980455129849,54.385258549474734,12.795544648284974,3.659610715226
4.345833333333334,98.26656108755718,91.28181755598354,54.3374821419513,12.774959573076153,3.65316531124793
4.3500000000000005,98.26266479467077,91.26556332862617,54.28970020171906,12.7544031866056,3.646730869598499
4.354166666666667,98.25876101690343,91.24928279961657,54.241912816214224,12.733875463626518,3.6403073730154807
4.358333333333333,98.25484974062458,91.2329759376553,54.19412007292609,12.713376378896049,3.6338948042593326
4.3625,98.25093095217827,91.21664271143995,54.14632205939712,12.692905906374477,3.6274931461131934
4.366666666666667,98.24700463788336,91.20028308966481,54.09851886322286,12.672464018947496,3.62110238138287
4.370833333333334,98.24307078403339,91.18389704102113,54.05071057205194,12.652050690946806,3.6147224928968464
4.375,98.23912937689663,91.16748453419706,54.002897273586136,12.631665896757532,3.608353463506276
4.379166666666667,98.23518040271611,91.15104553787762,53.95507905558025,12.611309610768723,3.6019952760849803
4.383333333333334,98.23122384770954,91.13458002074475,53.907256005842186,12.59098180737336,3.595647913529449
4.3875,98.22725969806943,91.11808795147725,53.85942821223287,12.57068246096833,3.589311358758833
4.391666666666667,98.22328793996297,91.10156929875095,53.8115957626663,12.550411545954418,3.582985594714948
4.395833333333333,98.21930855953211,91.08502403123846,53.76375874510949,12.530169036736316,3.5766706043622682
4.4,98.2153215428935,91.06845211760944,53.7159172475825,12.509954907722598,3.570366370687924
4.404166666666667,98.2113268761386,91.05185352653046,53.66807135815838,12.489769133325732,3.564072876701705
4.408333333333334,98.20732454533356,91.03522822666505,53.620221164963176,12.469611687962058,3.55779010543605
4.4125000000000005,98.20331453651929,91.01857618667366,53.57236675617596,12.449482545943805,3.5515180399460506
4.416666666666667,98.1992968357114,91.00189737521373,53.52450822002874,12.429381680020056,3.5452566633094484
4.420833333333333,98.1952714289003,90.98519176093966,53.47664564480652,12.409309063779297,3.53900595862663
4.425,98.19123830205113,90.96845931250289,53.42877911884726,12.389264671306266,3.532765909020629
4.429166666666667,98.18719744110378,90.95169999855173,53.38090873054184,12.369248476689542,3.5265364976371174
4.433333333333334,98.18314883197286,90.93491378773165,53.33303456833413,12.349260454021572,3.5203177076444137
4.4375,98.17909246054775,90.91810064868497,53.28515672072085,12.329300577398627,3.514109522233469
4.441666666666667,98.17502831269263,90.9012605500511,53.23727527625174,12.309368820920826,3.507911924617873
4.445833333333334,98.17095637424633,90.88439346046651,53.18939032352935,12.289465158692112,3.501724898033852
4.45,98.16687663102255,90.86749927658869,53.14150195120916,12.269589564820253,3.495548425740259
4.454166666666667,98.16278906880966,90.85057812039277,53.09361024799958,12.249742013416837,3.4893824910185813
4.458333333333333,98.1586936733708,90.83362988451736,53.04571530266183,12.229922478597256,3.4832270771729332
4.4625,98.15459043044395,90.81665453795851,52.99781720401003,12.210130934480704,3.477082167530051
4.466666666666667,98.15047932574173,90.7996520497163,52.949916040901,12.190367334999424,3.470947745439302
4.470833333333334,98.14636034495159,90.78262238879478,52.90201189614526,12.170631697617102,3.464823794272667
4.4750000000000005,98.14223347373577,90.7655655242021,52.854104852809,12.150923969323555,3.4587102974247537
4.479166666666667,98.13809869773124,90.7484814249504,52.80619499882899,12.131244124194254,3.452607238312781
4.483333333333333,98.13395600254972,90.73137006005584,52.758282422162004,12.111592136283084,3.446514600376587
4.4875,98.12980537377774,90.71423139853864,52.710367210784796,12.091967979622384,3.440432367078622
4.491666666666667,98.1256467969766,90.69706540942309,52.66244945269414,12.072371628222884,3.4343605188524258
4.495833333333334,98.12148025768231,90.67987206173753,52.6145292359068,12.05280305607374,3.4282990364502877
4.5,98.11730574140572,90.66265132451437,52.56660664845953,12.03326223714252,3.4222479085755
4.504166666666667,98.11312323363244,90.64540316679006,52.51868177840904,12.013749145375181,3.4162071187607492
4.508333333333334,98.10893271982283,90.6281275576052,52.470754713832065,11.9942637546961,3.410176650561075
4.5125,98.10473418541208,90.61082446600443,52.422825542825315,11.974806039008026,3.40415648755385
4.516666666666667,98.10052761579968,90.59349386103652,52.37489435350542,11.955375972082273,3.3981466133387905
4.520833333333333,98.09631299635578,90.57613571175432,52.32696123400904,11.935973526402325,3.392147011537952
4.525,98.09209031243851,90.55874998721481,52.27902627249274,11.91659867527772,3.3861576657957193
4.529166666666667,98.08785954938088,90.5413366564791,52.231089557133124,11.897251392374645,3.3801785597788174
4.533333333333334,98.08362069249056,90.52389568861241,52.18315117612667,11.87793165133388,3.3742096771763
4.5375000000000005,98.07937372705007,90.50642705268412,52.13521121768989,11.858639425770829,3.3682510016995524
4.541666666666667,98.0751186383167,90.48893071776772,52.08726977005917,11.839374689275502,3.3623025170822842
4.545833333333333,98.07085541152244,90.47140665294087,52.039326921490904,11.820137415412505,3.356364207080535
4.55,98.06658403187414,90.45385482728545,51.991382760261395,11.800927577721048,3.3504360554726667
4.554166666666667,98.06230448455334,90.43627520988741,51.94343737466689,11.78174514971493,3.34451804605936
4.558333333333334,98.05801675471638,90.41866776983693,51.895490853023595,11.762590104882543,3.338610162663623
4.5625,98.0537208274944,90.4010324762284,51.84754328366764,11.74346241668687,3.332712389130775
4.566666666666667,98.04941668799331,90.3833692981603,51.799594754955066,11.724362058565454,3.3268247093284526
4.570833333333334,98.0451043212938,90.36567820473543,51.75164535526188,11.705289003930439,3.3209471071466115
4.575,98.0407837124513,90.34795916506073,51.703695172983984,11.686243226168514,3.315079566497514
4.579166666666667,98.0364548464961,90.33021214824737,51.65574429653721,11.667224698640954,3.309222071315738
4.583333333333333,98.03211770843316,90.31243712341076,51.60779281435731,11.64823339468359,3.303374605558165
4.5875,98.02777228324237,90.2946340596705,51.55984081489995,11.629269287606801,3.297537153203986
4.591666666666667,98.02341855587827,90.27680292615047,51.511888386640734,11.610332350695542,3.2917096982546967
4.595833333333334,98.01905651127029,90.25894369197876,51.463935618075126,11.59142255720929,3.285892224734096
4.6000000000000005,98.01468613432259,90.24105632628775,51.415982596834745,11.572539880382084,3.280084716688283
4.604166666666667,98.01030740991415,90.22314079821406,51.36802940607787,11.5536842934225,3.2742871581856567
4.608333333333333,98.00592032289875,90.20519707689859,51.320076132898265,11.534855769513632,3.2684995333169113
4.6125,98.00152485810494,90.18722513148654,51.272122865190504,11.516054281813139,3.2627218261950404
4.616666666666667,97.99712100033608,90.16922493112732,51.22416969084892,11.497279803453166,3.256954020955327
4.620833333333334,97.99270873437034,90.15119644497473,51.176216697767494,11.47853230754041,3.25119610175535
4.625,97.98828804496068,90.13313964218679,51.12826397383987,11.459811767156072,3.2454480527749747
4.629166666666667,97.98385891683488,90.11505449192587,51.08031160695936,11.441118155355861,3.2397098582163553
4.633333333333334,97.97942133469547,90.09694096335869,51.03235968501899,11.422451445170006,3.2339815023039327
4.6375,97.97497528321986,90.07879902565621,50.98440829591144,11.403811609603235,3.2282629692844322
4.641666666666667,97.97052074706023,90.06062864799381,50.936457527529086,11.385198621634768,3.2225542434268624
4.645833333333333,97.96605771084359,90.04242979980036,50.888507467763986,11.366612454218327,3.2168553090225114
4.65,97.96158615917172,90.02420245680857,50.84055820450786,11.34805308028212,3.2111661503849454
4.654166666666667,97.95710607662122,90.0059465914094,50.79260982565215,11.329520472728843,3.2054867518500103
4.658333333333334,97.95261744774355,89.98766217320419,50.74466241908794,11.311014604435671,3.1998170977758242
4.6625000000000005,97.94812025706497,89.96934917179857,50.696716072706074,11.29253544825426,3.1941571725427833
4.666666666666667,97.94361448908656,89.95100755680254,50.64877087439699,11.27408297701073,3.1885069605535485
4.670833333333333,97.93910012828417,89.93263729783048,50.6008269120509,11.255657163505665,3.182866446233056
4.675,97.93457715910854,89.9142383645011,50.552884273557694,11.237257980654821,3.1772356140285103
4.679166666666667,97.93004556598521,89.89581072643749,50.50494304680689,11.218885403815394,3.171614448409379
4.683333333333334,97.92550533331455,89.87735435326715,50.45700331968783,11.200539406911771,3.1660029338673947
4.6875,97.9209564454717,89.85886921462193,50.40906518008943,11.18221996293755,3.1604010549165555
4.691666666666667,97.91639888680675,89.84035528013808,50.361128715900385,11.163927044868172,3.1548087960931186
4.695833333333334,97.91183264164451,89.8218125194563,50.31319401500905,11.1456606256609,3.149226141955599
4.7,97.90725769428467,89.80324090222165,50.265261165303535,11.127420678254829,3.143653075207051
4.704166666666667,97.90267402900174,89.78464039808365,50.21733025467163,11.109207175570873,3.1380895620802236
4.708333333333333,97.8980816300451,89.76601097669622,50.16940137100082,11.09102009051176,3.1325356061315883
4.7125,97.89348048163895,89.74735260771773,50.12147460217834,11.072859395962027,3.126991191973912
4.716666666666667,97.8888705679823,89.72866526081098,50.0735500360911,11.054725064788027,3.1214563042418457
4.720833333333334,97.88425187324906,89.70994890564327,50.02562776062577,11.036617069837893,3.115930927591913
4.7250000000000005,97.87962438158789,89.6912035118863,49.9777078636687,11.018535383941575,3.110415046702517
4.729166666666667,97.87498807712244,89.67242904921625,49.929790433106014,11.000479979910798,3.10490864627393
4.733333333333333,97.87034294395109,89.6536254873138,49.881875697104,10.982450830539074,3.0994117110282997
4.7375,97.86568896614709,89.63479279586413,49.83396343028439,10.964447908601702,3.093924225709644
4.741666666666667,97.86102612775856,89.61593094455685,49.78605388824024,10.946471186855744,3.088446175083848
4.745833333333334,97.85635441280853,89.59703990308613,49.7381471578919,10.928520638040045,3.0829775439386657
4.75,97.85167381994239,89.5781196411506,49.69024332615784,10.910596234875197,3.0775183170837144
4.754166666666667,97.84698433714416,89.55917012845346,49.642342479953996,10.892697950063562,3.072068479350475
4.758333333333334,97.8422859313079,89.54019133470237,49.59444470619313,10.87482575628926,3.0666280155922934
4.7625,97.83757858639055,89.52118322960959,49.546550091784205,10.856979626218145,3.061196910684371
4.766666666666667,97.83286228632421,89.50214578289186,49.498658723631756,10.839159532497833,3.0557751495237717
4.770833333333333,97.82813701501615,89.48307896427052,49.450770688635146,10.82136544775766,3.0503627170294147
4.775,97.82340275634883,89.4639827434714,49.40288607368806,10.803597344608704,3.044959598142073
4.779166666666667,97.8186594941798,89.44485709022499,49.35500496567781,10.785855195643776,3.0395657778243756
4.783333333333334,97.81390721234192,89.42570197426623,49.30712745148467,10.768138973437399,3.034181241060802
4.7875000000000005,97.80914589464308,89.40651736533478,49.25925361798129,10.750448650545822,3.0288059728576826
4.791666666666667,97.80437552486644,89.38730323317476,49.21138355203198,10.732784199507009,3.023439958243196
4.795833333333333,97.79959608677028,89.36805954753498,49.16351734049218,10.715145592840619,3.0180831822673664
4.8,97.79480756408813,89.34878627816879,49.1156550702077,10.697532803048029,3.0127356300020653
4.804166666666667,97.79000994052862,89.32948339483418,49.067796828014195,10.679945802612298,3.007397286541008
4.808333333333334,97.78520319977562,89.31015086729379,49.019942700736436,10.662384563998192,3.0020681369997493
4.8125,97.78038732548815,89.29078866531485,48.97209277518771,10.644849059652161,2.9967481665156863
4.816666666666667,97.77556230130045,89.27139675866918,48.924247138169235,10.627339262002321,2.9914373602480553
4.820833333333334,97.77072811082195,89.25197511713337,48.87640587646941,10.60985514345849,2.9861357033779283
4.825,97.76588473763722,89.23252371048855,48.828569076863296,10.59239667641214,2.980843181108213
4.829166666666667,97.76103216530608,89.21304250852057,48.78073682611188,10.57496383323642,2.975559778663652
4.833333333333333,97.75617037736353,89.19353148101996,48.73290921096151,10.557556586392145,2.9702854812908197
4.8375,97.75129935731972,89.17399059778187,48.68508631814324,10.540174911440724,2.9650202742581193
4.841666666666667,97.74641908866009,89.1544198336238,48.63726823437219,10.522818782493415,2.9597641428557875
4.845833333333334,97.74152955484521,89.1348191693747,48.5894550463469,10.50548817223434,2.9545170723958836
4.8500000000000005,97.7366307393109,89.11518857607345,48.54164684074873,10.488183053338911,2.9492790482122975
4.854166666666667,97.73172262546811,89.09552802443463,48.49384370424118,10.470903398473821,2.944050055660739
4.858333333333333,97.7268051967031,89.07583748517744,48.44604572346928,10.453649180297033,2.9388300801187426
4.8625,97.72187843637722,89.05611692902562,48.39825298424586,10.436420371457789,2.9336191069856654
4.866666666666667,97.71694232782718,89.03636632670751,48.35046556666646,10.419216944596585,2.9284171216826804
4.870833333333334,97.71199685436478,89.01658564895605,48.302683555408414,10.402038872345187,2.923224109652783
4.875,97.7070419992771,88.99677486650887,48.25490703640822,10.384886127326604,2.9180400563607822
4.879166666666667,97.70207774582637,88.97693395010812,48.207136095561474,10.367758682155094,2.912864947293302
4.883333333333334,97.69710407725013,88.95706287050061,48.15937081872209,10.350656509436167,2.907698767958782
4.8875,97.69212097676106,88.93716159843783,48.11161129170131,10.333579581766546,2.90254150388747
4.891666666666667,97.68712842754714,88.91723010467584,48.06385760026699,10.316527871734218,2.8973931406314275
4.895833333333333,97.6821264127715,88.89726835997541,48.016109830142575,10.299501351918357,2.8922536637645235
4.9,97.67711491557253,88.87727633510197,47.968368067006345,10.282499994889378,2.887123058882431
4.904166666666667,97.67209391906391,88.85725400082556,47.92063239649049,10.265523773208912,2.882001311602635
4.908333333333334,97.66706340633445,88.83720132792095,47.87290290418028,10.248572659429783,2.876888407564419
4.9125000000000005,97.66202336044823,88.81711828716756,47.82517967561318,10.231646626096028,2.8717843324288723
4.916666666666667,97.65697376444461,88.79700484934953,47.777462796277945,10.214745645742877,2.8666890718788838
4.920833333333333,97.65191460133813,88.77686098525568,47.72975235161383,10.197869690896745,2.861602611619141
4.925,97.64684585411864,88.75668666567952,47.68204842700972,10.181018734075241,2.8565249373761326
4.929166666666667,97.6417675057511,88.7364818614193,47.63435110780318,10.16419274778715,2.8514560348981406
4.933333333333334,97.63667953917589,88.71624654327796,47.58666047927967,10.14739170453243,2.846395889955245
4.9375,97.6315819373085,88.69598068206324,47.53897662667168,10.130615576802207,2.841344488339315
4.941666666666667,97.62647468303973,88.67568424858752,47.491299635157816,10.113864337078764,2.836301815864015
4.945833333333334,97.62135775923562,88.655357213668,47.44362958986198,10.097137957835555,2.831267858364801
4.95,97.61623114873746,88.63499954812656,47.3959665758525,10.080436411537173,2.826242601698915
4.954166666666667,97.61109483436181,88.61461122278995,47.34831067814128,10.063759670639364,2.8212260317453888
4.958333333333333,97.60594879890047,88.59419220848956,47.300661981682865,10.047107707589007,2.816218099106123
4.9625,97.6007930251205,88.57374247606164,47.25302057137372,10.03048049482412,2.8112188174211563
4.966666666666667,97.59562749576422,88.5532619963472,47.205386532051214,10.013878004773852,2.806228177726642
4.970833333333334,97.59045219354921,88.53275074019206,47.15775994849288,9.997300209858471,2.8012461659237697
4.9750000000000005,97.5852671011684,88.5122086784468,47.11014090541549,9.980747082489371,2.796272767934822
4.979166666666667,97.58007220128982,88.49163578196682,47.06252948747423,9.964218595069045,2.7913079697031704
4.983333333333333,97.57486747655693,88.47103202170517,47.014925779261795,9.947714719991097,2.7863517571932737
4.9875,97.56965290958838,88.45039737853246,46.9673298653076,9.931235429640244,2.781404116390678
4.991666666666667,97.5644284829781,88.42973183073134,46.91974183007683,9.914780696421472,2.7764650333020136
4.995833333333334,97.55919417929536,88.40903535012411,46.87216175796971,9.898350494466843,2.771534493954995
5.0,97.5539499810846,88.38830790853784,46.8245897333205,9.88194479733151,2.7666124843984177
5.004166666666667,97.54869587086564,88.36754947780435,46.77702584039676,9.865563577589777,2.7616989907021576
5.008333333333334,97.54343183113356,88.34676002976015,46.729470163398425,9.849206807812694,2.756793998957172
5.0125,97.53815784435868,88.32593953624658,46.681922786456965,9.832874460568041,2.751897495275493
5.016666666666667,97.53287389298664,88.30508796910972,46.63438379363456,9.816566508420344,2.747009465790233
5.020833333333333,97.5275799594384,88.2842053002004,46.58685326892319,9.800282923930851,2.742129896655574
5.025,97.52227602611019,88.26329150137423,46.53933129624379,9.78402367965752,2.7372587740467758
5.029166666666667,97.5169620753735,88.24234654449164,46.49181795944548,9.767788748155047,2.7323960841601687
5.033333333333334,97.51163808957517,88.22137040141783,46.44431334230457,9.751578101974816,2.727541813213153
5.0375000000000005,97.50630405103732,88.20036304402281,46.39681752852384,9.73539171366494,2.722695947444201
5.041666666666667,97.50095994205736,88.17932444418138,46.349330601731594,9.719229555770207,2.71785847311285
5.045833333333333,97.49560574490803,88.15825457377319,46.30185264548084,9.703091600832115,2.713029376499705
5.05,97.49024144183733,88.13715340468269,46.254383743248475,9.686977821388853,2.7082086439064357
5.054166666666667,97.48486701506866,88.11602090879916,46.206923978434354,9.670888189975276,2.703396261655776
5.058333333333334,97.47948244680062,88.09485705801676,46.15947343436051,9.65482267912293,2.698592216091522
5.0625,97.4740877069696,88.07366182423443,46.11203219427022,9.638781261360036,2.6937964935785317
5.066666666666667,97.46868277773348,88.05243517935601,46.064600341327285,9.622763909211466,2.68900908050272
5.070833333333334,97.46326765203341,88.0311770952902,46.017177958615065,9.606770595198775,2.6842299632710636
5.075,97.45784231193291,88.00988754395055,45.96976512913565,9.59080129184015,2.6794591283115925
5.079166666666667,97.45240673947042,87.98856649725553,45.92236193534633,9.574855971650445,2.6746965620733962
5.083333333333333,97.44696091665932,87.96721392712841,45.874968458625965,9.558934607141152,2.6699422510266144
5.0875,97.44150482548798,87.94582980549744,45.8275847811346,9.543037170820403,2.665196181662441
5.091666666666667,97.43603844791964,87.92441410429574,45.78021098494124,9.527163635192966,2.660458340493123
5.095833333333334,97.4305617658926,87.90296679546132,45.73284715196237,9.511313972760233,2.6557287140519548
5.1000000000000005,97.42507476132005,87.88148785093712,45.685493363958074,9.495488156020224,2.651007288893282
5.104166666666667,97.4195774160901,87.85997724267102,45.63814970252806,9.479686157467569,2.646294051592496
5.108333333333333,97.41406971206592,87.83843494261578,45.59081624910777,9.463907949593516,2.6415889887460344
5.1125,97.40855163108556,87.81686092272916,45.543493084964396,9.448153504885921,2.6368920869713817
5.116666666666667,97.40302315496207,87.79525515497382,45.496180291192985,9.432422795829236,2.632203332907061
5.120833333333334,97.39748426548346,87.77361761131739,45.448877948712465,9.416715794904512,2.6275227132126435
5.125,97.39193494441271,87.75194826373247,45.4015861382617,9.401032474589387,2.6228502145687362
5.129166666666667,97.38637517348778,87.73024708619207,45.35430494039552,9.385372807358085,2.6181858236769875
5.133333333333334,97.38080493442159,87.70851406813132,45.30703443702183,9.369736765681415,2.613529527260085
5.1375,97.37522420890204,87.68674918665602,45.25977471220145,9.35412432202675,2.6088813120617504
5.141666666666667,97.36963297859202,87.66495241506735,45.21252584747422,9.338535448858044,2.6042411648467447
5.145833333333333,97.36403122512941,87.64312372667143,45.165287924270714,9.322970118635803,2.59960907240086
5.15,97.35841893012706,87.62126309477937,45.11806102400108,9.307428412762428,2.5949850215309214
5.154166666666667,97.35279607517276,87.59937049270721,45.070845228059476,9.291910076228358,2.5903689990647876
5.158333333333334,97.34716264182941,87.57744589377596,45.023640617828384,9.276415203519635,2.5857609918513456
5.1625000000000005,97.34151861163477,87.55548927131166,44.9764472746831,9.260943767237876,2.5811609867605134
5.166666666666667,97.33586396610171,87.53350059864526,44.92926527999608,9.245495739987556,2.5765689706832346
5.170833333333333,97.33019868671799,87.51147984911273,44.88209471514132,9.230071094376015,2.5719849305314804
5.175,97.32452275494647,87.48942699605503,44.83493566149891,9.214669803013436,2.5674088532382484
5.179166666666667,97.31883615222493,87.46734201281816,44.78778820045925,9.199291838512854,2.562840725757557
5.183333333333334,97.3131388599662,87.44522487275313,44.74065241342764,9.183937173490147,2.558280535064451
5.1875,97.30743085955812,87.4230755492159,44.693528380327635,9.168605780564013,2.5537282681549933
5.191666666666667,97.3017121323635,87.40089401556754,44.64641617957167,9.153297632355992,2.549183912046268
5.195833333333334,97.29598265972022,87.37868024517414,44.599315891399705,9.138012701490448,2.5446474537763795
5.2,97.29024242294115,87.3564342114068,44.552227595969406,9.122750960594555,2.540118880404448
5.204166666666667,97.28449140331412,87.33415588764174,44.50515137332653,9.107512382298308,2.5355981790106106
5.208333333333333,97.2787295821021,87.31184524726012,44.45808730340258,9.092296939234494,2.5310853366960204
5.2125,97.27295694054298,87.28950226364832,44.41103546601255,9.077104604038714,2.526580316565131
5.216666666666667,97.26717345984972,87.26712691019763,44.36399594085271,9.061935349349366,2.5220831146127964
5.220833333333334,97.2613791212103,87.24471916030458,44.31696880749827,9.04678914780762,2.5175937303319205
5.2250000000000005,97.25557390578773,87.2222789873707,44.26995414540121,9.031665972057453,2.513112150815618
5.229166666666667,97.24975779472007,87.1998063648026,44.222952033887935,9.016565794745604,2.508638363176799
5.233333333333333,97.24393076912037,87.17730126601205,44.175962552157095,9.001488588521589,2.5041723545481682
5.2375,97.2380928100768,87.1547636644159,44.12898577927729,8.986434326037694,2.4997141120822275
5.241666666666667,97.23224389865247,87.13219353343617,44.08202179466743,8.971402979948962,2.495263622951266
5.245833333333334,97.22638401588561,87.10959084649991,44.03507067790883,8.9563945229132,2.49082087434737
5.25,97.22051314278949,87.08695557703938,43.988132507996156,8.941408927590961,2.486385853482412
5.254166666666667,97.2146312603524,87.06428769849197,43.94120736382155,8.926446166645539,2.4819585475880537
5.258333333333334,97.20873834953768,87.04158718430021,43.894295324175275,8.911506212742976,2.4775389439157474
5.2625,97.20283439128376,87.01885400791181,43.847396467745206,8.896589038552037,2.4731270297367285
5.266666666666667,97.19691936650409,86.99608814277958,43.80051087311622,8.881694616744234,2.468722792342021
5.270833333333333,97.19099325608721,86.9732895623616,43.7536386187696,8.866822919993778,2.464326219042431
5.275,97.18505604089671,86.95045824652004,43.70677978308248,8.851973920977617,2.4599372971685485
5.279166666666667,97.17910770177124,86.92759418637388,43.659934444327234,8.837147592375404,2.455556014070747
5.283333333333334,97.17314821952455,86.90469735796917,43.61310268067084,8.822343906869493,2.451182357119177
5.2875000000000005,97.16717757494543,86.88176773649357,43.56628457017438,8.807562837144955,2.4468163137037733
5.291666666666667,97.16119574879772,86.85880529713998,43.5194801907923,8.792804355889539,2.4424578712342457
5.295833333333333,97.1552027218204,86.83581001510638,43.472689620377786,8.778068435793694,2.438107017140082
5.3,97.14919847472748,86.81278186559597,43.42591293667986,8.763355049550551,2.4337637388705473
5.304166666666667,97.14318298820808,86.78972082381713,43.37915021733661,8.74866416985592,2.4294280238946806
5.308333333333334,97.1371562429264,86.76662686498341,43.33240153987867,8.733995769408402,2.4250998597012954
5.3125,97.1311182195217,86.74349996431357,43.285666981728674,8.71934982174768,2.4207792337989775
5.316666666666667,97.12506889860836,86.72034009703155,43.23894662020081,8.704726300511657,2.4164661337160838
5.320833333333334,97.11900824782109,86.69714723836654,43.192240532500406,8.69012517860653,2.412160547000745
5.325,97.1129362258137,86.67392136355288,43.14554879572343,8.675546428941109,2.407862461220854
5.329166666666667,97.10685284431668,86.6506624478302,43.09887148685611,8.660990024426841,2.40357186396408
5.333333333333333,97.1007580837192,86.62737046644334,43.05220868277439,8.646455937977771,2.3992887428378546
5.3374999999999995,97.09465192438374,86.60404539464237,43.00556046024359,8.631944142510571,2.395013085469375
5.341666666666668,97.0885343466462,86.58068720768263,42.958926895917884,8.617454610944494,2.390744879505605
5.345833333333334,97.0824053308158,86.55729588082468,42.912308064841156,8.602987316201421,2.3864841126132728
5.3500000000000005,97.0762648571752,86.53387138933438,42.86570404694123,8.588542231205807,2.382230772478867
5.354166666666667,97.07011290598041,86.51041370848283,42.81911491639267,8.574119328884699,2.377984846808638
5.358333333333333,97.06394945746078,86.48692281354643,42.77254074943328,8.55971858216773,2.3737463233285983
5.362500000000001,97.05777449181909,86.46339867980683,42.72598162218172,8.545339963987107,2.369515189784517
5.366666666666667,97.0515879892315,86.43984128255101,42.6794376106376,8.530983447277624,2.365291433941924
5.370833333333334,97.04538992984754,86.41625059707125,42.632908790681476,8.516649004976621,2.361075043586105
5.375,97.03918029379017,86.39262659866512,42.58639523807499,8.502336610043495,2.356866006522101
5.379166666666666,97.0329590611557,86.36896926263549,42.539897028460956,8.48804623574322,2.35266431057471
5.383333333333334,97.02672621201383,86.34527856429058,42.49341423736339,8.47377785517642,2.3484699435884795
5.3875,97.02048172640775,86.32155447896122,42.446946940187644,8.459531441344579,2.3442828934277147
5.391666666666667,97.01422558435394,86.29779699343699,42.400495212220434,8.445306967251648,2.3401031479764707
5.395833333333333,97.00795776584236,86.27400609386689,42.35405912862994,8.43110440590405,2.3359306951385506
5.3999999999999995,97.00167825083639,86.25018175707606,42.30763876446611,8.416923730310677,2.3317655228375105
5.404166666666668,96.99538701927275,86.22632395989473,42.261234194671,8.402764913482882,2.327607619016651
5.408333333333334,96.98908405106162,86.20243267915815,42.21484549406564,8.388627928434486,2.3234569716390245
5.4125000000000005,96.98276932608665,86.17850789170666,42.168472737347464,8.374512748181761,2.319313568687427
5.416666666666667,96.9764428242048,86.15454957438558,42.12211599909537,8.360419345743413,2.3151773840959673
5.420833333333333,96.97010452524653,86.13055770404539,42.075775353769785,8.346347694140608,2.3110484049131226
5.425000000000001,96.96375440901572,86.1065322575416,42.029450875712584,8.332297766396934,2.3069266321034556
5.429166666666667,96.95739245528966,86.08247321173482,41.9831426391472,8.318269535538438,2.3028120536597463
5.433333333333334,96.95101864381913,86.05838054349073,41.93685071817848,8.304262974593572,2.298704657593602
5.4375,96.94463295432828,86.03425422968012,41.8905751867928,8.290278056593221,2.2946044319354595
5.441666666666666,96.9382353665147,86.01009424717888,41.844316118857236,8.276314754736548,2.290511364734581
5.445833333333334,96.93182586004949,85.98590057286799,41.7980735880702,8.262373042821913,2.2864254440590592
5.45,96.92540441457712,85.96167318363358,41.751847668015905,8.248452894085082,2.2823466579958143
5.454166666666667,96.91897100971556,85.93741205636687,41.705638432183086,8.234554281686133,2.278274994650586
5.458333333333333,96.91252562505622,85.91311716796422,41.65944595394034,8.220677178787598,2.274210442147941
5.4624999999999995,96.90606824016396,85.88878849532709,41.61327030653618,8.206821558554447,2.2701529886312697
5.466666666666668,96.8995988345771,85.86442601536217,41.5671115630991,8.192987394154075,2.2661026222627814
5.470833333333334,96.89311738780742,85.8400297049812,41.52096979663763,8.179174658756324,2.26205933122351
5.4750000000000005,96.88662387934018,85.81559954110112,41.47484508004036,8.165383325533442,2.258023103713307
5.479166666666667,96.8801182886341,85.79113550064405,41.42873748607603,8.15161336766011,2.2539939279508427
5.483333333333333,96.87360059512133,85.7666375605372,41.3826470873925,8.137864758313409,2.2499717921736053
5.487500000000001,96.86707077820758,85.74210569771304,41.33657395642046,8.124137470672837,2.2459566846378984
5.491666666666667,96.86052881727196,85.71753988910918,41.29051816547164,8.110431477920299,2.2419485936188455
5.495833333333334,96.85397469166709,85.69294011166842,41.244479786785085,8.096746753240094,2.237947507410382
5.5,96.84740838071907,85.66830634233875,41.198458892475834,8.083083269818914,2.2339534143252555
5.504166666666666,96.84082986372754,85.64363855964905,41.152455554534974,8.069441000845845,2.2299663026950296
5.508333333333334,96.83423911996553,85.61893675957444,41.106469844829675,8.055819919951013,2.225986160870077
5.5125,96.82763612867963,85.59420092607843,41.06050183510327,8.042220001106982,2.2220129772195834
5.516666666666667,96.82102085854217,85.56943103794217,41.014551596975224,8.028641217658933,2.218046740131544
5.520833333333333,96.81439327679672,85.54462707395176,40.96861920194127,8.015083542945977,2.2140874380127604
5.5249999999999995,96.80775338257428,85.51978901289829,40.92270472137275,8.001546950309613,2.2101350592888447
5.529166666666668,96.80110115492894,85.49491683357763,40.87680822642501,7.98803141309371,2.206189592404214
5.533333333333334,96.7944365728871,85.47001051479076,40.830929788124635,7.974536904644516,2.2022510258220938
5.5375000000000005,96.78775961544743,85.4450700353435,40.785069477422866,7.961063398310643,2.1983193480245116
5.541666666666667,96.78107026158091,85.42009537404665,40.73922736514304,7.947610867443062,2.1943945475123003
5.545833333333333,96.77436849023093,85.39508650971594,40.69340352198057,7.934179285395106,2.190476612805095
5.550000000000001,96.76765428031312,85.37004342117206,40.647598018502954,7.920768625522455,2.1865655324413322
5.554166666666667,96.7609276107155,85.3449660872407,40.60181092514986,7.907378861183146,2.1826612949782533
5.558333333333334,96.75418846029837,85.31985448675253,40.55604231223309,7.894009965737549,2.1787638889918948
5.5625,96.74743680789439,85.29470859854315,40.510292249936654,7.880661912548373,2.1748733030770953
5.566666666666666,96.74067263230862,85.26952840145316,40.464560858056885,7.8673346749806665,2.1709895258474896
5.570833333333334,96.73389591231833,85.24431387432813,40.41884808977471,7.854028226419711,2.16711254593551
5.575,96.72710662667328,85.21906499601867,40.37315408660181,7.84074254112299,2.1632423519923876
5.579166666666667,96.72030475409548,85.19378174538036,40.327478917134165,7.8274775930713885,2.1593789326881456
5.583333333333333,96.71349027327932,85.16846410127378,40.281822649958066,7.814233355799112,2.1555222767116033
5.5874999999999995,96.70666316289157,85.14311204256454,40.23618535365006,7.801009802842638,2.151672372770373
5.591666666666668,96.69982340157135,85.11772554812322,40.190567096776974,7.78780690774072,2.147829209590857
5.595833333333334,96.69297096793014,85.09230459682549,40.144967947896006,7.774624644034381,2.1439927759182544
5.6000000000000005,96.68610584055178,85.06684916755201,40.099387975554635,7.761462985266896,2.140163060516551
5.604166666666667,96.67922799799248,85.04135923918845,40.053827248290666,7.748321904983806,2.1363400521685225
5.608333333333333,96.67233741878086,85.01583479062556,40.008285834629966,7.735201376732899,2.132523739675734
5.612500000000001,96.66543408141784,84.99027580075912,39.962763802012915,7.722101374064212,2.1287141118585375
5.616666666666667,96.65851796437683,84.96468224848994,39.917261217851184,7.70902187053003,2.1249111575560744
5.620833333333334,96.65158904610351,84.93905577518458,39.87177815034798,7.69596283968487,2.1211148566958906
5.625,96.64464730501604,84.91339283771755,39.82631466769696,7.682924255085484,2.1173251906700132
5.629166666666666,96.6376927195049,84.88769533182467,39.78087083808228,7.669906090290851,2.113542162933317
5.633333333333334,96.63072526793303,84.86196323658726,39.73544672967852,7.656908318862175,2.109765762339521
5.6375,96.62374492863573,84.83619653116612,39.690042410650825,7.6439309143628895,2.105995977760333
5.641666666666667,96.61675167992071,84.81039519480173,39.64465794915478,7.630973850626101,2.1022327980854367
5.645833333333333,96.60974550006807,84.78455920681414,39.5992934133365,7.6180371025158875,2.098476212222496
5.6499999999999995,96.60272636733035,84.75868854660298,39.553948871332636,7.605120643938361,2.094726209097155
5.654166666666668,96.59569425993249,84.73278319364756,39.508624391270374,7.592224448658161,2.090982777653034
5.658333333333334,96.58864915607184,84.70684312750669,39.46332004126748,7.579348490442116,2.087245906851734
5.6625000000000005,96.58159103391816,84.6808683278189,39.41803588852592,7.56649274305921,2.0835155856728296
5.666666666666667,96.57451987161366,84.65485877430224,39.372771994004516,7.553657180280606,2.079791803113871
5.670833333333333,96.56743564727294,84.62881444675445,39.32752842314233,7.540841775879627,2.076074548190383
5.675000000000001,96.56033833898309,84.60273532505285,39.28230524264051,7.528046503631758,2.0723638099358643
5.679166666666667,96.5532279248036,84.57662138915437,39.23710251919111,7.515271337314641,2.068659577401787
5.683333333333334,96.54610438276633,84.55047261909564,39.19192031947697,7.502516250708066,2.0649618396575953
5.6875,96.53896769087571,84.52428899499284,39.146758710171845,7.48978121759397,2.061270585790702
5.691666666666666,96.53181782710853,84.49807049704184,39.10161775794035,7.477066211756432,2.0575858049064935
5.695833333333334,96.52465476941404,84.4718171055181,39.056497529438005,7.464371206981664,2.0539074861283217
5.7,96.51747849571396,84.44552880077676,39.011398091311264,7.451696177058022,2.0502356185975112
5.704166666666667,96.5102889839025,84.41920556325258,38.96631951019748,7.439041095775976,2.046570191473352
5.708333333333333,96.50308621184621,84.39284737345994,38.92126185272492,7.426405936928131,2.0429111939330995
5.7124999999999995,96.49587015129339,84.36645421199295,38.876225185512844,7.413790675184227,2.039258615171977
5.716666666666668,96.4886407756542,84.34002605952527,38.83120957112241,7.4011952854234995,2.0356124444031725
5.720833333333334,96.48139807193623,84.31356289681032,38.786215068229524,7.388619741656274,2.031972670857838
5.7250000000000005,96.47414201785267,84.28706470468109,38.7412417416237,7.376064017894644,2.028339283785088
5.729166666666667,96.46687259108867,84.26053146405025,38.696289656199816,7.363528088152808,2.0247122724520015
5.733333333333333,96.45958976930123,84.23396315591017,38.651358876844036,7.351011926447059,2.0210916261436167
5.737500000000001,96.45229353011923,84.20735977142508,38.60644946843383,7.338515506795786,2.0174773341629337
5.741666666666667,96.44498385114349,84.1807213040694,38.561561495838056,7.326038803219468,2.013869385830914
5.745833333333334,96.43766070994663,84.15404773702258,38.516695023916874,7.313581789740662,2.0102677704864758
5.75,96.43032408407328,84.12733905359389,38.471850117521825,7.301144440384008,2.0066724774864966
5.754166666666666,96.42297395103988,84.10059523722822,38.42702684149576,7.288726729176215,2.0030834962058117
5.758333333333334,96.41561028833485,84.07381627150608,38.38222526067301,7.27632863014607,1.9995008160372123
5.7625,96.40823307341849,84.04700214014362,38.33744543987925,7.263950117324422,1.995924426391447
5.766666666666667,96.400842283723,84.02015282699266,38.29268730988126,7.251591164744185,1.9923543166972182
5.770833333333333,96.39343789665253,83.9932683160406,38.24795123308075,7.239251746440326,1.9887904764011815
5.7749999999999995,96.38601988958312,83.9663485914105,38.20323708867556,7.226931836449864,1.9852328949679476
5.779166666666668,96.37858823986276,83.93939363736098,38.15854494121737,7.214631408958219,1.981681561880078
5.783333333333334,96.37114292481138,83.91240343828639,38.11387485511116,7.2023504395063345,1.9781364666380887
5.7875000000000005,96.36368392172083,83.88537797871662,38.06922689461528,7.190088902713156,1.9745975987604438
5.791666666666667,96.35621120785488,83.85831724331722,38.02460112384141,7.177846772853225,1.9710649477835587
5.795833333333333,96.34872476044926,83.83122121688932,37.97999760675471,7.165624024203113,1.9675385032617982
5.800000000000001,96.34122455671165,83.80408988436969,37.93541640717378,7.1534206310414,1.964018254767474
5.804166666666667,96.33371057382168,83.77692323083073,37.89085758877081,7.141236567648698,1.960504191890849
5.808333333333334,96.32618278893091,83.74972124148044,37.84632121507144,7.129071808307604,1.9569963042401302
5.8125,96.3186411791629,83.72248390166243,37.80180734945501,7.116926327302732,1.9534945814414701
5.816666666666666,96.31108572161314,83.6952111968559,37.75731605515444,7.1048000989206965,1.9499990131389686
5.820833333333334,96.30351639334908,83.66790311267566,37.712847392236185,7.092693097450102,1.9465095889946684
5.825,96.2959331714102,83.64055963487213,37.668401412948185,7.0806052971815525,1.9430262927979274
5.829166666666667,96.28833603280786,83.61318074933139,37.6239781780988,7.068536672407634,1.9395490992689879
5.833333333333333,96.28072495452547,83.58576644207501,37.579577749120986,7.056487197422913,1.9360780170219096
5.8374999999999995,96.27309991351838,83.55831669926027,37.53520018726981,7.044456846523942,1.9326130357260423
5.841666666666668,96.26546088671394,83.53083150717993,37.49084555362246,7.032445594009237,1.9291541450678205
5.845833333333334,96.25780785101152,83.50331085226243,37.44651390907839,7.020453414179303,1.9257013347507679
5.8500000000000005,96.25014078328245,83.4757547210718,37.40220531435926,7.008480282863635,1.9222545944954916
5.854166666666667,96.24245966037005,83.44816310030758,37.357919830009045,6.996526177679516,1.9188139140396823
5.858333333333333,96.23476445908965,83.420535976805,37.313657516394045,6.984591073285,1.9153792831381158
5.862500000000001,96.22705515622862,83.3928733375348,37.269418433702995,6.97267494424349,1.9119506915626476
5.866666666666667,96.21933172854628,83.36517516960333,37.22520264194705,6.960777765120333,1.9085281291022205
5.870833333333334,96.21159415277404,83.33744146025252,37.18101020095986,6.948899510482796,1.9051115855628558
5.875,96.20384240561525,83.30967219412632,37.13684117039765,6.93704015490008,1.9017010507676542
5.879166666666666,96.19607646374534,83.2818673527256,37.09269560973919,6.925199672943312,1.8982965145567976
5.883333333333334,96.18829630381171,83.25402692275561,37.04857357828589,6.913378039185536,1.8948979667875459
5.8875,96.18050190243386,83.22615089119587,37.00447513516189,6.901575228201717,1.8915053973342397
5.891666666666667,96.17269323620327,83.19823924513842,36.96040033931405,6.889791214568729,1.8881187960882957
5.895833333333333,96.1648702816835,83.17029197178805,36.91634924951199,6.878025972865355,1.884738152958207
5.8999999999999995,96.1570330154101,83.14230905846213,36.87232192434817,6.866279477672278,1.881363457869543
5.904166666666668,96.14918141389072,83.11429049259075,36.82831842223794,6.854551703572083,1.8779947007649485
5.908333333333334,96.1413154497167,83.08623626171659,36.784338801419594,6.842842625149258,1.8746318716041437
5.9125000000000005,96.13343509775197,83.05814635349493,36.74038311995439,6.831152216990173,1.8712749603639227
5.916666666666667,96.1255403391817,83.03002075569367,36.696451435726566,6.81948045368309,1.8679239570381507
5.920833333333333,96.11763115037736,83.00185945619326,36.652543806443504,6.80782730981815,1.864578851637768
5.925000000000001,96.10970750768224,82.97366244298678,36.60866028963566,6.796192759987377,1.8612396341907842
5.929166666666667,96.10176938741135,82.94542970417983,36.564800942656674,6.784576778784672,1.857906294742283
5.933333333333334,96.09381676585139,82.91716122799058,36.52096582268342,6.772979340805807,1.8545788233544156
5.9375,96.08584961926083,82.88885700274973,36.47715498671599,6.761400420648413,1.851257210106403
5.941666666666666,96.07786792386992,82.86051701690049,36.43336849157783,6.749839992911996,1.8479414450945368
5.945833333333334,96.06987165588062,82.83214125899855,36.3896063939157,6.738298032197906,1.8446315184321733
5.95,96.06186079146671,82.80372971771217,36.34586875019983,6.726774513109368,1.8413274202497418
5.954166666666667,96.05383530677368,82.77528238182205,36.302155616723866,6.71526941025144,1.8380291406947327
5.958333333333333,96.04579517791876,82.74679924022135,36.25846704960496,6.703782698231037,1.834736669931705
5.9624999999999995,96.03774038099105,82.71828028191568,36.21480310478382,6.692314351656912,1.8314499981422823
5.966666666666668,96.02967089205133,82.68972549602307,36.171163838024725,6.680864345139654,1.828169115525153
5.970833333333334,96.02158668713226,82.66113487177405,36.12754930529239,6.6694326532917,1.8248940122960702
5.9750000000000005,96.01348774223815,82.63250839851152,36.08395956307022,6.658019250727305,1.8216246786878487
5.979166666666667,96.00537403334525,82.60384606569075,36.04039466676994,6.646624112062555,1.8183611049503663
5.983333333333333,95.99724553640146,82.5751478628794,35.99685467157604,6.635247211915356,1.8151032813505628
5.987500000000001,95.98910222732661,82.54641377975756,35.95333963250014,6.623888524905436,1.8118511981724372
5.991666666666667,95.98094408201224,82.51764380611759,35.90984960438102,6.612548025654339,1.8086048457170534
5.995833333333334,95.97277107632173,82.4888379318643,35.866384641884665,6.601225688785418,1.8053642143025306
6.0,95.96458318609027,82.45999614701472,35.82294479950428,6.589921488923835,1.802129294264048
6.004166666666666,95.95638038712487,82.43111844169826,35.779530131560364,6.5786354035865395,1.7989000759538438
6.008333333333334,95.94816265520436,82.40220480615656,35.73614069220075,6.567367415625204,1.7956765497412128
6.0125,95.93992996607939,82.37325523056414,35.692776535400704,6.556117500716615,1.7924587060125092
6.016666666666667,95.93168229547244,82.34426970468228,35.649437714962865,6.544885634092935,1.7892465351711402
6.020833333333333,95.9234196190778,82.31524821894233,35.606124284517385,6.533671790988086,1.7860400276375705
6.0249999999999995,95.91514191256171,82.28619076394614,35.56283629752191,6.5224759466377416,1.7828391738493192
6.029166666666668,95.90684915156206,82.25709733040503,35.519573807261665,6.511298076279328,1.7796440067269097
6.033333333333334,95.89854131168876,82.22796790913979,35.47633686684953,6.500138155152029,1.7764543984643129
6.0375000000000005,95.8902183685235,82.19880249108057,35.43312552922599,6.488996158496757,1.7732704135703659
6.041666666666667,95.88188029761983,82.16960106726697,35.38993984715928,6.4778720615561785,1.770092042458989
6.045833333333333,95.87352707450316,82.14036362884791,35.34677987324537,6.466765839574684,1.7669192755611147
6.050000000000001,95.86515867467078,82.1110901670817,35.30364565990801,6.455677467798404,1.7637521033246673
6.054166666666667,95.85677507359183,82.08178067333596,35.26053725939885,6.444606921475201,1.7605905162145483
6.058333333333334,95.84837624670737,82.05243513908752,35.21745472379742,6.433554175854655,1.7574345047126085
6.0625,95.83996216943031,82.02305355592256,35.17439810501114,6.422519206188072,1.7542840593176356
6.066666666666666,95.83153281714539,81.99363591553644,35.13136745477546,6.4115019877284745,1.7511391705453294
6.070833333333334,95.82308816520934,81.96418220973375,35.08836282465383,6.400502495730589,1.7479998289282859
6.075,95.81462818895072,81.93469243042824,35.04538426603782,6.389520705450876,1.7448660250159767
6.079166666666667,95.80615286367001,81.9051665696428,35.00243183014709,6.378556592147477,1.741737749374727
6.083333333333333,95.79766216463959,81.87560461950947,34.95950556802948,6.367610131080251,1.7386149925876986
6.0874999999999995,95.78915606710376,81.8460065722694,34.916605530561014,6.356681297510747,1.7354977452548694
6.091666666666668,95.7806345462787,81.81637242027271,34.87373176844601,6.345770066702215,1.732385997993012
6.095833333333334,95.77209757735254,81.78670215597867,34.830884332217074,6.334876413919598,1.7292797414356804
6.1000000000000005,95.7635451354853,81.75699577195553,34.78806327223518,6.3240003144295205,1.7261789662331797
6.104166666666667,95.75497719519936,81.72725326088047,34.74526863868966,6.313141743500291,1.7230836630525566
6.108333333333333,95.74639373150102,81.69747461553968,34.70250048159833,6.302300676401902,1.7199938225775726
6.112500000000001,95.73779472007286,81.66765982882822,34.65975885080744,6.29147708840602,1.71690943550869
6.116666666666667,95.72918013595925,81.63780889375015,34.61704379599184,6.280670954785987,1.7138304925630485
6.120833333333334,95.72054995417643,81.60792180341826,34.57435536815828,6.269882250816812,1.7107569844744468
6.125,95.7119041497126,81.57799855105432,34.53169362008826,6.259110951775168,1.7076889019933217
6.129166666666666,95.70324269752773,81.5480391299888,34.489058601458176,6.248357032939392,1.7046262358867315
6.133333333333334,95.69456557255384,81.51804353366097,34.4464503616776,6.237620469589475,1.7015689769383318
6.1375,95.68587274969482,81.48801175561894,34.40386894999581,6.226901237007069,1.698517115948362
6.141666666666667,95.67716420382646,81.45794378951945,34.36131441550179,6.2161993104754725,1.6954706437336196
6.145833333333333,95.66843990979653,81.42783962912796,34.31878680712427,6.2055146652796305,1.6924295511274434
6.1499999999999995,95.65969984242467,81.39769926876117,34.27628617363181,6.19484727670613,1.6893938289796941
6.154166666666668,95.65094397650252,81.36752270574968,34.23381256363278,6.184197120043199,1.6863634681567339
6.158333333333334,95.64217228679361,81.33730993520352,34.19136602557549,6.173564173102443,1.6833384595414085
6.1625000000000005,95.63338474803341,81.30706095173319,34.14894660774813,6.162948420641292,1.6803187940330244
6.166666666666667,95.62458133492942,81.27677575006985,34.10655435827889,6.152349839442281,1.677304462547331
6.170833333333333,95.61576202216101,81.24645432506534,34.06418932513595,6.141768405467713,1.6742954560165026
6.175000000000001,95.60692678437958,81.21609667169211,34.021851556127544,6.1312040946814745,1.671291765389115
6.179166666666667,95.59807559620843,81.18570278504326,33.97954109890204,6.120656883049058,1.6682933816301315
6.183333333333334,95.58920843224288,81.15527266033251,33.93725800094789,6.110126746537528,1.6653002957208767
6.1875,95.58032526705021,81.12480629289415,33.89500230959378,6.099613661115535,1.6623124986590208
6.191666666666666,95.57142607516971,81.09430367818308,33.85277407200854,6.089117602753309,1.6593299814585598
6.195833333333334,95.56251083111259,81.06376481177485,33.810573335201326,6.078638547422652,1.656352735149795
6.2,95.55357950936211,81.03318968936554,33.768400146021584,6.068176471096943,1.6533807507793148
6.204166666666667,95.54463208437352,81.00257830677178,33.72625455115909,6.057731349751128,1.650414019409973
6.208333333333333,95.53566853057403,80.97193065993082,33.684136597144,6.047303159361715,1.64745253212087
6.2124999999999995,95.52668882236291,80.94124674490043,33.642046330346915,6.036891875906773,1.6444962800073344
6.216666666666668,95.51769293411144,80.91052655785893,33.59998379697886,6.026497475365929,1.641545254180901
6.220833333333334,95.50868084016285,80.87977009510519,33.55794904309145,6.016119933720372,1.6385994457692958
6.2250000000000005,95.49965251483248,80.84897735305859,33.51594211457677,6.005759226952833,1.6356588459164105
6.229166666666667,95.49060793240763,80.81814832825901,33.47396305716753,5.995415331047592,1.632723445782286
6.233333333333333,95.48154706714766,80.78728301736692,33.43201191643706,5.9850882219904795,1.6297932365430934
6.237500000000001,95.47246989328397,80.75638141716314,33.39008873779936,5.974777875768853,1.6268681796391273
6.241666666666667,95.46337638502,80.72544352454914,33.348193566509174,5.964484268371625,1.623948292383975
6.245833333333334,95.45426651653123,80.69446933654675,33.30632644766195,5.954207375789232,1.6210335674418048
6.25,95.44514026196522,80.66345885029834,33.26448742619397,5.943947174013638,1.6181239959788862
6.254166666666666,95.43599759544153,80.63241206306671,33.22267654688232,5.933703639038339,1.6152195691761635
6.258333333333334,95.42683849105185,80.60132897223508,33.18089385434496,5.923476746858355,1.6123202782292245
6.2625,95.41766292285989,80.57020957530716,33.13913939304082,5.913266473470224,1.6094261143482718
6.266666666666667,95.40847086490145,80.53905386990708,33.097413207269724,5.903072794872003,1.606537068758089
6.270833333333333,95.39926229118444,80.50786185377939,33.05571534035201,5.89289568706326,1.6036531326980126
6.2749999999999995,95.39003717568879,80.47663352478904,33.014045834751386,5.882735126045075,1.6007742974219012
6.279166666666668,95.38079549236656,80.44536888092136,32.972404734076086,5.872591087820029,1.5979005541981042
6.283333333333334,95.37153721514191,80.41406792028212,32.93079208179412,5.86246354839222,1.595031894309435
6.2875000000000005,95.36226231791107,80.38272442518742,32.889207921209454,5.8523524837672305,1.5921683090531351
6.291666666666667,95.35297077454243,80.35135155106413,32.8476522954622,5.8422578699521495,1.5893097897408484
6.295833333333333,95.34366255887643,80.31994229481427,32.806125247528506,5.832179682955556,1.5864563276985864
6.300000000000001,95.3343376567035,80.28849665940379,32.7646268202207,5.822117898787512,1.5836079142667017
6.304166666666667,95.32499604087941,80.25701464780299,32.723157056187304,5.812072493459584,1.580764540799859
6.308333333333334,95.3156376753041,80.22549626298647,32.68171599791306,5.802043442984804,1.5779261986669975
6.3125,95.30626253373411,80.19394150793313,32.640303687718955,5.79203216197465,1.5750928792513073
6.316666666666666,95.29687058989832,80.16235038562621,32.59892016776231,5.782035612723166,1.5722645739501964
6.320833333333334,95.28746181749804,80.13072289905328,32.55756548003676,5.772055373026143,1.56944127417526
6.325,95.27803619020699,80.09905905120624,32.51623966637237,5.762091418941603,1.5666229713522521
6.329166666666667,95.26859368167125,80.0673588450813,32.4749427684356,5.7521437265483915,1.5638096569210533
6.333333333333333,95.2591342655094,80.03562228367903,32.43367482772934,5.7422122719461814,1.5610013223356403
6.3374999999999995,95.24965791531241,80.0038493700043,32.39243588559306,5.732297031255473,1.5581979590640562
6.341666666666668,95.24016460464362,79.97204010706632,32.351225983202696,5.722397980617573,1.55539955858838
6.345833333333334,95.23065430703889,79.94019449787866,32.31004516157081,5.71251509619462,1.5526061124046986
6.3500000000000005,95.22112699600643,79.90831254545924,32.268893461546575,5.702648354169553,1.549817612023071
6.354166666666667,95.21158264502697,79.87639425283025,32.22777092381581,5.6927977307461175,1.5470340489675032
6.358333333333333,95.20202122755363,79.84443962301832,32.18667758890105,5.682963202148861,1.5442554147759147
6.362500000000001,95.19244271701204,79.8124486590543,32.14561349716153,5.673144744623131,1.5414817010001094
6.366666666666667,95.18284708680022,79.7804213639735,32.10457868879331,5.663342334435073,1.5387128992057464
6.370833333333334,95.17323431028873,79.74835774081555,32.06357320382924,5.653555947871617,1.5359490009723062
6.375,95.16360436082056,79.71625779262439,32.02259708213903,5.643785561240478,1.5331899978930639
6.379166666666666,95.15395721171114,79.68412152244834,31.98165036342925,5.63403115087016,1.530435881575057
6.383333333333334,95.14429283624848,79.65194893334004,31.940733087243427,5.624292693109935,1.5276866436390546
6.3875,95.13461120769298,79.61974002835655,31.89984529296209,5.614570164329864,1.5249422757195308
6.391666666666667,95.12491229927758,79.58749481055922,31.858987019802726,5.604863540920765,1.5222027694646283
6.395833333333333,95.11519608420771,79.5552132830138,31.81815830681988,5.595172799294224,1.5194681165361321
6.400000000000001,95.10546253566132,79.52289544879038,31.77735919290518,5.585497915882594,1.5167383086094388
6.404166666666668,95.09571162678883,79.49054131096341,31.73658971678739,5.575838867138986,1.514013337373527
6.408333333333334,95.08594333071318,79.45815087261174,31.695849917032437,5.56619562953726,1.5112931945309231
6.4125000000000005,95.0761576205299,79.42572413681853,31.65513983204342,5.5565681795720305,1.5085778717976757
6.416666666666667,95.06635446930697,79.39326110667135,31.614459500060715,5.546956493758659,1.505867360903322
6.420833333333334,95.0565338500849,79.36076178526208,31.57380895866267,5.537360548633242,1.503161653590858
6.425000000000001,95.0466957358768,79.32822617572012,31.533188245023396,5.527780320752626,1.5004607416167128
6.429166666666667,95.03684009966827,79.29565428478381,31.49259739679161,5.518215786694385,1.4977646167507095
6.433333333333334,95.0269669144175,79.26304611852369,31.452036451454646,5.508666923056825,1.4950732707760417
6.4375,95.01707615305517,79.23040168076403,31.411505446334626,5.499133706458976,1.4923866954892413
6.441666666666667,95.0071677884846,79.19772097533188,31.371004418588495,5.4896161135405945,1.4897048827001478
6.445833333333334,94.9972417935816,79.16500400605689,31.3305334052081,5.480114120962159,1.4870278242318784
6.45,94.98729814119463,79.13225077677149,31.290092443020185,5.470627705404856,1.4843555119207976
6.454166666666667,94.97733680414466,79.09946129131067,31.249681568686437,5.461156843570586,1.4816879376164862
6.458333333333333,94.96735775522527,79.06663555351221,31.209300818703547,5.45170151218196,1.4790250931817124
6.462500000000001,94.95736096720262,79.0337735672165,31.1689502294032,5.442261687982284,1.4763669704923992
6.466666666666668,94.9473464128155,79.00087533626665,31.12862983695222,5.432837348730446,1.4737135614375976
6.470833333333334,94.9373140647753,78.9679408645084,31.088339677352472,5.4234284781378,1.4710648579194536
6.4750000000000005,94.92726389576592,78.93497015579021,31.04807978644099,5.414035054846837,1.4684208518531772
6.479166666666667,94.91719587844398,78.90196321396314,31.007850199889997,5.404657056311673,1.465781535167015
6.483333333333334,94.90710998543868,78.86892004288094,30.967650953206928,5.3952944600207005,1.4631468998022172
6.487500000000001,94.89700618935186,78.83584064640007,30.927482081734496,5.385947243496592,1.46051693771301
6.491666666666667,94.88688446275796,78.80272502839406,30.887343620650704,5.376615384296287,1.45789163335815
6.495833333333334,94.87674477820408,78.76957320161124,30.847235604968894,5.367298860010992,1.4552709837467526
6.5,94.86658710820996,78.73638517879415,30.807158069537778,5.357997648266175,1.4526549826879671
6.504166666666667,94.85641142526798,78.70316096575843,30.7671110490415,5.348711726721565,1.4500436221652597
6.508333333333334,94.84621770184316,78.66990056832078,30.727094577999665,5.339441073071148,1.4474368941745115
6.5125,94.83600591037322,78.63660399229899,30.68710869076734,5.330185665043157,1.4448347907239816
6.516666666666667,94.8257760232685,78.60327124351187,30.64715342153515,5.320945480400068,1.442237303834276
6.520833333333333,94.81552801291204,78.56990232777927,30.607228804329267,5.311720496938609,1.4396444255383143
6.525000000000001,94.80526185165957,78.53649725092208,30.567334873011482,5.302510692489734,1.437056147881294
6.529166666666668,94.79497751183946,78.50305601876225,30.527471661279243,5.293316044918646,1.4344724629206604
6.533333333333334,94.78467496575281,78.46957863712268,30.487639202665672,5.284136532124764,1.4318933627260693
6.5375000000000005,94.77435418567339,78.43606511182738,30.447837530539594,5.274972132041745,1.429318839379356
6.541666666666667,94.76401514384769,78.40251544870125,30.408066678105612,5.265822822637459,1.4267488849744998
6.545833333333334,94.75365781249488,78.36892965357028,30.368326678404106,5.256688581913997,1.4241834916175928
6.550000000000001,94.74328216380688,78.33530773226141,30.328617564311326,5.247569387907671,1.4216226514268058
6.554166666666667,94.73288816994834,78.3016496906026,30.288939368539374,5.238465218688995,1.419066356532352
6.558333333333334,94.72247580305655,78.26795553442278,30.249292123636245,5.22937605236269,1.4165145990764563
6.5625,94.71204503524164,78.23422527925015,30.2096758619859,5.220301867067687,1.4139673712133216
6.566666666666667,94.70159583858641,78.2004589430174,30.17009061580827,5.211242640977104,1.4114246651090934
6.570833333333334,94.69112818514643,78.16665653398994,30.130536417051566,5.202198352298264,1.4088864729418296
6.575,94.68064204695001,78.13281806043153,30.09101329748194,5.193168979272677,1.4063527869014634
6.579166666666667,94.67013739599824,78.09894353060835,30.051521288810516,5.184154500176035,1.403823599189771
6.583333333333333,94.65961420426493,78.06503295278902,30.01206042258423,5.175154893318219,1.401298902020339
6.587500000000001,94.64907244622403,78.03108633524454,29.972630730185763,5.166170137043285,1.3987786876185289
6.591666666666668,94.63851213673865,77.99710368624831,29.93323224283366,5.15720020972947,1.396262948221448
6.595833333333334,94.62793320576725,77.96308501407616,29.89386499158233,5.1482450897891745,1.393751676077909
6.6000000000000005,94.61733562529017,77.9290303270063,29.85452900732205,5.139304755668972,1.3912448634484027
6.604166666666667,94.60671936726204,77.89493963331937,29.815224320779077,5.130379185849594,1.3887425026050604
6.608333333333334,94.5960844036119,77.8608129412984,29.77595096251564,5.121468358845933,1.3862445858316224
6.612500000000001,94.58543070624297,77.82665025922881,29.736708962929974,5.112572253207045,1.3837511054234057
6.616666666666667,94.57475824703295,77.7924515953984,29.697498352256396,5.10369084751613,1.381262053687266
6.620833333333334,94.5640669978338,77.75821695809736,29.658319160565288,5.094824120390535,1.3787774229415697
6.625,94.55335693047184,77.7239463556183,29.619171417763194,5.085972050481757,1.376297205516155
6.629166666666667,94.54262801674768,77.68963980493939,29.580055153592795,5.077134616475427,1.373821393752302
6.633333333333334,94.53188022843644,77.65529732781364,29.540970397633032,5.068311797091324,1.3713499800027007
6.6375,94.52111353728745,77.62091893509348,29.501917179299042,5.059503571083345,1.3688829566314116
6.641666666666667,94.51032791502449,77.58650463756399,29.46289552784228,5.050709917239528,1.3664203160138375
6.645833333333333,94.49952333334569,77.5520544460127,29.423905472350505,5.041930814382031,1.363962050536687
6.650000000000001,94.48869976392356,77.51756837122966,29.384947041747832,5.033166241152474,1.3615081525979422
6.654166666666668,94.477857178405,77.48304642400744,29.346020264794802,5.024416172568989,1.3590586146068273
6.658333333333334,94.46699554841135,77.44848861514102,29.307125170088373,5.0156805858384885,1.3566134289837706
6.6625000000000005,94.45611484553825,77.41389495542789,29.268261786061966,5.0069594595430855,1.3541725881603734
6.666666666666667,94.44521504135588,77.37926545566809,29.229430140985528,4.998252772290819,1.3517360845793776
6.670833333333334,94.4342961074087,77.34460012666398,29.190630262965524,4.989560502715642,1.3493039106946283
6.675000000000001,94.42335801521568,77.30989897922058,29.15186217994505,4.980882629477441,1.346876058971048
6.679166666666667,94.4124007362702,77.27516202414523,29.11312591970379,4.972219131262006,1.3444525218845929
6.683333333333334,94.40142424204005,77.24038927224781,29.07442150985809,4.963569986781039,1.3420332919222278
6.6875,94.39042850396746,77.20558073434066,29.035748977860994,4.954935174772153,1.3396183615818877
6.691666666666667,94.37941349346912,77.17073642123856,28.997108351002264,4.94631467399886,1.3372077233724462
6.695833333333334,94.36837918193619,77.1358563509751,28.958499656408478,4.937708463250588,1.334801369813684
6.7,94.35732554073425,77.1009405482662,28.919922921042957,4.929116521342646,1.332399293436251
6.704166666666667,94.34625254120338,77.06598902672798,28.881378171705897,4.920538827116248,1.3300014867816343
6.708333333333333,94.3351601546581,77.03100179977214,28.842865435034366,4.911975359438492,1.3276079424021279
6.712500000000001,94.32404835238741,76.9959788808117,28.804384737502343,4.903426097202368,1.3252186528607945
6.716666666666668,94.31291710565483,76.96092028326098,28.76593610542078,4.894891019326756,1.322833610731437
6.720833333333334,94.30176638569834,76.92582602053557,28.727519564937587,4.886370104756406,1.3204528085985598
6.7250000000000005,94.29059616373044,76.89069610605237,28.68913514203771,4.877863332461952,1.3180762390573393
6.729166666666667,94.2794064109381,76.85553055322958,28.650782862594827,4.869370681439903,1.3157038947135873
6.733333333333334,94.26819709848283,76.82032937548664,28.612462752879264,4.860892130712633,1.3133357681837199
6.737500000000001,94.25696819750064,76.7850925862443,28.57417483861414,4.852427659328398,1.3109718520947253
6.741666666666667,94.2457196791021,76.74982019892455,28.535919145197642,4.843977246361303,1.3086121390841259
6.745833333333334,94.23445151437224,76.71451222695069,28.497695697866714,4.8355408709113235,1.3062566354837595
6.75,94.2231636743707,76.6791686837472,28.45950452169709,4.827118512104288,1.3039053289664628
6.754166666666667,94.21185613013162,76.64378958288667,28.421345641603363,4.818710149091884,1.3015582049964916
6.758333333333334,94.20052885266372,76.6083749490018,28.38321908233897,4.8103157610516485,1.29921525630364
6.7625,94.18918181295024,76.57292480419675,28.345124868496242,4.801935327186968,1.2968764756289954
6.766666666666667,94.17781498194901,76.53743916425776,28.30706302450643,4.793568826727072,1.2945418557249158
6.770833333333333,94.16642833059245,76.50191804497204,28.269033574639757,4.785216238927036,1.2922113893549996
6.775000000000001,94.1550218297875,76.46636146212775,28.231036543005445,4.776877543067763,1.2898850692940638
6.779166666666668,94.14359545041573,76.43076943151388,28.193071953551748,4.768552718456008,1.2875628883281167
6.783333333333334,94.1321491633333,76.39514196892037,28.155139830065973,4.760241744424347,1.2852448392543299
6.7875000000000005,94.12068293937091,76.35947909013807,28.117240196174542,4.751944600331186,1.282930914881014
6.791666666666667,94.10919674933398,76.32378081095867,28.07937307534298,4.743661265560758,1.2806211080275922
6.795833333333334,94.09769060149861,76.28804714717478,28.041538490875983,4.735391719523118,1.278315411524574
6.800000000000001,94.08616445499032,76.25227811457988,28.003736465917484,4.727135941654145,1.276013818213531
6.804166666666667,94.0746182592368,76.21647372896835,27.965967023450588,4.7188939114155275,1.2737163209470665
6.808333333333334,94.0630519850892,76.18063400613538,27.928230186297696,4.710665608294768,1.2714229125887944
6.8125,94.05146560337525,76.14475896187706,27.8905259771205,4.702451011805184,1.269133586013309
6.816666666666667,94.03985908489928,76.10884861350536,27.852854418419998,4.69425010148589,1.2668483341061627
6.820833333333334,94.02823240044215,76.07290299121927,27.815215532536598,4.686062856901819,1.2645671497638378
6.825,94.01658552076132,76.0369221163502,27.777609341650056,4.677889257643687,1.2622900258937193
6.829166666666667,94.0049184165909,76.00090600714353,27.74003586777959,4.669729283328022,1.2600169554140723
6.833333333333333,93.99323105864148,75.96485468184537,27.702495132783838,4.661582913588375,1.2577479312540125
6.837500000000001,93.98152341760037,75.92876815870268,27.664987158360965,4.653450126910702,1.2554829463534816
6.841666666666668,93.96979546413145,75.89264645596309,27.62751196604865,4.6453309020618905,1.2532219936632232
6.845833333333334,93.95804716887517,75.85648959187506,27.590069577224135,4.637225218622974,1.2509650661447533
6.8500000000000005,93.9462785024487,75.82029758468775,27.55266001310424,4.629133056197732,1.2487121567703363
6.854166666666667,93.93448943544576,75.78407045265106,27.5152832947454,4.621054394412687,1.2464632585229574
6.858333333333334,93.92267993843674,75.74780821401565,27.47793944304373,4.612989212917101,1.244218364396299
6.862500000000001,93.91084998196871,75.71151088703293,27.440628478735015,4.60493749138298,1.241977467394714
6.866666666666667,93.89899953656533,75.67517848995497,27.403350422394762,4.596899209505052,1.2397405605331968
6.870833333333334,93.88712857272698,75.6388110410346,27.366105294438224,4.588874347000785,1.2375076368373616
6.875,93.87523706093064,75.60240855852537,27.32889311512044,4.5808628836103695,1.2352786893434133
6.879166666666667,93.86332497163006,75.56597133910094,27.291713904536252,4.572864799096716,1.233053711098122
6.883333333333334,93.85139227525555,75.5294987976097,27.25456768262038,4.564880073245462,1.2308326951588
6.8875,93.83943894221422,75.4929913142369,27.217454469147377,4.556908685864961,1.2286156345932708
6.891666666666667,93.82746494288979,75.45644890760389,27.180374284258335,4.548950616786278,1.2264025224798458
6.895833333333333,93.81547024764276,75.4198715965018,27.14332714886116,4.541005845863186,1.2241933519072987
6.900000000000001,93.80345482681027,75.3832593998916,27.106313082474028,4.533074352972171,1.2219881159748391
6.904166666666668,93.79141865070618,75.34661233690397,27.069332104388554,4.525156118012422,1.2197868077920857
6.908333333333334,93.77936168962113,75.30993042683937,27.032384233740085,4.51725112090583,1.2175894204790398
6.9125000000000005,93.76728391382244,75.27321368916782,26.99546948950775,4.50935934159698,1.2153959471660627
6.916666666666667,93.7551852935542,75.23646214352905,26.95858789051446,4.501480760053155,1.213206380993845
6.920833333333334,93.74306579903721,75.19967580973238,26.921739455426913,4.493615356264322,1.2110207151133818
6.925000000000001,93.73092540046905,75.16285470775662,26.884924202755723,4.485763110243153,1.208838942685952
6.929166666666667,93.71876406802404,75.12599885775015,26.84814215085531,4.477924002024989,1.2066610568830842
6.933333333333334,93.70658177185324,75.08910828003074,26.811393317924022,4.47009801166786,1.204487050886536
6.9375,93.69437848208456,75.05218299508569,26.774677722004103,4.462285119252474,1.2023169178882653
6.941666666666667,93.68215416882262,75.01522303226041,26.73799538098176,4.454485304882212,1.2001506510904063
6.945833333333334,93.66990880214887,74.97822842362015,26.701346312587184,4.446698548683134,1.1979882437052436
6.95,93.65764235212148,74.94119919191951,26.664730534394526,4.438924830803966,1.1958296889551836
6.954166666666667,93.64535478877555,74.9041353601184,26.628148063821982,4.431164131416098,1.1936749800727302
6.958333333333333,93.63304608212285,74.86703695139678,26.591598918131798,4.423416430713586,1.1915241103004597
6.962500000000001,93.62071620215205,74.82990398915429,26.555083114430268,4.415681708913144,1.1893770728909923
6.966666666666668,93.60836511882864,74.79273649701041,26.518600669667826,4.4079599462541506,1.1872338611069704
6.970833333333334,93.5959928020949,74.75553449880427,26.482151600638975,4.400251122998627,1.1850944682210265
6.9750000000000005,93.58359922186995,74.71829801859475,26.4457359239824,4.392555219431255,1.1829588875157628
6.979166666666667,93.57118434804983,74.68102708066031,26.409353656180944,4.3848722158593585,1.1808271122837215
6.983333333333334,93.55874815050731,74.6437217094989,26.373004813561657,4.377202092612906,1.1786991358273606
6.987500000000001,93.54629059909213,74.60638192982813,26.336689412295804,4.369544830044516,1.1765749514590287
6.991666666666667,93.53381166363086,74.5690077665849,26.300407468398895,4.361900408529438,1.174454552500936
6.995833333333334,93.52131131392687,74.53159924492562,26.264158997730707,4.354268808465556,1.172337932285131
7.0,93.50878953024139,74.494156390226,26.227944015995323,4.346650010273395,1.1702250965230767
7.004166666666667,93.49624631669695,74.45667922808103,26.191762538741127,4.339043994396099,1.1681160401656174
7.008333333333334,93.4836816033508,74.41916778430505,26.15561458136087,4.3314507412994505,1.1660107443714873
7.0125,93.4710953601281,74.38162208493142,26.119500159091665,4.3238702314718465,1.1639092025716335
7.016666666666667,93.45848755693457,74.34404215621278,26.08341928701501,4.316302445424309,1.1618114082078093
7.020833333333333,93.44585816365637,74.30642802462077,26.04737198005681,4.308747363744243,1.1597173547325579
7.025000000000001,93.43320715016017,74.2687797168461,26.01135825298743,4.301204967084835,1.1576270356091936
7.029166666666668,93.42053448629319,74.23109725979842,25.975378120421716,4.293675236060519,1.1555404443117872
7.033333333333334,93.40784014188317,74.19338068060631,25.939431596818967,4.2861581513101905,1.1534575743251463
7.0375000000000005,93.3951240867383,74.15563000661724,25.903518696483026,4.27865369349768,1.1513784191447984
7.041666666666667,93.38238629064742,74.11784526539749,25.867639433562246,4.2711618433117025,1.1493029722769759
7.045833333333334,93.36962672337984,74.08002648473203,25.831793822049555,4.263682581465799,1.1472312272385952
7.050000000000001,93.35684535468542,74.04217369262463,25.795981875797896,4.256215888698291,1.1451631775572448
7.054166666666667,93.34404215429464,74.00428691729766,25.760203610256138,4.248761745772203,1.1430988167711624
7.058333333333334,93.33121709191846,73.96636618719207,25.72445904031785,4.2413201334752255,1.1410381384292207
7.0625,93.31837013724846,73.92841153096738,25.68874817958858,4.2338910326196535,1.1389811360909112
7.066666666666667,93.30550125995681,73.89042297750156,25.653071041524335,4.22647442397841,1.1369278033263237
7.070833333333334,93.29261042969623,73.85240055589107,25.61742763943168,4.219070288281127,1.1348781337161336
7.075,93.27969761610004,73.81434429540263,25.58181798646766,4.211678606368899,1.1328321208515804
7.079166666666667,93.26676278878222,73.77625422160108,25.546242095639894,4.20429935910661,1.1307897583344522
7.083333333333333,93.25380591733726,73.7381303612947,25.510699979806585,4.196932527381433,1.1287510397770704
7.087500000000001,93.24082697134033,73.69997274385065,25.475191651676525,4.189578092102937,1.1267159588022682
7.091666666666668,93.22782592034724,73.66178139883694,25.439717123809146,4.1822360342032034,1.1246845090433797
7.095833333333334,93.21480273389439,73.62355635602233,25.404276408614525,4.174906334636914,1.1226566841442156
7.1000000000000005,93.20175738149881,73.58529764537634,25.368869518353378,4.1675889743814665,1.1206324777590513
7.104166666666667,93.18868983265821,73.54700529706912,25.333496465137138,4.160283934437077,1.1186118835526078
7.108333333333334,93.17560005685091,73.50867934147146,25.29815726092795,4.152991195826879,1.1165948952000337
7.112500000000001,93.16248802353599,73.47031980915477,25.262851917538704,4.1457107396123,1.1145815063868902
7.116666666666667,93.14935370215306,73.43192673089092,25.22758044663303,4.1384425468972825,1.1125717108091333
7.120833333333334,93.13619706212248,73.39350013765234,25.192342859725343,4.131186598782843,1.1105655021730938
7.125,93.12301807284533,73.35504006061178,25.15713916818087,4.123942876392019,1.1085628741954645
7.129166666666667,93.10981670370327,73.31654653114252,25.121969383215653,4.116711360870591,1.1065638206032795
7.133333333333334,93.09659292405878,73.27801958081808,25.086833515896593,4.109492033387049,1.1045683351338997
7.1375,93.08334670325496,73.23945924141228,25.051731577141467,4.102284875132538,1.1025764115349943
7.141666666666667,93.07007801061567,73.20086554489917,25.016663577718923,4.09508986732081,1.1005880435645232
7.145833333333333,93.05678681544546,73.16223852345303,24.98162952824853,4.087906991188189,1.098603224990721
7.150000000000001,93.04347308702961,73.12357820944823,24.946629439200795,4.080736227993514,1.096621949592078
7.154166666666668,93.03013679463416,73.08488463545926,24.911663320897198,4.073577559018111,1.0946442111573262
7.158333333333334,93.0167779075059,73.04615783426064,24.876731183510188,4.066430965571555,1.0926700034854193
7.1625000000000005,93.00339641948304,73.00739783882689,24.8418330370632,4.059296428996408,1.0906993203855166
7.166666666666667,92.98999229753342,72.96860468233245,24.80696889143071,4.052173930647477,1.0887321556769656
7.170833333333334,92.9765654927867,72.92977839815168,24.772138756338236,4.045063451901874,1.0867685031892846
7.175000000000001,92.96311597458974,72.89091901985874,24.73734264136237,4.037964974159487,1.0848083567621478
7.179166666666667,92.94964371227312,72.85202658122765,24.702580555930783,4.030878478842929,1.0828517102453643
7.183333333333334,92.93614867515117,72.81310111623208,24.667852509322255,4.023803947397515,1.080898557498864
7.1875,92.92263083252195,72.7741426590455,24.633158510666696,4.016741361291215,1.0789488923926787
7.191666666666667,92.90909015366722,72.7351512440409,24.598498568945175,4.009690702014613,1.0770027088069258
7.195833333333334,92.89552660785255,72.69612690579098,24.56387269298994,4.002651951080881,1.0750600006317925
7.2,92.88194016432726,72.65706967906792,24.529280891484426,3.9956250900257313,1.0731207617675154
7.204166666666667,92.8683307923244,72.61797959884336,24.494723172963283,3.9886100899953294,1.0711849861243654
7.208333333333333,92.85469846106086,72.57885670028847,24.460199545812404,3.9816069568599346,1.0692526676226308
7.212500000000001,92.84104313973728,72.5397010184402,24.425710018423544,3.9746156573768974,1.0673238001925993
7.216666666666668,92.82736479753807,72.50051258293314,24.391254600063668,3.9676361733643346,1.0653983777745415
7.220833333333334,92.81366340363144,72.46129142677513,24.35683329929249,3.9606684866414903,1.0634763943186938
7.2250000000000005,92.79993892716949,72.42203758516077,24.322446124396823,3.953712579028746,1.06155784378524
7.229166666666667,92.786191337288,72.3827510934617,24.28809308355936,3.946768432347615,1.0596427201442953
7.233333333333334,92.77242060310668,72.34343198722667,24.25377418485895,3.939836028420738,1.0577310173758891
7.237500000000001,92.75862669372904,72.3040803021814,24.219489436270912,3.932915349071885,1.0558227294699483
7.241666666666667,92.74480957824237,72.26469607422864,24.185238845667296,3.9260063761259403,1.0539178504262792
7.245833333333334,92.73096922571789,72.22527933944805,24.151022420817174,3.9191090914089086,1.05201637425455
7.25,92.7171056052106,72.18583013409618,24.1168401693869,3.9122234768051376,1.0501182949742756
7.254166666666667,92.70321868575941,72.14634849460644,24.082692098411982,3.9053495143457857,1.0482236094854267
7.258333333333334,92.68930843638707,72.10683445758912,24.048578214062324,3.8984871859140657,1.0463323148773536
7.2625,92.67537482610022,72.06728805983123,24.014498523147903,3.8916364733808813,1.0444443998706099
7.266666666666667,92.6614178238894,72.02770933829655,23.980453032348585,3.8847973586179823,1.0425598585440299
7.270833333333333,92.64743739872895,71.98809833012555,23.946441748190672,3.8779698234979705,1.040678684986577
7.275000000000001,92.63343351957722,71.94845507263541,23.912464677046707,3.8711538498942843,1.0388008732973306
7.279166666666668,92.61940615537642,71.90877960331991,23.878521825135188,3.8643494196812136,1.036926417585472
7.283333333333334,92.60535527505269,71.86907195984946,23.844613198520303,3.8575565147338793,1.0350553119702695
7.2875000000000005,92.59128084751602,71.82933218007095,23.810738803111718,3.850775116928244,1.0331875505810646
7.291666666666667,92.57718284166042,71.78956030200784,23.776898644672528,3.844005208141104,1.0313231275572579
7.295833333333334,92.56306122636379,71.74975636386003,23.743092729244594,3.8372467702500885,1.0294620370482954
7.300000000000001,92.54891597048798,71.70992040400392,23.709321062678065,3.8304997857948337,1.0276042732136543
7.304166666666667,92.53474704287883,71.67005246099222,23.675583650493408,3.8237642374530485,1.025749830222827
7.308333333333334,92.52055441236607,71.63015257355407,23.641880498077544,3.8170401073175237,1.0238987022553097
7.3125,92.50633804776345,71.59022078059489,23.608211610683806,3.810327377481717,1.0220508835005861
7.316666666666667,92.49209791786869,71.55025712119637,23.574576993431954,3.803626030039748,1.0202063681581144
7.320833333333334,92.47783399146346,71.51026163461647,23.54097665130822,3.796936047086399,1.0183651504373135
7.325,92.4635462854417,71.47023436028933,23.507410589165247,3.7902574107171114,1.016527224557547
7.329166666666667,92.44923472904446,71.43017533782525,23.473878811722106,3.7835901030279833,1.014692584748111
7.333333333333333,92.43489928750208,71.39008460701069,23.44038132357066,3.7769341061157693,1.0128612252482188
7.337500000000001,92.42053992974051,71.34996220780813,23.406918129206602,3.7702894020778803,1.0110331403069865
7.341666666666668,92.4061566246733,71.30980818035613,23.37348923297257,3.7636559730123844,1.0092083241834224
7.345833333333334,92.39174934120132,71.26962256496925,23.340094639074753,3.757033801102441,1.0073867711464064
7.3500000000000005,92.37731804821306,71.22940540221234,23.30673435158838,3.7504228696177857,1.0055684754746805
7.354166666666667,92.36286271458437,71.18915673332542,23.273408374457787,3.743823161230991,1.003753431456835
7.358333333333334,92.34838330917867,71.14887659932656,23.240116711496565,3.7372346582979588,1.0019416333912898
7.362500000000001,92.33387980084687,71.10856504130342,23.20685936638767,3.730657343175301,1.0001330755862874
7.366666666666667,92.31935215842738,71.06822210052141,23.173636342683466,3.7240911982203238,0.9983277523598717
7.370833333333334,92.30480035074613,71.02784781842357,23.140447643805878,3.7175362057910353,0.9965256580398776
7.375,92.2902243466166,70.98744223663064,23.10729330604172,3.71099234824614,0.9947267869639167
7.379166666666667,92.27562411483974,70.94700539694097,23.07417325408611,3.7044596079450405,0.9929311334793612
7.383333333333334,92.26099962420415,70.90653734133043,23.041087540585156,3.697937967247834,0.9911386919433329
7.3875,92.24635084348584,70.86603811195246,23.008036167505974,3.6914274085153083,0.9893494567226869
7.391666666666667,92.23167774144848,70.82550775113798,22.9750191368184,3.6849279141089415,0.9875634221939964
7.395833333333333,92.21698028684328,70.78494630139528,22.942036450495014,3.6784394667314424,0.9857805827435416
7.400000000000001,92.202258448409,70.74435380541011,22.90908811051111,3.671962049972996,0.9840009327672931
7.404166666666668,92.18751219487203,70.70373030604553,22.87617411884476,3.665495646531953,0.9822244666708992
7.408333333333334,92.17274149494628,70.66307584634195,22.843294477476714,3.6590402390262997,0.9804511788696714
7.4125000000000005,92.1579463173333,70.622390469517,22.810449188373585,3.652595810074715,0.978681063788569
7.416666666666667,92.14312663072224,70.58167421896549,22.777638252879044,3.646162342296573,0.9769141158621875
7.420833333333334,92.12828240378984,70.54092713825952,22.744861672518475,3.6397398183119356,0.9751503295347408
7.425000000000001,92.1134136052005,70.50014927114822,22.71211944909762,3.6333282207415607,0.9733896992600519
7.429166666666667,92.0985202036062,70.45934066155782,22.67941158442515,3.626927532206887,0.9716322195015349
7.433333333333334,92.08360216764662,70.41850135359167,22.646738080312716,3.6205377353300436,0.9698778847321818
7.4375,92.06865946594898,70.37763139153,22.61409893857494,3.614158812733839,0.968126689434549
7.441666666666667,92.05369206712827,70.33673081983008,22.5814941610294,3.60779074704177,0.9663786281007428
7.445833333333334,92.03869993978707,70.29579968312609,22.548923749496662,3.6014335216938207,0.9646336952324056
7.45,92.02368305251562,70.25483802622904,22.51638770580023,3.5950871203042203,0.9628918853407014
7.454166666666667,92.00864137389186,70.21384589412678,22.483886030953173,3.5887515257486324,0.9611531929463011
7.458333333333333,91.99357487248145,70.17282333198392,22.451418722608597,3.582426720903368,0.9594176125793697
7.462500000000001,91.97848351683764,70.13177038514186,22.41898578115045,3.576112688645384,0.9576851387795517
7.466666666666668,91.96336727550147,70.09068709911864,22.386587207406464,3.569809411852291,0.9559557660959563
7.470833333333334,91.94822611700168,70.04957351960897,22.3542230022076,3.5635168734023392,0.9542294890871441
7.4750000000000005,91.93306000985466,70.00842969248417,22.32189316638812,3.557235056174426,0.9525063023211119
7.479166666666667,91.91786892256458,69.96725566379207,22.289597700785546,3.5509639430480897,0.9507862003752807
7.483333333333334,91.9026528418106,69.9260514797571,22.25733660624068,3.5447035169035086,0.9490691778364779
7.487500000000001,91.8874117667976,69.88480903284209,22.225109883597614,3.538453760621507,0.9473552293009289
7.491666666666667,91.87214562332196,69.84354564396853,22.192917533703703,3.5322146570835393,0.9456443493742358
7.495833333333334,91.85685438009685,69.80225215102912,22.160759554685324,3.5259861894505167,0.9439365326713699
7.5,91.84153800582753,69.76092860654872,22.128635943248813,3.519768342006379,0.9422317738166531
7.504166666666667,91.82619646921131,69.71957506304595,22.096546699046673,3.513561098058233,0.9405300674437456
7.508333333333334,91.81082973893754,69.6781915730331,22.06449182174416,3.50736444076035,0.9388314075312308
7.5125,91.7954377836878,69.63677818901625,22.032471311009882,3.5011783532676235,0.9371357864096412
7.516666666666667,91.78002057213564,69.59533496349508,22.000485166515794,3.4950028187355686,0.935443201479497
7.520833333333333,91.76457807294676,69.55386194896298,21.9685333879372,3.4888378203203207,0.9337536474032581
7.525000000000001,91.74911025477901,69.51235919790693,21.936615974952765,3.482683341178637,0.932067118852496
7.529166666666668,91.73361708628232,69.47082676280766,21.904732927244517,3.476539364467891,0.9303836105078822
7.533333333333334,91.7180985360988,69.42926469613946,21.872884206170156,3.470405873346072,0.9287031170591671
7.5375000000000005,91.70255457286267,69.38767305037024,21.841069896921063,3.4642828509717836,0.9270256332051681
7.541666666666667,91.68698516520028,69.34605187796153,21.80928994062742,3.4581702805042447,0.9253511536537544
7.545833333333334,91.67139028173018,69.30440123136837,21.77754433676428,3.4520681451189845,0.9236796731218294
7.550000000000001,91.65576989106309,69.26272116303949,21.745833084688414,3.4459764290644963,0.9220111863353192
7.554166666666667,91.64012396180188,69.22101172541709,21.714156183638313,3.4398951163552205,0.9203456880291526
7.558333333333334,91.62445246254156,69.1792729709369,21.682513632734185,3.4338241904190054,0.9186831729472487
7.5625,91.6087553618694,69.13750495202824,21.650905430978014,3.427763634684307,0.9170236358425012
7.566666666666667,91.59303262836484,69.09570772111387,21.619331577253508,3.421713432580182,0.9153670714767618
7.570833333333334,91.5772842305995,69.05388133061012,21.587792070326206,3.415673567536298,0.9137134746208269
7.575,91.56151013713728,69.01202583292675,21.556286907523052,3.4096440229829197,0.9120628400544207
7.579166666666667,91.54571031653423,68.97014128046702,21.52481608310059,3.4036247823509114,0.9104151625661796
7.583333333333333,91.52988473733863,68.92822772562762,21.49337959446205,3.397615829071738,0.9087704369536378
7.587500000000001,91.51403336809105,68.88628522079867,21.461977439107656,3.39161714657746,0.9071286580232114
7.591666666666668,91.49815617732426,68.84431381836379,21.430609614387055,3.3856287183007407,0.9054898205901845
7.595833333333334,91.4822531335633,68.80231357069992,21.399276117499234,3.3796505276748303,0.9038539194786912
7.6000000000000005,91.46632420532549,68.76028453017747,21.367976945492583,3.3736825753061264,0.9022209495217024
7.604166666666667,91.45036936112038,68.71822674916017,21.336712095264925,3.3677248074482877,0.9005909055610091
7.608333333333334,91.43438856944978,68.67614028000519,21.305481563563497,3.36177723086504,0.8989637824472078
7.612500000000001,91.41838179880786,68.634025175063,21.27428534698503,3.355839829038907,0.8973395750396864
7.616666666666667,91.40234901768103,68.59188148667745,21.243123441975698,3.349912585474271,0.8957182782066059
7.620833333333334,91.386290194548,68.5497092671857,21.21199584483116,3.343995483697379,0.8940998868248873
7.625,91.37020529787979,68.50750856959795,21.180902551696597,3.3380885072563373,0.8924843957801949
7.629166666666667,91.35409429613976,68.4652794479369,21.1498435585667,3.332191639721109,0.8908717999669222
7.633333333333334,91.33795715778359,68.42302195490795,21.118818861285725,3.32630486468352,0.8892620942881772
7.6375,91.32179385125926,68.38073614315532,21.087828455547456,3.3204281657572423,0.8876552736557639
7.641666666666667,91.30560434500713,68.33842206531597,21.056872336895267,3.314561526577805,0.8860513329901695
7.645833333333333,91.28938865820302,68.29607977401967,21.025950500722125,3.3087049308025835,0.8844502672205492
7.650000000000001,91.27314674194393,68.25370932188906,20.995062942270593,3.3028583621825076,0.8828520712847093
7.654166666666668,91.25687853892109,68.21131076153947,20.96420965663289,3.297021805773951,0.8812567401290935
7.658333333333334,91.24058401785933,68.16888414557904,20.933390638750847,3.291195245940116,0.8796642687087664
7.6625000000000005,91.22426314748114,68.12642952660866,20.902605883415966,3.2853786665948785,0.878074651987398
7.666666666666667,91.2079158965066,68.08394695722193,20.87185538576841,3.2795720516785996,0.8764878849372502
7.670833333333334,91.19154223365345,68.04143649000517,20.841139143064353,3.2737753851581153,0.874903962539158
7.675000000000001,91.17514212763697,67.99889817753747,20.8104571504733,3.2679886510267466,0.8733228797825192
7.679166666666667,91.1587155471702,67.95633207726853,20.779809402683107,3.262211833304285,0.8717446316652743
7.683333333333334,91.14226246096374,67.91373825062624,20.74919589425192,3.256444916036996,0.870169213193893
7.6875,91.12578283772584,67.87111675216016,20.718616619608177,3.2506878832976183,0.8685966193833593
7.691666666666667,91.10927664616246,67.82846763632067,20.68807157305063,3.244940719185357,0.8670268452571559
7.695833333333334,91.09274385497724,67.78579095755254,20.657560748748395,3.239203407825892,0.8654598858472494
7.7,91.07618443287146,67.74308677029506,20.627084140740887,3.2334759333713623,0.863895736194073
7.704166666666667,91.05959834854407,67.70035512898195,20.596641742937916,3.2277582800003715,0.862334391346513
7.708333333333333,91.04298557069174,67.65759608804142,20.566233549119637,3.2220504319179866,0.8607758463618933
7.712500000000001,91.02634606800886,67.61480970189598,20.535859552936603,3.2163523733557304,0.8592200963059592
7.716666666666668,91.00967980918749,67.57199602496273,20.5055197479098,3.2106640885715887,0.8576671362528632
7.720833333333334,90.99298676291744,67.52915511165308,20.475214127430586,3.2049855618500005,0.8561169612851487
7.7250000000000005,90.97626689788622,67.48628701637284,20.444942684760772,3.199316777501856,0.8545695664937353
7.729166666666667,90.95952018277906,67.44339179352224,20.41470541303262,3.193657719864498,0.8530249469779021
7.733333333333334,90.94274658627896,67.40046950474691,20.384502305248837,3.1880083733017193,0.8514830978452749
7.737500000000001,90.92594607706668,67.35752021388113,20.354333354282623,3.182368722203763,0.8499440142118092
7.741666666666667,90.90911862382069,67.31454397755358,20.32419855287766,3.176738750987314,0.8484076912017748
7.745833333333334,90.89226419521724,67.27154085238152,20.29409789364812,3.171118444095501,0.8468741239477405
7.75,90.87538275993037,67.22851089497502,20.264031369078715,3.165507785997897,0.8453433075905595
7.754166666666667,90.85847428663189,67.185454161937,20.23399897152465,3.159906761190509,0.8438152372793535
7.758333333333334,90.84153874399136,67.14237070986336,20.204000693515205,3.15431535419579,0.842289908171498
7.7625,90.82457610067623,67.09926059534266,20.17403653037457,3.1487335495626225,0.8407673153443485
7.766666666666667,90.80758632535162,67.05612387495643,20.144106475396043,3.1431613318663265,0.8392474517169509
7.770833333333333,90.79056938668057,67.01296060527892,20.114210521014652,3.137598685708651,0.837730314683357
7.775000000000001,90.77352525332391,66.96977084287722,20.084348659560828,3.1320455957177753,0.8362158994302586
7.779166666666668,90.75645389394025,66.92655464431118,20.054520883260423,3.1265020465483087,0.834704201152474
7.783333333333334,90.73935527718608,66.88331226052358,20.024727184234727,3.120968022881287,0.8331952150529287
7.7875000000000005,90.72222937171574,66.84004331409066,19.994967554500455,3.1154435094241673,0.8316889363426425
7.791666666666667,90.70507614618138,66.79674812994001,19.96524198596977,3.1099284909108307,0.8301853602407132
7.795833333333334,90.68789556923305,66.75342676486538,19.935550470450305,3.1044229519204007,0.8286844819743002
7.800000000000001,90.67068760951862,66.7100792758255,19.905892999645175,3.098926876557918,0.8271862967786111
7.804166666666667,90.6534522364376,66.66670571994398,19.876269565152953,3.0934402495027493,0.8256907998968823
7.808333333333334,90.63618948011177,66.62330615450911,19.846680158467713,3.0879630555144635,0.8241979865803668
7.8125,90.6188992542851,66.5798806369739,19.81712477097903,3.0824952793768694,0.8227078520883163
7.816666666666667,90.60158152797294,66.53642922495591,19.787603393971974,3.0770369058980096,0.821220391687967
7.820833333333334,90.5842362701963,66.49295197623717,19.758116018627163,3.0715879199101694,0.8197356006545241
7.825,90.56686344998181,66.44944894876406,19.728662636020736,3.0661483062698647,0.8182534742711439
7.829166666666667,90.54946303636177,66.4059202006472,19.699243237124357,3.0607180498578446,0.8167740078289212
7.833333333333333,90.53203499837419,66.36236579016142,19.669857812805258,3.055297135579088,0.8152971966268706
7.837500000000001,90.51457930506272,66.31878577594743,19.640506353826208,3.0498855483628033,0.8138230359719137
7.841666666666668,90.49709592547676,66.27518022541557,19.611188850845586,3.0444832731624296,0.8123515211788624
7.845833333333334,90.47958482867135,66.23154920308933,19.58190529441731,3.0390902949556278,0.8108826475704021
7.8500000000000005,90.46204598370721,66.1878927693894,19.552655675016922,3.033706598744283,0.8094164104770771
7.854166666666667,90.44447935965087,66.14421098495063,19.523439983701845,3.0283321695545045,0.8079528052372753
7.858333333333334,90.42688492557453,66.1005039106219,19.494258211137318,3.0229669924366163,0.8064918271972116
7.862500000000001,90.40926265055606,66.05677160746602,19.46511034760446,3.01761105246517,0.8050334717109137
7.866666666666667,90.39161250367911,66.01301413675968,19.435996383286014,3.0122643347389255,0.8035777341402048
7.870833333333334,90.37393445403312,65.96923155999333,19.406916308266403,3.006926824380864,0.8021246098546885
7.875,90.35622847071319,65.92542393887109,19.377870112531745,3.0015985065381763,0.8006740942317341
7.879166666666667,90.3384945228202,65.88159133531062,19.34885778596984,2.9962793663822627,0.7992261826564588
7.883333333333334,90.32073257946084,65.83773381144314,19.319879318370205,2.9909693891087406,0.7977808705217159
7.8875,90.3029426097475,65.7938514296132,19.290934699424042,2.9856685599374306,0.7963381532280746
7.891666666666667,90.28512458279843,65.74994425237868,19.262023918724278,2.9803768641123605,0.794898026183807
7.895833333333333,90.26727846773754,65.70601234251065,19.23314696576555,2.9750942869017623,0.7934604848048724
7.900000000000001,90.24940423369466,65.66205576299325,19.204303829944237,2.969820813598071,0.7920255245149008
7.904166666666668,90.23150184980535,65.61807457702375,19.17549450055846,2.964556429517926,0.7905931407451782
7.908333333333334,90.21357128521099,65.57406884801223,19.14671896680808,2.9593011200021633,0.78916332893463
7.9125000000000005,90.19561250905875,65.53003863958165,19.117977217794696,2.954054870415818,0.7877360845298063
7.916666666666667,90.17762549050168,65.48598401556767,19.089269242521695,2.9488176661481202,0.7863114029848649
7.920833333333334,90.15961019869859,65.44190504001864,19.060595029894202,2.9435894926124955,0.7848892797615568
7.925000000000001,90.14156660281417,65.39780177719543,19.031954568719154,2.938370335246564,0.7834697103292114
7.929166666666667,90.12349467201895,65.35367429157137,19.00334784770524,2.933160179512136,0.7820526901647187
7.933333333333334,90.10539437548925,65.30952264783215,18.974774855462954,2.9279590108952096,0.7806382147525153
7.9375,90.0872657192662,65.26534691087569,18.946235580504577,2.9227668149059705,0.7792262795845675
7.941666666666667,90.06910865249034,65.22114714581213,18.91772999899181,2.9175835763677442,0.7778168801603567
7.945833333333334,90.05092313351726,65.17692341796364,18.88925812689007,2.912409280052931,0.7764100119868643
7.95,90.03270913184619,65.13267579286442,18.86081993774884,2.90724391141999,0.7750056705785544
7.954166666666667,90.01446661698839,65.08840433601351,18.832415419894268,2.9020874559481284,0.7736038514573589
7.958333333333333,89.99619555846706,65.04410910763353,18.804044561554885,2.8969398991372963,0.7722045501526626
7.962500000000001,89.97789592581739,64.99979017083379,18.775707350861946,2.891801226508188,0.770807762201286
7.966666666666668,89.95956768858655,64.95544759109634,18.747403775849687,2.8866714236022433,0.7694134831474718
7.970833333333334,89.94121081633368,64.9110814340852,18.719133824455618,2.8815504759816353,0.7680217085428671
7.9750000000000005,89.92282527862999,64.86669176564646,18.690897484520807,2.876438369229281,0.7666324339465095
7.979166666666667,89.90441104505861,64.82227865180819,18.66269474379017,2.8713350889488334,0.7652456549248099
7.983333333333334,89.88596808521471,64.77784215878035,18.634525589912755,2.866240620764678,0.763861367051538
7.987500000000001,89.86749636870552,64.73338235295486,18.606390010442052,2.8611549503219402,0.7624795659078074
7.991666666666667,89.84899586515024,64.68889930090542,18.57828799283624,2.8560780632864766,0.7611002470820577
7.995833333333334,89.83046654418015,64.64439306938755,18.550219524458498,2.8510099453448725,0.7597234061700407
8.0,89.81190837543852,64.59986372533851,18.522184592577293,2.845950582204445,0.7583490387748036
8.004166666666668,89.79332132858072,64.55531133587722,18.49418318436665,2.840899959593239,0.7569771405066746
8.008333333333335,89.77470537327412,64.51073596830433,18.46621528690648,2.835858063260032,0.755607706983247
8.012500000000001,89.75606047919818,64.46613769010209,18.4382808871828,2.830824878974318,0.7542407338293622
8.016666666666667,89.73738661604445,64.42151656893424,18.410379972088077,2.825800392526323,0.752876216677096
8.020833333333334,89.71868375351649,64.37687267264609,18.3825125284215,2.820784589726991,0.7515141511657418
8.025,89.69995186132999,64.33220606926443,18.354678542889236,2.815777456407989,0.7501545329417946
8.029166666666667,89.68119090921273,64.28751682699746,18.32687800210477,2.810778978421707,0.7487973576589374
8.033333333333333,89.66240086690455,64.24280501423476,18.29911089258916,2.8057891416412493,0.7474426209780233
8.0375,89.6435817041574,64.19807069954723,18.271377201642846,2.8008079319604393,0.7460903185670611
8.041666666666666,89.62473339073537,64.15331395168707,18.24367691688453,2.7958353352938166,0.7447404461011992
8.045833333333334,89.60585589641464,64.10853483958772,18.216010024716688,2.7908713375766334,0.74339299926271
8.05,89.58694919098347,64.06373343236382,18.188376511448308,2.7859159247648573,0.7420479737409755
8.054166666666667,89.56801324424235,64.01890979931115,18.160776363302098,2.780969082835167,0.7407053652324694
8.058333333333334,89.5490480260038,63.974064009906584,18.13320956641482,2.7760307977849497,0.7393651694407436
8.0625,89.53005350609256,63.929196133808084,18.105676106837638,2.771101055632304,0.738027382076411
8.066666666666668,89.51102967664006,63.88430624085457,18.078175970536474,2.766179842416031,0.7366919988571305
8.070833333333335,89.49197651122186,63.83939440057996,18.050709143392357,2.7612671441956462,0.7353590155075931
8.075000000000001,89.4728939591372,63.79446067611284,18.023275611201743,2.756362947051362,0.7340284277595024
8.079166666666667,89.45378199053516,63.74950513470523,17.995875359676862,2.7514672370840985,0.7327002313515628
8.083333333333334,89.43464057558262,63.704527845854656,17.96850837444608,2.746580000401781,0.7313744220294617
8.0875,89.41546968446421,63.659528879203855,17.94117464105424,2.7417012229906597,0.7300510022978325
8.091666666666667,89.39626928738247,63.61450830454077,17.913874144963003,2.7368308909553978,0.7287299633422496
8.095833333333333,89.37703935455768,63.5694661917986,17.88660687155118,2.7319689904611377,0.7274112992232697
8.1,89.35777985622798,63.52440261105558,17.859372806115083,2.7271155076932154,0.726095005727002
8.104166666666666,89.33849076264934,63.479317632535114,17.832171933868878,2.722270428857153,0.724781078646646
8.108333333333334,89.31917204409557,63.43421132660569,17.805004239944925,2.717433740178656,0.7234695137824755
8.1125,89.2998236708583,63.38908376378092,17.77786970939412,2.7126054279036182,0.7221603069418265
8.116666666666667,89.28044561324707,63.3439350147193,17.75076832718624,2.7077854782981152,0.7208534539390805
8.120833333333334,89.26103784158919,63.298765150224426,17.72370007821027,2.7029738776484016,0.719548950595651
8.125,89.24160032622991,63.25357424124483,17.696664947274776,2.6981706122609155,0.7182467927399689
8.129166666666668,89.22213303753233,63.20836235887395,17.669662919108227,2.693375668462271,0.7169469762074683
8.133333333333335,89.20263594587739,63.16312957435019,17.642693978359354,2.688589032599264,0.7156494968405723
8.137500000000001,89.18310902166397,63.11787595905675,17.615758109597486,2.683810691038863,0.7143543504886776
8.141666666666667,89.16355223530876,63.07260158452173,17.58885529731288,2.6790406301682146,0.7130615330081408
8.145833333333334,89.14396555724646,63.02730652241796,17.56198552591709,2.6742788363946377,0.7117710402622639
8.15,89.12434895792957,62.98199084456314,17.53514877974328,2.6695252961456224,0.710482868121279
8.154166666666667,89.10470240782851,62.936654622919676,17.50834504304663,2.664779995868834,0.7091970124623364
8.158333333333333,89.08502587743168,62.89129792959468,17.48157430000458,2.6600429220321047,0.7079134691694865
8.1625,89.06531933724531,62.84592083683995,17.45483653471726,2.6553140611234363,0.7066322341336686
8.166666666666666,89.04558275779362,62.80052341705198,17.428131731207795,2.6505933996509983,0.705353303252694
8.170833333333334,89.02581610961875,62.755105742771796,17.40145987342264,2.645880924143124,0.7040766724312332
8.175,89.00601936328076,62.70966788668515,17.374820945231964,2.641176621148317,0.7028023375808016
8.179166666666667,88.98619248935768,62.66420992162226,17.34821493042995,2.6364804772352404,0.7015302946197434
8.183333333333334,88.96633545844543,62.61873192055788,17.321641812735166,2.63179247899272,0.7002605394732186
8.1875,88.94644824115801,62.573233956411045,17.295101575790873,2.627112613029743,0.698993068073188
8.191666666666668,88.92653080812723,62.527716100445254,17.268594203165417,2.6224408659754554,0.6977278763583987
8.195833333333335,88.90658314252391,62.48217842532261,17.24211967835254,2.617777224479167,0.6964649602743712
8.200000000000001,88.88660524439122,62.43662100429675,17.21567798477173,2.6131216752103383,0.6952043157733819
8.204166666666667,88.8665970487634,62.391043910755016,17.189269105768552,2.60847420485859,0.6939459388144514
8.208333333333334,88.84655852666205,62.34544721821845,17.162893024615016,2.6038348001336957,0.6926898253633285
8.2125,88.82648964913326,62.29983100034169,17.13654972450989,2.599203447765582,0.6914359713924767
8.216666666666667,88.80639038724766,62.2541953309129,17.11023918857909,2.5945801345043327,0.6901843728810599
8.220833333333333,88.78626071210034,62.20854028385373,17.083961399875964,2.5899648471201764,0.688935025814927
8.225,88.76610059481101,62.162865933219244,17.057716341381663,2.5853575724034963,0.6876879261865975
8.229166666666666,88.74591000652381,62.117172353197816,17.0315039960055,2.5807582971014607,0.6864430699952483
8.233333333333334,88.7256889184075,62.07145961811111,17.00532434658524,2.5761670078673515,0.6852004532466979
8.2375,88.70543730165534,62.025727802414025,16.979177375887534,2.57158369152231,0.6839600719533934
8.241666666666667,88.68515512748519,61.97997698069459,16.95306306660816,2.567008334915651,0.6827219221343944
8.245833333333334,88.66484236713936,61.93420722767387,16.92698140137242,2.5624409249162476,0.68148599981536
8.25,88.64449899188483,61.88841861820602,16.900932362785014,2.5578814484125223,0.6802523010285333
8.254166666666668,88.6241249730131,61.84261122727808,16.874915934499633,2.5533298923124454,0.6790208218127276
8.258333333333335,88.60372028184021,61.796785130010015,16.848932099515682,2.5487862435435447,0.6777915582133125
8.262500000000001,88.58328488970686,61.750940401654596,16.822980840303437,2.544250489052888,0.6765645062821979
8.266666666666667,88.56281876797824,61.70507711759734,16.797062139268228,2.539722615807094,0.6753396620778214
8.270833333333334,88.54232188804416,61.659195353356466,16.771175978750776,2.535202610792325,0.6741170216651317
8.275,88.52179422131906,61.61329518458278,16.745322341027606,2.5306904610142853,0.6728965811155763
8.279166666666667,88.5012357392419,61.56737668705969,16.719501208311456,2.5261861534982293,0.6716783365070867
8.283333333333333,88.48064641327635,61.52143993670309,16.6937125627516,2.521689675288944,0.6704622839240625
8.2875,88.46002621491056,61.47548500956126,16.667956386434305,2.517201013450761,0.6692484194573584
8.291666666666666,88.43937511565741,61.42951198181487,16.64223266138318,2.512720155067551,0.6680367392042694
8.295833333333334,88.41869308705435,61.38352092977686,16.61654136955957,2.5082470872427187,0.6668272392685158
8.3,88.39798010066342,61.337511929892486,16.590882492862985,2.50378179709921,0.6656199157602305
8.304166666666667,88.37723612807137,61.291485058423504,16.565256013131417,2.499324271779501,0.6644147647959423
8.308333333333334,88.3564611408895,61.245440389797764,16.53966191214179,2.4948744984456046,0.6632117824985628
8.3125,88.33565511075382,61.1993780001448,16.514100171610313,2.490432464279064,0.6620109649973718
8.316666666666668,88.31481800932494,61.15329796611344,16.488570773192883,2.4859981564809526,0.6608123084280026
8.320833333333335,88.29394980828815,61.10720036447397,16.46307369848549,2.4815715622718786,0.6596158089324288
8.325000000000001,88.27305047935339,61.061085272117886,16.43760892902457,2.4771526688919727,0.6584214626589476
8.329166666666667,88.25212000369874,61.01495276605795,16.412176446287404,2.472741463600897,0.6572292657621672
8.333333333333334,88.23115841018765,60.96880292342812,16.386776231692526,2.4683379336778355,0.6560392144029917
8.3375,88.21016561052167,60.9226358214835,16.36140826660009,2.4639420664214993,0.6548513047486069
8.341666666666667,88.18914157698148,60.87645153760035,16.336072532312286,2.459553849150124,0.6536655329724662
8.345833333333333,88.16808628187312,60.8302501492759,16.31076901007367,2.4551732692014667,0.6524818952542754
8.35,88.14699969752822,60.78403173412842,16.285497681071632,2.450800313932803,0.6513003877799785
8.354166666666666,88.12588179630431,60.737796369897126,16.260258526436722,2.446434970720931,0.6501210067417432
8.358333333333334,88.10473255058498,60.69154413444215,16.23505152724304,2.442077226962164,0.6489437483379477
8.3625,88.08355193278025,60.64527510574449,16.20987666450869,2.4377270700723384,0.6477686087731647
8.366666666666667,88.06233991532663,60.59898936190593,16.184733919196084,2.4333844874867996,0.6465955842581474
8.370833333333334,88.04109647068758,60.55268698114903,16.15962327221237,2.4290494661015205,0.6454246710098159
8.375,88.01982157135356,60.50636804181706,16.13454470440983,2.4247219880637494,0.6442558652512417
8.379166666666668,87.99851518984244,60.46003262237393,16.109498196586227,2.4204020462635327,0.6430891632116333
8.383333333333335,87.97717729869964,60.413680801404226,16.084483729485267,2.416089628197775,0.6419245611263238
8.387500000000001,87.95580787049842,60.367312657613056,16.05950128379689,2.4117847213826615,0.6407620552367533
8.391666666666667,87.9344068778401,60.32092826982607,16.03455084015773,2.407487313353663,0.6396016417904568
8.395833333333334,87.91297429335435,60.27452771698933,16.00963237915148,2.4031973916655343,0.638443317041049
8.4,87.89151008969938,60.22811107816942,15.984745881309273,2.3989149438923083,0.6372870772482099
8.404166666666667,87.87001423956222,60.18167843255324,15.959891327110084,2.3946399576273016,0.6361329186776709
8.408333333333333,87.848486715659,60.13522985944804,15.935068696981098,2.390372420483108,0.6349808453933187
8.4125,87.8269274907351,60.0887654382813,15.910277971298111,2.386112320091599,0.6338308528999649
8.416666666666666,87.8053365375655,60.04228524860081,15.885519130385914,2.381859644103924,0.632682931249986
8.420833333333334,87.78371382895492,59.995789369566424,15.860792154518682,2.3776143801905043,0.6315370767543381
8.425,87.7620593377382,59.94927787820866,15.836097023920367,2.373376516041041,0.6303932857302653
8.429166666666667,87.74037303678041,59.90275085370704,15.81143371876507,2.369146039364504,0.6292515545012868
8.433333333333334,87.71865489897719,59.85620837570704,15.786802219177437,2.364922937889135,0.6281118793971848
8.4375,87.69690489725494,59.809650523962496,15.762202505233041,2.3607071993624507,0.6269742567539913
8.441666666666668,87.67512300457108,59.76307737833552,15.73763455695877,2.3564988115512304,0.6258386829139767
8.445833333333335,87.65330919391434,59.71648901879662,15.71309835433325,2.352297762241528,0.6247051542256375
8.450000000000001,87.63146343830495,59.66988552542466,15.688593877287154,2.348104039238664,0.6235736670436824
8.454166666666667,87.60958571079492,59.62326697840686,15.664121105703662,2.343917630367219,0.6224442177290214
8.458333333333334,87.58767602713876,59.57663345803884,15.639680019418808,2.3397385234710457,0.6213168026487521
8.4625,87.56573433904607,59.52998504472463,15.615270598221882,2.335566706413254,0.620191418176148
8.466666666666667,87.5437606057049,59.48332181897666,15.590892821629456,2.3314021670762246,0.6190680606906463
8.470833333333333,87.5217548007213,59.43664386141584,15.566546668137219,2.327244893361592,0.617946726577835
8.475,87.4997168977477,59.389951252771475,15.542232116849897,2.3230948731902537,0.6168274122294402
8.479166666666666,87.47764687048338,59.34324407388135,15.51794914689103,2.3189520945023667,0.615710114043314
8.483333333333334,87.45554469267478,59.29652240569172,15.49369773728423,2.3148165452573455,0.614594828423422
8.4875,87.43341033811605,59.24978632925736,15.469477866950973,2.3106882134338624,0.6134815517798318
8.491666666666667,87.41124378064941,59.20303592574151,15.44528951470831,2.306567087029844,0.6123702805286987
8.495833333333334,87.38904499416557,59.156271276415964,15.421132659266618,2.302453154062473,0.6112610110922543
8.5,87.36681395260423,59.10949246266102,15.39700727922734,2.2983464025681846,0.6101537398987944
8.504166666666668,87.34455062995437,59.062699565965524,15.372913353080664,2.2942468206026647,0.6090484633826655
8.508333333333335,87.32225500025488,59.01589266792695,15.348850859203298,2.2901543962408546,0.6079451779842542
8.512500000000001,87.2999270375948,58.969071850251275,15.324819775856094,2.2860691175769428,0.6068438801499726
8.516666666666667,87.27756671611381,58.922237194753116,15.300820081181794,2.281990972724368,0.6057445663322469
8.520833333333334,87.25517401000272,58.87538878335567,15.276851753823841,2.277919949815816,0.6046472329895053
8.525,87.2327488935038,58.828526698090776,15.252914774190032,2.2738560370032177,0.6035518765861644
8.529166666666667,87.21029134091131,58.78165102109891,15.229009121126783,2.269799222457755,0.6024584935926186
8.533333333333333,87.1878013265718,58.734761834629225,15.205134773304552,2.2657494943698495,0.6013670804852261
8.5375,87.16527882488467,58.68785922030468,15.18129170938168,2.2617068409491683,0.6002776337462967
8.541666666666666,87.14272381030247,58.64094325751663,15.15747990800782,2.2576712504246204,0.5991901498640798
8.545833333333334,87.12013625733145,58.59401402812158,15.13369934782737,2.253642711044355,0.5981046253327518
8.55,87.09751614053192,58.54707161435335,15.109950007482995,2.2496212110757665,0.5970210566524038
8.554166666666667,87.07486343451863,58.500116098538925,15.086231865619098,2.245606738805482,0.5959394403290287
8.558333333333334,87.05217811396133,58.45314756309833,15.062544900885383,2.2415992825393714,0.5948597728745094
8.5625,87.02946015358508,58.406166090544744,15.03888909194041,2.237598830602539,0.5937820508066058
8.566666666666668,87.0067095281707,58.359171763484355,15.015264417455176,2.233605371339325,0.5927062706489422
8.570833333333335,86.98392621255526,58.31216466461648,14.991670856116745,2.2296188890577517,0.5916324289309968
8.575000000000001,86.96111018163242,58.26514487673343,14.968108386043038,2.2256393616546646,0.5905605221880859
8.579166666666667,86.93826141035287,58.21811248272051,14.944576984123053,2.221666790669721,0.5894905469613542
8.583333333333334,86.91537987372487,58.171067565556065,14.92107662835134,2.2177011644771674,0.5884224997977614
8.5875,86.8924655468145,58.12401020831138,14.897607296737222,2.2137424714698404,0.5873563772500697
8.591666666666667,86.86951840474622,58.076940494150755,14.874168967233611,2.2097907000591785,0.586292175876832
8.595833333333333,86.84653842270325,58.02985850633138,14.850761617736019,2.205845838675211,0.5852298922423784
8.6,86.82352557592795,57.98276432820337,14.82738522608163,2.2019078757665604,0.5841695229168044
8.604166666666666,86.80047985174889,57.93565804320979,14.80403977004828,2.197976799800441,0.5831110644759586
8.608333333333334,86.77740121991992,57.888539734886535,14.78072522735346,2.1940525992626596,0.5820545135014298
8.6125,86.75428965155415,57.84140948686244,14.75744157565329,2.1901352626576145,0.5809998665805355
8.616666666666667,86.73114512225759,57.79426738285911,14.734188792541437,2.1862247785082904,0.5799471203063082
8.620833333333334,86.7079676077015,57.74711350669105,14.71096685554806,2.182321135356263,0.5788962712774839
8.625,86.6847570836228,57.69994794226553,14.68777574213872,2.178424321761695,0.5778473160984892
8.629166666666668,86.66151352582449,57.65277077358265,14.664615429925748,2.1745343263033337,0.5768002513794285
8.633333333333335,86.63823691017623,57.60558208473528,14.641485896760273,2.170651137578517,0.5757550737360734
8.637500000000001,86.6149272126148,57.558381959909056,14.618387120119742,2.1667747442031633,0.5747117797898482
8.641666666666667,86.59158440914449,57.51117048338234,14.595319077427604,2.1629051348117763,0.573670366167818
8.645833333333334,86.56820847583766,57.46394773952622,14.57228174606334,2.159042298057443,0.5726308295026766
8.65,86.54479938883523,57.41671381280451,14.549275103362605,2.155186222611832,0.5715931664327345
8.654166666666667,86.5213571243471,57.36946668743399,14.526299126617367,2.1513368971651947,0.5705573736019057
8.658333333333333,86.49788165865267,57.32221093597952,14.503353793076032,2.1474943104263615,0.5695234476596955
8.6625,86.47437296810129,57.27494421947264,14.480439079943553,2.143658451122741,0.5684913852611879
8.666666666666666,86.45083102911272,57.22766662466433,14.457554964381563,2.1398293080003223,0.5674611830670336
8.670833333333334,86.4272558181777,57.18037823828849,14.434701423508473,2.13600686982367,0.5664328377434367
8.675,86.40364731185832,57.13307914706185,14.411878434399602,2.132191125375929,0.5654063459621446
8.679166666666667,86.38000548678856,57.085769437683986,14.389085974087209,2.1283820634588166,0.5643817044004322
8.683333333333334,86.35633031967473,57.03844919683736,14.366324019525278,2.1245796728926267,0.5633589097410919
8.6875,86.33262178729599,56.991118511187246,14.34359254759958,2.120783942516226,0.5623379586724203
8.691666666666668,86.30887986650475,56.94377746738175,14.320891535199436,2.1169948611870546,0.5613188478882054
8.695833333333335,86.28510453422727,56.89642615205187,14.29822095917301,2.113212417781127,0.5603015740877164
8.700000000000001,86.26129576746405,56.84906465181133,14.275580796327308,2.109436601193026,0.5592861339756876
8.704166666666667,86.23745354329023,56.801693053256756,14.252971023428755,2.105667400335907,0.5582725242623089
8.708333333333334,86.21357783885631,56.754311442967506,14.230391617203686,2.1019048041414945,0.5572607416632123
8.7125,86.18966863138834,56.70691990750579,14.207842554338967,2.098148801560079,0.5562507828994593
8.716666666666667,86.16572589818864,56.659518533416644,14.185323811482577,2.094399381560525,0.5552426446975296
8.720833333333333,86.14174961663608,56.612107407227796,14.162835365244202,2.0906565331302587,0.5542363237893068
8.725,86.11773976418668,56.56468661544986,14.140377192195883,2.0869202452752735,0.5532318169120679
8.729166666666666,86.09369631837406,56.51725624457613,14.117949268872692,2.0831905070201295,0.552229124477889
8.733333333333334,86.06961925680989,56.46981638108275,14.095551571773404,2.07946730740795,0.5512282484113387
8.7375,86.0455085571844,56.42236711142859,14.073184077824141,2.0757506355004223,0.5502291772896902
8.741666666666667,86.02136419726682,56.37490852205532,14.050846762354158,2.072040480377797,0.5492319078897177
8.745833333333334,85.99718615490586,56.32744069938729,14.02853960242371,2.068336831138885,0.5482364369937905
8.75,85.9729743882228,56.27996372983165,14.006262574358832,2.064639676901059,0.5472427613898615
8.754166666666668,85.9487288837279,56.23247769977826,13.984015654449852,2.060949006800251,0.546250877871456
8.758333333333335,85.92444962725688,56.18498269559977,13.961798818951127,2.0572648099909556,0.5452607832376624
8.762500000000001,85.90013659677403,56.13747880365152,13.939612044080766,2.0535870756462216,0.5442724742931198
8.766666666666667,85.87578977031896,56.08996611027155,13.91745530602034,2.049915792957657,0.5432859478480079
8.770833333333334,85.85140912600701,56.04244470134036,13.895328580914631,2.0462509419149737,0.542301200718037
8.775,85.82699464202965,55.99491466203283,13.873231844871361,2.042592503700604,0.5413182297244354
8.779166666666667,85.80254629665481,55.94737607843566,13.851165073960924,2.0389404828380275,0.5403370316939415
8.783333333333333,85.77806406822735,55.89982903666311,13.829128244216099,2.0352948685264036,0.5393576034587901
8.7875,85.75354793516937,55.8522736228138,13.807121331631894,2.03165564998254,0.5383799418567038
8.791666666666666,85.72899787598061,55.80470992297067,13.785144312202204,2.0280228164408927,0.5374040437308807
8.795833333333334,85.70441386923885,55.757138023200994,13.763197161893762,2.024396357153563,0.5364299059299847
8.8,85.67979589360031,55.70955800955629,13.74127985661589,2.020776261390303,0.5354575253081354
8.804166666666667,85.6551439278,55.66196996807244,13.719392372242497,2.0171625184385054,0.5344868987248951
8.808333333333334,85.63045795065214,55.61437398476961,13.697534684611831,2.013555117603209,0.5335180230452602
8.8125,85.60573794105052,55.566770145652214,13.675706769526252,2.009954048207096,0.5325508951396494
8.816666666666668,85.58098387796885,55.51915853670899,13.653908602751999,2.006359299590491,0.5315855118838929
8.820833333333335,85.55619574046125,55.47153924391301,13.632140159997869,2.0027708611113626,0.530621870159223
8.825000000000001,85.53137350766256,55.42391235322154,13.610401416907003,1.9991887221453193,0.5296599668522618
8.829166666666667,85.50651715878871,55.37627795057616,13.58869234911847,1.9956128720856086,0.5286997988550108
8.833333333333334,85.48162667313713,55.328636121902775,13.567012932236622,1.9920433003431204,0.5277413630648408
8.8375,85.45670203008714,55.28098695311145,13.545363141830533,1.98847999634638,0.5267846563844802
8.841666666666667,85.43174320910039,55.23333053012457,13.523742953434404,1.9849229495415548,0.5258296757220058
8.845833333333333,85.40675018972107,55.185666943202904,13.502152342547918,1.9813721493924468,0.5248764179908306
8.85,85.38172295157648,55.137996281961556,13.480591284647284,1.9778275853804947,0.5239248801096934
8.854166666666666,85.35666147437733,55.09031863309338,13.459059755219643,1.974289247004773,0.5229750590026483
8.858333333333334,85.33156573791814,55.042634083278664,13.43755772968781,1.9707571237819903,0.5220269515990539
8.8625,85.30643572207762,54.99494271918508,13.416085183436092,1.9672312052464922,0.5210805548335632
8.866666666666667,85.281271406819,54.94724462746762,13.394642091815204,1.9637114809502543,0.5201358656461115
8.870833333333334,85.25607277219058,54.89953989476868,13.373228430142136,1.9601979404628866,0.5191928809819066
8.875,85.23083979832587,54.85182860771803,13.35184417370002,1.956690573371629,0.5182515977914182
8.879166666666668,85.20557246544416,54.80411085293281,13.330489297739756,1.9531893692813533,0.5173120130303661
8.883333333333335,85.18027075385093,54.75638671701748,13.309163777503343,1.949694317814564,0.5163741236597114
8.887500000000001,85.15493464393798,54.70865628656394,13.287867588192666,1.9462054086113905,0.5154379266456437
8.891666666666667,85.12956411618411,54.660919648151385,13.266600704971635,1.9427226313295929,0.5145034189595715
8.895833333333334,85.10415913204633,54.6131768883464,13.245363102972041,1.9392459756445612,0.5135705975781113
8.9,85.07871967963354,54.565428093702906,13.224154757293515,1.9357754312493078,0.5126394594830764
8.904166666666667,85.05324574781743,54.517673350762216,13.202975643003509,1.9323109878544762,0.5117100016614676
8.908333333333333,85.02773731722297,54.46991274605297,13.18182573891083,1.9288526351883335,0.5107822211054603
8.9125,85.00219436855747,54.42214636609113,13.160705010775692,1.9254003629967704,0.5098561148123957
8.916666666666666,84.97661688261083,54.374374298062776,13.13961343972945,1.9219541610433033,0.5089316797847687
8.920833333333334,84.95100484025588,54.32659663457561,13.118551000525855,1.9185140191090708,0.5080089130302181
8.925,84.92535822244864,54.27881346425001,13.097517667923055,1.9150799269928358,0.5070878115615158
8.929166666666667,84.89967701022863,54.23102487440838,13.076513416683575,1.9116518745109805,0.5061683723965552
8.933333333333334,84.87396118471918,54.183230952358464,13.05553822157431,1.908229851497511,0.5052505925583417
8.9375,84.84821072712765,54.135431785393315,13.034592057366526,1.9048138478040506,0.5043344690749808
8.941666666666668,84.82242561874584,54.08762746079137,13.01367489874086,1.9014038532998438,0.5034199989796677
8.945833333333335,84.79660584095016,54.039818065816306,12.992786720288182,1.8979998578717547,0.5025071793106782
8.950000000000001,84.77075137520205,53.99200368771715,12.971927496741909,1.8946018514242644,0.5015960071113549
8.954166666666667,84.74486220304819,53.94418441372828,12.951097202842051,1.8912098238794708,0.5006864794300991
8.958333333333334,84.71893830612075,53.89636033106936,12.930295813332716,1.8878237651770897,0.4997785933203591
8.9625,84.69297966613779,53.84853152694535,12.909523302962073,1.8844436652744507,0.49887234584061874
8.966666666666667,84.66698626490357,53.800698088546575,12.888779646482373,1.8810695141465015,0.4979677340543884
8.970833333333333,84.64095808430868,53.75286010304865,12.86806481864993,1.8777012882279545,0.4970647550301927
8.975,84.6148951063305,53.70501765761247,12.8473787942251,1.8743389762143565,0.4961634058415605
8.979166666666666,84.58879731303337,53.65717083938429,12.8267215479723,1.8709825808809997,0.4952636835670142
8.983333333333334,84.562664686569,53.60931973549563,12.806093054525864,1.8676320922022795,0.49436558529005836
8.9875,84.5364972091767,53.561464433063385,12.78549328751063,1.8642875001692416,0.49346910809917016
8.991666666666667,84.51029486318362,53.51360502095236,12.764922221226097,1.8609487947895784,0.49257424908778785
8.995833333333334,84.48405763100514,53.465741590953606,12.744379830187658,1.8576159660876297,0.4916810053542998
9.0,84.45778549514513,53.417874231019134,12.723866088914615,1.8542890041043818,0.4907893740020342
9.004166666666668,84.43147843819622,53.37000302888947,12.703380971930168,1.850967898897466,0.4898993521392483
9.008333333333335,84.40513644284009,53.322128072288976,12.682924453761435,1.8476526405411615,0.48901093687911834
9.012500000000001,84.37875949184782,53.27424944892576,12.662496508939416,1.8443432191263882,0.48812412533972727
9.016666666666667,84.35234756808009,53.22636724649167,12.642097111998993,1.8410396247607133,0.4872389146440552
9.020833333333334,84.32590065448757,53.17848155266239,12.621726237478933,1.837741847568342,0.4863553019199685
9.025,84.29941873411111,53.130592455097336,12.601383859921722,1.834449877690126,0.48547328430020864
9.029166666666667,84.27290179008214,53.082700041439715,12.581069953010381,1.8311637052835574,0.4845928589223825
9.033333333333333,84.24634980562293,53.03480439931647,12.560784490273608,1.8278833205227687,0.48371402292895027
9.0375,84.21976276404676,52.986905616338376,12.540527445962969,1.8246087135985314,0.48283677346721565
9.041666666666666,84.19314064796328,52.939003780099924,12.52029879433394,1.821339874718258,0.4819611076893146
9.045833333333334,84.16648344114647,52.89109897817941,12.500098509645866,1.818076794105998,0.48108702275220516
9.05,84.1397911275519,52.84319129813889,12.479926566162005,1.8148194620024414,0.48021451616797795
9.054166666666667,84.11306369085149,52.7952808275242,12.459782938149472,1.811567868664913,0.47934359051331504
9.058333333333334,84.08630111480949,52.74736765386495,12.43966759987925,1.8083220043673738,0.47847423752830803
9.0625,84.0595033832827,52.699451864685685,12.419580525626198,1.8050818594004234,0.4776064543979924
9.066666666666668,84.03267048022083,52.65153354976816,12.399521689669024,1.8018474240712925,0.4767402383123019
9.070833333333335,84.00580238966671,52.60361279867135,12.379491066023254,1.7986186887038513,0.47587558646605976
9.075000000000001,83.97889909575666,52.555689699380295,12.359488627729625,1.7953956436385994,0.47501249605896706
9.079166666666667,83.95196058272063,52.50776433986497,12.339514348679176,1.7921782792326706,0.4741509642955945
9.083333333333334,83.9249868348827,52.45983680808036,12.319568202885067,1.788966585859833,0.47329098838537137
9.0875,83.89797783666117,52.411907191966314,12.29965016436429,1.7857605539104826,0.47243256554257584
9.091666666666667,83.870933572569,52.36397557944774,12.279760207137693,1.7825601737916505,0.47157569298632634
9.095833333333333,83.84385402721398,52.316042058434405,12.259898305229948,1.7793654359269957,0.4707203679405696
9.1,83.81673918529908,52.26810671682111,12.240064432669548,1.7761763307568075,0.4698665876340724
9.104166666666666,83.78958903162271,52.22016964248757,12.220258563488809,1.7729928487380031,0.4690143493004108
9.108333333333334,83.76240355107903,52.17223092329842,12.200480671723858,1.769814980344129,0.46816365017796036
9.1125,83.73518272865822,52.124290647103365,12.18073073139468,1.7666427160653606,0.46731448750988713
9.116666666666667,83.70792654944678,52.07634890173698,12.161008715615177,1.7634760464084978,0.4664668585441368
9.120833333333334,83.68063499862777,52.02840577501884,12.141314597737383,1.760314961896968,0.4656207605334246
9.125,83.65330806148118,51.980461354778264,12.121648351552365,1.757159453070823,0.46477619073522647
9.129166666666668,83.62594572338415,51.93251572993564,12.102009950854963,1.7540095104867406,0.463933146411768
9.133333333333335,83.59854796981125,51.88456898904218,12.082399369443817,1.7508651247180238,0.4630916248300164
9.137500000000001,83.57111478633485,51.836621220084325,12.062816581121309,1.747726286354598,0.462251623261668
9.141666666666667,83.54364615862526,51.78867251103397,12.043261559693606,1.744592986003011,0.46141313898314046
9.145833333333334,83.51614207245122,51.74072294984845,12.023734278970617,1.7414652142864333,0.46057616927556183
9.15,83.48860251367992,51.69277262447049,12.004234712766,1.738342961844657,0.4597407114247609
9.154166666666667,83.46102746827759,51.64482162282833,11.984762834897172,1.7352262193340968,0.45890676272125835
9.158333333333333,83.4334169223095,51.59687003283558,11.965318618698003,1.7321149774277858,0.45807432046025487
9.1625,83.40577086194047,51.54891794239133,11.945902037070796,1.7290092268153774,0.4572433819416227
9.166666666666666,83.37808927343498,51.50096543938009,11.926513063598518,1.7259089582031428,0.4564139444698953
9.170833333333334,83.35037214315757,51.45301261167178,11.907151671877774,1.722814183493239,0.4555860053542576
9.175,83.32261945757313,51.40505954712188,11.887817835508905,1.7197248195114798,0.45475956190853645
9.179166666666667,83.29483120324706,51.35710633357121,11.868511528095967,1.7166409080085159,0.45393461145118963
9.183333333333334,83.26700736684573,51.30915305884608,11.84923272324672,1.7135624396682352,0.4531111513052972
9.1875,83.2391479437369,51.26119981078706,11.82998139457263,1.7104894051910913,0.452289178798551
9.191666666666668,83.21125291816065,51.2132466777798,11.810757515688863,1.7074217952940827,0.45146869126324474
9.195833333333335,83.18332227278857,51.165293747917005,11.791561060214287,1.7043596007107344,0.45064968603626454
9.200000000000001,83.1553559947908,51.11734110906914,11.772392001582428,1.7013028121910758,0.44983216045907826
9.204166666666667,83.12735407144278,51.06938884909146,11.753250312468655,1.6982514205016217,0.4490161118777266
9.208333333333334,83.09931649012576,51.02143705582412,11.73413596618679,1.6952054164253514,0.44820153764281256
9.2125,83.07124323832696,50.973485817092104,11.715048936153845,1.6921647907616904,0.4473884351094913
9.216666666666667,83.04313430363999,50.92553522070521,11.695989195790517,1.6891295343264903,0.4465768016374619
9.220833333333333,83.01498967376509,50.87758535445814,11.676956718521158,1.6860996379520068,0.4457666345909549
9.225,82.98680933650957,50.829636306130425,11.65795147777378,1.683075092486881,0.44495793133872463
9.229166666666666,82.95859327978802,50.781688163486415,11.638973446980046,1.680055888796119,0.444150689254038
9.233333333333334,82.93034149162273,50.73374101427538,11.620022599575266,1.6770420177610723,0.4433449057146653
9.2375,82.90205396014395,50.68579494623143,11.601098908998402,1.6740334702794184,0.44254057810287056
9.241666666666667,82.87373067359025,50.63785004707354,11.58220234057795,1.6710302372651396,0.44173770380540056
9.245833333333334,82.84537162030884,50.58990640450555,11.563332885907595,1.6680323096485028,0.4409362802134758
9.25,82.8169767887559,50.541964106198414,11.544490506353583,1.6650396783760413,0.44013630472278087
9.254166666666668,82.78854616749683,50.49402323961747,11.525675175335474,1.6620523344105316,0.43933777473345326
9.258333333333335,82.76007974520677,50.446083892333036,11.506886866257293,1.6590702687309782,0.43854068765007553
9.262500000000001,82.73157751067069,50.39814615195266,11.48812555250748,1.6560934723325889,0.4377450408816634
9.266666666666667,82.70303945278383,50.35021010606876,11.469391207458926,1.6531219362267573,0.4369508318416571
9.270833333333334,82.67446556055205,50.30227584225856,11.450683804468941,1.6501556514410431,0.43615805794791085
9.275,82.64585582309213,50.25434344808423,11.432003316879264,1.6471946090191487,0.4353667166226833
9.279166666666667,82.61721022963204,50.206413011092764,11.413349718016063,1.644238800020906,0.4345768052926282
9.283333333333333,82.58852876951137,50.158484618816054,11.394722981189908,1.6412882155222488,0.43378832138878337
9.2875,82.55981143218153,50.11055835877086,11.37612307920365,1.6383428466151977,0.43300126234656117
9.291666666666666,82.53105820720617,50.062634318458834,11.35754998473536,1.6354026844078378,0.43221562560573945
9.295833333333334,82.50226908426148,50.014712585366496,11.339003670967704,1.6324677200242999,0.43143140861045043
9.3,82.47344405313649,49.96679324696529,11.320484111066182,1.6295379446047416,0.43064860880917233
9.304166666666667,82.44458310373344,49.91887639071155,11.301991278178685,1.626613349305325,0.4298672236547175
9.308333333333334,82.41568622606802,49.870962104046505,11.283525145435506,1.6236939252981968,0.4290872506042245
9.3125,82.3867534102698,49.823050474210035,11.265085685949344,1.6207796637714704,0.42830868711914705
9.316666666666668,82.35778464658247,49.7751415872202,11.246672872815273,1.6178705559292035,0.4275315306652443
9.320833333333335,82.32877992536423,49.727235530038136,11.228286679110779,1.6149665929913821,0.4267557787125718
9.325000000000001,82.29973923708803,49.679332389861706,11.2099270778957,1.6120677661938956,0.4259814287354701
9.329166666666667,82.27066257234199,49.63143225387397,11.191594042212271,1.6091740667885186,0.42520847821255636
9.333333333333334,82.2415499276498,49.583535209243166,11.173287545085087,1.6062854860428928,0.4244369246267134
9.3375,82.21240129220621,49.535641343122755,11.155007559521096,1.6034020152405057,0.4236667654650804
9.341666666666667,82.18321665376375,49.487750742651414,11.13675405850964,1.6005236456806702,0.4228979982190433
9.345833333333333,82.15399600342617,49.43986349495301,11.118527015022384,1.5976503686785055,0.4221306203842241
9.35,82.12473933241536,49.39197968713663,11.100326402013359,1.5947821755649159,0.4213646294604712
9.354166666666666,82.09544663207176,49.3440994062966,11.08215219241893,1.5919190576865725,0.42060002295185017
9.358333333333334,82.06611789385462,49.29622273951241,11.064004359157806,1.5890610064058908,0.419836798366633
9.3625,82.03675310934247,49.24834977384888,11.045882875131042,1.5862080131010154,0.4190749532172894
9.366666666666667,82.0073522702333,49.200480596355995,11.027787713222004,1.5833600691657952,0.41831448502047525
9.370833333333334,81.977915368345,49.15261529406902,11.009718846296389,1.5805171451046967,0.4175553912970241
9.375,81.94844239561567,49.10475395400844,10.991676247202212,1.577679245701687,0.41679767445782623
9.379166666666668,81.918933344104,49.056896663179984,10.973659888769802,1.5748463680098124,0.41604132855379533
9.383333333333335,81.88938820598955,49.009043508574706,10.9556697438118,1.5720185034188212,0.4152863500430329
9.387500000000001,81.85980697357309,48.96119457716885,10.93770578512315,1.5691956433328154,0.414532736471886
9.391666666666667,81.83018963927697,48.91334995512672,10.919767985481084,1.566377779170223,0.4137804853909597
9.395833333333334,81.8005361956455,48.86550972613029,10.90185631764514,1.563564902363768,0.4130295943551074
9.4,81.77084663534518,48.81767397638417,10.883970754357133,1.560757004360439,0.41228006092342173
9.404166666666667,81.74112095116513,48.769842792373204,10.866111268341175,1.5579540766214628,0.4115318826592264
9.408333333333333,81.71135913601738,48.7220162605677,10.848277832303642,1.5551561106222673,0.4107850571300657
9.4125,81.68156118293723,48.67419446742341,10.83047041893319,1.5523630978524579,0.41003958190769596
9.416666666666666,81.65172708508359,48.62637749938164,10.812689000900736,1.549575029815784,0.40929545456807753
9.420833333333334,81.62185683573928,48.578565442869056,10.794933550859465,1.5467918980301092,0.408552672691364
9.425,81.59195042831145,48.530758384297926,10.777204041444822,1.5440136940273839,0.40781123386189505
9.429166666666667,81.56200785633183,48.48295641006598,10.759500445274494,1.5412404093536105,0.40707113566818565
9.433333333333334,81.5320291134571,48.43515960655641,10.741822734948428,1.538472035568817,0.40633237570291786
9.4375,81.50201419346926,48.38736806013796,10.724170883048798,1.5357085642470256,0.405594951562932
9.441666666666668,81.4719630902759,48.339581857164845,10.706544862140023,1.532949986976221,0.40485886084921685
9.445833333333335,81.44187579791061,48.291801083976864,10.68894464476876,1.5301962953583255,0.4041241011669017
9.450000000000001,81.41175231053327,48.24402582689928,10.671370204348726,1.5274474810091614,0.4033906701252458
9.454166666666667,81.3815926224304,48.19625617224293,10.653821515575492,1.524703535558427,0.40265856533763106
9.458333333333334,81.35139672801553,48.14849220630418,10.636298551259834,1.5219644506496637,0.40192778442155136
9.4625,81.3211646218294,48.10073401536491,10.618801284117955,1.519230217940225,0.40119832499860414
9.466666666666667,81.29089629854055,48.052981685692615,10.601329686854072,1.516500829101251,0.4004701846944827
9.470833333333333,81.26059175294537,48.00523530162923,10.58388373216038,1.5137762758176334,0.39974336113896447
9.475,81.2302509799687,47.95749494481173,10.566463392717072,1.5110565497879858,0.399017851965904
9.479166666666666,81.19987397466392,47.90976070065985,10.549068641192315,1.5083416427246163,0.39829365481322343
9.483333333333334,81.16946073221347,47.86203265473048,10.531699450242256,1.5056315463534953,0.3975707673229029
9.4875,81.13901124792913,47.81431089256616,10.514355792511026,1.5029262524142286,0.3968491871409724
9.491666666666667,81.10852551725233,47.7665954996951,10.497037640630708,1.5002257526600213,0.39612891191750194
9.495833333333334,81.07800353575452,47.718886561631166,10.479744967221352,1.4975300388576533,0.3954099393065931
9.5,81.04744529797624,47.67118416387394,10.46247774489096,1.4948391027874461,0.3946922669663692
9.504166666666668,81.01685080023316,47.623488391908666,10.445235946235483,1.4921529362432344,0.39397589255896714
9.508333333333335,80.9862200389814,47.575799331206284,10.428019543838825,1.4894715310323356,0.393260813750528
9.512500000000001,80.95555301030632,47.52811706722348,10.410828510272825,1.4867948789755188,0.39254702821118803
9.516666666666667,80.92484971042465,47.480441685402596,10.393662818097253,1.4841229719069757,0.3918345336150689
9.520833333333334,80.89411013568491,47.43277327117173,10.376522439859809,1.4814558016742896,0.39112332764026975
9.525,80.86333428256768,47.3851119099447,10.35940734809611,1.4787933601384058,0.3904134079688578
9.529166666666667,80.83252214768596,47.33745768712106,10.342317515329706,1.476135639173604,0.38970477228685924
9.533333333333333,80.80167372778553,47.289810688086106,10.325252914072047,1.473482630667463,0.38899741828424966
9.5375,80.7707890197452,47.242170998210874,10.30821351682249,1.4708343265208348,0.3882913436549456
9.541666666666666,80.7398680205772,47.19453870285217,10.291199296068301,1.468190718647812,0.3875865460967959
9.545833333333334,80.70891072742751,47.14691388735256,10.274210224284626,1.4655517989756999,0.38688302331157126
9.55,80.67791713757619,47.09929643537728,10.257246273934523,1.4629175594449866,0.386180773004957
9.554166666666667,80.64688724843771,47.05168686350401,10.24030741746892,1.4602879920093093,0.3854797928865426
9.558333333333334,80.61582105756123,47.004085010927824,10.223393627326628,1.457663088635429,0.38478008066981295
9.5625,80.58471856263101,46.95649096282447,10.206504875934334,1.4550428413031957,0.3840816340721398
9.566666666666668,80.5535797614667,46.90890480430932,10.189641135706584,1.4524272420055226,0.3833844508147722
9.570833333333335,80.52240465202368,46.861326620437374,10.172802379045812,1.4498162827483545,0.3826885286228281
9.575000000000001,80.4911932323934,46.813756496203304,10.155988578342287,1.447209955550636,0.3819938652252845
9.579166666666667,80.45994550080361,46.76619451654137,10.139199705974137,1.4446082524442838,0.3813004583549687
9.583333333333334,80.4286614556189,46.718640766325564,10.12243573430734,1.4420111654741556,0.3806083057485496
9.5875,80.3973410953408,46.671095330369596,10.105696635695717,1.439418686698019,0.379917405146528
9.591666666666667,80.36598441860832,46.62355829342692,10.08898238248092,1.436830808186526,0.37922775429322864
9.595833333333333,80.33459142419808,46.57602974019067,10.072292946992443,1.4342475220231752,0.37853935093678986
9.6,80.30316211102478,46.52850975529383,10.055628301547593,1.4316688203042893,0.3778521928291553
9.604166666666666,80.27169647814148,46.480998423309146,10.038988418451506,1.4290946951389805,0.37716627772606487
9.608333333333334,80.24019452473993,46.43349582874915,10.022373269997125,1.4265251386491211,0.37648160338704517
9.6125,80.2086562501509,46.386002056066275,10.005782829115372,1.4239601429693176,0.3757981675754015
9.616666666666667,80.17708165384454,46.33851718965277,9.989217071348683,1.421399699829173,0.3751159680582076
9.620833333333334,80.14547073543065,46.29104131384075,9.972675969684298,1.4188437941518746,0.3744350026062973
9.625,80.11382349465903,46.24357451286167,9.956159496700435,1.4162924252022349,0.3737552689942554
9.629166666666668,80.08213993141986,46.196116865636824,9.93966762497119,1.4137455851458514,0.37307676500040815
9.633333333333335,80.05042004574395,46.1486684520068,9.923200327066528,1.411203266160532,0.3723994884068156
9.637500000000001,80.01866383780313,46.10122935516719,9.90675757555228,1.4086654604362598,0.3717234369992606
9.641666666666667,79.98687130791056,46.05379965822588,9.890339342990123,1.4061321601751613,0.37104860856724114
9.645833333333334,79.955042456521,46.00637944420303,9.87394560193759,1.4036033575914737,0.37037500090396097
9.65,79.92317728423123,45.958968796031094,9.857576324948058,1.4010790449115103,0.36970261180632014
9.654166666666667,79.89127579178039,45.911567796554955,9.841231484570754,1.3985592143736307,0.3690314390749067
9.658333333333333,79.85933798005011,45.864176528531836,9.82491105335073,1.3960438582282038,0.3683614805139872
9.6625,79.82736385006515,45.816795074631344,9.808615003828862,1.3935329687375761,0.36769273393149765
9.666666666666666,79.79535339729881,45.76942351743557,9.792343308541856,1.3910265381760412,0.3670251971390345
9.670833333333334,79.76330662609352,45.722061939439065,9.776095940022229,1.3885245588298003,0.3663588679518453
9.675,79.73122353972832,45.67471042304889,9.759872870798326,1.386027022996939,0.36569374418882095
9.679166666666667,79.69910413976002,45.62736905058465,9.743674073394274,1.3835339229873833,0.36502982367248493
9.683333333333334,79.66694842788895,45.58003790427848,9.727499520330014,1.3810452511228746,0.3643671042289853
9.6875,79.63475640595908,45.53271706627515,9.71134918412128,1.378560999736933,0.3637055836880852
9.691666666666668,79.60252807595847,45.485406618632005,9.695223037279591,1.3760811611748243,0.3630452598831542
9.695833333333335,79.57026344001949,45.43810664331913,9.679121052312254,1.3736057277935292,0.36238613571071027
9.700000000000001,79.5379625004192,45.39081722221923,9.663043201722358,1.3711346919617082,0.36172820811058204
9.704166666666667,79.50562525957963,45.343538437127734,9.646989458008749,1.3686680460596676,0.36107147120896255
9.708333333333334,79.47325172006808,45.29627036975284,9.63095979366605,1.3662057824793292,0.3604159228642093
9.7125,79.44084188459746,45.24901310171552,9.614954181184642,1.3637478936241951,0.3597615609383806
9.716666666666667,79.40839575602658,45.20176671454956,9.598972593050666,1.3612943719093167,0.35910838329722783
9.720833333333333,79.37591333736046,45.15453128970158,9.583015001746013,1.3588452097612593,0.3584563878101865
9.725,79.3433946317507,45.107306908531086,9.567081379748304,1.3564003996180696,0.3578055723503683
9.729166666666666,79.31083964249565,45.06009365231044,9.551171699530917,1.3539599339292445,0.35715593479455293
9.733333333333334,79.27824837304092,45.01289160222499,9.53528593356295,1.3515238051556946,0.3565074730231794
9.7375,79.24562082697952,44.96570083937305,9.519424054309239,1.3490920057697167,0.355860184920339
9.741666666666667,79.21295700805221,44.918521444765894,9.503586034230334,1.3466645282549536,0.35521406837376557
9.745833333333334,79.18025692014797,44.871353499327846,9.487771845782504,1.344241365106367,0.354569121274828
9.75,79.14752056730401,44.82419708389628,9.471981461417732,1.3418225088302018,0.35392534151852223
9.754166666666668,79.11474795370633,44.77705227892766,9.456214853583694,1.3394079519439517,0.35328272700346214
9.758333333333335,79.08193908368997,44.72991916358706,9.440471994723785,1.3369976869763307,0.35264127563187275
9.762500000000001,79.04909396173926,44.68279781807916,9.424752857277083,1.3345917064672357,0.3520009853095804
9.766666666666667,79.01621259248816,44.635688322698094,9.409057413678354,1.3321900029677147,0.3513618539460056
9.770833333333334,78.98329498072063,44.58859075764523,9.39338563635805,1.3297925690399348,0.3507238794541541
9.775,78.95034113137083,44.54150520302919,9.377737497907772,1.3273993972571472,0.3500870597506091
9.779166666666667,78.91735104952352,44.494431738865984,9.3621129728009,1.3250104802036577,0.3494513927555231
9.783333333333333,78.88432474041436,44.447370445078874,9.346512034233749,1.3226258104747892,0.34881687639260944
9.7875,78.85126220943015,44.40032140149853,9.330934654836614,1.320245380676852,0.3481835085891336
9.791666666666666,78.8181634621092,44.353284687863024,9.315380807240723,1.3178691834271086,0.3475512872759059
9.795833333333334,78.78502850414164,44.30626038381785,9.299850464078245,1.3154972113537418,0.34692021038727244
9.8,78.75185734136973,44.25924856891602,9.284343597982282,1.3131294570958232,0.3462902758611078
9.804166666666667,78.7186499797881,44.21224932261802,9.268860181586852,1.3107659133032759,0.3456614816388057
9.808333333333334,78.68540642554419,44.165262724291864,9.253400187526898,1.3084065726368466,0.34503382566527147
9.8125,78.6521266849384,44.11828885321317,9.237963588438273,1.3060514277680675,0.34440730588891366
9.816666666666668,78.61881076442452,44.071327788565114,9.222550356957736,1.303700471379227,0.34378192026163545
9.820833333333335,78.58545867061005,44.02437960943857,9.207160465722964,1.3013536961633365,0.3431576667388275
9.825000000000001,78.55207041025636,43.97744439483204,9.191793887372514,1.2990110948240952,0.3425345432793583
9.829166666666667,78.51864599027914,43.93052222365176,9.176450594545836,1.2966726600758578,0.3419125478455668
9.833333333333334,78.48518541105422,43.883613174711655,9.161130559883278,1.294338384643603,0.3412916784032538
9.8375,78.45168868403789,43.83671732673347,9.145833756026047,1.2920082612628982,0.34067193292167414
9.841666666666667,78.41815581815563,43.78983475834676,9.13056015561625,1.2896822826798695,0.3400533093735282
9.845833333333333,78.38458682089639,43.74296554808889,9.115309731296847,1.2873604416511653,0.3394358057349536
9.85,78.35098169990377,43.696109774405095,9.100082455711664,1.285042730943925,0.3388194199855169
9.854166666666666,78.31734046297606,43.64926751564854,9.084878301505391,1.2827291433357466,0.33820415010820565
9.858333333333334,78.28366311806673,43.6024388500803,9.069697241323558,1.2804196716146516,0.33758999408941975
9.8625,78.2499496732846,43.55562385586947,9.054539247812558,1.278114308579056,0.33697694991896415
9.866666666666667,78.21620013689422,43.5088226110931,9.03940429361962,1.275813053050256,0.3363650155900393
9.870833333333334,78.18241451731605,43.4620351937363,9.024292351392807,1.2735159050774982,0.3357541890992336
9.875,78.14859282312688,43.415261681692265,9.009203393781009,1.2712228455763162,0.3351444684465155
9.879166666666668,78.11473506306,43.368502152762,8.994137393433949,1.2689338674325363,0.3345358516352243
9.883333333333335,78.08084124600562,43.32175668331147,8.979094323002167,1.2666489635430858,0.33392833667206323
9.887500000000001,78.04691138101101,43.27502534951701,8.96407415513702,1.2643681268159583,0.33332192156709
9.891666666666667,78.01294547728098,43.22830822864307,8.949076862490667,1.2620913501701954,0.33271660433370903
9.895833333333334,77.97894354417794,43.18160539785409,8.93410241771608,1.2598186265358566,0.33211238298866347
9.9,77.94490559122237,43.13491693421459,8.919150793467018,1.2575499488539938,0.3315092555520265
9.904166666666667,77.91083162809306,43.088242914689154,8.904221962398044,1.2552853100766292,0.3309072200471937
9.908333333333333,77.87672166462741,43.041583416142494,8.8893158971645,1.253024703166723,0.3303062745008741
9.9125,77.84257571082162,42.99493851533945,8.874432570422519,1.2507681210981536,0.3297064169430825
9.916666666666666,77.80839377683118,42.94830828894504,8.859571954829,1.2485155568556874,0.3291076454071307
9.920833333333334,77.77417587297091,42.90169281352447,8.844734023041614,1.2462670034349554,0.32850995792961996
9.925,77.73992200971551,42.855092165543226,8.829918747718809,1.2440224538424278,0.32791335255043247
9.929166666666667,77.70563219769963,42.80850642136703,8.815126101519786,1.2417819010953854,0.32731782731272274
9.933333333333334,77.6713064477183,42.761935657261866,8.800356057104498,1.2395453382218964,0.32672338026290987
9.9375,77.63694477072714,42.715379949394084,8.7856084969947,1.237312758260789,0.326130009450669
9.941666666666668,77.60254717784268,42.66883937383039,8.77088358666792,1.2350841542616253,0.32553771292892314
9.945833333333335,77.5681136803427,42.622314006537856,8.756181197615504,1.2328595192846792,0.3249464887538354
9.950000000000001,77.53364428966643,42.575803923384,8.741501302774587,1.2306388464009044,0.3243563349848
9.954166666666667,77.4991390174148,42.52930920013676,8.726843875083276,1.2284221286919128,0.32376724968443465
9.958333333333334,77.46459787535096,42.48282991246457,8.712208887480752,1.2262093592499488,0.3231792309185716
9.9625,77.43002087540027,42.43636613593635,8.6975963129074,1.2240005311778592,0.32259227675625024
9.966666666666667,77.39540802965085,42.38991794602162,8.683006124304908,1.2217956375890748,0.32200638526970876
9.970833333333333,77.36075935035363,42.34348541809039,8.668438294616386,1.2195946716075765,0.321421554534375
9.975,77.32607484992286,42.29706862741333,8.653892796786474,1.2173976263678752,0.3208377826288595
9.979166666666666,77.29135454093624,42.25066764916172,8.639369603761468,1.2152044950149832,0.32025506763494616
9.983333333333334,77.25659843613526,42.20428255840751,8.624868688489414,1.2130152707043877,0.3196734076375845
9.9875,77.22180654842552,42.157913430123344,8.610390023920253,1.2108299466020296,0.3190928007248821
9.991666666666667,77.18697889087699,42.11156033918262,8.5959335830059,1.2086485158842717,0.318513244988095
9.995833333333334,77.15211547672423,42.06522336035942,8.581499338700374,1.2064709717378768,0.3179347385216204
10.0,77.11721631039403,42.018902568328684,8.56708726395991,1.2042973073599799,0.3173572794229881
10.004166666666668,77.08228141190001,41.972598037666124,8.552697331743076,1.2021275159580629,0.31678086579285225
10.008333333333335,77.04731079634671,41.926309842312044,8.538329515010888,1.1999615907499313,0.3162054957349837
10.012500000000001,77.01230447757162,41.88003805288844,8.523983786726907,1.1977995249636832,0.31563116735626084
10.016666666666667,76.97726246957673,41.83378274255448,8.509660119857374,1.1956413118376874,0.315057878766662
10.020833333333334,76.94218478652873,41.787543984997136,8.495358487371304,1.1934869446205574,0.31448562807925706
10.025,76.90707144275933,41.741321853789216,8.481078862240619,1.1913364165711227,0.3139144134101988
10.029166666666667,76.87192245276556,41.69511642238947,8.466821217440252,1.1891897209584072,0.31334423287871593
10.033333333333333,76.83673783120992,41.64892776414252,8.452585525948251,1.1870468510615997,0.31277508460710324
10.0375,76.80151759292075,41.602755952279,8.43837176074591,1.18490780017003,0.31220696672071435
10.041666666666666,76.76626175289243,41.55660105991549,8.42417989481787,1.1827725615831428,0.31163987734795334
10.045833333333334,76.73097032628574,41.510463160054606,8.410009901152238,1.18064112861047,0.3110738146202662
10.05,76.69564332842799,41.464342325585086,8.395861752740705,1.1785134945716103,0.31050877667213345
10.054166666666667,76.66028077481346,41.41823862928168,8.381735422578648,1.1763896527961957,0.3099447690428032
10.058333333333334,76.62488268110346,41.3721521438053,8.36763088366525,1.1742695966238719,0.3093817880105197
10.0625,76.58944906312676,41.326082941703014,8.353548109003613,1.172153319404269,0.3088198267979378
10.066666666666668,76.55397993687978,41.28003109540805,8.33948707160087,1.1700408144969776,0.30825888356653425
10.070833333333335,76.51847531852691,41.233996677239915,8.32544774446831,1.1679320752715228,0.3076989564809755
10.075000000000001,76.4829352244007,41.18797975940434,8.31143010062147,1.1658270951073375,0.30714004370910897
10.079166666666667,76.44735967100219,41.14198041399332,8.29743411308026,1.1637258673937358,0.306582143421957
10.083333333333334,76.4117486750011,41.09599871298524,8.283459754869089,1.1616283855298903,0.30602525379370965
10.0875,76.37610225323625,41.05003472824476,8.269506999016949,1.1595346429248021,0.30546937300171717
10.091666666666667,76.34042042271561,41.00408853152298,8.25557581855756,1.1574446329972798,0.3049144992264837
10.095833333333333,76.30470320061676,40.95816019445742,8.241666186529466,1.1553583491759098,0.30436063065165925
10.1,76.268950604287,40.91224978857203,8.227778075976143,1.1532757848990316,0.30380776546403293
10.104166666666666,76.23316265124373,40.86635738527725,8.21391146092964,1.1511969336147125,0.30325590185352597
10.108333333333334,76.19733935917466,40.82048305587005,8.20006631580865,1.149121788780722,0.3027050380131845
10.1125,76.16148074593812,40.77462687153396,8.186242613823387,1.1470503438645052,0.3021551721391729
10.116666666666667,76.12558682956319,40.728788903339094,8.172440328188346,1.144982605930763,0.3016063024307658
10.120833333333334,76.08965762825015,40.68296922224216,8.158659432127639,1.1429185652079517,0.30105842709034175
10.125,76.05369316037066,40.63716789908652,8.144899898875122,1.1408582064986375,0.30051154432337557
10.129166666666668,76.01769344446794,40.59138500460226,8.13116170167457,1.1388015233653037,0.2999656523384315
10.133333333333335,75.9816584992572,40.54562060940615,8.117444813779843,1.1367485093810445,0.2994207493471565
10.137500000000001,75.94558834362576,40.49987478208973,8.103749208455016,1.1346991581295458,0.2988768335642723
10.141666666666667,75.90948299663343,40.454147590301545,8.090074858974567,1.1326534632050684,0.298333903207569
10.145833333333334,75.87334247751264,40.40843910387255,8.076421738623523,1.1306114182124338,0.29779195649789736
10.15,75.83716680566882,40.36274939251684,8.06278982069761,1.128573016767002,0.2972509916591625
10.154166666666667,75.80095600068064,40.31707852582197,8.049179078503442,1.1265382524946612,0.29671100691831603
10.158333333333333,75.76471008230023,40.27142657324896,8.035589485358646,1.1245071190318041,0.29617200050534936
10.1625,75.72842907045343,40.225793604132384,8.022021014592031,1.1224796100253145,0.29563397065328634
10.166666666666666,75.69211297039088,40.18017968768039,8.008473639543762,1.1204557191325493,0.2950969155981766
10.170833333333334,75.65576181418726,40.134584892974736,7.994947333565496,1.1184354400213208,0.29456083357908747
10.175,75.61937562355482,40.089009288970914,7.981442070020561,1.1164187663698821,0.2940257228380985
10.179166666666667,75.58295441902617,40.04345294449806,7.967957822284101,1.1144056918669065,0.29349158162029276
10.183333333333334,75.54649822130646,39.99791592825907,7.95449456374324,1.1123962102114728,0.29295840817375035
10.1875,75.51000705127365,39.95239830883068,7.941052267797237,1.1103903151130472,0.29242620074954173
10.191666666666668,75.47348092997863,39.90690015466342,7.927630907857648,1.1083880002914663,0.29189495760171974
10.195833333333335,75.43691987864565,39.86142153408176,7.914230457348495,1.1063892594769216,0.2913646769873136
10.200000000000001,75.40032391867236,39.81596251528407,7.900850889706403,1.1043940864099393,0.2908353571663205
10.204166666666667,75.36369307163017,39.77052316634268,7.887492178380771,1.1024024748413663,0.2903069964016995
10.208333333333334,75.32702735926435,39.72510355520395,7.874154296833937,1.100414418532351,0.2897795929593641
10.2125,75.29032680349438,39.6797037496883,7.860837218541312,1.0984299112543272,0.289253145108175
10.216666666666667,75.25359142641419,39.63432381749028,7.847540916991583,1.096448946788998,0.2887276511199335
10.220833333333333,75.21682125029228,39.58896382617854,7.834265365686824,1.0944715189283158,0.2882031092693734
10.225,75.18001629757207,39.54362384319596,7.821010538142681,1.0924976214744677,0.28767951783415524
10.229166666666666,75.14317659087199,39.49830393585961,7.807776407888527,1.0905272482398585,0.2871568750948577
10.233333333333334,75.10630215298585,39.45300417136088,7.794562948467612,1.0885603930470915,0.28663517933497196
10.2375,75.06939300688303,39.407724616765485,7.781370133437246,1.0865970497289545,0.28611442884089355
10.241666666666667,75.03244917570868,39.36246533901346,7.768197936368924,1.0846372121283994,0.2855946219019157
10.245833333333334,74.99547068278393,39.31722640491928,7.755046330848507,1.0826808740985272,0.2850757568102223
10.25,74.9584575516062,39.27200788117187,7.74191529047637,1.0807280295025714,0.2845578318608804
10.254166666666668,74.9214098058494,39.22680983433462,7.7288047888675715,1.0787786722138784,0.2840408453518332
10.258333333333335,74.88432746936408,39.1816323308455,7.715714799652007,1.0768327961158939,0.28352479558389376
10.262500000000001,74.84721056617781,39.13647543663232,7.702645296474564,1.0748903951021425,0.2830096808607367
10.266666666666667,74.81005912049524,39.09133921404951,7.6895962529952815,1.0729514630762125,0.28249549948889163
10.270833333333334,74.77287315669847,39.046223727859925,7.6765676428895135,1.071015993951739,0.28198224977773634
10.275,74.73565269934723,39.00112904359757,7.663559439848081,1.0690839816523852,0.2814699300394891
10.279166666666667,74.69839777317907,38.95605522666138,7.650571617577445,1.0671554201118274,0.2809585385892022
10.283333333333333,74.66110840310965,38.91100234231517,7.637604149799842,1.0652303032737371,0.2804480737447543
10.2875,74.62378461423292,38.8659704556878,7.624657010253467,1.063308625091763,0.27993853382684347
10.291666666666666,74.58642643182142,38.82095963177314,7.611730172692612,1.061390379529515,0.27942991715898047
10.295833333333334,74.54903388132638,38.77596993543013,7.598823610887832,1.0594755605605461,0.27892222206748085
10.3,74.5116069883781,38.73100143138288,7.585937298626118,1.0575641621683387,0.2784154468814589
10.304166666666667,74.47414577878607,38.68605418422061,7.573071209711029,1.0556561783462821,0.27790958993281967
10.308333333333334,74.43665027853926,38.64112825839779,7.560225317962871,1.0537516030976593,0.2774046495562522
10.3125,74.39912051380631,38.596223718234135,7.547399597218848,1.0518504304356293,0.27690062408922245
10.316666666666668,74.36155651093573,38.551340627914655,7.534594021333215,1.0499526543832092,0.276397511871966
10.320833333333335,74.32395829645631,38.50647905148975,7.521808564177464,1.0480582689732583,0.27589531124748146
10.325000000000001,74.28632589707703,38.461639052875135,7.509043199640433,1.0461672682484597,0.2753940205615227
10.329166666666667,74.24865933968758,38.416820695852024,7.49629790162852,1.044279646261304,0.27489363816259205
10.333333333333334,74.21095862876429,38.372024044067096,7.483572644065795,1.0423953970740722,0.2743941624019335
10.3375,74.17322381103125,38.32724916103254,7.470867400894189,1.0405145147588188,0.2738955916335248
10.341666666666667,74.13545491448474,38.28249611012613,7.45818214607365,1.0386369933973552,0.2733979242140714
10.345833333333333,74.097651966609,38.23776495459126,7.4455168536100125,1.0367628270812306,0.27290115850299856
10.35,74.05981499506646,38.19305575753695,7.432871497540597,1.0348920099117176,0.27240529286244447
10.354166666666666,74.02194402769787,38.14836858193796,7.4202460518951,1.0330245359997927,0.2719103256572532
10.358333333333334,73.98403909252244,38.10370349063474,7.407640490723074,1.0311603994661211,0.2714162552549676
10.3625,73.94610021773816,38.05906054633361,7.395054788094152,1.0292995944410406,0.2709230800258222
10.366666666666667,73.90812743172187,38.01443981160668,7.382488918098199,1.027442121852452,0.27043079834273615
10.370833333333334,73.87012076302945,37.96984134889193,7.369942854845488,1.0255879705572977,0.2699394085813059
10.375,73.83208024039604,37.92526522049328,7.357416572466874,1.0237371337811163,0.2694489091197983
10.379166666666668,73.79400589273625,37.880711488580616,7.344910045113943,1.0218896057121103,0.26895929833914334
10.383333333333335,73.75589774914428,37.836180215189856,7.332423246959195,1.0200453805484333,0.2684705746229277
10.387500000000001,73.71775583889413,37.79167146222294,7.319956152196171,1.0182044524981706,0.26798273635738645
10.391666666666667,73.67958019143977,37.747185291447934,7.307508735039633,1.016366815779329,0.26749578193139706
10.395833333333334,73.64137083641538,37.702721764499024,7.295080969725709,1.0145324646198224,0.2670097097364715
10.4,73.60312780363539,37.6582809428766,7.282672830512037,1.0127013932574547,0.2665245181667496
10.404166666666667,73.56485112309494,37.613862887947306,7.270284291626441,1.0108735959399107,0.2660402056189922
10.408333333333333,73.5265408249697,37.56946766094402,7.257915326981387,1.009049066924737,0.2655567704925733
10.4125,73.48819693961636,37.52509532296598,7.245565910720375,1.0072278004793314,0.2650742182738674
10.416666666666666,73.44981949757263,37.480745934978756,7.233236017056955,1.0054097908809279,0.26459254510476476
10.420833333333334,73.41140852955749,37.43641955781433,7.220925620214692,1.0035950324165803,0.264111745139522
10.425,73.37296406647143,37.39211625096499,7.208634694426987,1.0017835193831537,0.26363181680163383
10.429166666666667,73.33448613939647,37.3478360694962,7.196363213936824,0.999975246087304,0.26315275851735265
10.433333333333334,73.2959747795965,37.303579072682105,7.1841111529966,0.9981702068454681,0.2626745687156834
10.4375,73.25743001851743,37.259345320249516,7.171878485867918,0.9963683959838482,0.2621972458283771
10.441666666666668,73.21885188778724,37.21513487177777,7.159665186821399,0.9945698078383972,0.261720788289925
10.445833333333335,73.18024041921639,37.17094778669877,7.1474712301365315,0.9927744367548081,0.2612451945375525
10.450000000000001,73.1415956447978,37.12678412429698,7.135296590101461,0.9909822770884942,0.2607704630112127
10.454166666666667,73.10291759670713,37.082643943709535,7.123141241012861,0.9891933232045801,0.26029659215358075
10.458333333333334,73.06420630730294,37.03852730392618,7.111005157175759,0.9874075694778852,0.2598235804100476
10.4625,73.02546180912688,36.994434263789394,7.098888312903401,0.9856250102929095,0.25935142622871404
10.466666666666667,72.98668413490387,36.95036488199443,7.086790682746136,0.9838456400438218,0.2588801280603847
10.470833333333333,72.94787331754226,36.906319217089276,7.0747122413563694,0.9820694531344426,0.2584096843585616
10.475,72.90902939013405,36.86229732747474,7.062652963193446,0.9802964439782321,0.2579400935794385
10.479166666666666,72.870152385955,36.81829927140453,7.0506128227355624,0.9785266069982748,0.25747135418189465
10.483333333333334,72.83124233846492,36.774325106985174,7.038591794480029,0.976759936627267,0.25700346462748846
10.4875,72.79229928130775,36.73037489217621,7.026589852943431,0.9749964273075019,0.25653642338045246
10.491666666666667,72.75332324831179,36.68644868479012,7.014606972661765,0.973236073490855,0.2560702289076859
10.495833333333334,72.71431427279241,36.64254654249237,7.002643128190597,0.971478869638771,0.2556048796787491
10.5,72.67527236113716,36.598668522801496,6.990698294105194,0.9697248102222491,0.25514037416585833
10.504166666666668,72.63619757319462,36.55481468308909,6.978772445000649,0.9679738897218287,0.254676710843878
10.508333333333335,72.59708994337431,36.51098508057992,6.966865555492024,0.966226102627578,0.25421388819031654
10.512500000000001,72.55794950626654,36.467179772351884,6.954977600214453,0.964481443439075,0.2537519046853187
10.516666666666667,72.51877629664254,36.42339881533605,6.94310855382325,0.9627399066653983,0.2532907588116605
10.520833333333334,72.47957034945468,36.37964226631676,6.9312583909940315,0.9610014868251094,0.2528304490547425
10.525,72.44033169983652,36.33591018193159,6.9194270864091845,0.9592661784462411,0.2523709739025843
10.529166666666667,72.40106038310294,36.292202618671496,6.907614614688735,0.9575339760662833,0.2519123318458182
10.533333333333333,72.36175643475032,36.24851963288071,6.895820950526327,0.9558048742321672,0.2514545213776831
10.5375,72.32241989045656,36.20486128075689,6.884046068647326,0.9540788675002524,0.2509975409940185
10.541666666666666,72.28305078608133,36.161227618351084,6.8722899437948834,0.952355950436313,0.25054138919325825
10.545833333333334,72.24364915766611,36.117618701567835,6.860552550729901,0.950636117615523,0.2500860644764249
10.55,72.20421504143435,36.07403458616518,6.848833864231044,0.9489193636224439,0.2496315653471235
10.554166666666667,72.1647484737916,36.030475327754694,6.837133859094702,0.9472056830510075,0.24917789031153503
10.558333333333334,72.12524949132565,35.9869409818015,6.825452510134977,0.9454950705045049,0.24872503787841102
10.5625,72.08571813080653,35.94343160362437,6.813789792183661,0.9437875205955703,0.24827300655906717
10.566666666666668,72.04615442918684,35.89994724839567,6.802145680090203,0.9420830279461686,0.24782179486737707
10.570833333333335,72.00655842360175,35.85648797114152,6.790520148721696,0.940381587187581,0.24737140131976676
10.575000000000001,71.96693015136913,35.81305382674173,6.778913172962825,0.93868319296039,0.2469218244352081
10.579166666666667,71.92726964998968,35.76964486992987,6.767324727715835,0.9369878399144662,0.24647306273521286
10.583333333333334,71.88757695714713,35.726261155293315,6.755754787900504,0.935295522708954,0.2460251147438266
10.5875,71.8478521107082,35.6829027357409,6.744203328436137,0.9336062360122567,0.24557797898762276
10.591666666666667,71.80809514872297,35.63956966191982,6.7326703242570325,0.9319199745020258,0.24513165399569675
10.595833333333333,71.76830610942473,35.59626198745222,6.721155750332858,0.9302367328651426,0.2446861382996593
10.6,71.72848503123032,35.55297976592996,6.709659581651748,0.928556505797706,0.244241430433631
10.604166666666666,71.68863195274011,35.509723050788736,6.6981817932204795,0.9268792880050197,0.2437975289342357
10.608333333333334,71.64874691273823,35.4664918953081,6.686722360064634,0.9252050742015757,0.24335443234059506
10.6125,71.60882995019269,35.42328635261162,6.675281257228803,0.9235338586962875,0.24291213919432209
10.616666666666667,71.56888110425538,35.38010647566675,6.66385845977677,0.9218656341015182,0.24247064803951504
10.620833333333334,71.52890041426235,35.336952317284954,6.652453942791721,0.9202003974896197,0.24202995742275135
10.625,71.48888791973384,35.29382393012172,6.641067681376462,0.9185381436045619,0.241590065893082
10.629166666666668,71.44884366037438,35.25072136667659,6.629699650653636,0.9168788671992998,0.24115097200202473
10.633333333333335,71.40876767607307,35.20764467929325,6.618349825765968,0.9152225630357586,0.24071267430355892
10.637500000000001,71.36866000690353,35.16459392015943,6.6070181818764935,0.9135692258848163,0.24027517135411847
10.641666666666667,71.32852069312408,35.12156914130705,6.595704694168809,0.9119188505262912,0.23983846171258644
10.645833333333334,71.28834977517792,35.07857039461221,6.584409338022688,0.9102714317489251,0.23940254394028884
10.65,71.24814729369318,35.03559773179523,6.5731320882410875,0.9086269643503687,0.2389674166009883
10.654166666666667,71.20791328948309,34.99265120442069,6.561872920309836,0.9069854431371679,0.2385330782608786
10.658333333333333,71.16764780354606,34.94973086389747,6.550631809480572,0.9053468629247453,0.238099527488578
10.6625,71.12735087445272,34.906836761478736,6.539408731024698,0.9037112185373881,0.2376667628551233
10.666666666666666,71.08702251490485,34.86396894826202,6.528203660233256,0.9020785048082317,0.23723478293396416
10.670833333333334,71.04666279421824,34.821127475189215,6.5170165724168285,0.9004487165792446,0.23680358630095633
10.674999999999999,71.00627175395078,34.778312393046676,6.505847442905457,0.8988218487012147,0.23637317153435677
10.679166666666667,70.96584943584098,34.73552375246515,6.4946962470485055,0.8971978960337299,0.23594353721481579
10.683333333333335,70.92539588180826,34.692761603919884,6.483562960214599,0.8955768534451692,0.2355146819253729
10.6875,70.88491113395281,34.65002599773069,6.472447557791507,0.8939587158126838,0.23508660425144973
10.691666666666668,70.84439523455569,34.60731698406182,6.461350015186028,0.8923434780221802,0.2346593027808435
10.695833333333333,70.803848226079,34.5646346129222,6.450270307823937,0.8907311349683105,0.23423277610372245
10.700000000000001,70.76327015116577,34.521978934165276,6.439208411149829,0.8891216815544509,0.233807022812618
10.704166666666667,70.72266105264016,34.47934999748921,6.428164300627071,0.8875151126926923,0.23338204150242028
10.708333333333334,70.68202097350753,34.43674785243683,6.417137951763746,0.8859114233038234,0.23295783077037138
10.7125,70.64134995695436,34.3941725483956,6.406129340095035,0.8843106083173111,0.23253438921605837
10.716666666666667,70.60064804634841,34.35162413459781,6.395138441155111,0.8827126626712938,0.23211171544140946
10.720833333333333,70.55991528523879,34.309102660120445,6.384165230497565,0.8811175813125569,0.23168980805068534
10.725000000000001,70.51915171735598,34.266608173885345,6.373209683695312,0.8795253591965264,0.2312686656504752
10.729166666666666,70.47835738661196,34.22414072465918,6.362271776340446,0.8779359912872489,0.23084828684968994
10.733333333333334,70.43753233710012,34.18170036105344,6.351351484044083,0.8763494725573745,0.2304286702595552
10.737499999999999,70.39667661309555,34.13928713152457,6.340448782436288,0.8747657979881489,0.23000981449360722
10.741666666666667,70.35579025905483,34.09690108437389,6.329563647165884,0.8731849625693899,0.22959171816768453
10.745833333333335,70.31487331961634,34.05454226774772,6.3186960538997905,0.8716069612994789,0.2291743798999239
10.75,70.27392583960015,34.01221072890522,6.307845978301124,0.8700317891853432,0.22875779831075335
10.754166666666668,70.23294786400818,33.969906514543176,6.297013396059688,0.8684594412424383,0.22834197202288545
10.758333333333333,70.19193943802422,33.92762967183407,6.286198282895553,0.8668899124947388,0.22792689966131296
10.762500000000001,70.15090060701392,33.88538024775016,6.275400614548585,0.8653231979747165,0.22751257985330073
10.766666666666667,70.10983141652504,33.843158289062785,6.264620366778625,0.8637592927233309,0.22709901122838141
10.770833333333334,70.06873191228732,33.80096384234228,6.253857515365595,0.8621981917900116,0.22668619801707074
10.775,70.0276021402126,33.75879695395786,6.243112036109624,0.8606398902326413,0.22627413671440644
10.779166666666667,69.98644214639496,33.716657670077765,6.232383904831218,0.8590843831175459,0.22586282292947887
10.783333333333333,69.94525197711063,33.67454603666896,6.221673097371346,0.8575316655194729,0.22545225531127064
10.787500000000001,69.9040316788182,33.63246209955316,6.210979589593062,0.8559817325215822,0.22504243251113856
10.791666666666666,69.86278129815861,33.59040590553842,6.20030335739592,0.854434579215428,0.22463335318280803
10.795833333333334,69.82150088195513,33.54837750091048,6.189644376690156,0.8528902007009419,0.22422501598236685
10.799999999999999,69.78019047721362,33.50637693142357,6.179002623401858,0.8513485920864236,0.2238174195682619
10.804166666666667,69.73885013112238,33.46440424268746,6.16837807347719,0.8498097484885175,0.22341056260129152
10.808333333333335,69.69747989105234,33.422459480168364,6.15777070288239,0.848273665032207,0.22300444374460227
10.8125,69.65607980455711,33.380542689189554,6.147180487603722,0.8467403368507925,0.22259906166368276
10.816666666666668,69.61464991937292,33.338653914931996,6.136607403647427,0.8452097590858773,0.2221944150263579
10.820833333333333,69.57319028341887,33.29679320243527,6.126051427039723,0.8436819268873557,0.2217905025027847
10.825000000000001,69.5317009447968,33.25496059659798,6.115512533826728,0.8421568354133938,0.22138732276544584
10.829166666666667,69.49018194689373,33.213156142092956,6.104990700077818,0.840634479830418,0.22098487448914558
10.833333333333334,69.44863331030425,33.171379883056375,6.094485901898953,0.8391148553130985,0.22058315635100378
10.8375,69.40705511254936,33.129631863714806,6.083998115405205,0.8375979570443316,0.22018216703045024
10.841666666666667,69.36544740226076,33.08791212817554,6.073527316729782,0.8360837802152301,0.2197819052092206
10.845833333333333,69.32381022824751,33.046220720379814,6.063073482026186,0.8345723200251018,0.21938236957134974
10.850000000000001,69.28214363949625,33.0045576841025,6.052636587468219,0.8330635716814403,0.21898355880316756
10.854166666666666,69.24044768517106,32.96292306295151,6.04221660924992,0.8315575303999071,0.21858547159329345
10.858333333333334,69.19872241461341,32.921316900367295,6.0318135235855,0.8300541914043141,0.21818810663263014
10.862499999999999,69.15696787734227,32.87973923962247,6.0214273067093425,0.8285535489442666,0.21779146261435992
10.866666666666667,69.11518412305395,32.83819012382111,6.011057934875917,0.8270555977936719,0.2173955382339379
10.870833333333335,69.07337120162231,32.79666959590358,6.000705378879814,0.8255603345214971,0.21700033218908774
10.875,69.03152916309851,32.75517769865202,5.990369628019007,0.8240677543806338,0.21660584317979648
10.879166666666668,68.98965805771114,32.7137144746788,5.9800506504649045,0.8225778526320005,0.21621206990830774
10.883333333333333,68.94775793586625,32.672279966430246,5.969748422700858,0.8210906245445317,0.2158190110791187
10.887500000000001,68.90582884814714,32.63087421618644,5.959462921212009,0.8196060653951567,0.2154266653989726
10.891666666666667,68.86387084531461,32.589497266061414,5.949194122485322,0.81812417046879,0.21503503157685516
10.895833333333334,68.82188397830676,32.54814915800288,5.938942003009566,0.8166449350583138,0.21464410832398884
10.9,68.77986829823904,32.50682993379216,5.92870653927529,0.8151683544645587,0.21425389435382655
10.904166666666667,68.73782385640429,32.465539635044294,5.9184877077748625,0.8136944239962955,0.21386438838204813
10.908333333333333,68.69575070427261,32.42427835965982,5.908285485002415,0.812223138970213,0.21347558912655326
10.912500000000001,68.65364889349149,32.3830460157666,5.898099847556802,0.8107544947109071,0.2130874953074578
10.916666666666666,68.61151847588573,32.341842727086124,5.887930772116529,0.8092884865508647,0.21270010564708763
10.920833333333334,68.56935950345739,32.3006685332369,5.877778235223042,0.8078251098304448,0.21231341886997313
10.924999999999999,68.52717202838589,32.259523473836346,5.867642213417825,0.8063643598978688,0.21192743370284478
10.929166666666667,68.48495610302784,32.21840758850064,5.857522683243914,0.8049062321091992,0.21154214887462688
10.933333333333335,68.44271177991723,32.17732091684482,5.847419621245942,0.8034507218283291,0.21115756311643336
10.9375,68.40043911176528,32.136263498482805,5.837333003970109,0.8019978244269655,0.21077367516156184
10.941666666666668,68.35813815146041,32.09523537302728,5.827262807964169,0.8005475352846098,0.21039048374548794
10.945833333333333,68.31580895206841,32.05423658008988,5.817209009777457,0.7990998497885498,0.21000798760586123
10.950000000000001,68.27345156683215,32.01326715913048,5.807171585960849,0.7976547633338364,0.2096261854824986
10.954166666666667,68.23106604917183,31.97232714857792,5.797150513066797,0.7962122713232753,0.20924507611738008
10.958333333333334,68.18865245268488,31.931416587557425,5.787145767649302,0.7947723691674076,0.20886465825464312
10.9625,68.14621083114586,31.89053551539075,5.777157326757805,0.7933350522844933,0.20848493064057677
10.966666666666667,68.1037412385066,31.849683971397035,5.767185167824643,0.7919003161005007,0.20810589202361782
10.970833333333333,68.06124372889603,31.808861994892627,5.757229267615457,0.7904681560490854,0.20772754115434355
10.975000000000001,68.01871835662035,31.768069625191238,5.747289602889511,0.7890385675715794,0.20734987678546857
10.979166666666666,67.9761651761629,31.727306901603903,5.737366150407476,0.7876115461169744,0.2069728976718381
10.983333333333334,67.9335842421841,31.686573863438888,5.727458886931401,0.7861870871419031,0.20659660257042275
10.987499999999999,67.89097560952162,31.64587055000191,5.717567789224749,0.7847651861106306,0.20622099024031446
10.991666666666667,67.8483393331902,31.605197000274583,5.707692834052358,0.7833458384950307,0.2058460594427194
10.995833333333335,67.80567546045921,31.5645532480884,5.697833998180464,0.7819290397745784,0.20547180894095432
11.0,67.76298401916895,31.52393932971641,5.6879912583766945,0.7805147854363301,0.20509823750044076
11.004166666666668,67.7202650958381,31.483355283070303,5.678164591410041,0.7791030709749073,0.2047253438886988
11.008333333333333,67.67751874595812,31.442801146058958,5.668353974050894,0.7776938918924861,0.20435312687534374
11.012500000000001,67.63474502519101,31.402276956588288,5.6585593836658825,0.7762872436987749,0.20398158523207852
11.016666666666667,67.5919439893694,31.361782752561396,5.648780798089253,0.7748831219110058,0.2036107177326906
11.020833333333334,67.54911569449627,31.32131857187852,5.639018194347348,0.7734815220539164,0.20324052315304542
11.025,67.50626019674493,31.28088445243698,5.629271549458157,0.7720824396597312,0.20287100027108107
11.029166666666667,67.46337755245908,31.24048043213134,5.619540840441085,0.7706858702681528,0.20250214786680398
11.033333333333333,67.4204678181524,31.20010654876645,5.609826044316908,0.7692918094263396,0.20213396472228234
11.037500000000001,67.37753105050884,31.159762834571737,5.600127138107804,0.7679002526888967,0.20176644962164206
11.041666666666666,67.33456730638223,31.119449322850702,5.590444098837334,0.766511195617857,0.20139960135106094
11.045833333333334,67.29157664279633,31.079166049828743,5.580776903530429,0.7651246337826642,0.20103341869876284
11.049999999999999,67.24855911694473,31.03891305172911,5.571125529213416,0.7637405627601626,0.20066790045501384
11.054166666666667,67.2055147861907,30.998690364772692,5.561489952913979,0.7623589781345763,0.20030304541211516
11.058333333333335,67.16244370806724,30.958498025178194,5.551870151661184,0.7609798754974977,0.1999388523643994
11.0625,67.11934594027687,30.918336069162088,5.54226610308624,0.7596032504478715,0.1995753201082248
11.066666666666668,67.0762215406915,30.878204532938568,5.532677785298922,0.7582290985919752,0.19921244744196934
11.070833333333333,67.03307056735255,30.838103452719672,5.523105175588013,0.7568574155434113,0.19885023316602643
11.075000000000001,66.98989307847057,30.798032864715157,5.513548251233444,0.7554881969230832,0.19848867608279877
11.079166666666667,66.94668913242543,30.757992800772783,5.50400698951653,0.754121438359188,0.19812777499669385
11.083333333333334,66.9034587877661,30.71798329139875,5.494481367719944,0.752757135487196,0.19776752871411835
11.0875,66.86020210321047,30.67800437113768,5.484971363127699,0.7513952839498352,0.19740793604347226
11.091666666666667,66.81691913764554,30.638056074533193,5.475476953025183,0.7500358793970807,0.197048995795145
11.095833333333333,66.77360995012697,30.598138436126902,5.465998114699115,0.7486789174861319,0.19669070678150843
11.100000000000001,66.73027459987927,30.558251490458566,5.456534825437574,0.7473243938814047,0.19633306781691304
11.104166666666666,66.68691314629565,30.518395272066062,5.447087062529988,0.7459723042545121,0.19597607771768233
11.108333333333334,66.64352564893782,30.4785698154853,5.437654803267108,0.7446226442842471,0.19561973530210636
11.112499999999999,66.60011216753608,30.43877515525039,5.428238025583292,0.7432754096565727,0.19526403939043854
11.116666666666667,66.55667276198902,30.399011325893504,5.41883670792108,0.7419305960646003,0.1949089888048882
11.120833333333335,66.51320749236362,30.359278358538198,5.409450827832651,0.7405881992085804,0.19455458236961704
11.125,66.4697164188951,30.319576280446075,5.400080362860157,0.7392482147958835,0.19420081891073315
11.129166666666668,66.42619960198675,30.279905124382513,5.39072529054704,0.7379106385409837,0.1938477019538995
11.133333333333333,66.38265710220999,30.240264923248244,5.381385588438061,0.7365754661654477,0.19349522826145363
11.137500000000001,66.33908898030411,30.20065570994227,5.372061234079252,0.7352426933979145,0.19314339438501085
11.141666666666667,66.29549529717636,30.16107751736201,5.362752205017964,0.733912315974084,0.19279219916685264
11.145833333333334,66.25187611390179,30.12153037840326,5.35345847880283,0.7325843296367005,0.1924416414512912
11.15,66.20823149172301,30.082014325960106,5.34418003298376,0.7312587301355346,0.19209172008466432
11.154166666666667,66.16456149205041,30.042529392925125,5.334916845111968,0.7299355132273726,0.191742433915332
11.158333333333333,66.12086617646177,30.00307561218921,5.325668892739933,0.7286146746759963,0.1913937817936703
11.162500000000001,66.07714559620683,29.963653016641693,5.316436153421423,0.7272962102521714,0.1910457625720681
11.166666666666666,66.03339978952783,29.924261638979793,5.307218605630223,0.7259801157336314,0.19069837510492182
11.170833333333334,65.98962884807155,29.884901504285967,5.298016228034951,0.7246663869050586,0.19035161824863012
11.174999999999999,65.94583283384733,29.845572639963393,5.288828998466203,0.7233550195580751,0.19000549086159096
11.179166666666667,65.90201180902491,29.806275076973115,5.279656894755798,0.7220460094912209,0.18965999180419474
11.183333333333335,65.85816583593439,29.767008846275004,5.270499894736827,0.7207393525099437,0.18931511993882183
11.1875,65.81429497706594,29.72777397882761,5.261357976243629,0.7194350444265812,0.18897087412983682
11.191666666666668,65.77039929506962,29.688570505588174,5.25223111711178,0.7181330893238687,0.18862725324358337
11.195833333333333,65.72647885275539,29.64939845751278,5.243119295178117,0.7168334752421951,0.18828425614838107
11.200000000000001,65.68253371309267,29.61025786555617,5.234022488280702,0.7155361979894708,0.1879418817145191
11.204166666666667,65.63856393921041,29.57114876067192,5.2249406742588524,0.7142412534173623,0.18760012881425303
11.208333333333334,65.59456959439687,29.53207117381237,5.21587383095312,0.7129486373845199,0.1872589963217997
11.2125,65.5505507420993,29.49302513592857,5.206821936205278,0.7116583457565617,0.18691848311333178
11.216666666666667,65.50650744592399,29.454010676333407,5.197784967869719,0.7103703744060642,0.1865785880669746
11.220833333333333,65.46243976963592,29.41502781676321,5.188762904910512,0.7090847192125421,0.18623931006279998
11.225000000000001,65.41834777715869,29.376076585140883,5.179755726106827,0.7078013760624393,0.18590064798282277
11.229166666666666,65.37423153257441,29.337157010529342,5.170763409578654,0.706520340849112,0.1855626007109961
11.233333333333334,65.33009110012334,29.29826912199048,5.161785933447178,0.705241609472813,0.18522516713320544
11.237499999999999,65.28592654420393,29.259412948585407,5.152823275834825,0.7039651778406818,0.18488834613726607
11.241666666666667,65.24173792937249,29.22058851937423,5.143875414865209,0.7026910418667244,0.18455213661291633
11.245833333333335,65.19752532034313,29.181795863416266,5.134942328663166,0.7014191974718048,0.1842165374518146
11.25,65.15328878198758,29.143035009769907,5.126023995354734,0.7001496405836282,0.18388154754753397
11.254166666666668,65.10902837933493,29.10430598749263,5.117120393067144,0.6988823671367239,0.18354716579555716
11.258333333333333,65.06474417757163,29.06560882564114,5.108231499928844,0.6976173730724374,0.18321339109327311
11.262500000000001,65.02043624204106,29.026943553271167,5.099357294069459,0.6963546543389089,0.18288022233997073
11.266666666666667,64.9761046382437,28.98831010518895,5.090497753619823,0.6950942068910649,0.18254765843683593
11.270833333333334,64.93174943183672,28.949708710843154,5.081652879636995,0.6938360266906016,0.1822156982869459
11.275,64.88737068863382,28.911139271009006,5.072822599367371,0.6925801097059688,0.18188434079526442
11.279166666666667,64.84296847460527,28.87260181435615,5.064006922480105,0.6913264519123595,0.18155358486863818
11.283333333333333,64.79854285587741,28.834096369392405,5.0552058271477245,0.6900750492916912,0.18122342941579092
11.287500000000001,64.75409389873282,28.795622964463956,5.046419291565375,0.6888258978325954,0.18089387334731968
11.291666666666666,64.70962166960997,28.757181627755358,5.037647293950787,0.6875789935304025,0.18056491557569013
11.295833333333334,64.66512623510303,28.718772387289455,5.028889812544274,0.6863343323871244,0.18023655501523098
11.299999999999999,64.62060766196183,28.6803952709276,5.02014682560875,0.6850919104114452,0.17990879058213075
11.304166666666667,64.57606601709152,28.642050306369516,5.011418311429691,0.6838517236187023,0.17958162119443183
11.308333333333335,64.53150136755262,28.603737521153462,5.0027042483151725,0.6826137680308748,0.17925504577202672
11.3125,64.4869137805607,28.565456942168975,4.9940046145958386,0.68137803967657,0.1789290632366534
11.316666666666668,64.4423033234862,28.527208585377473,4.985319388624894,0.680144534591005,0.1786036725118895
11.320833333333333,64.39767006385438,28.488992472306517,4.976648548778132,0.6789132488159977,0.17827887252314958
11.325000000000001,64.35301406934505,28.450808628735974,4.9679920736161005,0.6776841783999472,0.17795466219767853
11.329166666666667,64.30833539442429,28.412657080260512,4.959349943573519,0.6764573193978243,0.1776310404645485
11.333333333333334,64.26363408724865,28.37453785228952,4.950722137828329,0.6752326678711552,0.1773080062546536
11.3375,64.21891024437889,28.336450970047146,4.942108635019194,0.6740102198880051,0.17698555850070463
11.341666666666667,64.17416393386473,28.298396458572388,4.9335094138107785,0.6727899715229685,0.17666369613722602
11.345833333333333,64.1293952239027,28.260374342719068,4.924924452893711,0.6715719188571496,0.17634241810054938
11.350000000000001,64.08460418283599,28.22238464715594,4.916353730984609,0.6703560579781531,0.1760217233288103
11.354166666666666,64.03979087915418,28.18442739636671,4.907797226826065,0.6691423849800671,0.17570161076194324
11.358333333333334,63.994955381492915,28.14650261464996,4.899254919186627,0.6679308959634477,0.1753820793416762
11.362499999999999,63.950097758633795,28.108610326119386,4.890726786860831,0.6667215870353089,0.17506312801152743
11.366666666666667,63.90521807950397,28.07075055470365,4.882212808669154,0.6655144543091029,0.1747447557167993
11.370833333333335,63.86031641317601,28.032923324146523,4.873712963458049,0.664309493904711,0.17442696140457498
11.375,63.815392828867665,27.995128658006934,4.865227230099923,0.6631067019484264,0.17410974402371326
11.379166666666668,63.770447395941474,27.957366579658867,4.856755587493125,0.6619060745729387,0.17379310252484326
11.383333333333333,63.72548018390469,27.91963711229159,4.848298014561969,0.6607076079173246,0.17347703586036123
11.387500000000001,63.68049126240888,27.881940278909518,4.8398544902566965,0.659511298127027,0.1731615429844243
11.391666666666667,63.63548070124978,27.844276102332387,4.831424993553508,0.6583171413538466,0.17284662285294725
11.395833333333334,63.59044857036707,27.806644605195235,4.823009503454538,0.6571251337559249,0.1725322744235972
11.4,63.54539493984398,27.769045809948356,4.814607998987847,0.6559352714977281,0.17221849665578853
11.404166666666667,63.500319879907195,27.731479738857523,4.8062204592074425,0.654747550750038,0.17190528851067935
11.408333333333333,63.45522346092647,27.693946414003793,4.797846863193243,0.6535619676899317,0.17159264895116583
11.412500000000001,63.410105753414555,27.656445857283767,4.789487190051109,0.6523785185007718,0.1712805769418782
11.416666666666666,63.3649668280268,27.618978090409502,4.781141418912818,0.6511971993721913,0.17096907144917603
11.420833333333334,63.319806755560904,27.581543134908504,4.772809528936054,0.6500180065000762,0.17065813144114297
11.424999999999999,63.274625606956825,27.54414101212392,4.764491499304434,0.6488409360865562,0.17034775588758325
11.429166666666667,63.22942345329632,27.506771743214394,4.756187309227468,0.6476659843399855,0.17003794376001577
11.433333333333335,63.18420036580286,27.469435349154253,4.747896937940587,0.646493147474932,0.16972869403167046
11.4375,63.13895641584133,27.432131850733466,4.73962036470513,0.6453224217121629,0.1694200056774834
11.441666666666668,63.09369167491773,27.394861268557662,4.731357568808319,0.6441538032786269,0.16911187767409153
11.445833333333333,63.04840621467904,27.357623623048244,4.7231085295632935,0.642987288407445,0.16880430899982912
11.450000000000001,63.003100106912825,27.3204189344423,4.714873226309072,0.641822873337891,0.168497298634722
11.454166666666667,62.95777342354712,27.283247222792806,4.706651638410575,0.6406605543153823,0.16819084556048386
11.458333333333334,62.91242623665016,27.246108507968525,4.698443745258612,0.6395003275914622,0.16788494876051122
11.4625,62.867058618430015,27.20900280965404,4.690249526269864,0.6383421894237857,0.16757960721987844
11.466666666666667,62.821670641234526,27.171930147349926,4.6820689608869115,0.637186136076108,0.16727481992533386
11.470833333333333,62.77626237755087,27.1348905403726,4.67390202857819,0.6360321638182662,0.16697058586529429
11.475000000000001,62.730833900005514,27.09788400785451,4.665748708838032,0.634880268926169,0.16666690402984122
11.479166666666666,62.68538528136379,27.060910568744127,4.657608981186634,0.6337304476817804,0.16636377341071573
11.483333333333334,62.63991659452971,27.023970241805866,4.649482825170049,0.632582696373104,0.16606119300131356
11.487499999999999,62.594427912545804,26.98706304562033,4.641370220360217,0.6314370112941726,0.16575916643594868
11.491666666666667,62.54891930859269,26.950188998584114,4.633271146354915,0.6302933887450294,0.16545769041878128
11.495833333333335,62.50339084014625,26.91334811891004,4.625185582777796,0.6291518250317182,0.16515676193458897
11.5,62.457842565593566,26.87654042662861,4.617113509278367,0.628012316466266,0.1648563799913818
11.504166666666668,62.41227458465271,26.839765945053202,4.609054905531973,0.6268748593666688,0.16455654359890687
11.508333333333333,62.36668697080792,26.803024692619605,4.601009751239825,0.6257394500568803,0.164257251768645
11.512500000000001,62.32107979767344,26.766316687326103,4.592978026128963,0.6246060848667925,0.16395850351380564
11.516666666666667,62.27545313899338,26.729641946998445,4.584959709952281,0.6234747687407152,0.16366029784932384
11.520833333333334,62.22980706864121,26.693000489289805,4.5769547824885155,0.6223454964981618,0.16336263379185592
11.525,62.18414166061954,26.656392331680767,4.568963223542217,0.6212182582223288,0.1630655103597746
11.529166666666667,62.138456989059755,26.619817491479502,4.560985012715669,0.6200930502884805,0.16276892657316638
11.533333333333333,62.09275312822166,26.583275985821615,4.553020129582834,0.6189698690780623,0.16247288145382635
11.537500000000001,62.0470301524932,26.546767831670337,4.545068553994698,0.6178487109786904,0.1621773740252549
11.541666666666666,62.001288136390166,26.510293045816507,4.537130265827768,0.6167295723841406,0.1618824033126533
11.545833333333334,61.95552715455571,26.47385164487851,4.5292052449837366,0.6156124496943315,0.16158796834291947
11.549999999999999,61.90974728176022,26.437443645302483,4.521293471389524,0.6144973393153171,0.16129406814464475
11.554166666666667,61.86394859290081,26.401069063362154,4.513394924997217,0.6133842376592707,0.16100070174810882
11.558333333333335,61.81813116300112,26.364727915159047,4.505509585784122,0.6122731411444758,0.16070786818527646
11.5625,61.77229506721099,26.328420216622433,4.4976374337527245,0.6111640461953126,0.1604155664897935
11.566666666666668,61.72644038080599,26.2921459835093,4.489778448930691,0.6100569492422425,0.16012379569698187
11.570833333333333,61.680567179187285,26.25590523140454,4.4819326113708895,0.6089518467218027,0.15983255484383704
11.575000000000001,61.63467553788112,26.219697975720802,4.4740999011513525,0.607848735076586,0.1595418429690223
11.579166666666667,61.58876553253864,26.183524231698673,4.4662802983753,0.606747610755235,0.15925165911286635
11.583333333333334,61.54283723893555,26.147384014406654,4.458473783171131,0.6056484702124267,0.1589620023173583
11.5875,61.49689073297164,26.1112773387411,4.450680335692404,0.6045513099088594,0.15867287162614352
11.591666666666667,61.45092609067068,26.07520421942645,4.4428999361178585,0.6034561263112436,0.1583842660845205
11.595833333333333,61.404943388179866,26.03916467101504,4.43513256465139,0.6023629158922849,0.15809618473943574
11.600000000000001,61.358942701769706,26.0031587078873,4.427378201522063,0.6012716751306773,0.1578086266394806
11.604166666666666,61.31292410783357,25.96718634425173,4.419636826984108,0.6001824005110876,0.1575215908348869
11.608333333333334,61.266887682887315,25.93124759414484,4.411908421316896,0.599095088524142,0.15723507637752251
11.612499999999999,61.22083350356916,25.895342471431366,4.404192964824972,0.5980097356664172,0.1569490823208883
11.616666666666667,61.17476164663911,25.8594709898041,4.396490437838009,0.5969263384404251,0.1566636077201128
11.620833333333335,61.128672188978804,25.823633162784095,4.388800820710846,0.5958448933546021,0.15637865163194944
11.625,61.08256520759119,25.787829003720585,4.381124093823467,0.5947653969232979,0.15609421311477192
11.629166666666668,61.036440779600035,25.75205852579103,4.373460237580981,0.5936878456667586,0.15581029122856968
11.633333333333333,60.99029898224981,25.716321742001202,4.365809232413656,0.5926122361111206,0.15552688503494513
11.637500000000001,60.94413989290519,25.68061866518512,4.358171058776879,0.5915385647883926,0.15524399359710817
11.641666666666667,60.897963589050875,25.644949308005188,4.350545697151181,0.5904668282364479,0.15496161597987332
11.645833333333334,60.85177014829117,25.609313682952173,4.3429331280422225,0.5893970229990096,0.15467975124965527
11.65,60.80555964834965,25.57371180234519,4.335333331980782,0.5883291456256377,0.15439839847446446
11.654166666666667,60.75933216706891,25.53814367833182,4.327746289522778,0.5872631926717198,0.15411755672390376
11.658333333333333,60.71308778241017,25.502609322888066,4.320171981249229,0.5861991606984546,0.15383722506916367
11.662500000000001,60.66682655449293,25.46710874781842,4.312610387766288,0.5851370462728436,0.15355740258301906
11.666666666666666,60.62054855142498,25.431641964755908,4.305061489705224,0.5840768459676775,0.15327808833982487
11.670833333333334,60.57425387487287,25.39620898516205,4.297525267722404,0.5830185563615214,0.1529992814155114
11.674999999999999,60.52794260302736,25.360809820326995,4.290001702499321,0.5819621740387072,0.15272098088758143
11.679166666666667,60.481614814189456,25.32544448136943,4.28249077474256,0.5809076955893158,0.1524431858351052
11.683333333333335,60.43527058677005,25.29011297961302,4.27499246518382,0.5798551176091696,0.15216589533871705
11.6875,60.388909999289645,25.25481533695678,4.267506754579901,0.5788044366998193,0.15188910848061124
11.691666666666668,60.34253313037766,25.21955156999176,4.26003362371269,0.5777556494685278,0.15161282434453724
11.695833333333333,60.29614005877235,25.184321690279603,4.252573053389186,0.5767087525282629,0.15133704201579706
11.700000000000001,60.249730863320124,25.149125709234944,4.24512502444146,0.5756637424976815,0.15106176058123955
11.704166666666667,60.203305622975364,25.11396363812549,4.237689517726689,0.5746206160011194,0.1507869791292579
11.708333333333334,60.156864416799905,25.07883548807208,4.230266514127134,0.5735793696685789,0.15051269674978487
11.7125,60.110407323962555,25.04374127004861,4.222855994550127,0.5725400001357134,0.15023891253428828
11.716666666666667,60.06393442373895,25.008680994882187,4.2154579399281,0.5715025040438206,0.14996562557576834
11.720833333333333,60.017445795510824,24.973654673253005,4.208072331218543,0.5704668780398244,0.14969283496875202
11.725000000000001,59.97094151876586,24.938662315694522,4.200699149404038,0.5694331187762669,0.14942053980929032
11.729166666666666,59.92442167309723,24.903703932593405,4.193338375201891,0.568401222911295,0.14914873919495372
11.733333333333334,59.87788633820301,24.868779534189503,4.18598998832163,0.5673711871086455,0.14887743222482766
11.737499999999999,59.8313355938861,24.833889130576008,4.178653969565461,0.5663430080376377,0.1486066179995097
11.741666666666667,59.78476952005348,24.799032731699334,4.17133029990635,0.5653166823731555,0.14833629562110404
11.745833333333335,59.7381881967161,24.764210347359278,4.164018960340164,0.56429220679564,0.14806646419321876
11.75,59.69159170398831,24.729421987208948,4.156719931885654,0.5632695779910752,0.14779712282096122
11.754166666666668,59.644980122087446,24.694667660754778,4.149433195584437,0.5622487926509739,0.14752827061093368
11.758333333333333,59.59835353133355,24.65994737735668,4.142158732501028,0.5612298474723697,0.14725990667123015
11.762500000000001,59.55171201214884,24.625261146227874,4.134896523722801,0.5602127391577995,0.14699203011143142
11.766666666666667,59.5050556450574,24.5906089764351,4.127646550360015,0.5591974644152955,0.14672464004260163
11.770833333333334,59.45838451068476,24.555990876898544,4.120408793545797,0.5581840199583722,0.1464577355772844
11.775,59.41169868975742,24.521406856391835,4.113183234436135,0.5571724025060105,0.14619131582949782
11.779166666666667,59.364998263102585,24.486856923542174,4.105969854209894,0.556162608782651,0.1459253799147318
11.783333333333333,59.318283311647555,24.452341086830224,4.098768634068786,0.5551546355181763,0.1456599269499425
11.787500000000001,59.27155391641959,24.417859354590266,4.091579555237393,0.5541484794479029,0.14539495605354985
11.791666666666666,59.22481015854534,24.383411735010164,4.08440259896316,0.5531441373125673,0.14513046634543247
11.795833333333334,59.17805211925039,24.34899823613132,4.07723774651637,0.5521416058583122,0.14486645694692366
11.799999999999999,59.13127987985908,24.314618865848857,4.070084979190174,0.5511408818366779,0.14460292698080834
11.804166666666667,59.084493521793846,24.280273631911463,4.062944278300559,0.550141962004585,0.14433987557131744
11.808333333333335,59.03769312657501,24.245962541921546,4.055815625186368,0.5491448431243269,0.1440773018441255
11.8125,58.990878775820335,24.211685603335255,4.048699001209289,0.5481495219635558,0.14381520492634567
11.816666666666668,58.94405055124453,24.177442823462357,4.04159438775384,0.547155995295268,0.14355358394652565
11.820833333333333,58.89720853465901,24.143234209466474,4.034501766227394,0.5461642598977964,0.14329243803464425
11.825000000000001,58.850352807971284,24.1090597683649,4.0274211180601425,0.5451743125547925,0.14303176632210673
11.829166666666667,58.803483434347356,24.0749195070288,4.020352424705127,0.5441861500552198,0.14277156794174128
11.833333333333334,58.756600490901775,24.04081343218314,4.013295667638215,0.5431997691933379,0.14251184202779477
11.8375,58.70970407930551,24.00674155040666,4.0062508283580955,0.5422151667686905,0.14225258771592833
11.841666666666667,58.66279428162369,23.972703868132054,3.9992178883862963,0.5412323413960558,0.14199380414321436
11.845833333333333,58.61587118000936,23.938700391645824,3.9921968292671544,0.5402512989126924,0.14173549504883562
11.850000000000001,58.568934856703194,23.90473112708843,3.9851876325678375,0.5392720259662834,0.14147765706759646
11.854166666666666,58.5219853940329,23.870796080454262,3.9781902798783344,0.5382945193951977,0.14122028756433488
11.858333333333334,58.47502287441273,23.836895257591596,3.9712047528114387,0.5373187760432825,0.1409633856894254
11.862499999999999,58.42804738034315,23.80302866420279,3.9642310330027706,0.5363447927598565,0.1407069505947346
11.866666666666667,58.38105899441016,23.76919630584409,3.9572691021107462,0.5353725663996954,0.1404509814336164
11.870833333333335,58.334057799285034,23.735398189370425,3.9503189418166023,0.5344020938230247,0.14019547736090976
11.875,58.28704387772371,23.701634324427605,3.9433805338243832,0.5334333718955072,0.13994043753293464
11.879166666666668,58.240017312566316,23.66790471679549,3.93645385986092,0.5324663974882307,0.13968586110748815
11.883333333333333,58.19297818673683,23.634209371856596,3.9295389016758673,0.5315011674777018,0.13943174724384227
11.887500000000001,58.14592658324239,23.6005482948562,3.922635641041656,0.53053767874583,0.13917809510273899
11.891666666666667,58.09886258517306,23.566921490902494,3.9157440597535293,0.5295759281799217,0.138924903846388
11.895833333333334,58.05178627570125,23.533328964966536,3.908864139629521,0.5286159126726668,0.1386721726384629
11.9,58.00469773808109,23.499770721882218,3.901995862510447,0.5276576291221277,0.1384199006440971
11.904166666666667,57.957597055648336,23.466246766346444,3.8951392102599245,0.5267010744317312,0.13816808702988143
11.908333333333333,57.910484311819445,23.432757102918952,3.8882941647643423,0.5257462455102545,0.13791673096385973
11.912500000000001,57.8633595900915,23.39930173602251,3.881460707932886,0.5247931392718178,0.1376658316155262
11.916666666666666,57.81622297404153,23.365880669942847,3.8746388216975207,0.523841752635872,0.1374153881558215
11.920833333333334,57.769074547326035,23.33249390882863,3.867828488012981,0.5228920825271864,0.13716539975712905
11.924999999999999,57.721914393680606,23.29914145669163,3.8610296888567897,0.5219441258758423,0.13691586559327235
11.929166666666667,57.67474259691938,23.265823317406564,3.8542424062288436,0.5209978796172171,0.13666678483951059
11.933333333333335,57.62755924093463,23.232539494711265,3.8474666221389437,0.5200533406919785,0.13641815667253615
11.9375,57.580364409696294,23.199289992206644,3.840702318625526,0.5191105060460716,0.13616998027047056
11.941666666666668,57.53315818725139,23.16607481335663,3.833949477755964,0.518169372630706,0.13592225481286074
11.945833333333333,57.48594065772373,23.132893961488364,3.8272080816203924,0.5172299374023503,0.13567497948067667
11.950000000000001,57.43871190531327,23.09974743979204,3.820478112331669,0.5162921973227165,0.1354281534563065
11.954166666666667,57.39147201429581,23.066635251321046,3.8137595520253984,0.5153561493587522,0.13518177592355435
11.958333333333334,57.3442210690224,23.033557398991952,3.8070523828599234,0.51442179048263,0.13493584606763637
11.9625,57.296959153918905,23.000513885584468,3.800356587016308,0.513489117671734,0.13469036307517673
11.966666666666667,57.249686353485565,22.96750471374158,3.793672146698361,0.512558127908653,0.1344453261342053
11.970833333333333,57.20240275229648,22.934529885969436,3.786999044132608,0.5116288181811663,0.13420073443415306
11.975000000000001,57.155108434999214,22.90158940463747,3.7803372615683077,0.5107011854822359,0.13395658716584957
11.979166666666666,57.10780348631428,22.868683271978423,3.773686781277446,0.5097752268099947,0.13371288352151914
11.983333333333334,57.06048799103461,22.835811490088215,3.767047585554718,0.5088509391677342,0.13346962269477688
11.987499999999999,57.01316203402524,22.802974060926196,3.7604196567175534,0.5079283195638974,0.13322680388062635
11.991666666666667,56.96582570022265,22.77017098631493,3.753802977106085,0.5070073650120643,0.13298442627545484
11.995833333333335,56.918479056129,22.737402267940404,3.747197529083169,0.5060880725309442,0.1327424890770311
12.0,56.87112218626179,22.704667907351954,3.7406032950343784,0.5051704391443643,0.1325009914845012
12.004166666666668,56.82375519101951,22.671967905962244,3.734020257367983,0.5042544618812567,0.13225993269838499
12.008333333333333,56.77637815542431,22.639302265047416,3.727448398514974,0.5033401377756519,0.13201931192057326
12.012500000000001,56.728991164562025,22.60667098574696,3.7208877009290378,0.5024274638666638,0.1317791283543234
12.016666666666667,56.681594303581775,22.574074069063837,3.714338147086572,0.5015164371984828,0.13153938120425687
12.020833333333334,56.63418765769541,22.54151151586449,3.7077997194866783,0.5006070548203636,0.13130006967635544
12.025,56.586771312176886,22.508983326878766,3.7012724006511455,0.4996993137866123,0.13106119297795701
12.029166666666667,56.539345352361906,22.476489502700083,3.6947561731244742,0.4987932111565805,0.1308227503177535
12.033333333333333,56.49190986364714,22.4440300437853,3.688251019473845,0.4978887439946497,0.130584740905786
12.037500000000001,56.44446493148998,22.411604950454844,3.681756922289142,0.49698590937022424,0.1303471639534425
12.041666666666666,56.39701064140785,22.379214222892703,3.67527386418294,0.49608470435772,0.13011001867345381
12.045833333333334,56.349547078977615,22.34685786114638,3.6688018277904932,0.49518512603655074,0.12987330427988988
12.049999999999999,56.302074329835264,22.314535865127013,3.6623407957697545,0.4942871714911224,0.1296370199881573
12.054166666666667,56.25459247967509,22.282247900203686,3.655890750801343,0.4933908378108174,0.1294011650149945
12.058333333333335,56.207101614249474,22.249994675747338,3.6494516755885775,0.4924961220899881,0.12916573857846966
12.0625,56.15960181936816,22.217775820201343,3.6430235528574504,0.4916030214279445,0.1289307398979765
12.066666666666668,56.112093180897695,22.18559133362794,3.636606365356623,0.4907115329289417,0.1286961681942305
12.070833333333333,56.06457578476106,22.153441215953496,3.6302000958574485,0.4898216537021734,0.1284620226892666
12.075000000000001,56.017049716936995,22.121325466968635,3.6238047271539333,0.48893338086175653,0.12822830260643436
12.079166666666667,55.96951506345958,22.08924408632862,3.6174202420627717,0.48804671152672485,0.12799500717039577
12.083333333333334,55.92197191041768,22.05719707355353,3.611046623423322,0.487161642821016,0.12776213560712102
12.0875,55.87442034395429,22.025184428028496,3.6046838540976,0.4862781718734599,0.127529687143885
12.091666666666667,55.826860450266224,21.99320614900403,3.5983319169703014,0.4853962958177716,0.12729766100926454
12.095833333333333,55.77929231560338,21.961262235596173,3.591990794948769,0.4845160117925362,0.1270660564331341
12.100000000000001,55.73171602626839,21.929352686786842,3.585660470963018,0.48363731694120204,0.12683487264666296
12.104166666666666,55.68413166861599,21.897477501424056,3.5793409279657205,0.4827602084120683,0.12660410888231174
12.108333333333334,55.63653932905246,21.86563667822211,3.5730321489321932,0.48188468335827334,0.1263737643738282
12.112499999999999,55.58893909403524,21.833830215761974,3.566734116860424,0.4810107389377866,0.1261438383562449
12.116666666666667,55.54133105007221,21.80205811249137,3.5604468147710335,0.48013837231339523,0.12591433006587469
12.120833333333335,55.49371528372136,21.77032036672519,3.5541702257073085,0.4792675806526956,0.12568523874030813
12.125,55.44609188159014,21.738616976645652,3.5479043327351807,0.47839836112808215,0.12545656361840954
12.129166666666668,55.39846093033495,21.70694794030252,3.5416491189432167,0.4775307109167347,0.12522830394031353
12.133333333333333,55.350822516660656,21.675313255613474,3.535404560219347,0.4766646272006116,0.12500045894742196
12.137500000000001,55.30317672731999,21.643712920364216,3.529170644849771,0.47580010716643484,0.12477302788239976
12.141666666666667,55.25552364911314,21.612146932208866,3.522947357569254,0.4749371480056828,0.1245460099891724
12.145833333333334,55.207863368887146,21.58061528867011,3.5167346815452554,0.4740757469145785,0.12431940451292182
12.15,55.160195973535295,21.54911798713945,3.5105325999677457,0.47321590109407724,0.12409321070008288
12.154166666666667,55.11252154999685,21.51765502487755,3.5043410960492363,0.4723576077498592,0.1238674277983405
12.158333333333333,55.0648401852562,21.486226399014356,3.498160153024739,0.4715008640923153,0.1236420550566255
12.162500000000001,55.01715194933633,21.45483210654945,3.4919897541517972,0.4706456673365394,0.12341709172511174
12.166666666666666,54.969456932017216,21.42347214435227,3.485829882710472,0.46979201470231685,0.12319253705521259
12.170833333333334,54.92175523154468,21.392146509162302,3.4796805220033242,0.4689399087793874,0.1229683902995768
12.174999999999999,54.8740469349165,21.360855197589437,3.473541655355443,0.4680893438220826,0.12274465071208615
12.179166666666667,54.8263321291685,21.329598206114085,3.467413266114414,0.46724031507829134,0.12252131754785084
12.183333333333335,54.778610901374215,21.29837553108759,3.461295337650341,0.4663928197971435,0.12229839006320706
12.1875,54.73088333864412,21.26718716873234,3.455187853355832,0.4655468552325601,0.12207586751571302
12.191666666666668,54.683149528125064,21.23603311514205,3.449090796645992,0.4647024186432428,0.12185374916414526
12.195833333333333,54.63540955699987,21.20491336628208,3.4430041509584397,0.4638595072926663,0.1216320342684959
12.200000000000001,54.58766351248645,21.173827917989563,3.4369278997532824,0.46301811844906626,0.12141072208996845
12.204166666666667,54.53991148183759,21.142776765973775,3.4308620265131333,0.46217824938543217,0.12118981600328502
12.208333333333334,54.492153552340106,21.111759905816335,3.4248065147431035,0.4613398973794959,0.12096931283950153
12.2125,54.44438981131433,21.08077733297138,3.418761347970787,0.4605030597137216,0.12074921045961484
12.216666666666667,54.39662034611364,21.049829042765978,3.412726509746286,0.45966773367529834,0.12052950813629663
12.220833333333333,54.34884524412372,21.01891503040019,3.406701983642179,0.4588339165561275,0.1203102051434997
12.225000000000001,54.30106459276212,20.98803529094746,3.400687753253541,0.45800160565281545,0.12009130075645606
12.229166666666666,54.25327847947765,20.957189819354824,3.3946838021979358,0.45717079826666324,0.11987279425167352
12.233333333333334,54.20548699174971,20.92637861044309,3.388690114115401,0.45634149170365484,0.11965468490693242
12.237499999999999,54.1576902170879,20.8956016589072,3.3827066726684714,0.45551368327445163,0.11943697200128343
12.241666666666667,54.10988824303119,20.864858960804074,3.3767334615421483,0.45468737029437795,0.11921965481504382
12.245833333333335,54.06208115714761,20.834150515600946,3.370770464443921,0.4538625500834155,0.1190027326297951
12.25,54.01426904703357,20.803476318447586,3.3648176651037573,0.4530392199661915,0.11878620472837993
12.254166666666668,53.96645200031316,20.772836364025153,3.358875047274091,0.4522173772719684,0.11857007039489866
12.258333333333333,53.91863010463782,20.742230646904815,3.352942594729841,0.4513970193346368,0.1183543289147073
12.262500000000001,53.870803447685525,20.711659161548038,3.347020291268383,0.45057814349270237,0.11813897957441352
12.266666666666667,53.8229721171604,20.681121902307147,3.3411081207095745,0.44976074708927943,0.11792402166187471
12.270833333333334,53.77513620079208,20.6506188634257,3.33520606689574,0.4489448274720795,0.11770945446619445
12.275,53.72729578633506,20.62015003903882,3.3293141136916593,0.44813038199340083,0.11749527727771931
12.279166666666667,53.679450961568286,20.589715423173804,3.32343224498459,0.4473174080101214,0.11728148938803679
12.283333333333333,53.63160181429435,20.55931500975037,3.317560444684238,0.4465059028836858,0.11706809008997128
12.287500000000001,53.583748432339206,20.52894879258121,3.311698696722778,0.44569586398009886,0.11685507867758205
12.291666666666666,53.5358909035514,20.498616765372375,3.305846985054845,0.44488728866991417,0.11664245444615985
12.295833333333334,53.48802931580149,20.46831892172362,3.300005293657519,0.44408017432822355,0.1164302166922237
12.299999999999999,53.44016375698164,20.438055255128987,3.2941736065303484,0.44327451833465015,0.11621836471351871
12.304166666666667,53.3922943150048,20.40782575897705,3.288351907695323,0.44247031807333537,0.11600689780901215
12.308333333333335,53.344421077804405,20.37763042655151,3.2825401811968877,0.4416675709329322,0.1157958152788914
12.3125,53.296544133333654,20.347469251031512,3.2767384111019435,0.4408662743065941,0.11558511642456064
12.316666666666668,53.248663569564904,20.317342225492066,3.2709465814998238,0.4400664255919645,0.11537480054863737
12.320833333333333,53.20077947448921,20.287249342904556,3.2651646765023217,0.43926802219116934,0.11516486695495055
12.325000000000001,53.15289193611568,20.257190596137043,3.259392680243663,0.4384710615108046,0.11495531494853661
12.329166666666667,53.10500102820884,20.227165977954815,3.2536305768805214,0.43767554096192945,0.11474614383563712
12.333333333333334,53.057106843312,20.19717548102074,3.247878350592014,0.436881457960055,0.1145373529236958
12.3375,53.00920947682029,20.16721909789565,3.2421359855796825,0.43608880992513394,0.11432894152135502
12.341666666666667,52.96130901668518,20.137296821038902,3.2364034660675216,0.4352975942815529,0.11412090893845367
12.345833333333333,52.91340555086978,20.107408642808622,3.2306807763019454,0.4345078084581207,0.11391325448602344
12.350000000000001,52.86549916734846,20.07755455546227,3.224967900551811,0.4337194498880599,0.1137059774762864
12.354166666666666,52.81758995410617,20.04773455115704,3.219264823108407,0.4329325160089977,0.113499077222652
12.358333333333334,52.76967799913768,20.017948621950175,3.2135715282854407,0.4321470042629534,0.11329255303971354
12.362499999999999,52.721763390447265,19.98819675979955,3.207888000419061,0.4313629120963327,0.11308640424324613
12.366666666666667,52.67384621604779,19.958478956563958,3.2022142238678266,0.4305802369599144,0.11288063015020286
12.370833333333335,52.62592656396035,19.92879520400362,3.1965501830127327,0.42979897630884323,0.11267523007871257
12.375,52.57800452221354,19.89914549378061,3.190895862257195,0.42901912760261945,0.1124702033480765
12.379166666666668,52.530080178842766,19.869529817459146,3.185251246027041,0.42824068830508755,0.11226554927876518
12.383333333333333,52.48215362188991,19.839948166506225,3.1796163187705293,0.4274636558844298,0.1120612671924161
12.387500000000001,52.43422493940233,19.810400532291844,3.173991064958321,0.42668802781315296,0.11185735641182999
12.391666666666667,52.38629421943265,19.780886906089552,3.168375469083503,0.42591380156808184,0.11165381626096842
12.395833333333334,52.33836155003792,19.751407279076847,3.1627695156615765,0.4251409746303478,0.1114506460649509
12.4,52.29042701927897,19.72196164233552,3.1571731892304453,0.42436954448537817,0.11124784515005122
12.404166666666667,52.242490715220036,19.6925499868522,3.1515864743504305,0.42359950862288986,0.11104541284369546
12.408333333333333,52.19455272592788,19.663172303518646,3.146009355604256,0.4228308645368756,0.11084334847445809
12.412500000000001,52.14661313947138,19.633828583132306,3.1404417954338273,0.42206360972559764,0.11064165137205989
12.416666666666666,52.098672043920914,19.60451881639664,3.134883788356234,0.4212977416915769,0.11044032086736451
12.420833333333334,52.05072952734753,19.57524299392153,3.12933532945248,0.4205332579415814,0.11023935629237536
12.424999999999999,52.00278567782269,19.546001106223805,3.1237964033506276,0.41977015598662054,0.11003875698023323
12.429166666666667,51.95484058341736,19.516793143727533,3.1182669947006842,0.4190084333419307,0.10983852226521265
12.433333333333335,51.90689433220157,19.48761909676455,3.1127470881746295,0.4182480875269702,0.10963865148271963
12.4375,51.85894701224378,19.458478955574837,3.1072366684664026,0.4174891160654066,0.10943914396928829
12.441666666666668,51.810998711610225,19.429372710306893,3.10173572029189,0.41673151648510715,0.10923999906257771
12.445833333333333,51.76304951836439,19.40030035101828,3.0962442283889464,0.4159752863181313,0.10904121610136974
12.450000000000001,51.71509952056629,19.37126186767588,3.0907621775173677,0.41522042310071766,0.10884279442556505
12.454166666666667,51.66714880627201,19.342257250156457,3.0852895524589123,0.41446692437327765,0.1086447333761811
12.458333333333334,51.61919746353302,19.313286488247027,3.079826338017287,0.4137147876803843,0.10844703229534866
12.4625,51.57124558039552,19.284349571706848,3.074372519018139,0.41296401057076143,0.10824969052630883
12.466666666666667,51.52329324489998,19.25544649023149,3.068928080309076,0.4122145905972766,0.10805270741341047
12.470833333333333,51.475340545080364,19.22657723338363,3.0634930067596358,0.41146652531692873,0.10785608230210669
12.475000000000001,51.42738756896368,19.19774179064383,3.058067283261309,0.4107198122908406,0.10765981453895264
12.479166666666666,51.37943440456934,19.16894015141131,3.052650894727531,0.4099744490842482,0.10746390347160194
12.483333333333334,51.331481139908405,19.14017230500474,3.0472438260936636,0.4092304332664902,0.10726834844880374
12.487499999999999,51.28352786298328,19.111438240663222,3.0418460623170227,0.40848776241100054,0.10707314882040034
12.491666666666667,51.235574661786764,19.08273794754703,3.0364575883768454,0.4077464340952957,0.10687830393732344
12.495833333333335,51.187621614165536,19.054071414738587,3.031078389274314,0.4070064477255585,0.10668381315159187
12.5,51.139668812619924,19.025438631243322,3.025708450032545,0.40626780354068764,0.10648967581630849
12.504166666666668,51.09171634913244,18.996839585990507,3.020347755696574,0.40553049498488114,0.10629589128565665
12.508333333333333,51.04376431157115,18.968274267834296,3.014996291333382,0.4047945196607199,0.10610245891489825
12.512500000000001,50.99581278778922,18.93974266555451,3.0096540420318627,0.40405987517494596,0.10590937806036976
12.516666666666667,50.94786186562465,18.911244767621213,3.004320992902846,0.40332655913845683,0.10571664807948007
12.520833333333334,50.89991163289949,18.8827805621209,2.9989971290790876,0.40259456916629494,0.10552426833070724
12.525,50.8519621774191,18.854350037384037,2.9936824357152556,0.40186390287763796,0.10533223817359519
12.529166666666667,50.804013586971784,18.82595318164934,2.9883768979879526,0.4011345578957923,0.1051405569687515
12.533333333333333,50.75606594932789,18.797589983054287,2.983080501095686,0.4004065318481814,0.10494922407784368
12.537500000000001,50.708119352239436,18.769260429634276,2.977793230258893,0.3996798223663397,0.10475823886359685
12.541666666666666,50.660173883439306,18.74096450932158,2.9725150707199255,0.398954427085902,0.1045676006897905
12.545833333333334,50.61222963064065,18.712702209944258,2.967246007743041,0.3982303436465944,0.10437730892125527
12.549999999999999,50.56428668153635,18.684473519225193,2.9619860266144227,0.3975075696922266,0.10418736292387072
12.554166666666667,50.51634512379827,18.6562784247809,2.9567351126421513,0.3967861028706818,0.10399776206456149
12.558333333333335,50.46840504507672,18.628116914120486,2.9514932511562284,0.396065940833909,0.10380850571129512
12.5625,50.420466532999875,18.599988974644464,2.946260427508561,0.3953470812379138,0.10361959668485166
12.566666666666668,50.37252967517291,18.57189459364349,2.941036627072955,0.39462952174274796,0.1034310321614226
12.570833333333333,50.32459455917775,18.54383375846113,2.935821835245133,0.39391326001250343,0.1032428104784044
12.575000000000001,50.27666127257204,18.515806456799076,2.9306160374427077,0.3931982937153004,0.10305493101331227
12.579166666666667,50.22872990288887,18.487812675892147,2.925419219105202,0.392484620523281,0.10286739314476047
12.583333333333334,50.18080053763595,18.459852402857333,2.92023136569404,0.39177223811259915,0.1026801962524594
12.5875,50.13287326429497,18.431925624731154,2.9150524626925347,0.391061144163411,0.10249333971721276
12.591666666666667,50.0849481703212,18.404032328470787,2.9098824956059066,0.3903513363598681,0.10230682292091571
12.595833333333333,50.037025343142524,18.376172500954862,2.90472144996126,0.38964281239010606,0.10212064524655155
12.600000000000001,49.989104870159146,18.348346128984574,2.8995693113076015,0.3889355699462378,0.10193480607818986
12.604166666666666,49.941186838742794,18.320553199284664,2.8944260652158293,0.3882296067243441,0.10174930480098365
12.608333333333334,49.89327133623606,18.292793698504422,2.8892916972787215,0.3875249204244631,0.10156414080116645
12.612499999999999,49.84535844995193,18.265067613218843,2.8841661931109606,0.38682150875058435,0.10137931346605059
12.616666666666667,49.79744826717301,18.237374929929608,2.8790495383490997,0.38611936941063674,0.10119482218402376
12.620833333333335,49.74954087515101,18.20971563506632,2.8739417186515896,0.38541850011648227,0.1010106663445472
12.625,49.70163636110611,18.182089714943743,2.868842719698763,0.38471889858390623,0.10082684533815284
12.629166666666668,49.65373481222623,18.154497155550533,2.8637525271928257,0.38402056253260725,0.10064335855644047
12.633333333333333,49.60583631566658,18.126937942957337,2.8586711268578786,0.3833234896861905,0.10046020539207587
12.637500000000001,49.557940958548855,18.099412063192315,2.8535985044398884,0.3826276777721565,0.10027738523878751
12.641666666666667,49.510048827960794,18.07191950220231,2.8485346457067076,0.3819331245218943,0.10009489749136463
12.645833333333334,49.46216001095547,18.044460245853262,2.843479536448064,0.38123982767067216,0.09991274154565444
12.65,49.41427459455057,18.0170342799305,2.8384331624755568,0.3805477849576266,0.09973091679855932
12.654166666666667,49.36639266572805,17.989641590139314,2.8333955096226613,0.3798569941257571,0.09954942264803486
12.658333333333333,49.31851431143314,17.96228216210524,2.8283665637447206,0.37916745292191356,0.0993682584930866
12.662500000000001,49.27063961395039,17.934955981374593,2.82334631071895,0.3784791590967903,0.09918742373376818
12.666666666666666,49.22276866273213,17.907663033414874,2.8183347364444384,0.3777921104049163,0.09900691777117847
12.670833333333334,49.174901545981996,17.880403303615164,2.8133318268421292,0.3771063046046447,0.09882674000745868
12.674999999999999,49.12703835045882,17.853176777286713,2.8083375678548452,0.37642173945814683,0.09864688984579068
12.679166666666667,49.079179162880756,17.825983439669617,2.8033519454472593,0.37573841273140046,0.09846736669039341
12.683333333333335,49.03132406992481,17.7988232760082,2.798374945605917,0.37505632219418317,0.09828816994652118
12.6875,48.98347315822619,17.77169627142517,2.7934065543392244,0.37437546562006274,0.09810929902046091
12.691666666666668,48.93562651437755,17.74460241094247,2.788446737736175,0.3736958407863869,0.09793075331952907
12.695833333333333,48.88778422492858,17.717541679505032,2.7834954821177096,0.3730174454742773,0.09775253225206999
12.700000000000001,48.83994637638511,17.690514061980558,2.7785527905067564,0.3723402774686172,0.0975746352274525
12.704166666666667,48.792113055208716,17.663519543159563,2.77361864891547,0.37166433455804593,0.09739706165606793
12.708333333333334,48.74428434781603,17.636558107755214,2.768693043376822,0.3709896145349482,0.09721981094932758
12.7125,48.69646034057795,17.609629740403136,2.7637759599445832,0.3703161151954443,0.09704288251965945
12.716666666666667,48.64864111981929,17.582734425661357,2.758867384693346,0.36964383433938436,0.09686627578050686
12.720833333333333,48.600826771817864,17.555872148009986,2.753967303718499,0.36897276977033555,0.09668999014632462
12.725000000000001,48.553017382804114,17.52904289185108,2.749075703136248,0.3683029192955766,0.0965140250325777
12.729166666666666,48.50521303896032,17.50224664150837,2.744192569083601,0.3676342807260875,0.09633837985573789
12.733333333333334,48.45741382641998,17.475483382118547,2.7393178877183653,0.3669668518765396,0.0961630540332813
12.737499999999999,48.40961983126732,17.44875309577778,2.7344516452191585,0.36630063056528905,0.09598804698368636
12.741666666666667,48.361831139536434,17.42205576784535,2.729593827785389,0.3656356146143655,0.09581335812643052
12.745833333333335,48.31404783721091,17.39539138233334,2.7247444216372734,0.36497180184946526,0.0956389868819884
12.75,48.26627001022307,17.368759923182935,2.719903413015828,0.3643091900999415,0.0954649326718289
12.754166666666668,48.21849774445326,17.342161374264762,2.7150707881828566,0.36364777719879476,0.09529119491841245
12.758333333333333,48.17073112572948,17.315595719379285,2.710246533420969,0.3629875609826658,0.09511777304518906
12.762500000000001,48.122970239826444,17.289062942257,2.705430635033558,0.3623285392918243,0.09494466647659501
12.766666666666667,48.07521517246522,17.26256302655887,2.7006230793448207,0.3616707099701627,0.09477187463805108
12.770833333333334,48.027466009312484,17.236095955876593,2.695823852699742,0.3610140708651858,0.09459939695595955
12.775,47.97972283597985,17.209661713732874,2.6910329414640892,0.3603586198280009,0.09442723285770152
12.779166666666667,47.931985738023386,17.183260283581834,2.6862503320244318,0.35970435471331186,0.09425538177163494
12.783333333333333,47.8842548009428,17.156891648809204,2.6814760107881126,0.35905127337940684,0.09408384312709134
12.787500000000001,47.83653011018102,17.130555792732757,2.676709964183272,0.35839937368815206,0.09391261635437392
12.791666666666666,47.788811751123454,17.104252698556635,2.671952178658832,0.3577486535049823,0.09374170088475478
12.795833333333334,47.74109980909733,17.0779823493979,2.667202640684491,0.35709911069889017,0.09357109615047202
12.800000000000002,47.69339436937118,17.051744728339774,2.662461336750739,0.3564507431424199,0.09340080158472777
12.804166666666667,47.64569551715416,17.025539818395387,2.6577282533688447,0.35580354871165776,0.09323081662168543
12.808333333333335,47.598003337595365,16.99936760250795,2.6530033770708488,0.355157525286221,0.09306114069646679
12.8125,47.55031791578338,16.973228063551144,2.6482866944095806,0.3545126707492525,0.09289177324515012
12.816666666666668,47.502639336745425,16.947121184329223,2.6435781919586363,0.35386898298740876,0.09272271370476691
12.820833333333335,47.45496768544695,16.921046947577405,2.6388778563123956,0.3532264598908531,0.09255396151329993
12.825000000000001,47.40730304679091,16.895005335962054,2.63418567408601,0.3525851075054448,0.09238551610968057
12.829166666666667,47.359645509785466,16.86899633211026,2.629501631915399,0.35194491715477955,0.09221737693378573
12.833333333333334,47.31199515636313,16.843019918642195,2.624825716457261,0.35130588561942977,0.0920495434264362
12.8375,47.26435207033573,16.81707607804727,2.6201579143890577,0.35066801081445326,0.09188201502939321
12.841666666666669,47.21671633636671,16.79116479274188,2.6154982124090234,0.35003129065851313,0.09171479118535655
12.845833333333333,47.169088039054294,16.76528604507309,2.6108465972361645,0.3493957230738687,0.09154787133796187
12.850000000000001,47.12146726293071,16.739439817318285,2.6062030556102416,0.3487613059863661,0.09138125493177762
12.854166666666666,47.07385409246187,16.713626091685015,2.601567574291794,0.34812803732543307,0.09121494141230348
12.858333333333334,47.02624861204645,16.68784485031059,2.5969401400621117,0.34749591502406757,0.09104893022596669
12.862500000000002,46.97865090601549,16.66209607526192,2.5923207397232573,0.34686493701883286,0.0908832208201205
12.866666666666667,46.93106105863171,16.63637974853998,2.587709360098052,0.3462351012498479,0.09071781264304113
12.870833333333335,46.883479154088796,16.610695852114013,2.5831059880300726,0.34560640566077827,0.09055270514392504
12.875,46.83590527651098,16.585044367869365,2.5785106103836615,0.3449788481988306,0.09038789777288697
12.879166666666668,46.7883395099522,16.559425277618182,2.573923214043909,0.34435242681474204,0.09022338998095673
12.883333333333335,46.74078193839567,16.533838563105917,2.569343785916671,0.343727139462774,0.09005918122007728
12.887500000000001,46.6932326457532,16.508284206011407,2.564772312928555,0.34310298410070367,0.08989527094310182
12.891666666666667,46.64569171586449,16.4827621879469,2.5602087820269177,0.3424799586898144,0.08973165860379108
12.895833333333334,46.598159232496684,16.45727249045823,2.5556531801798767,0.34185806119489043,0.08956834365681138
12.9,46.550635279343595,16.43181509502478,2.55110549437629,0.3412372895842061,0.08940532555773134
12.904166666666669,46.50311994002519,16.40638998306049,2.5465657116257745,0.3406176418295199,0.08924260376302003
12.908333333333333,46.45561329808699,16.38099713595392,2.542033803786992,0.3399991159060656,0.08908017773004397
12.912500000000001,46.408115436999275,16.35563653502357,2.5375097548571866,0.3393817097925428,0.08891804691706456
12.916666666666666,46.360626440156786,16.33030816150566,2.5329935678331306,0.338765421471112,0.08875621078323605
12.920833333333334,46.313146390877755,16.30501199657219,2.5284852297366625,0.338150248927383,0.088594672737508
12.925000000000002,46.265675372403585,16.27974802133119,2.5239847276094904,0.3375361901504098,0.08843342954018973
12.929166666666667,46.21821346789809,16.25451621682668,2.519492048513186,0.3369232431326813,0.08827247962125592
12.933333333333335,46.17076076044684,16.229316564038726,2.5150071795291717,0.336311405870112,0.08811182244796857
12.9375,46.12331733305672,16.204149043883604,2.510530107758739,0.33570067636203693,0.0879514574885222
12.941666666666668,46.0758832686551,16.179013637213735,2.5060608203230292,0.3350910526112,0.08779138421204075
12.945833333333335,46.0284586500894,16.15391033847048,2.5015993043630464,0.3344825326237493,0.08763160208857589
12.950000000000001,45.98104356012645,16.128839095794724,2.49714554703965,0.33387511440922724,0.08747211058910462
12.954166666666667,45.93363808145171,16.103799910718333,2.4926995355335477,0.33326879598056175,0.08731290918552657
12.958333333333334,45.88624229666893,16.078792763414487,2.488261257045309,0.3326635753540607,0.08715399735066238
12.9625,45.838856288299255,16.05381763406024,2.4838306987953476,0.3320594505494011,0.08699537455825081
12.966666666666669,45.79148013878085,16.028874502836622,2.479407848023933,0.33145641958962324,0.08683704028294686
12.970833333333333,45.74411393046817,16.003963349928586,2.474992691991186,0.3308544805011216,0.08667899400031946
12.975000000000001,45.6967577456313,15.979084155524973,2.4705852179770686,0.33025363131363616,0.0865212351868487
12.979166666666666,45.64941166645553,15.954236899818591,2.466185413281402,0.32965387006024627,0.08636376331992442
12.983333333333334,45.60207577504046,15.929421562897645,2.46179326522384,0.32905519477736017,0.08620657787784293
12.987500000000002,45.554750153399716,15.9046381244911,2.457408761143893,0.3284576035047092,0.08604967833980558
12.991666666666667,45.507434883460114,15.879886564663547,2.453031888400913,0.32786109428533844,0.08589306418591607
12.995833333333335,45.46013004706103,15.855166863525374,2.4486626343740903,0.3272656651655984,0.08573673489717801
13.0,45.41283572595402,15.830479001191286,2.4443009864624625,0.32667131419513845,0.08558068995549314
13.004166666666668,45.36555200180192,15.80582295778019,2.4399469320849034,0.3260780394268966,0.08542492884365846
13.008333333333335,45.31827895617847,15.781198713415298,2.4356004586801308,0.3254858389170936,0.08526945104536444
13.012500000000001,45.27101667056759,15.756606248224056,2.431261553706702,0.324894710725224,0.08511425604519259
13.016666666666667,45.22376522636273,15.732045542338119,2.4269302046430035,0.32430465291404714,0.08495934332861278
13.020833333333334,45.17652470486643,15.707516575893433,2.4226063989872695,0.3237156635495809,0.08480471238198173
13.025,45.12929518728947,15.683019329030113,2.418290124257558,0.32312774070109185,0.08465036269253993
13.029166666666669,45.0820767547505,15.658553781608367,2.4139813679917697,0.32254088244108875,0.08449629374840997
13.033333333333333,45.034869488275326,15.63411991119924,2.409680117747639,0.32195508684531393,0.08434250503859397
13.037500000000001,44.98767346879618,15.609717696888431,2.4053863611027224,0.321370351992734,0.08418899605297114
13.041666666666666,44.940488777151366,15.585347118274212,2.4011000856544196,0.3207866759655344,0.08403576628229599
13.045833333333334,44.89331551608472,15.56100815495925,2.3968212790199486,0.32020405684910835,0.08388281521819546
13.050000000000002,44.84615375466913,15.536700786550684,2.392549928836365,0.31962249273205146,0.08373014235316711
13.054166666666667,44.7990035655517,15.51242499266009,2.3882860227605502,0.31904198170615217,0.08357774718057667
13.058333333333335,44.751865029287465,15.488180752903416,2.384029548469207,0.3184625218663834,0.08342562919465554
13.0625,44.7047382263366,15.463968046901098,2.379780493658871,0.3178841113108961,0.08327378789049902
13.066666666666668,44.65762323706359,15.439786854277912,2.375538846045894,0.3173067481410093,0.0831222227640633
13.070833333333335,44.61052014173682,15.41563715466309,2.3713045933664576,0.31673043046120336,0.08297093331216394
13.075000000000001,44.56342902052794,15.391518927592257,2.367077723376567,0.31615515637911207,0.08281991903247317
13.079166666666667,44.51634995351115,15.3674321500386,2.36285822385204,0.31558092400551285,0.08266917942351748
13.083333333333334,44.46928302066286,15.343376799964577,2.3586460825885247,0.3150077314543211,0.08251871398467582
13.0875,44.422228301860834,15.319352856365953,2.3544412874014777,0.3144355768425796,0.08236852221617667
13.091666666666669,44.37518587688382,15.295360298242874,2.350243826126182,0.31386445829045306,0.08221860361909646
13.095833333333333,44.32815582541089,15.271399104599851,2.346053686617737,0.31329437392121834,0.0820689576953568
13.100000000000001,44.28113822702074,15.24746925444569,2.3418708567510507,0.31272532186125607,0.08191958394772222
13.104166666666666,44.234133161191295,15.223570726793586,2.337695324420856,0.31215730024004495,0.08177048187979824
13.108333333333334,44.18714070729899,15.19970350066103,2.33352707754169,0.31159030719015024,0.08162165099602857
13.112500000000002,44.140160944618216,15.175867555069859,2.3293661040479083,0.31102434084721886,0.08147309080169335
13.116666666666667,44.09319395232083,15.152062869046246,2.3252123918936793,0.31045939934997013,0.08132480080290659
13.120833333333335,44.046239809475324,15.128289421617808,2.3210659290529763,0.30989548084018653,0.08117678050661373
13.125,43.99929859504657,15.104547189837985,2.316926691216696,0.30933258346270787,0.08102902942058982
13.129166666666668,43.95237038789491,15.08083615062334,2.3127946606256065,0.3087707053654212,0.08088154705343664
13.133333333333335,43.90545526677583,15.057156282398493,2.308669841290619,0.3082098446992542,0.08073433291458103
13.137500000000001,43.85855331033927,15.0335075635924,2.304552221200255,0.3076499996181669,0.08058738651427229
13.141666666666667,43.81166459712894,15.009889972638272,2.300441788362027,0.3070911682791423,0.08044070736357967
13.145833333333334,43.764789205581934,14.98630348797369,2.2963385308024487,0.30653334884218053,0.08029429497439072
13.15,43.71792721402798,14.962748088040485,2.29224243656702,0.30597653947028813,0.0801481488594082
13.154166666666669,43.671078700688966,14.93922375128481,2.2881534937202423,0.305420738329473,0.08000226853214858
13.158333333333333,43.62424374367831,14.91573045615712,2.2840716903456055,0.30486594358873403,0.07985665350693934
13.162500000000001,43.577422421000335,14.892268181112103,2.2799970145455846,0.30431215342005363,0.0797113032989165
13.166666666666666,43.53061481054977,14.868836904608779,2.275929454441654,0.3037593659983905,0.07956621742402296
13.170833333333334,43.48382099011109,14.845436603491438,2.271868998174268,0.3032075795016699,0.07942139539900549
13.175000000000002,43.43704103735798,14.822067253092538,2.267815633902874,0.30265679211077784,0.07927683674141299
13.179166666666667,43.390275029852795,14.798728831267846,2.263769349805907,0.3021070020095514,0.07913254096959414
13.183333333333335,43.34352304504579,14.775421315925602,2.25973013408078,0.3015582101664744,0.07898850760269463
13.1875,43.29678516027482,14.752144684978402,2.2556979749439017,0.3010104218887246,0.07884473616065563
13.191666666666668,43.25006145276448,14.728898916343097,2.2516728606306526,0.3004636260764347,0.07870122616421077
13.195833333333335,43.2033519996257,14.705683987940857,2.2476547793954045,0.29991782093976804,0.07855797713488445
13.200000000000001,43.15665687785516,14.682499877697131,2.2436437195115095,0.29937300469199035,0.07841498859498931
13.204166666666667,43.10997616433455,14.65934656354162,2.2396396692712957,0.29882917554946126,0.07827226006762374
13.208333333333334,43.0633099358302,14.636224023408342,2.235642616986077,0.2982863317316295,0.07812979107667005
13.2125,43.016658268992316,14.613132235235529,2.231652550986139,0.2977444714610236,0.07798758114679173
13.216666666666669,42.970021240354505,14.590071176965708,2.2276694596207505,0.2972035929632472,0.0778456298034315
13.220833333333333,42.92339892633322,14.567040826545666,2.2236933312581577,0.29666369446697066,0.07770393657280901
13.225000000000001,42.87679140322702,14.54404116192639,2.2197241542855757,0.2961247742039238,0.07756250098191815
13.229166666666666,42.8301987472162,14.521072161063165,2.2157619171092025,0.29558683040889083,0.0774213225585254
13.233333333333334,42.783621034362,14.498133800659252,2.211806608154201,0.29504986131970057,0.0772804008311669
13.237500000000002,42.737058340606204,14.475226053963015,2.207858215864715,0.2945138651772222,0.07713973532914677
13.241666666666667,42.69051074177049,14.452348897818117,2.2039167287038572,0.2939788402253572,0.07699932558253446
13.245833333333335,42.64397831355575,14.42950230942985,2.199982135153706,0.29344478471103114,0.07685917112216235
13.25,42.597461131541735,14.40668626600781,2.1960544237153194,0.2929116968841893,0.07671927147962401
13.254166666666668,42.550959271186194,14.383900744765796,2.1921335829087143,0.292379574997787,0.07657962618727121
13.258333333333335,42.50447280782457,14.361145722921908,2.1882196012728814,0.2918484173077848,0.07644023477821227
13.262500000000001,42.45800185842605,14.338421177698487,2.1843124673657797,0.2913182220731408,0.07630109678630945
13.266666666666667,42.411546484429735,14.315727086322076,2.1804121697643257,0.29078898755580235,0.07616221174617659
13.270833333333334,42.36510673814156,14.293063426023494,2.176518697064412,0.29026071202070186,0.07602357919317713
13.275,42.31868269461633,14.270430174037749,2.1726320378808848,0.2897333937357466,0.07588519866342153
13.279166666666669,42.272274428788165,14.247827307604094,2.1687521808475605,0.28920703097181455,0.07574706969376513
13.283333333333333,42.225882015469914,14.225254803966006,2.164879114617217,0.2886816220027462,0.07560919182180606
13.287500000000001,42.17950552935256,14.202712640371123,2.161012827861588,0.2881571651053367,0.07547156458588238
13.291666666666666,42.13314504500482,14.180200794071343,2.1571533092713757,0.287633658559331,0.07533418752507053
13.295833333333334,42.086800636872404,14.15771924179164,2.153300547556232,0.28711110064741463,0.07519706017918236
13.300000000000002,42.0404723792777,14.135267956532171,2.1494545314447735,0.2865894896552086,0.07506018208876337
13.304166666666667,41.99416034641914,14.11284691406827,2.145615249684577,0.2860688238712618,0.07492355279509033
13.308333333333335,41.94786461237058,14.090456090974499,2.141782691042166,0.2855491015870429,0.07478717184016853
13.3125,41.90158525108094,14.06809546382969,2.1379568443030292,0.2850303210969353,0.07465103876673027
13.316666666666668,41.855322336373476,14.04576500921683,2.1341376982716023,0.2845124806982287,0.07451515311823177
13.320833333333335,41.80907594194544,14.023464703723123,2.130325241771281,0.28399557869111297,0.07437951443885163
13.325000000000001,41.76284614136741,14.001194523939981,2.126519463644412,0.2834796133786711,0.07424412227348812
13.329166666666667,41.71663300808275,13.978954446462946,2.122720352752289,0.2829645830668713,0.07410897823977955
13.333333333333334,41.670436615407205,13.956744447891797,2.118927897975165,0.2824504860645615,0.07397408423231573
13.3375,41.624257036528185,13.934564504830425,2.115142088212235,0.28193732068346095,0.073839435650788
13.341666666666669,41.57809434450439,13.912414593886927,2.111362900375414,0.2814250852381545,0.07370503204873091
13.345833333333333,41.531948612265225,13.890294691673551,2.107590313644735,0.2809137780460853,0.07357087298045385
13.350000000000001,41.485819912610154,13.868204774806667,2.1038243364023663,0.28040339742754644,0.07343695800103882
13.354166666666666,41.43970831820838,13.846144819906828,2.100064957551166,0.27989394170567683,0.07330328666633898
13.358333333333334,41.3936139015981,13.824114715498458,2.0963121660120247,0.27938540920645083,0.07316985853297625
13.362500000000002,41.34753673518613,13.802114631860963,2.0925659507238814,0.2788777982586744,0.07303667315833966
13.366666666666667,41.301476891247276,13.78014443030354,2.088826300643712,0.27837110719397634,0.07290373010058342
13.370833333333335,41.25543444192382,13.758204087390327,2.085093204746529,0.2778653343468012,0.07277102891862451
13.375,41.20940945922503,13.73629357964751,2.081366652025389,0.2773604780544038,0.07263856917214145
13.379166666666668,41.163402015026534,13.714412883563204,2.0776466314913753,0.2768565366568403,0.07250635042157166
13.383333333333335,41.11741218106991,13.69256197558755,2.073933132173619,0.27635350849696305,0.07237437222811
13.387500000000001,41.071440028962094,13.670740832132669,2.070226143119281,0.27585139192041286,0.07224263415370667
13.391666666666667,41.02548563017476,13.648949429572612,2.0665256533935548,0.27535018527561134,0.072111135761065
13.395833333333334,40.979549056043965,13.627187744243466,2.062831652079672,0.27484988691375534,0.07197987661364005
13.4,40.93363037776944,13.60545575244323,2.05914412827889,0.2743504951888085,0.07184885627563603
13.404166666666669,40.887729666414174,13.58375343043192,2.0554630711105046,0.2738520084574957,0.07171807431200487
13.408333333333333,40.84184699290388,13.562080754431507,2.051788469711842,0.2733544250792955,0.07158753028844413
13.412500000000001,40.79598242802636,13.540437700625887,2.048120313238251,0.2728577434164323,0.07145722377139468
13.416666666666666,40.75013604243111,13.518824245160971,2.0444585908631185,0.2723619618338713,0.0713271543280394
13.420833333333334,40.704307906628614,13.497240364141497,2.040803291777852,0.27186707869930915,0.07119732152630061
13.425000000000002,40.65849809099005,13.475686031351827,2.0371544051918904,0.27137309238316937,0.07106772493483855
13.429166666666667,40.61270666574655,13.454161220620616,2.0335119203327006,0.27088000125859407,0.07093836412304934
13.433333333333335,40.56693370098873,13.432665907593538,2.0298758264457684,0.2703878037014365,0.07080923866106276
13.4375,40.521179266666216,13.411200067869288,2.026246112794612,0.26989649809025584,0.07068034811974075
13.441666666666668,40.475443432587035,13.38976367699947,2.0226227686607636,0.26940608280630796,0.07055169207067494
13.445833333333335,40.429726268417134,13.368356710488676,2.019005783343788,0.2689165562335408,0.07042327008618524
13.450000000000001,40.38402784367986,13.346979143794469,2.0153951461612687,0.268427916758586,0.07029508173931762
13.454166666666667,40.33834822775531,13.32563095232731,2.011790846448805,0.2679401627707515,0.07016712660384192
13.458333333333334,40.29268748988003,13.30431211145067,2.0081928735600254,0.2674532926620165,0.07003940425425047
13.4625,40.247045699146184,13.283022596480917,2.004601216866568,0.2669673048270219,0.06991191426575558
13.466666666666669,40.201422924501315,13.261762382687403,2.001015865758097,0.26648219766306597,0.06978465621428795
13.470833333333333,40.15581923474766,13.240531445292428,1.9974368096422928,0.2659979695700958,0.06965762967649473
13.475000000000001,40.11023469854159,13.219329759471176,1.9938640379448476,0.2655146189507,0.06953083422973713
13.479166666666666,40.064669418534386,13.198157300351848,1.9902975401094771,0.2650321442101036,0.06940426945208913
13.483333333333334,40.01912346204198,13.177014043015506,1.986737305597904,0.2645505437561588,0.06927793492233492
13.487500000000002,39.97359687091503,13.155899962496195,1.983183323889872,0.2640698159993397,0.06915183021996735
13.491666666666667,39.928089713561945,13.134815033780889,1.9796355844831355,0.26358995935273505,0.06902595492518596
13.495833333333335,39.88260205825198,13.113759231809452,1.9760940768934587,0.26311097223204016,0.06890030861889464
13.5,39.83713397311486,13.092732531474724,1.9725587906546234,0.2626328530555516,0.06877489088270025
13.504166666666668,39.79168552614029,13.071734907622412,1.9690297153184149,0.26215560024415857,0.06864970129891017
13.508333333333335,39.74625678517763,13.050766335051192,1.9655068404546343,0.26167921222133755,0.06852473945053066
13.512500000000001,39.70084781793544,13.029826788512652,1.9619901556510917,0.26120368741314454,0.06840000492126491
13.516666666666667,39.65545869198095,13.008916242711255,1.9584796505136004,0.2607290242482073,0.06827549729551077
13.520833333333334,39.610089474739866,12.98803467230443,1.9549753146659878,0.2602552211577203,0.06815121615835931
13.525,39.56474023349569,12.967182051902467,1.9514771377500808,0.2597822765754356,0.06802716109559226
13.529166666666669,39.51941103538953,12.946358356068597,1.9479851094257186,0.2593101889376578,0.06790333169368065
13.533333333333333,39.4741019474196,12.92556355931896,1.9444992193707444,0.25883895668323614,0.06777972753978262
13.537500000000001,39.428813036440665,12.904797636122556,1.941019457281,0.258368578253557,0.06765634822174116
13.541666666666666,39.3835443691639,12.88406056090134,1.9375458128703382,0.2578990520925385,0.06753319332808282
13.545833333333334,39.33829601215616,12.86335230803011,1.9340782758706074,0.25743038350537517,0.06741026244801505
13.550000000000002,39.29306803183985,12.842672851836594,1.9306168360316633,0.2569625695807748,0.06728755517142487
13.554166666666667,39.247860494492336,12.822022166601412,1.927161483121361,0.2564956038580871,0.06716507108887658
13.558333333333335,39.2026734662455,12.801400226558046,1.9237121956345833,0.25602948480534243,0.06704280979160969
13.5625,39.15750701308549,12.780807005892894,1.9202689490489027,0.255564210893251,0.06692077087153747
13.566666666666668,39.11236120085209,12.760242478745203,1.9168317562452606,0.2550997805951952,0.06679895392124437
13.570833333333335,39.06723609523852,12.73970661920713,1.9134006069845655,0.25463619238722585,0.0666773585339846
13.575000000000001,39.022131761790874,12.719199401323714,1.909975491044738,0.2541734447480548,0.06655598430368
13.579166666666667,38.97704826590767,12.698720801352914,1.906556398220701,0.2537115361590488,0.06643483082491784
13.583333333333334,38.93198567283962,12.6782707967577,1.9031433183243958,0.253250465104225,0.06631389769294933
13.5875,38.886944047688985,12.657849361918597,1.8997362411847618,0.25279023007024326,0.06619318450368722
13.591666666666669,38.841923455409315,12.637456471156,1.8963351566477544,0.25233082954640185,0.06607269085370425
13.595833333333333,38.79692396080503,12.617092098754892,1.8929400545763333,0.25187226202463087,0.065952416340231
13.600000000000001,38.751945628530834,12.596756218964778,1.8895509248504603,0.25141452599948544,0.06583236056115375
13.604166666666666,38.706988523091574,12.576448805999776,1.8861677573671096,0.25095761996814187,0.06571252311501305
13.608333333333334,38.662052708841514,12.556169834038519,1.8827905420402513,0.250501542430389,0.06559290360100112
13.612500000000002,38.61713824998419,12.535919277224231,1.8794192688008657,0.2500462918886251,0.0654735016189605
13.616666666666667,38.572245210571836,12.515697109664686,1.876053927596936,0.2495918668478502,0.06535431676938186
13.620833333333335,38.52737365450497,12.49550330543218,1.8726945083934416,0.24913826581566006,0.06523534865340175
13.625,38.482523645532105,12.47533783856359,1.8693410011723717,0.24868548730224171,0.06511659687280125
13.629166666666668,38.437695247249124,12.455200683060294,1.8659933959327084,0.2482335298203656,0.06499806103000344
13.633333333333335,38.39288852309906,12.435091812888245,1.862651682690439,0.24778239188538148,0.06487974072807189
13.637500000000001,38.348103536371625,12.415011201977924,1.8593158514785502,0.24733207201521157,0.06476163557070853
13.641666666666667,38.30334035020268,12.394958824224311,1.8559858923470223,0.2468825687303442,0.06464374516225162
13.645833333333334,38.25859902869826,12.374934653486955,1.8526617953628401,0.24643388055382923,0.06452606910767394
13.65,38.21387966665845,12.354938663589884,1.8493435506099787,0.24598600601127055,0.06440860701258075
13.654166666666669,38.169182297169755,12.33497082832168,1.8460311481894154,0.24553894363082157,0.06429135848320792
13.658333333333333,38.12450698292875,12.315031121435435,1.8427245782191213,0.24509269194317884,0.06417432312642002
13.662500000000001,38.079853786481046,12.295119516648727,1.839423830834059,0.24464724948157507,0.06405750054970803
13.666666666666666,38.03522277022113,12.27523598764367,1.8361288961861917,0.2442026147817751,0.06394089036118801
13.670833333333334,37.99061399639181,12.255380508066857,1.8328397644444696,0.24375878638206827,0.06382449216959846
13.675000000000002,37.94602752708399,12.235553051529394,1.8295564257948396,0.24331576282326373,0.0637083055842989
13.679166666666667,37.9014634242363,12.215753591606894,1.8262788704402413,0.24287354264868408,0.06359233021526776
13.683333333333335,37.85692174963461,12.19598210183943,1.823007088600601,0.24243212440415873,0.06347656567310023
13.6875,37.8124025649119,12.176238555731596,1.819741070512843,0.2419915066380196,0.06336101156900663
13.691666666666668,37.767905931547645,12.156522926752436,1.8164808064308726,0.24155168790109324,0.06324566751481016
13.695833333333335,37.72343191086769,12.136835188335503,1.8132262866255915,0.24111266674669676,0.06313053312294525
13.700000000000001,37.678980564043776,12.117175313878825,1.8099775013848882,0.2406744417306309,0.06301560800645548
13.704166666666667,37.63455195209313,12.097543276744876,1.8067344410136366,0.24023701141117373,0.06290089177899137
13.708333333333334,37.59014613587829,12.07793905026063,1.803497095833701,0.23980037434907617,0.062786384054809
13.7125,37.54576317610653,12.058362607717491,1.8002654561839284,0.23936452910755418,0.06267208444876743
13.716666666666669,37.50140313332969,12.038813922371356,1.7970395124201546,0.2389294742522848,0.06255799257632728
13.720833333333333,37.457066067943735,12.019292967442576,1.793819254915202,0.238495208351399,0.062444108053548525
13.725000000000001,37.41275204018834,11.999799716115918,1.7906046740588706,0.23806172997547556,0.06233043049708841
13.729166666666666,37.36846111014671,11.98033414154065,1.7873957602579527,0.23762903769753632,0.062216959524199936
13.733333333333334,37.324193337744994,11.960896218757899,1.7841925039362156,0.237197130093039,0.06210369475272938
13.737500000000002,37.279948782752136,11.94148592552418,1.780994895534414,0.23676600573987222,0.061990635801114746
13.741666666666667,37.23572750477944,11.92210323558191,1.777802925510285,0.23633566321834948,0.06187778808492072
13.745833333333335,37.19152956328012,11.902748122483956,1.7746165843385409,0.23590610111120214,0.06176514657525487
13.75,37.14735501754915,11.8834205597615,1.7714358625108813,0.23547731800357538,0.061652710033040604
13.754166666666668,37.10320392672266,11.864120520923928,1.7682607505359778,0.23504931248302022,0.06154047808514641
13.758333333333335,37.05907634977781,11.8448479794589,1.765091238939488,0.2346220831394894,0.061428450359092536
13.762500000000001,37.01497234553234,11.825602908832328,1.7619273182640456,0.2341956285653308,0.06131662648304917
13.766666666666667,36.970891972644125,11.80638528248833,1.7587689790692578,0.23376994735528045,0.06120500608583475
13.770833333333334,36.926835289611,11.787195073849297,1.7556162119317158,0.2333450381064588,0.06109358879691463
13.775,36.88280235477022,11.768032256315813,1.752468997992605,0.23292089941836236,0.060982374246399136
13.779166666666669,36.838793226298264,11.748896803266712,1.7493273098620816,0.2324975298928601,0.06087136206504235
13.783333333333333,36.794807962210406,11.729788688059044,1.7461911630577542,0.23207492813418604,0.060760551884240295
13.787500000000001,36.7508466203603,11.710707884028052,1.7430605481449726,0.2316530927489333,0.06064994333602916
13.791666666666666,36.70690925843978,11.691654364487224,1.739935455705081,0.23123202234604945,0.06053953605308418
13.795833333333334,36.662995933978316,11.672628102728211,1.7368158763354002,0.23081171553682886,0.06042932966871748
13.800000000000002,36.61910670434283,11.653629072020896,1.73370180064924,0.23039217093490832,0.06031932381687697
13.804166666666667,36.575241626737295,11.634657245613356,1.7305932192758937,0.2299733871562606,0.06020951813214445
13.808333333333335,36.53140075820222,11.615712596731829,1.7274901228606323,0.2295553628191876,0.06009991224973397
13.8125,36.487584155614584,11.596795098580778,1.7243925020647144,0.22913809654431616,0.05999050580549059
13.816666666666668,36.443791890959105,11.5779047243428,1.721300347565375,0.22872158695459052,0.05988129843588824
13.820833333333335,36.400024021878465,11.55904144717871,1.7182136500558338,0.22830583267526763,0.05977228977802863
13.825000000000001,36.35628059156174,11.540205240227479,1.7151324002452915,0.22789083233391078,0.05966347946963943
13.829166666666667,36.31256165638818,11.521396076606225,1.712056588858922,0.22747658456038275,0.05955486714907249
13.833333333333334,36.26886727257612,11.50261392941026,1.708986206637887,0.22706308798684213,0.05944645245530268
13.8375,36.225197496182396,11.48385877171301,1.7059212443393172,0.22665034124773464,0.059338235027925776
13.841666666666669,36.181552383102314,11.465130576566091,1.7028616927363294,0.22623834297978962,0.05923021450715732
13.845833333333333,36.13793198906916,11.446429316999257,1.6998075426180148,0.22582709182201302,0.05912239053383079
13.850000000000001,36.094336369653945,11.427754966020373,1.6967587847894379,0.22541658641568085,0.05901476274939588
13.854166666666666,36.050765580265185,11.409107496615484,1.6937154100716465,0.22500682540433484,0.05890733079591726
13.858333333333334,36.00721967614843,11.390486881748727,1.6906774093016548,0.22459780743377486,0.05880009431607257
13.862500000000002,35.96369871238615,11.371893094362386,1.6876447733324595,0.22418953115205456,0.058693052953151165
13.866666666666667,35.92020274389733,11.353326107376883,1.68461749303303,0.2237819952094746,0.05858620635105233
13.870833333333335,35.87673182543713,11.334785893690707,1.681595559288305,0.22337519825857613,0.05847955415428363
13.875,35.83328601159671,11.316272426180515,1.678578962999203,0.22296913895413656,0.05837309600795956
13.879166666666668,35.78986535680278,11.297785677701022,1.6755676950826082,0.22256381595316177,0.05826683155779959
13.883333333333335,35.74646991531744,11.279325621085077,1.672561746471383,0.2221592279148817,0.058160760450126886
13.887500000000001,35.70309974123779,11.260892229787078,1.6695611081143586,0.22175537350074395,0.05805488233186661
13.891666666666667,35.65975488849563,11.242485479042134,1.6665657709763355,0.22135225137440698,0.05794919685054413
13.895833333333334,35.6164354108572,11.224105342084234,1.6635757260380886,0.22094986020173574,0.05784370365428379
13.9,35.573141361922815,11.205751791926119,1.6605909642963574,0.2205481986507943,0.057738402391806894
13.904166666666669,35.529872795126664,11.187424801565433,1.657611476763854,0.2201472653918412,0.057633292712430444
13.908333333333333,35.486629763736445,11.169124343984702,1.6546372544692607,0.2197470675332019,0.05752837426606547
13.912500000000001,35.44341232085298,11.150850392151307,1.6516682884572216,0.21934759640568,0.05742364670321515
13.916666666666666,35.40022051941013,11.132602919017517,1.6487045697883558,0.21894885004253725,0.057319109674973674
13.920833333333334,35.35705441217422,11.114381897520447,1.6457460895392424,0.21855082713346127,0.05721476283302419
13.925000000000002,35.313914051744014,11.096187300582077,1.642792838802432,0.21815352637044333,0.05711060582963757
13.929166666666667,35.27079949055022,11.07801910110926,1.6398448086864397,0.2177569464477736,0.057006638317670666
13.933333333333335,35.22771078085522,11.059877271993667,1.6369019903157433,0.21736108606203436,0.056902859950564495
13.9375,35.18464797475288,11.041761786111833,1.6339643748307902,0.21696594391209723,0.05679927038234313
13.941666666666668,35.14161112416804,11.023672616325108,1.6310319533879851,0.21657151869911573,0.05669586926761155
13.945833333333335,35.098600280856466,11.005609735479698,1.628104717159702,0.21617780912652193,0.05659265626155444
13.950000000000001,35.05561549640439,10.987573116406644,1.6251826573342782,0.21578481390002074,0.056489631019934566
13.954166666666667,35.01265682222815,10.969562731921767,1.6222657651160082,0.21539253172758385,0.05638679319909076
13.958333333333334,34.96972430957412,10.951578554825756,1.6193540317251545,0.21500096131944652,0.05628414245593696
13.9625,34.926818009518136,10.933620557904067,1.6164474483979352,0.2146101013881004,0.05618167844795999
13.966666666666669,34.8839379729654,10.915688713926999,1.613546006386533,0.21421995064828978,0.05607940083321841
13.970833333333333,34.84108425065012,10.897782995649646,1.6106496969590927,0.21383050781700647,0.05597730927034081
13.975000000000001,34.79825689313511,10.879903375811871,1.6077585113997124,0.21344177161348338,0.05587540341852394
13.979166666666666,34.75545595081167,10.862049827138371,1.6048724410084563,0.21305374075919117,0.05577368293753154
13.983333333333334,34.71268147417288,10.84422232233859,1.601991477101342,0.21266641397783134,0.05567214748769231
13.987500000000002,34.66993355465814,10.82642083410678,1.5991156110103482,0.21227978999533276,0.0555707967298987
13.991666666666667,34.62721220478602,10.808645335121978,1.596244826606454,0.2118938675398457,0.055469630325605146
13.995833333333335,34.58451747447916,10.790895798047947,1.593379093938509,0.21150864534173608,0.05536864793682626
14.0,34.54184941349334,10.773172195533276,1.5905184306538496,0.211124122133582,0.05526784922613564
14.004166666666668,34.49920807141694,10.755474500211255,1.5876628280701757,0.2107402966501668,0.055167233856663896
14.008333333333335,34.456593497670966,10.737802684699982,1.5848122775201705,0.21035716762847542,0.05506680149209729
14.012500000000001,34.41400574150874,10.720156721602283,1.5819667703514906,0.20997473380768863,0.05496655179667616
14.016666666666667,34.37144485201556,10.702536583505719,1.5791262979267664,0.20959299392917735,0.054866484435192986
14.020833333333334,34.32891087810866,10.684942242982624,1.5762908516236074,0.2092119467364989,0.054766599072991265
14.025,34.286403868536816,10.667373672590022,1.5734604228345925,0.2088315909753903,0.054666895375963434
14.029166666666669,34.243923871880256,10.649830844869708,1.570635002967278,0.20845192539376448,0.0545673730105497
14.033333333333333,34.20147093655036,10.632313732348202,1.5678145834441943,0.20807294874170468,0.054468031643736196
14.037500000000001,34.15904511078936,10.614822307536706,1.564999155702841,0.20769465977145854,0.05436887094305335
14.041666666666666,34.1166464426703,10.597356450696386,1.562188711195694,0.20731705723743463,0.0542698905765745
14.045833333333334,34.0742749800966,10.579916333751509,1.5593832413901971,0.2069401398961953,0.05417109021291399
14.050000000000002,34.031930770801985,10.562501823918739,1.5565827377687678,0.20656390650645368,0.05407246952122588
14.054166666666667,33.98961386235021,10.545112893996809,1.5537871918287962,0.20618835582906705,0.053974028171202254
14.058333333333335,33.94732430213474,10.52774951676951,1.5509965950826374,0.20581348662703192,0.05387576583307135
14.0625,33.90506213737871,10.510411665005956,1.5482109390576224,0.20543929766547964,0.05377768217759646
14.066666666666668,33.86282741513447,10.493099311460623,1.545430215296045,0.2050657877116703,0.05367977687607377
14.070833333333335,33.820620182283555,10.475812428873622,1.5426544153551731,0.20469295553498856,0.053582049600331264
14.075000000000001,33.77844048553638,10.45855098997081,1.539883530807243,0.20432079990693805,0.05348450002272691
14.079166666666667,33.73628837143193,10.441314967463933,1.537117553239452,0.2039493196011357,0.05338712781614684
14.083333333333334,33.69416388633771,10.424104334050856,1.534356474253974,0.20357851339330796,0.053289932654004224
14.0875,33.65206707644932,10.406919062415643,1.5316002854679405,0.20320838006128414,0.05319291421023721
14.091666666666669,33.609997987790386,10.3897591252288,1.5288489785134558,0.20283891838499252,0.05309607215930763
14.095833333333333,33.56795666621227,10.372624495147397,1.526102545037589,0.2024701271464549,0.05299940617619936
14.100000000000001,33.525943157393776,10.355515144815207,1.5233609767023701,0.20210200512978063,0.05290291593641644
14.104166666666666,33.483957506841065,10.338431046862945,1.5206242651847997,0.20173455112116306,0.05280660111598198
14.108333333333334,33.44199975988728,10.32137217390834,1.5178924021768374,0.20136776390887254,0.05271046139143597
14.112500000000002,33.400069961692424,10.30433849855637,1.51516537938541,0.2010016422832531,0.05261449643983422
14.116666666666667,33.35816815724312,10.287329993399409,1.5124431885324072,0.20063618503671646,0.05251870593874647
14.120833333333335,33.316294391352265,10.27034663101734,1.509725821354679,0.2002713909637363,0.0524230895662547
14.125,33.27444870865899,10.253388383977805,1.5070132696040413,0.19990725886084465,0.05232764700095191
14.129166666666668,33.23263115362824,10.236455224836275,1.5043055250472668,0.1995437875266251,0.05223237792194003
14.133333333333335,33.19084177055072,10.219547126136293,1.5016025794660948,0.19918097576170907,0.05213728200882877
14.137500000000001,33.14908060354257,10.20266406040961,1.4989044246572232,0.19881882236877021,0.052042358941733806
14.141666666666667,33.1073476965451,10.185806000176303,1.4962110524323082,0.19845732615251838,0.05194760840127505
14.145833333333334,33.065643093324674,10.168972917945016,1.4935224546179702,0.1980964859196963,0.05185303006857539
14.15,33.023966837472386,10.152164786213055,1.4908386230557833,0.19773630047907256,0.051758625758059354
14.154166666666669,32.9823189958799,10.135381577466603,1.488159549602285,0.19737676864143802,0.051664396279894755
14.158333333333333,32.94069961613966,10.118623264180863,1.4854852261289713,0.1970178892196,0.05157033828223402
14.162500000000001,32.899108718635446,10.10188981882019,1.4828156445222915,0.19665966102837668,0.05147645145298554
14.166666666666666,32.85754634651609,10.08518121383832,1.4801507966836582,0.19630208288459322,0.05138273548060779
14.170833333333334,32.81601254276111,10.068497421678458,1.4774906745294354,0.19594515360707518,0.05128919005410756
14.175000000000002,32.77450735018071,10.05183841477351,1.4748352699909468,0.19558887201664463,0.05119581486303893
14.179166666666667,32.73303081141562,10.035204165546217,1.472184575014474,0.19523323693611475,0.051102609597501965
14.183333333333335,32.691582968936785,10.018594646409284,1.4695385815612483,0.19487824719028357,0.05100957394814103
14.1875,32.65016386504549,10.002009829765612,1.4668972816074621,0.19452390160593094,0.050916707606144015
14.191666666666668,32.608773541872964,9.985449688008398,1.4642606671442568,0.1941701990118111,0.05082401026324042
14.195833333333335,32.56741204138043,9.968914193723968,1.4616287301777326,0.19381713823864946,0.050731481611700525
14.200000000000001,32.52607940535883,9.952403321551511,1.4590014627289425,0.19346471811913676,0.0506391213443339
14.204166666666667,32.484775675428736,9.935917044639998,1.456378856833889,0.19311293748792305,0.05054692915448786
14.208333333333334,32.44350089304022,9.919455335543494,1.4537608988633646,0.19276179518161443,0.05045490473604654
14.2125,32.40225509947265,9.903018166812569,1.4511475558340958,0.19241129003876606,0.05036304778342915
14.216666666666669,32.36103833583462,9.886605510994615,1.448538848016472,0.1920614208998785,0.05027135799158905
14.220833333333333,32.31985064306378,9.870217340634001,1.4459347674276253,0.1917121866073918,0.05017983505601223
14.225000000000001,32.27869206192663,9.8538536282723,1.443335306098645,0.1913635860056802,0.05008847867271584
14.229166666666666,32.2375626330185,9.837514346448568,1.4407404560745887,0.191015617941048,0.04999728853824725
14.233333333333334,32.196462396763245,9.821199467699481,1.4381502094144716,0.19066828126172297,0.049906264349682254
14.237500000000002,32.15539139341327,9.804908964559644,1.4355645581912722,0.19032157481785272,0.04981540580462422
14.241666666666667,32.11434966304929,9.788642809561766,1.432983494491932,0.189975497461499,0.04972471260120245
14.245833333333335,32.07333724558016,9.772400975236874,1.4304070104173465,0.18963004804663167,0.04963418443807089
14.25,32.03235418074284,9.756183434114579,1.4278350980823782,0.1892852254291253,0.04954382101440702
14.254166666666668,31.991400508102092,9.739990158723252,1.425267749615843,0.18894102846675231,0.04945362202991014
14.258333333333335,31.950476267050515,9.723821121590284,1.4227049571605197,0.18859745601917932,0.04936358718480051
14.262500000000001,31.909581496808283,9.707676295242303,1.420146712873146,0.18825450694796142,0.04927371617981775
14.266666666666667,31.868716236422976,9.691555652205349,1.417593008924413,0.18791218206007815,0.04918400871621946
14.270833333333334,31.827880524769597,9.675459165005188,1.4150438374989753,0.1875704835746319,0.049094464495780116
14.275,31.787074400550207,9.659386806167435,1.4124991907954385,0.18722940540747732,0.04900508322078953
14.279166666666669,31.746297902293957,9.643338548217855,1.4099590610263688,0.1868889464359946,0.04891586459405171
14.283333333333333,31.7055510683569,9.627314363682562,1.40742344041829,0.18654910553953546,0.048826808318883516
14.287500000000001,31.66483393692175,9.611314225088199,1.4048923212116755,0.1862098815994181,0.048737914099113086
14.291666666666666,31.624146545997895,9.595338104962241,1.4023656956609607,0.18587127349892368,0.0486491816390789
14.295833333333334,31.583488933421084,9.579385975833134,1.3998435560345295,0.18553328012329087,0.04856061064362809
14.300000000000002,31.54286113685345,9.56345781023059,1.3973258946147247,0.18519590035971212,0.048472200818115437
14.304166666666667,31.50226319378327,9.54755358068577,1.3948127036978428,0.184859133097329,0.048383951868401866
14.308333333333335,31.46169514152476,9.531673259731507,1.3923039755941298,0.18452297722722677,0.04829586350085302
14.3125,31.42115701721812,9.515816819902547,1.3897997026277893,0.18418743164243156,0.0482079354223383
14.316666666666668,31.380648857829147,9.499984233735745,1.3872998771369727,0.18385249523790415,0.04812016734022907
14.320833333333335,31.34017070014933,9.484175473770327,1.3848044914737876,0.18351816691053668,0.04803255896239775
14.325000000000001,31.29972262549851,9.46839051254808,1.3823135380042924,0.18318444555914792,0.04794510999721633
14.329166666666667,31.25930463121584,9.452629322613582,1.379827009108493,0.18285133008447788,0.04785782015355486
14.333333333333334,31.218916752903326,9.436891876514443,1.3773448971803517,0.1825188193891848,0.04777068914078052
14.3375,31.17855902690066,9.421178146801482,1.374867194627775,0.18218691237783896,0.047683716668755864
14.341666666666669,31.138231489379216,9.405488106029015,1.3723938938726241,0.18185560795691988,0.047596902447837895
14.345833333333333,31.09793417634187,9.389821726755034,1.3699249873507082,0.18152490503481072,0.04751024618887652
14.350000000000001,31.0576671236229,9.374178981541418,1.367460467511783,0.18119480252179365,0.04742374760321315
14.354166666666666,31.017430366888064,9.358559842954211,1.3650003268195567,0.18086529933004647,0.04733740640267966
14.358333333333334,30.977223941634357,9.34296428356378,1.3625445577516806,0.18053639437363658,0.04725122229959674
14.362500000000002,30.93704788319012,9.32739227594509,1.3600931527997582,0.18020808656851792,0.047165195006772846
14.366666666666667,30.896902226714857,9.3118437926779,1.3576461044693389,0.17988037483252572,0.04707932423750276
14.370833333333335,30.856787007199145,9.29631880634698,1.3552034052799165,0.17955325808537173,0.04699360970556613
14.375,30.81670225946474,9.280817289542366,1.3527650477649347,0.17922673524864063,0.0469080511252265
14.379166666666668,30.776648018164266,9.265339214859532,1.3503310244717788,0.1789008052457844,0.046822648211229556
14.383333333333335,30.736624317781374,9.249884554899669,1.3479013279617829,0.17857546700211882,0.04673740067880214
14.387500000000001,30.69663119263057,9.234453282269882,1.3454759508102272,0.1782507194448186,0.04665230824365086
14.391666666666667,30.656668676857084,9.219045369583377,1.343054885606331,0.17792656150291244,0.0465673706219605
14.395833333333334,30.616736804436982,9.203660789459766,1.3406381249532644,0.17760299210727953,0.04648258753039317
14.4,30.5768356091769,9.188299514525196,1.3382256614681343,0.17728001019064357,0.046397958686086475
14.404166666666669,30.536965124714126,9.17296151741265,1.3358174877819968,0.17695761468756982,0.0463134838066526
14.408333333333333,30.497125384516515,9.157646770762137,1.3334135965398497,0.17663580453445996,0.04622916261017684
14.412500000000001,30.45731642188229,9.142355247220882,1.3310139804006293,0.17631457866954686,0.0461449948152161
14.416666666666666,30.41753826994018,9.127086919443627,1.3286186320372197,0.1759939360328916,0.0460609801407979
14.420833333333334,30.377790961649143,9.111841760092766,1.3262275441364408,0.1756738755663772,0.04597711830641877
14.425000000000002,30.338074529798487,9.096619741838635,1.323840705678236,0.17535439621370585,0.04589340903204309
14.429166666666667,30.298389007007714,9.081420837359715,1.3214580816133994,0.17503549692039344,0.0458098520381018
14.433333333333335,30.258734425726384,9.066245019342821,1.3190796936953513,0.17471717663376468,0.04572644704549077
14.4375,30.219110818234228,9.051092260484914,1.3167055345904517,0.1743994343029498,0.04564319377556997
14.441666666666668,30.179518216640876,9.035962533668119,1.3143355969780397,0.17408226887887873,0.045560091950161655
14.445833333333335,30.139956652885946,9.020855811779132,1.311969873550442,0.17376567931427786,0.045477141291549374
14.450000000000001,30.10042615873896,9.005772067620043,1.3096083570129673,0.17344966456366476,0.045394341522476615
14.454166666666667,30.060926765799117,8.990711274010305,1.3072510400839037,0.17313422358334335,0.045311692366145184
14.458333333333334,30.021458505495485,8.975673403787289,1.3048979154945262,0.17281935533140064,0.04522919354621436
14.4625,29.982021409086673,8.960658429806715,1.302548975989086,0.17250505876770084,0.045146844786799055
14.466666666666669,29.94261550766098,8.94566632494323,1.3002042143248207,0.17219133285388175,0.04506464581246896
14.470833333333333,29.90324083213622,8.930697062090886,1.2978636232719474,0.17187817655335036,0.04498259634824695
14.475000000000001,29.863897413259583,8.91575061416358,1.295527195613661,0.17156558883127718,0.04490069611960772
14.479166666666666,29.824585281607785,8.900826954095637,1.29319492414614,0.17125356865459337,0.044818944852476755
14.483333333333334,29.785304467586737,8.885926054842223,1.2908668016785403,0.17094211499198472,0.04473734227322862
14.487500000000002,29.746055001431714,8.871047889379891,1.288542821032998,0.17063122681388823,0.04465588810868595
14.491666666666667,29.70683693137391,8.856192430707033,1.2862229750446308,0.17032090309248749,0.04457458208611804
14.495833333333335,29.667650292990206,8.841359651844353,1.2839072565615293,0.17001114280170704,0.04449342393323933
14.5,29.628495096377055,8.826549525679152,1.2815956584447683,0.16970194491720972,0.044412413378208455
14.504166666666668,29.589371371300405,8.81176202437032,1.2792881735683947,0.1693933084163903,0.044331550149626496
14.508333333333335,29.550279147361092,8.796997120621617,1.2769847948194377,0.16908523227837252,0.04425083397653604
14.512500000000001,29.511218453994744,8.782254787236454,1.2746855150979028,0.16877771548400375,0.04417026458841965
14.516666666666667,29.47218932047175,8.767534997012815,1.2723903273167687,0.1684707570158504,0.04408984171519848
14.520833333333334,29.433191775897395,8.752837722742706,1.2700992244019953,0.16816435585819411,0.0440095650872312
14.525,29.394225849211715,8.738162937211515,1.267812199292514,0.1678585109970263,0.04392943443531238
14.529166666666669,29.355291569189617,8.723510613197465,1.265529244940234,0.16755322142004467,0.043849449490671405
14.533333333333333,29.316388964440836,8.708880723471033,1.263250354310042,0.16724848611664817,0.04376960998497108
14.537500000000001,29.277518063409865,8.694273240794361,1.2609755203797934,0.16694430407793198,0.043689915650306145
14.541666666666666,29.238678894376108,8.67968813792075,1.2587047361403254,0.1666406742966845,0.04361036621920228
14.545833333333334,29.199871485453727,8.66512538759405,1.2564379945954423,0.16633759576738102,0.04353096142461441
14.550000000000002,29.16109586459176,8.65058496254818,1.2541752887619269,0.1660350674861806,0.04345170099992568
14.554166666666667,29.12235205957409,8.636066835506577,1.2519166116695357,0.1657330884509213,0.04337258467894605
14.558333333333335,29.083640098019366,8.621570979181643,1.2496619563609932,0.16543165766111478,0.04329361219591077
14.5625,29.044960007381142,8.607097366742433,1.2474113158920028,0.16513077411794322,0.04321478691128566
14.566666666666668,29.006311814947743,8.59264597155149,1.2451646833312342,0.16483043682425336,0.04313610529591661
14.570833333333335,28.96769554784241,8.578216766544326,1.2429220517603337,0.16453064478455331,0.04305756688926654
14.575000000000001,28.929111233023168,8.563809724668506,1.240683414273918,0.16423139700500738,0.042979171430744395
14.579166666666667,28.890558897282887,8.549424818884251,1.2384487639795723,0.16393269249343123,0.04290091866021776
14.583333333333334,28.852038567249316,8.535062022164865,1.236218093997857,0.16363453025928842,0.042822808318011975
14.5875,28.81355026938496,8.520721307497025,1.2339913974622987,0.16333690931368466,0.04274484014490879
14.591666666666669,28.77509402998727,8.506402647881178,1.2317686675193964,0.16303982866936428,0.04266701388214544
14.595833333333333,28.736669875188504,8.492106016331851,1.2295498973286205,0.16274328734070556,0.042589329271413394
14.600000000000001,28.698277830955725,8.477831385877968,1.2273350800624059,0.16244728434371547,0.042511786054857184
14.604166666666666,28.659917923090905,8.463578729563222,1.2251242089061622,0.16215181869602646,0.04243438397507347
14.608333333333334,28.6215901772308,8.449348020446328,1.2229172770582624,0.16185688941689053,0.04235712277510969
14.612500000000002,28.58329461884706,8.435139231601395,1.2207142777300517,0.16156249552717594,0.04228000219846316
14.616666666666667,28.545031273246195,8.4209523361182,1.2185152041458431,0.16126863604936226,0.04220302198907982
14.620833333333335,28.506800165569484,8.40678730708177,1.2163200495429138,0.1609753100075352,0.04212618189135303
14.625,28.46860132079317,8.392644117410269,1.214128807171513,0.16068251642738363,0.04204948165012273
14.629166666666668,28.430434763728226,8.37852274013751,1.211941470294852,0.16039025848221528,0.041972921010673916
14.633333333333335,28.392300519020548,8.36442314834712,1.209758032189113,0.16009853378105457,0.04189649971873592
14.637500000000001,28.354198611150892,8.35034531513281,1.207578486143443,0.15980733895392843,0.041820217520481075
14.641666666666667,28.316129064434797,8.33628921359838,1.2054028236831194,0.1595166730406945,0.041744074162523466
14.645833333333334,28.27809190302274,8.322254816857772,1.203231009481817,0.15922653508289272,0.0416680693919182
14.65,28.24008715089994,8.30824209803502,1.2010630650322194,0.15893692412373953,0.04159220295615981
14.654166666666669,28.20211483188656,8.29425103026431,1.1988989836054718,0.15864783920812553,0.041516474603181516
14.658333333333333,28.164174969637596,8.280281586689945,1.196738758484809,0.15835927938261107,0.04144088408135395
14.662500000000001,28.126267622040906,8.266333740466331,1.1945823829655515,0.1580712436954215,0.0413654311394839
14.666666666666666,28.088392783411898,8.252407464758015,1.1924298503551134,0.15778373119644473,0.04129011552681348
14.670833333333334,28.05055047542966,8.238502732739613,1.1902811539729905,0.15749674093722582,0.04121493699301868
14.675000000000002,28.01274072128471,8.22461951759585,1.188136287150773,0.1572102719709643,0.04113989528820856
14.679166666666667,27.974963544007792,8.210757792521509,1.185995243232137,0.15692432335250966,0.04106499016292394
14.683333333333335,27.937218966469796,8.196917530708555,1.1838580155728429,0.15663889413835697,0.040990221368136195
14.6875,27.899507011382052,8.183098705347703,1.1817245975407427,0.15635398338664414,0.04091558865524643
14.691666666666668,27.86182770129617,8.169301289661796,1.1795949825157712,0.15606959015714675,0.040841091776083985
14.695833333333335,27.824181058604257,8.155525256885447,1.1774691638899526,0.15578571351127496,0.04076673048290564
14.700000000000001,27.78656710553894,8.141770580264831,1.1753471350673983,0.15550235251206945,0.040692504528394347
14.704166666666667,27.748985864173335,8.128037233057862,1.1732288894643004,0.155219506224197,0.040618413665657986
14.708333333333334,27.711437356421285,8.114325188534504,1.1711144205089437,0.15493717371394733,0.040544457648228546
14.7125,27.673921604037233,8.10063441997695,1.1690037216416915,0.15465535404922834,0.04047063623006063
14.716666666666669,27.63643862861643,8.08696490067993,1.166896786314997,0.15437404629956303,0.04039694916553068
14.720833333333333,27.59898845159494,8.073316603950959,1.1647936079933978,0.15409324953608516,0.04032339620943567
14.725000000000001,27.561571094249658,8.059689503110592,1.1626941801535122,0.15381296283153484,0.040249977116991895
14.729166666666666,27.524186577698494,8.046083571492758,1.1605984962840483,0.15353318526025583,0.04017669164383416
14.733333333333334,27.48683492290026,8.032498782445003,1.1585065498857923,0.15325391589819018,0.04010353954601424
14.737500000000002,27.449516150654908,8.018935109328849,1.1564183344716186,0.15297515382287555,0.04003052058000015
14.741666666666667,27.4122302816035,8.005392525888645,1.1543338435664843,0.15269689811344067,0.03995763450267481
14.745833333333335,27.37497733622823,7.9918710046479715,1.152253070707426,0.15241914785060115,0.03988488107133486
14.75,27.337757334852615,7.978370519513192,1.150176009443568,0.1521419021166565,0.0398122600436898
14.754166666666668,27.30057029764138,7.964891043883437,1.1481026533361125,0.1518651599954849,0.03973977117786052
14.758333333333335,27.26341624460072,7.951432551171478,1.1460329959583473,0.15158892057254064,0.039667414232378476
14.762500000000001,27.226295195578214,7.9379950148036045,1.1439670308956424,0.15131318293484938,0.03959518896618451
14.766666666666667,27.189207170262907,7.9245784082195,1.141904751745445,0.151037946171004,0.03952309513862746
14.770833333333334,27.152152188185436,7.911182704872179,1.1398461521172898,0.15076320937116178,0.03945113250946348
14.775,27.115130268717998,7.897807878227843,1.137791225632787,0.15048897162703898,0.03937930083885447
14.779166666666669,27.07814143107451,7.884453901765825,1.1357399659256309,0.15021523203190837,0.039307599887367296
14.783333333333333,27.041185694310638,7.8711207489784565,1.1336923666415966,0.1499419896805945,0.039236029415972554
14.787500000000001,27.00426307732375,7.857808393370952,1.1316484214385363,0.14966924366946957,0.039164589186043264
14.791666666666666,26.96737359885318,7.8445168084613615,1.1296081239863869,0.14939699309645033,0.039093278959354105
14.795833333333334,26.930517277480064,7.83124596778041,1.1275714679671593,0.14912523706099326,0.03902209849807992
14.800000000000002,26.893694131627612,7.817995844871442,1.1255384470749488,0.14885397466409142,0.03895104756479489
14.804166666666667,26.85690417956102,7.804766413304516,1.1235090550159286,0.14858320500827019,0.03888012592247128
14.808333333333335,26.820147439387572,7.791557646694838,1.121483285508348,0.14831292719758296,0.03880933333447822
14.8125,26.78342392905674,7.778369518641338,1.119461132282539,0.1480431403376081,0.03873866956458082
14.816666666666668,26.746733666360157,7.765202002754126,1.1174425890809079,0.147773843535444,0.038668134376938786
14.820833333333335,26.710076668931787,7.752055072656488,1.1154276496579425,0.14750503589970612,0.03859772753610552
14.825000000000001,26.67345295424792,7.7389287019847135,1.1134163077802075,0.14723671654052256,0.03852744880702689
14.829166666666667,26.636862553433954,7.725822864387921,1.1114085572263428,0.14696888456952975,0.03845729795504002
14.833333333333334,26.60030548995081,7.712737533527966,1.1094043917870693,0.14670153909986966,0.03838727474587241
14.8375,26.563781764107503,7.699672683079231,1.107403805265181,0.14643467924618456,0.03831737894564052
14.841666666666669,26.527291392923363,7.686628286728525,1.105406791475551,0.14616830412461415,0.03824761032084889
14.845833333333333,26.49083439326512,7.6736043181620905,1.1034133442451302,0.14590241285279124,0.03817796863838892
14.850000000000001,26.45441078184692,7.660600751069485,1.1014234574129416,0.14563700454983733,0.038108453665537625
14.854166666666666,26.4180205752306,7.647617559172096,1.099437124830088,0.14537207833635982,0.03803906516995681
14.858333333333334,26.381663789825655,7.634654716205304,1.0974543402222223,0.14510763333444682,0.0379698029196916
14.862500000000002,26.345340441889466,7.621712195918451,1.0954750672495006,0.14484366866766415,0.03790066668316958
14.866666666666667,26.30905054752738,7.608789972074974,1.0934993280126966,0.14458018346105142,0.03783165622919962
14.870833333333335,26.27279412269275,7.595888018452529,1.0915271163447857,0.14431717684111697,0.037762771326970576
14.875,26.236571183187202,7.583006308843202,1.089558426089988,0.1440546479358356,0.0376940117460504
14.879166666666668,26.20038174466058,7.570144817053579,1.0875932511037592,0.14379259587464327,0.03762537725638486
14.883333333333335,26.164225822611197,7.5573035169050025,1.0856315852527976,0.14353101978843402,0.0375568676282965
14.887500000000001,26.128103432385906,7.544482382252488,1.0836734224150413,0.14326991880955578,0.037488482632483534
14.891666666666667,26.092014589180145,7.531681386966779,1.081718756479664,0.14300929207180602,0.037420222040018554
14.895833333333334,26.055959308038197,7.518900504919386,1.0797675813470824,0.14274913871042885,0.03735208562234767
14.9,26.019937603853112,7.506139709996222,1.0778198909289483,0.14248945786210981,0.03728407315128911
14.904166666666669,25.983949491367014,7.493398976097606,1.0758756791481547,0.14223024866497314,0.03721618439903234
14.908333333333333,25.947994985171125,7.480678277138221,1.073934939938833,0.1419715102585773,0.03714841913813685
14.912500000000001,25.91207409970582,7.46797758704704,1.071997667246348,0.1417132417839106,0.03708077714153086
14.916666666666666,25.87618684926088,7.455296879767345,1.0700638550273083,0.1414554423833884,0.037013258182510556
14.920833333333334,25.840333247975472,7.442636129256641,1.0681334972495544,0.14119811120084794,0.03694586203473856
14.925000000000002,25.804513309838356,7.429995309487476,1.0662065878921676,0.14094124738154554,0.03687858847224315
14.929166666666667,25.76872704868798,7.417374394471538,1.0642831209454666,0.14068485007215195,0.03681143726941701
14.933333333333335,25.732974478212505,7.40477335822914,1.0623630904110015,0.14042891842074842,0.036744408201015946
14.9375,25.697255611950087,7.392192174786056,1.060446490301566,0.14017345157682357,0.036677501042158056
14.941666666666668,25.6615704632888,7.379630818182982,1.0585333146411833,0.13991844869126818,0.03661071556832235
14.945833333333335,25.625919045466922,7.3670892624755515,1.0566235574651168,0.13966390891637245,0.03654405155534781
14.950000000000001,25.59030137157295,7.354567481734259,1.054717212819866,0.1394098314058218,0.03647750877943221
14.954166666666667,25.554717454545695,7.34206545004439,1.052814274763161,0.1391562153146921,0.03641108701713086
14.958333333333334,25.519167307174488,7.329583141506017,1.0509147373639733,0.13890305979944703,0.03634478604535576
14.9625,25.483650942099185,7.3171205302339,1.0490185947025032,0.13865036401793307,0.03627860564137412
14.966666666666669,25.448168371810375,7.304677585885587,1.0471258408701902,0.13839812712937635,0.03621254558280759
14.970833333333333,25.41271960864947,7.2922542931755405,1.0452364699697083,0.13814634829437855,0.0361466071737486
14.975000000000001,25.37730466480872,7.279850619704615,1.0433504761149617,0.13789502667491232,0.036080790377286454
14.979166666666666,25.3419235523315,7.267466539760109,1.0414678534310928,0.1376441614343185,0.03601509339685855
14.983333333333334,25.306576283112225,7.255102027631651,1.0395885960544744,0.13739375173730103,0.035949516014360555
14.987500000000002,25.271262868896667,7.242757057611262,1.0377126981327156,0.13714379674992397,0.035884058012069855
14.991666666666667,25.235983321281914,7.230431603993313,1.0358401538246582,0.13689430200144856,0.03581871917264449
14.995833333333335,25.200737651716505,7.218125641074505,1.0339709573003746,0.1366452607564569,0.035753499279122074
15.0,25.165525898246727,7.205839143153918,1.0321051027411736,0.13639667204806208,0.03568839811491914
15.004166666666668,25.130348050358187,7.1935720845329385,1.0302425843395924,0.1361485350553825,0.03562341546382983
15.008333333333335,25.09520411710529,7.18132443954696,1.028383396299405,0.13590084895897617,0.035558551110025205
15.012500000000001,25.060094109500884,7.1690961826693895,1.0265275328356147,0.1356536129408375,0.03549380483805224
15.016666666666667,25.025018038414093,7.156887288260376,1.0246749881744563,0.13540682618439326,0.035429176432832665
15.020833333333334,24.989975914570582,7.144697730662718,1.0228257565533991,0.13516048787450022,0.03536466567966231
15.025,24.954967748552622,7.13252748422129,1.0209798322211392,0.1349145971974407,0.03530027236420986
15.029166666666669,24.919993550799347,7.12037652328309,1.0191372094376083,0.13466915334092025,0.03523599627251615
15.033333333333333,24.88505333160684,7.10824482219721,1.0172978824739674,0.13442415549406386,0.03517183719099306
15.037500000000001,24.850147101128282,7.096132355314813,1.0154618456126066,0.13417960284741196,0.035107794906422504
15.041666666666666,24.81527486937425,7.084039096989179,1.0136290931471494,0.13393549459291842,0.03504386920595568
15.045833333333334,24.780436646212674,7.071965021575642,1.0117996193824463,0.13369182992394577,0.03498005987711187
15.050000000000002,24.745632441369168,7.059910103431631,1.00997341863458,0.13344860803526296,0.03491636670777768
15.054166666666667,24.71086226442714,7.047874316916652,1.0081504852308636,0.13320582812304158,0.034852789486205994
15.058333333333335,24.676126124827885,7.035857636542345,1.0063308135098372,0.132963489384852,0.03478932800101495
15.0625,24.641424031870876,7.0238600374332645,1.0045143978212725,0.13272159101966113,0.034725982041187174
15.066666666666668,24.60675599471378,7.011881494189594,1.0027012325261682,0.13248013222782773,0.034662751396068545
15.070833333333335,24.57212202237276,6.99992198132979,1.000891311996753,0.13223911221110024,0.03459963585536752
15.075000000000001,24.537522123722546,6.9879814733742025,0.9990846306164866,0.131998530172613,0.03453663520915405
15.079166666666667,24.502956307496596,6.976059944845068,0.997281153313276,0.13175838531688225,0.03447374924785851
15.083333333333334,24.46842458228732,6.964157370266536,0.9954809003549177,0.131518676849804,0.03441097776227099
15.0875,24.433926956546145,6.952273724164623,0.9936838675231038,0.1312794039786494,0.034348320543540076
15.091666666666669,24.399463438583794,6.940408981067248,0.9918900491777825,0.13104056591206242,0.034285777383172095
15.095833333333333,24.365034036570375,6.928563115504215,0.990099439689279,0.13080216186005614,0.03422334807303009
15.100000000000001,24.330638758535496,6.916736102007182,0.988312033438292,0.13056419103400876,0.03416103240533275
15.104166666666666,24.29627761236856,6.904927915109711,0.9865278248158998,0.13032665264666152,0.03409883017265369
15.108333333333334,24.261950605818754,6.893138529539909,0.9847468082235538,0.1300895459121139,0.034036741167920194
15.112500000000002,24.227657746495396,6.8813679207710186,0.9829689780730828,0.12985287004582163,0.03397476518441255
15.116666666666667,24.19339904186796,6.869616063626157,0.9811943287866918,0.12961662426459242,0.03391290201576295
15.120833333333335,24.15917449926623,6.857882932833066,0.9794228547969578,0.12938080778658265,0.03385115145595443
15.125,24.1249841258806,6.846168503121394,0.9776545505468371,0.12914541983129474,0.03378951329932015
15.129166666666668,24.09082792876204,6.834472749222652,0.9758894104896566,0.12891045961957268,0.03372798734054221
15.133333333333335,24.056705914822434,6.822795645870243,0.9741274290891203,0.1286759263735998,0.03366657337465085
15.137500000000001,24.022618090834648,6.8111371677994565,0.9723686008193069,0.12844181931689477,0.03360527119702347
15.141666666666667,23.988564463432652,6.79949728974742,0.970612920164666,0.12820813767430808,0.0335440806033835
15.145833333333334,23.954545039111803,6.787875986453168,0.9688603816200255,0.1279748806720194,0.03348300138979973
15.15,23.920559824228857,6.776273232657562,0.9671109796905821,0.12774204753753332,0.033422033352685065
15.154166666666669,23.886608825002256,6.764689003103343,0.9653647088919092,0.12750963749967692,0.0333611762887958
15.158333333333333,23.852692047512257,6.753123272744246,0.9636215637499532,0.1272776497885958,0.03330042999523055
15.162500000000001,23.818809497700975,6.741576017299816,0.9618815388010307,0.12704608363575057,0.033239794269429225
15.166666666666666,23.78496119195321,6.73004721180799,0.9601446285918348,0.1268149382739144,0.03317926890917226
15.170833333333334,23.751147142489277,6.718536831213008,0.9584108276794265,0.1265842129371684,0.03311885371257945
15.175000000000002,23.717367340498765,6.707044850460984,0.9566801306312428,0.12635390686089945,0.03305854847810914
15.179166666666667,23.68362179151543,6.695571244499867,0.9549525320250919,0.12612401928179623,0.03299835300455727
15.183333333333335,23.649910500939633,6.684115988279424,0.9532280264491516,0.12589454943784562,0.032938267091056246
15.1875,23.61623347403867,6.67267905675129,0.9515066085019745,0.12566549656833015,0.032878290537074195
15.191666666666668,23.582590715946836,6.6612604248689005,0.9497882727924808,0.12543685991382372,0.03281842314241385
15.195833333333335,23.54898223166577,6.649860067587541,0.9480730139399645,0.12520863871618898,0.0327586647072117
15.200000000000001,23.515408026064584,6.638477959864315,0.9463608265740905,0.12498083221857377,0.03269901503193699
15.204166666666667,23.48186810388003,6.627114076658127,0.9446517053348915,0.12475343966540733,0.03263947391739069
15.208333333333334,23.448362469716816,6.615768393168688,0.9429456448727745,0.12452646030239765,0.03258004116470471
15.2125,23.414891128047692,6.604440885418628,0.9412426398485126,0.12429989337652736,0.03252071657534073
15.216666666666669,23.381454083213747,6.593131528670764,0.9395426849332518,0.12407373813605117,0.03246149995108942
15.220833333333333,23.348051339424586,6.581840298090648,0.9378457748085078,0.12384799383049203,0.032402391094069435
15.225000000000001,23.314682900758477,6.57056716884559,0.9361519041661628,0.1236226597106375,0.03234338980672633
15.229166666666666,23.281348771162683,6.5593121161046914,0.9344610677084725,0.12339773502853732,0.03228449589183183
15.233333333333334,23.248048954453488,6.548075115038794,0.9327732601480575,0.12317321903749891,0.032225709152482615
15.237500000000002,23.21478345431658,6.536856140820528,0.9310884762079099,0.12294911099208494,0.03216702939209961
15.241666666666667,23.181552274307176,6.525655168624272,0.929406710621391,0.12272541014810964,0.032108456414426896
15.245833333333335,23.148355417850166,6.514472173626146,0.9277279581322271,0.12250211576263507,0.032049990023530685
15.25,23.115192888240458,6.503307131004045,0.9260522134945168,0.12227922709396861,0.031991630023798553
15.254166666666668,23.082064688643015,6.492160015937586,0.9243794714727227,0.1220567434016586,0.03193337621993826
15.258333333333335,23.048970822093214,6.481030803608146,0.9227097268416781,0.12183466394649184,0.03187522841697701
15.262500000000001,23.015911291496977,6.469919469671975,0.9210429743865836,0.12161298799048988,0.03181718642026036
15.266666666666667,22.982886099630925,6.45882599042826,0.919379208903005,0.12139171479690529,0.031759250035451214
15.270833333333334,22.949895249142713,6.447750341318235,0.9177184251968779,0.12117084363021931,0.031701419068529094
15.275,22.91693874255108,6.43669249775482,0.9160606180845019,0.12095037375613711,0.031643693325788834
15.279166666666669,22.88401658224618,6.425652435152664,0.9144057823925458,0.12073030444158578,0.03158607261383999
15.283333333333333,22.85112877048974,6.414630128928127,0.9127539129580445,0.12051063495471027,0.03152855673960566
15.287500000000001,22.818275309415203,6.403625554499253,0.9111050046283974,0.12029136456486979,0.0314711455103215
15.291666666666666,22.785456201028058,6.392638687285809,0.9094590522613726,0.12007249254263534,0.03141383873353496
15.295833333333334,22.75267144720589,6.3816695027092445,0.9078160238840461,0.11985401815978525,0.03135663621710408
15.300000000000002,22.719921049698737,6.370717976192712,0.9061759362250094,0.1196359406893028,0.031299537769196764
15.304166666666667,22.6872050101292,6.359784083161061,0.9045387870040716,0.11941825940537251,0.03124254319828973
15.308333333333335,22.654523329992628,6.3488677990408044,0.9029045710544619,0.11920097358337624,0.031185652313167396
15.3125,22.621876010657406,6.337969099260163,0.9012732832189584,0.11898408249989093,0.03112886492292123
15.316666666666668,22.589263053365073,6.327087960002775,0.8996449183498798,0.11876758543268404,0.031072180836948515
15.320833333333335,22.556684459230578,6.3162243576445425,0.8980194713090923,0.11855148166071122,0.031015599864951563
15.325000000000001,22.5241402292425,6.305378267848573,0.8963969369680063,0.11833577046411257,0.03095912181693672
15.329166666666667,22.491630364263127,6.2945496662795,0.8947773102075747,0.11812045112420873,0.030902746503213268
15.333333333333334,22.459154865028854,6.283738528603646,0.8931605859182963,0.11790552292349862,0.03084647373439274
15.3375,22.426713751091828,6.272944830488961,0.8915467590002115,0.11769098514565496,0.030790303321387658
15.341666666666669,22.39430700826219,6.262168547605067,0.8899358243629064,0.11747683707552187,0.030734235075410836
15.345833333333333,22.36193463491873,6.251409655623238,0.8883277769255108,0.11726307799911105,0.030678268807974293
15.350000000000001,22.329596631410663,6.240668130216374,0.8867226116166943,0.11704970904261187,0.030622404330888225
15.354166666666666,22.297292997965435,6.229943947059042,0.885120323374674,0.11683673161128208,0.030566641456260264
15.358333333333334,22.265023734688796,6.21923708182742,0.8835209071472052,0.11662414131525917,0.030510979996494256
15.362500000000002,22.232788841565178,6.208547510199344,0.8819243578915897,0.11641193745184118,0.03045541976428953
15.366666666666667,22.20058831845787,6.197875227433307,0.8803306705746707,0.11620011931956381,0.030399960572639845
15.370833333333335,22.16842216510921,6.187220165649024,0.8787398401728312,0.11598868621819709,0.030344602234832357
15.375,22.136290381140945,6.1765823275533265,0.8771518616719999,0.11577763744874346,0.030289344564446843
15.379166666666668,22.10419296605432,6.165961688861435,0.8755667300676439,0.11556697231343391,0.030234187481042042
15.383333333333335,22.072129919230463,6.155358225308665,0.8739844403647739,0.11535669011572589,0.030179134744864698
15.387500000000001,22.040101239930546,6.1447719126504,0.8724049875779427,0.11514679016030022,0.03012418226664807
15.391666666666667,22.008106927295984,6.134202726662062,0.8708283667312418,0.11493727175305773,0.030069329863781163
15.395833333333334,21.976146980348783,6.123650643139158,0.8692545728583063,0.11472813420111741,0.030014577353966523
15.4,21.944221397991654,6.1131156378972245,0.8676836010023097,0.11451937681281237,0.02995992455521922
15.404166666666669,21.912330179008364,6.1025976867718645,0.8661154462159683,0.11431099889768798,0.02990537128586611
15.408333333333333,21.880473322063924,6.092096765618722,0.8645501035615386,0.11410299976649856,0.029850917364544975
15.412500000000001,21.848650825704762,6.081612850313469,0.8629875681108153,0.11389537873120431,0.029796562610203584
15.416666666666666,21.816862688359112,6.071145916751831,0.8614278349451366,0.11368813510496902,0.029742306842098963
15.420833333333334,21.785108908337083,6.060695941013632,0.8598708991553768,0.11348126820215651,0.029688149879796434
15.425000000000002,21.75338948383103,6.0502629008210285,0.8583167558419526,0.11327477733832848,0.029634091543168865
15.429166666666667,21.721704412915738,6.039846772740845,0.85676540011482,0.11306866183024124,0.029580131652395814
15.433333333333335,21.690053693548606,6.029447532905955,0.8552168270934727,0.11286292099584266,0.029526270027962532
15.4375,21.658437323570006,6.019065157472506,0.8536710319069459,0.11265755415426992,0.029472506490659352
15.441666666666668,21.626855300703397,6.008699622619856,0.8521280096938108,0.11245256062584594,0.029418840861580597
15.445833333333335,21.595307622555634,5.998350904550621,0.85058775560218,0.11224793973207718,0.029365272962123944
15.450000000000001,21.563794286617227,5.988018979490649,0.8490502647897046,0.11204369079565038,0.029311802613989475
15.454166666666667,21.53231529026246,5.977703823688988,0.8475155324235711,0.11183981314042955,0.02925842963917873
15.458333333333334,21.500870630749784,5.967405413417941,0.8459835536805085,0.11163630609145371,0.029205153859994105
15.4625,21.46946030522191,5.957123724973,0.8444543237467803,0.1114331689749333,0.02915197509903771
15.466666666666669,21.43808431070614,5.94685873467289,0.8429278378181893,0.11123040111824796,0.02909889317921078
15.470833333333333,21.40674264411461,5.936610418859542,0.8414040911000774,0.1110280018499434,0.02904590792371272
15.475000000000001,21.375435302244394,5.926378753898077,0.839883078807321,0.11082597049972812,0.028993019156040137
15.479166666666666,21.344162281777958,5.916163716176836,0.8383647961643367,0.11062430639847154,0.02894022669998624
15.483333333333334,21.312923579283154,5.905965282107334,0.8368492384050754,0.11042300887819995,0.02888753037963975
15.487500000000002,21.281719191213664,5.895783428124295,0.8353364007730273,0.11022207727209468,0.028834930019384204
15.491666666666667,21.250549113909134,5.885618130685626,0.8338262785212193,0.1100215109144888,0.028782425443897107
15.495833333333335,21.219413343595377,5.875469366272403,0.8323188669122125,0.10982130914086385,0.0287300164781489
15.5,21.188311876384713,5.865337111388901,0.830814161218108,0.10962147128784794,0.028677702947402423
15.504166666666668,21.157244712873855,5.855221342562546,0.8293121567205395,0.10942199669321184,0.02862548467721171
15.508333333333335,21.126211852653263,5.845122036343949,0.8278128487106792,0.1092228846958669,0.028573361493421438
15.512500000000001,21.09521328449387,5.835039169306889,0.8263162106103092,0.10902413463586204,0.028521333222165966
15.516666666666667,21.064249004122022,5.824972718048282,0.8248222539759712,0.1088257458543803,0.02846939968986837
15.520833333333334,21.03331900715358,5.814922659188232,0.8233309778901826,0.10862771769373694,0.028417560723239838
15.525,21.002423289093997,5.804888969369965,0.8218423776251066,0.10843004949737554,0.028365816149278557
15.529166666666669,20.971561845338744,5.794871625259874,0.8203564484617349,0.10823274060986615,0.028314165795269082
15.533333333333333,20.940734671173487,5.784870603547495,0.8188731856898847,0.10803579037690178,0.028262609488781416
15.537500000000001,20.909941761774284,5.7748858809454875,0.8173925846081965,0.10783919814529548,0.02821114705767003
15.541666666666666,20.87918311220799,5.764917434189666,0.81591464052414,0.10764296326297813,0.028159778330073264
15.545833333333334,20.84845871743234,5.754965240038955,0.814439348754007,0.10744708507899467,0.0281085031344122
15.550000000000002,20.817768572296362,5.745029275275418,0.8129667046229172,0.10725156294350204,0.028057321299390085
15.554166666666667,20.787112671540555,5.735109516704249,0.8114967034648152,0.10705639620776604,0.028006232653991305
15.558333333333335,20.756491009797095,5.725205941153734,0.810029340622468,0.10686158422415812,0.02795523702748053
15.5625,20.725903581590227,5.715318525475299,0.8085646114474718,0.10666712634615316,0.027904334249402016
15.566666666666668,20.695350381336368,5.705447246543456,0.8071025113002431,0.10647302192832593,0.027853524149578535
15.570833333333335,20.66483140334448,5.695592081255841,0.8056430355500259,0.10627927032634882,0.02780280655811076
15.575000000000001,20.634346641816293,5.68575300653319,0.8041861795748891,0.10608587089698883,0.027752181305376274
15.579166666666667,20.6038960908465,5.675929999319315,0.802731938761723,0.10589282299810411,0.027701648222028703
15.583333333333334,20.57347974442311,5.666123036581149,0.8012803085062452,0.10570012598864222,0.027651207138997002
15.5875,20.543097596427604,5.65633209530869,0.7998312842129944,0.10550777922863608,0.027600857887484412
15.591666666666669,20.51274964063527,5.646557152515032,0.7983848612953355,0.10531578207920204,0.027550600298967796
15.595833333333333,20.482435870715456,5.636798185236355,0.7969410351754574,0.10512413390253662,0.02750043420519674
15.600000000000001,20.452156280231705,5.627055170531896,0.7954998012843699,0.1049328340619134,0.027450359438192573
15.604166666666666,20.421910862642218,5.617328085483987,0.7940611550619099,0.10474188192168081,0.027400375830247733
15.608333333333334,20.391699611299867,5.607616907198003,0.792625091956734,0.1045512768472585,0.0273504832139247
15.612500000000002,20.36152251945267,5.597921612802403,0.7911916074263243,0.1043610182051352,0.027300681422055335
15.616666666666667,20.331379580243926,5.588242179490628,0.7897606969369866,0.10417110536286547,0.027250970287739956
15.620833333333335,20.30127078671244,5.57857858456709,0.7883323559638467,0.10398153768906666,0.027201349644346402
15.625,20.271196131792905,5.568930805248825,0.7869065799908564,0.10379231455341661,0.027151819325509363
15.629166666666668,20.241155608316006,5.5592988187680525,0.7854833645107875,0.10360343532665017,0.02710237916512933
15.633333333333335,20.2111492090088,5.549682602380299,0.7840627050252362,0.10341489938055685,0.027053028997371942
15.637500000000001,20.181176926494924,5.540082133364359,0.7826445970446211,0.10322670608797777,0.02700376865666703
15.641666666666667,20.151238753294777,5.5304973890222815,0.7812290360881807,0.10303885482280241,0.02695459797770771
15.645833333333334,20.12133468182593,5.520928346679415,0.7798160176839792,0.10285134495996665,0.026905516795449714
15.65,20.091464704403187,5.511374983684333,0.7784055373688987,0.10266417587544883,0.026856524945110323
15.654166666666669,20.061628813239015,5.501837277408901,0.7769975906886468,0.10247734694626774,0.026807622262167707
15.658333333333333,20.031827000443727,5.49231520524823,0.7755921731977514,0.10229085755047952,0.026758808582360006
15.662500000000001,20.002059258025668,5.482808744620668,0.7741892804595606,0.10210470706717434,0.02671008374168439
15.666666666666666,19.972325577891596,5.473317872967832,0.7727889080462468,0.10191889487647442,0.0266614475763964
15.670833333333334,19.942625951846807,5.463842567754564,0.7713910515388003,0.10173342035953009,0.026612899923008877
15.675000000000002,19.91296037850285,5.4543828064689555,0.7699957065270352,0.10154828289851803,0.02656444061829132
15.679166666666667,19.883328844371366,5.444938566622341,0.7686028686095868,0.10136348187663773,0.026516069499268935
15.683333333333335,19.85373133999977,5.435509825749262,0.7672125333939087,0.10117901667810848,0.02646778640322173
15.6875,19.824167856833657,5.426096561407515,0.7658246964962782,0.10099488668816733,0.02641959116768383
15.691666666666668,19.794638386219585,5.416698751178099,0.7644393535417906,0.10081109129306519,0.02637148363044242
15.695833333333335,19.765142919405505,5.407316372665242,0.7630565001643635,0.10062762988006486,0.026323463629537098
15.700000000000001,19.735681447540916,5.397949403496395,0.7616761320067359,0.10044450183743776,0.026275531003258926
15.704166666666667,19.70625396167714,5.388597821322201,0.7602982447204631,0.10026170655446083,0.02622768559014951
15.708333333333334,19.676860452767674,5.379261603816535,0.7589228339659252,0.10007924342141433,0.026179927229000338
15.7125,19.647500911668324,5.36994072867645,0.7575498954123181,0.09989711496771357,0.02613225575885173
15.716666666666669,19.618175329137593,5.36063517362222,0.7561794247376608,0.09971531912645352,0.02608467101899214
15.720833333333333,19.588883695836902,5.351344916397312,0.754811417628791,0.09953385384000367,0.026037172848957266
15.725000000000001,19.5596260023308,5.3420699347683716,0.7534458697813645,0.09935271850808888,0.025989761088529108
15.729166666666666,19.530402239087337,5.332810206525253,0.7520827585017656,0.09917191253149417,0.02594243557773528
15.733333333333334,19.50121239647823,5.323565709480976,0.7507220916745446,0.09899143531206138,0.025895196156848
15.737500000000002,19.472056464779214,5.3143364214717534,0.7493638695714114,0.09881128625268752,0.025848042666383384
15.741666666666667,19.44293443417024,5.305122320356978,0.7480080878719685,0.09863146475732189,0.025800974947100517
15.745833333333335,19.41384629473576,5.2959233840192,0.7466547422639965,0.09845197023096344,0.025753992840000572
15.75,19.384792036465036,5.286739590364156,0.74530382844346,0.09827280207965892,0.025707096186326096
15.754166666666668,19.35577164925232,5.277570917320732,0.7439553421145009,0.09809395971049963,0.02566028482755996
15.758333333333335,19.326785122897196,5.2684173428409915,0.7426092789894436,0.09791544253161973,0.0256135586054247
15.762500000000001,19.297832447104852,5.2592788449001535,0.7412656347887936,0.09773724995219342,0.02556691736188162
15.766666666666667,19.26891361148623,5.250155401496574,0.7399244052412332,0.09755938138243225,0.02552036093912979
15.770833333333334,19.240028605558454,5.241046990651789,0.7385855860836282,0.09738183623358322,0.025473889179605476
15.775,19.211177418744942,5.231953590410448,0.7372491730610214,0.0972046139179257,0.025427501925980988
15.779166666666669,19.182360040375798,5.22287517884037,0.7359151619266382,0.09702771384876958,0.02538119902116408
15.783333333333333,19.153576459688015,5.213811734032507,0.7345835484418827,0.09685113544045251,0.025334980308297006
15.787500000000001,19.124826665825694,5.204763234100936,0.7332543283763365,0.09667487810833718,0.02528884563075557
15.791666666666666,19.096110647840437,5.195729657182878,0.7319274975077645,0.09649894126880947,0.02524279483214847
15.795833333333334,19.067428394691454,5.1867109814386705,0.730603051622107,0.09632332433927533,0.025196827756316275
15.800000000000002,19.03877989524598,5.177707185051786,0.7292809865134866,0.09614802673815898,0.02515094424733072
15.804166666666667,19.010165138279447,5.1687182462288215,0.7279612979842043,0.09597304788490003,0.025105144149493774
15.808333333333335,18.981584112475726,5.159744143199405,0.7266439818447384,0.09579838719995092,0.025059427307336755
15.8125,18.953036806427516,5.150784853839215,0.7253290339137489,0.09562404410477499,0.025013793565619613
15.816666666666668,18.92452320863644,5.141840356034975,0.7240164500180715,0.09545001802184332,0.024968242769329907
15.820833333333335,18.89604330751346,5.132910628038052,0.722706225992723,0.09527630837463301,0.02492277476368214
15.825000000000001,18.86759709137906,5.12399564812193,0.7213983576808987,0.09510291458762424,0.024877389394116798
15.829166666666667,18.839184548463507,5.115095394582186,0.7200928409339699,0.09492983608629774,0.02483208650629945
15.833333333333334,18.810805666907175,5.1062098457365295,0.7187896716114894,0.09475707229713286,0.02478686594612009
15.8375,18.78246043476072,5.09733897992475,0.7174888455811856,0.09458462264760438,0.024741727559692072
15.841666666666669,18.75414884333529,5.088482775508756,0.716190358718967,0.09441248656618086,0.024696671193351397
15.845833333333333,18.72587088392774,5.079641210872552,0.7148942069089194,0.09424066348232163,0.024651696693655866
15.850000000000001,18.697626538572305,5.0708142644222205,0.7136003860433054,0.09406915282647427,0.024606803907384112
15.854166666666666,18.669415795016075,5.062001914585956,0.7123088920225678,0.0938979540300727,0.024561992681534906
15.858333333333334,18.64123864091918,5.05320413981402,0.7110197207553239,0.09372706652553407,0.024517262863326155
15.862500000000002,18.613095063855187,5.04442091857877,0.7097328681583714,0.09355648974625683,0.024472614300194196
15.866666666666667,18.584985051311325,5.035652229374645,0.7084483301566847,0.09338622312661807,0.024428047198333
15.870833333333335,18.55690859068873,5.026898050718146,0.7071661026834142,0.09321626610197083,0.024383566733275477
15.875,18.52886566930282,5.018158361147864,0.7058861816798898,0.09304661810864212,0.024339167282038884
15.879166666666668,18.500856274383473,5.009433139224443,0.7046085630956157,0.09287727858393,0.024294848696772363
15.883333333333335,18.47288039307539,5.000722363530604,0.7033332428882756,0.09270824696610146,0.024250610829876618
15.887500000000001,18.444938012438353,4.992026012671133,0.7020602170237299,0.0925395226943899,0.024206453534003115
15.891666666666667,18.417029119447456,4.98334406527286,0.7007894814760137,0.09237110520899236,0.024162376662053366
15.895833333333334,18.38915370099347,4.974676499984688,0.6995210322273417,0.0922029939510676,0.024118380067178386
15.9,18.361311743883036,4.966023295477553,0.6982548652681022,0.09203518836273304,0.024074463602777787
15.904166666666669,18.33350323483901,4.95738443044446,0.6969909765968624,0.09186768788706286,0.024030627122499298
15.908333333333333,18.305728160500763,4.94875988360045,0.6957293622203655,0.09170049196808533,0.023986870480237975
15.912500000000001,18.277986507424327,4.940149633682596,0.6944700181535294,0.09153360005078001,0.02394319353013544
15.916666666666666,18.250278262082865,4.931553659450031,0.6932129404194501,0.091367011581076,0.023899596126579367
15.920833333333334,18.222603410866775,4.922971939683897,0.6919581250493977,0.0912007260058487,0.023856078124202602
15.925000000000002,18.194961940084113,4.914404453187392,0.6907055680828201,0.09103474277291804,0.023812639377882625
15.929166666666667,18.16735383596079,4.9058511787857295,0.6894552655673409,0.09086906133104569,0.0237692797427408
15.933333333333335,18.139779084640843,4.897312095326145,0.6882072135587576,0.09070368112993238,0.0237259990741416
15.9375,18.11223767218679,4.888787181677908,0.6869614081210459,0.09053860162021606,0.023682797227692124
15.941666666666668,18.08472958457982,4.880276416732292,0.6857178453263543,0.0903738222534687,0.023639674059241146
15.945833333333335,18.057254807720152,4.8717797794025905,0.6844765034659878,0.09020934248219455,0.02359662942487866
15.950000000000001,18.029813327427277,4.863297248624121,0.6832373887513224,0.09004516175982724,0.023553663180935054
15.954166666666667,18.002405129440206,4.8548288033541835,0.6820005032074866,0.08988127954072729,0.023510775183980415
15.958333333333334,17.97503019941783,4.846374422572111,0.6807658428860609,0.08971769528018002,0.023467965290823966
15.9625,17.947688522939107,4.83793408527921,0.6795334038461353,0.08955440843439258,0.023425233358513167
15.966666666666669,17.920380085503417,4.829507770498807,0.6783031821543113,0.08939141846049209,0.02338257924433324
15.970833333333333,17.89310487253083,4.82109545727622,0.6770751738847023,0.08922872481652278,0.023340002805806368
15.975000000000001,17.865862869362306,4.812697124678745,0.6758493751189293,0.08906632696144337,0.023297503900690953
15.979166666666666,17.838654061260108,4.804312751795684,0.6746257819461271,0.08890422435512532,0.02325508238698109
15.983333333333334,17.811478433407945,4.79594231773831,0.6734043904629372,0.08874241645834945,0.02321273812290566
15.987500000000002,17.784335970911354,4.787585801639882,0.6721851967735141,0.08858090273280432,0.023170470966927856
15.991666666666667,17.75722665879795,4.779243182655647,0.6709681969895217,0.08841968264108328,0.023128280777744387
15.995833333333335,17.730150482017642,4.7709144399628105,0.6697533872301322,0.08825875564668202,0.023086167414284695
16.0,17.703107425443026,4.762599552760567,0.6685407636220303,0.0880981212139965,0.023044130735710485
16.004166666666666,17.676097473869547,4.7542985003004,0.6673303222994074,0.08793777880831989,0.023002170601414816
16.008333333333336,17.649120612015874,4.7460112622283,0.6661220594039666,0.08777772789584072,0.022960286871021557
16.0125,17.622176830681134,4.737737817962519,0.664915971084921,0.08761796794364018,0.02291847940438468
16.01666666666667,17.595266110042918,4.729478146826159,0.66371205349899,0.08745849841968927,0.022876748061587425
16.020833333333332,17.568388433500562,4.721232228165039,0.6625103028104058,0.08729931879284722,0.02283509270294184
16.025000000000002,17.541543785497744,4.713000041347664,0.6613107151909066,0.08714042853285801,0.022793513188987872
16.02916666666667,17.51473215040344,4.704781565765241,0.6601132868197415,0.08698182711034881,0.02275200938049283
16.033333333333335,17.487953512512213,4.696576780831677,0.6589180138836691,0.08682351399682708,0.02271058113845066
16.0375,17.4612078560444,4.688385665983549,0.6577248925769543,0.08666548866467795,0.02266922832408115
16.041666666666668,17.434495165146547,4.68020820068014,0.6565339191013733,0.08650775058716226,0.022627950798829424
16.045833333333334,17.407815423891552,4.6720443644034,0.6553450896662082,0.08635029923841356,0.022586748424365054
16.05,17.38116861627905,4.663894136657971,0.6541584004882518,0.08619313409343611,0.022545621062581518
16.054166666666667,17.354554726235673,4.6557574969711695,0.6529738477918051,0.08603625462810228,0.022504568575595484
16.058333333333334,17.327973737615277,4.647634424892979,0.6517914278086752,0.0858796603191498,0.02246359082574602
16.0625,17.301425634199322,4.639524899996063,0.6506111367781796,0.0857233506441799,0.022422687675594036
16.066666666666666,17.27491039969707,4.631428901875743,0.6494329709471424,0.08556732508165409,0.022381858987921485
16.070833333333336,17.248428017745944,4.623346410150013,0.6482569265698962,0.08541158324765756,0.022341104625730756
16.075,17.22197847191178,4.615277404459534,0.6470829999082821,0.08525612932458804,0.022300424452243974
16.07916666666667,17.19556174568906,4.607221864467607,0.6459111872316468,0.0851009581645417,0.02225981833090219
16.083333333333332,17.169177822501318,4.599179769860209,0.6447414848168468,0.08494606925385122,0.0222192861253649
16.087500000000002,17.14282668570128,4.591151100345952,0.643573888948244,0.08479146207974843,0.022178827699509122
16.09166666666667,17.116508318571285,4.583135835656112,0.6424083959177092,0.08463713613036289,0.02213844291742891
16.095833333333335,17.090222704323498,4.575133955544606,0.6412450020246205,0.08448309089471936,0.022098131643434552
16.1,17.063969826100152,4.56714543978799,0.6400837035758613,0.08432932586273538,0.022057893742051866
16.104166666666668,17.03774966697395,4.559170268185474,0.6389244968858249,0.08417584052521956,0.02201772907802162
16.108333333333334,17.011562209948234,4.5512084205588845,0.6377673782764078,0.08402263437386885,0.021977637516298672
16.1125,16.985407437957345,4.543259876752702,0.6366123440770166,0.08386970690126687,0.021937618922051445
16.116666666666667,16.959285333866898,4.535324616634036,0.635459390624564,0.08371705760088134,0.02189767316066117
16.120833333333334,16.933195880473995,4.527402620092613,0.6343085142634669,0.08356468596706189,0.021857800097721133
16.125,16.907139060507625,4.5194938670408,0.6331597113456522,0.08341259149503817,0.02181799959903611
16.129166666666666,16.88111485662883,4.51159833741357,0.6320129782305499,0.08326077368091718,0.021778271530621538
16.133333333333336,16.85512325143109,4.503716011168532,0.6308683112850982,0.08310923202168152,0.021738615758702964
16.1375,16.829164227440554,4.495846868285909,0.6297257068837423,0.0829579660151871,0.02169903214971527
16.14166666666667,16.803237767116304,4.487990888768528,0.6285851614084305,0.08280697516016043,0.021659520570301953
16.145833333333332,16.77734385285072,4.480148052641841,0.62744667124862,0.08265625895619733,0.02162008088731455
16.150000000000002,16.75148246696965,4.472318339953893,0.6263102328012717,0.08250581690375976,0.021580712967811794
16.15416666666667,16.7256535917328,4.464501730775348,0.6251758424708537,0.08235564850417443,0.02154141667905909
16.158333333333335,16.699857209333977,4.45669820519947,0.6240434966693398,0.08220575325963023,0.02150219188852772
16.1625,16.674093301901323,4.448907743342113,0.6229131753831161,0.08205613067317577,0.02146303846389412
16.166666666666668,16.648361851497693,4.441130325341742,0.6217848826391449,0.0819067802487179,0.021423956273039328
16.170833333333334,16.622662840120853,4.433365931359399,0.6206586219771355,0.08175770149101869,0.02138494518404811
16.175,16.596996249703825,4.425614541578731,0.6195343897860789,0.08160889390569381,0.021346005065208454
16.179166666666667,16.571362062115153,4.417876136205975,0.6184121824618113,0.08146035699921023,0.02130713578501079
16.183333333333334,16.545760259159135,4.410150695469934,0.6172919964070106,0.08131209027888367,0.021268337212147218
16.1875,16.520190822576204,4.402438199622018,0.6161738280312022,0.08116409325287696,0.021229609215511015
16.191666666666666,16.494653734043112,4.394738628936193,0.6150576737507528,0.08101636543019725,0.021190951664195726
16.195833333333336,16.46914897517329,4.387051963709021,0.6139435299888755,0.08086890632069428,0.021152364427494654
16.2,16.443676527517106,4.379378184316454,0.6128313931756265,0.08072171543505809,0.021113847374900102
16.20416666666667,16.41823637256209,4.371717271300329,0.6117212597479049,0.08057479228481641,0.02107540037610258
16.208333333333332,16.392828486870247,4.364069205057619,0.6106131261494556,0.08042813638233319,0.021037023300990335
16.212500000000002,16.367452855304027,4.35643396599276,0.6095069888308647,0.08028174724080558,0.020998716019648433
16.21666666666667,16.342109459991562,4.348811534533129,0.608402844249564,0.08013562437426243,0.02096047840235822
16.220833333333335,16.31679828214846,4.341201891129024,0.6073006888698286,0.07998976729756183,0.020922310319596602
16.225,16.29151930292837,4.333605016253653,0.6062005191627747,0.07984417552638859,0.020884211642035272
16.229166666666668,16.266272503423313,4.326020890403156,0.605102331606365,0.07969884857725265,0.020846182240540148
16.233333333333334,16.241057864663865,4.318449494096574,0.6040061226854019,0.07955378596748633,0.02080822198617054
16.2375,16.215875367619528,4.310890807875868,0.6029118888915338,0.07940898721524252,0.020770330750178607
16.241666666666667,16.190724993198966,4.303344812305914,0.6018196267232512,0.07926445183949235,0.020732508404008594
16.245833333333334,16.16560672225024,4.29581148797448,0.600729332685886,0.07912017936002272,0.020694754819296068
16.25,16.14052053556117,4.288290815492254,0.5996410032916153,0.07897616929743467,0.020657069867867396
16.254166666666666,16.115466413859526,4.280782775492809,0.598554635059456,0.07883242117314054,0.020619453421738876
16.258333333333336,16.090444337813366,4.273287348632632,0.5974702245152702,0.0786889345093623,0.020581905353116187
16.2625,16.065454288031308,4.265804515591102,0.5963877681917613,0.07854570882912923,0.020544425534393645
16.26666666666667,16.04049624506273,4.258334257070483,0.5953072626284741,0.07840274365627525,0.020507013838153457
16.270833333333332,16.01557018939817,4.250876553795942,0.5942287043717979,0.07826003851543752,0.02046967013716516
16.275000000000002,15.99067610146946,4.2434313865155255,0.5931520899749616,0.07811759293205339,0.02043239430438476
16.27916666666667,15.965813961650138,4.235998736000168,0.592077415998038,0.07797540643235903,0.020395186212954212
16.283333333333335,15.940983750255663,4.228578583043696,0.5910046790079418,0.0778334785433867,0.02035804573620065
16.2875,15.91618544754363,4.2211709084627955,0.5899338755784278,0.07769180879296246,0.020320972747635634
16.291666666666668,15.891419033714167,4.2137756930970545,0.5888650022900949,0.07755039670970454,0.0202839671209546
16.295833333333334,15.866684488910105,4.206392917808916,0.5877980557303816,0.07740924182302043,0.02024702873003603
16.3,15.841981793217322,4.199022563483707,0.5867330324935691,0.07726834366310534,0.020210157448940863
16.304166666666667,15.817310926665002,4.191664611029628,0.5856699291807808,0.07712770176093964,0.020173353151911794
16.308333333333334,15.79267186922586,4.184319041377731,0.5846087423999791,0.0769873156482865,0.020136615713372472
16.3125,15.768064600816514,4.1769858354819505,0.5835494687659705,0.07684718485769022,0.02009994500792699
16.316666666666666,15.743489101297643,4.1696649743190655,0.5824921049003998,0.07670730892247346,0.020063340910359002
16.320833333333336,15.718945350474375,4.1623564388887315,0.5814366474317554,0.07656768737673544,0.02002680329563121
16.325,15.694433328096505,4.155060210213455,0.5803830929953658,0.07642831975534974,0.019990332038884576
16.32916666666667,15.66995301385873,4.14777626933859,0.5793314382333994,0.07628920559396155,0.019953927015437592
16.333333333333332,15.645504387401047,4.140504597332353,0.5782816797948672,0.07615034442898634,0.019917588100785717
16.337500000000002,15.621087428308869,4.1332451752858015,0.577233814335619,0.07601173579760684,0.019881315170600555
16.34166666666667,15.59670211611344,4.125997984312845,0.5761878385183468,0.07587337923777143,0.019845108100729262
16.345833333333335,15.572348430292044,4.118763005550239,0.575143749012583,0.07573527428819173,0.019808966767193827
16.35,15.548026350268247,4.111540220157572,0.5741015424946988,0.07559742048834012,0.019772891046190316
16.354166666666668,15.523735855412271,4.104329609317285,0.5730612156479081,0.0754598173784482,0.019736881350391977
16.358333333333334,15.49947692504115,4.097131154234639,0.5720227651622625,0.07532246449950376,0.019700942240122893
16.3625,15.475249538419114,4.089944836137743,0.5709861877346559,0.07518536139324936,0.019665068576759332
16.366666666666667,15.451053674757803,4.082770636277539,0.569951480068822,0.07504850760217972,0.019629260240848156
16.370833333333334,15.426889313216522,4.075608535927784,0.5689186388753326,0.07491190266953937,0.019593517113142372
16.375,15.402756432902583,4.068458516385076,0.567887660871602,0.07477554613932098,0.019557839074600774
16.379166666666666,15.378655012871512,4.061320558968825,0.5668585302102933,0.07463943755626258,0.01952222600638718
16.383333333333336,15.35458503212737,4.0541946450212745,0.5658312478756952,0.0745035764658458,0.019486677789870083
16.3875,15.330546469623027,4.047080755907484,0.5648058174932158,0.07436796241429351,0.01945119430662203
16.39166666666667,15.306539304260374,4.0399788730153245,0.5637822357637226,0.0742325949485674,0.01941577543841903
16.395833333333332,15.282563514890695,4.032888978794196,0.5627604993943782,0.07409747361636629,0.019380421067240132
16.400000000000002,15.258619080314842,4.025811053731001,0.5617406050986365,0.07396259796612331,0.01934513107526675
16.40416666666667,15.234705968900371,4.018745079258631,0.5607225495962456,0.07382796754700427,0.01930990534488226
16.408333333333335,15.210824166905176,4.011691036857998,0.5597063296132465,0.07369358190890521,0.0192747437586714
16.4125,15.186973654677713,4.004648908032825,0.5586919418819712,0.07355944060244995,0.01923964619941965
16.416666666666668,15.163154410770993,3.997618674309664,0.5576793831410473,0.0734255431789885,0.019204612550112847
16.420833333333334,15.139366413687805,3.990600317237869,0.5566686501353918,0.07329188919059414,0.019169642693936492
16.425,15.11560964188107,3.983593818389615,0.5556597396162168,0.07315847819006183,0.019134736514275354
16.429166666666667,15.091884073754052,3.9765991593598913,0.5546526483410269,0.07302530973090576,0.019099893894712835
16.433333333333334,15.068189687660599,3.969616321766479,0.5536473730736168,0.07289238336735698,0.019065114719030406
16.4375,15.044526461905484,3.962645287249981,0.5526439105840765,0.07275969865436159,0.019030398871207194
16.441666666666666,15.02089437474456,3.9556860374737886,0.5516422576487857,0.07262725514757809,0.01899574623541929
16.445833333333336,14.99729340438513,3.948738554124102,0.5506424110504181,0.07249505240337561,0.018961156696039327
16.45,14.973723528986152,3.9418028189099203,0.5496443675779398,0.07236308997883158,0.018926630137635903
16.45416666666667,14.950184726658469,3.934878813563026,0.548648124026607,0.07223136743172913,0.01889216644497298
16.458333333333332,14.926676975465156,3.9279665198380096,0.5476536771979702,0.0720998843205556,0.018857765503009466
16.462500000000002,14.903200253421689,3.9210659195122357,0.5466610238998698,0.0719686402044997,0.018823427196898525
16.46666666666667,14.879754538496288,3.9141769943858686,0.5456701609464399,0.07183763464344974,0.01878915141198719
16.470833333333335,14.856339808610144,3.907299726281858,0.5446810851581061,0.07170686719799128,0.01875493803381574
16.475,14.832956041637635,3.9004340970459226,0.5436937933615842,0.07157633742940475,0.01872078694811712
16.479166666666668,14.80960321540669,3.89358008854658,0.542708282389884,0.07144604489966364,0.01868669804081652
16.483333333333334,14.786281307698934,3.886737682675108,0.5417245490823046,0.07131599144217816,0.018652671198030695
16.4875,14.76299029625005,3.8799068613455723,0.5407425902844386,0.07118617839243609,0.018618706306067562
16.491666666666667,14.739730158749992,3.8730876064948125,0.5397624028481697,0.07105660153625602,0.01858480325142558
16.495833333333334,14.716500872843216,3.8662799000824264,0.5387839836316717,0.07092726044395206,0.01855096192079319
16.5,14.69330241612903,3.859483724090793,0.5378073294994117,0.0707981546865847,0.018517182201048355
16.504166666666666,14.670134766161743,3.852699060525047,0.5368324373221459,0.07066928383595822,0.018483463979257927
16.508333333333336,14.646997900451039,3.8459258914130943,0.535859303976924,0.07054064746461937,0.018449807142677202
16.5125,14.623891796462166,3.8391641988056024,0.5348879263470859,0.07041224514585527,0.018416211578749335
16.51666666666667,14.60081643161618,3.8324139647759865,0.5339183013222617,0.07028407645369127,0.018382677175104733
16.520833333333332,14.5777717832903,3.8256751714204347,0.5329504257983743,0.0701561409628897,0.01834920381956067
16.525000000000002,14.55475782881805,3.818947800857871,0.5319842966776358,0.07002843824894724,0.01831579140012057
16.52916666666667,14.531774545489625,3.8122318352299835,0.53101991086855,0.06990096788809363,0.018282439804973617
16.533333333333335,14.508821910552106,3.8055272567012133,0.5300572652859128,0.0697737294572897,0.018249148922494154
16.5375,14.485899901209672,3.7988340474587297,0.529096356850808,0.06964672253422503,0.01821591864124107
16.541666666666668,14.463008494623978,3.792152189712468,0.5281371824906133,0.06951994669731675,0.018182748849957436
16.545833333333334,14.440147667914282,3.7854816656950887,0.5271797391389942,0.06939340152570707,0.018149639437569757
16.55,14.417317398157817,3.7788224576620024,0.5262240237359086,0.0692670865992618,0.0181165902931876
16.554166666666667,14.394517662390005,3.772174547891359,0.5252700332276049,0.06914100149856844,0.018083601306103002
16.558333333333334,14.371748437604678,3.7655379186840303,0.5243177645666205,0.06901514580493387,0.018050672365789847
16.5625,14.349009700754431,3.7589125523636384,0.5233672147117852,0.06888951910038314,0.01801780336190347
16.566666666666666,14.32630142875078,3.75229843127652,0.5224183806282169,0.06876412096765698,0.017984994184279984
16.570833333333336,14.303623598464513,3.7456955377917516,0.5214712592873255,0.06863895099021033,0.017952244722935842
16.575,14.280976186725901,3.739103854301135,0.5205258476668113,0.0685140087522104,0.017919554868067254
16.57916666666667,14.258359170324947,3.732523363219186,0.5195821427506625,0.06838929383853445,0.017886924510049612
16.583333333333332,14.235772526011703,3.725954046983156,0.5186401415291602,0.06826480583476846,0.017854353539437026
16.587500000000002,14.213216230496444,3.719395888053,0.517699840998873,0.06814054432720473,0.0178218418469617
16.59166666666667,14.190690260450028,3.712848868911404,0.5167612381626611,0.06801650890284042,0.01778938932353348
16.595833333333335,14.168194592504094,3.706312972063764,0.5158243206351609,0.06789269914937546,0.017756995860239266
16.6,14.145729200909225,3.699788180038182,0.5148890872332748,0.06776911465521053,0.01772466134834242
16.604166666666668,14.123294063943382,3.6932744753854827,0.513955541405846,0.06764575500944567,0.01769238567928237
16.608333333333334,14.100889158489622,3.686771840679184,0.5130236801450816,0.06752261980187772,0.01766016874467389
16.6125,14.078514461014665,3.680280258515521,0.5120935004490331,0.06739970862299907,0.017628010436306716
16.616666666666667,14.056169947947081,3.673799711513432,0.5111649993215964,0.06727702106399555,0.017595910646144942
16.620833333333334,14.033855595677522,3.667330182314546,0.5102381737725086,0.06715455671674427,0.017563869266326426
16.625,14.011571380559051,3.660871653583206,0.5093130208173523,0.06703231517381227,0.01753188618916237
16.629166666666666,13.989317278907304,3.654424105613642,0.5083895374775519,0.0669102960284541,0.017499961307136654
16.633333333333336,13.967093267000841,3.6479875227816967,0.5074677207803762,0.06678849887461043,0.0174680945129054
16.6375,13.944899321081358,3.641561888346545,0.5065475677589372,0.06666692330690596,0.017436285699296384
16.64166666666667,13.922735417353916,3.635147185057434,0.5056290754521887,0.06654556892064728,0.01740453475930846
16.645833333333332,13.900601531987277,3.6287433956862456,0.50471224090493,0.06642443531182159,0.017372841586111125
16.650000000000002,13.878497641114073,3.622350503027458,0.5037970611678011,0.06630352207709413,0.017341206073043836
16.65416666666667,13.85642372083114,3.615968489898167,0.5028835332972864,0.0661828288138069,0.017309628113615617
16.658333333333335,13.83437974719974,3.60959733913808,0.501971654355714,0.06606235511997652,0.01727810760150444
16.6625,13.812365696245779,3.603237033609498,0.5010614214112525,0.06594210059429217,0.017246644430556644
16.666666666666668,13.790381543960173,3.596887556197338,0.5001528315379165,0.06582206483611415,0.01721523849478651
16.670833333333334,13.76842726629897,3.5905488898091074,0.49924588181556057,0.0657022474454715,0.017183889688375604
16.675,13.74650283918372,3.5842210173749196,0.498340569329884,0.06558264802306062,0.017152597905672324
16.679166666666667,13.724608238501688,3.577903921847484,0.49743689117242873,0.06546326617024309,0.017121363041191343
16.683333333333334,13.702743440106072,3.571597586202097,0.4965348444405781,0.06534410148904368,0.017090184989612987
16.6875,13.680908419816355,3.56530199343666,0.49563442623755993,0.06522515358214893,0.017059063645782843
16.691666666666666,13.65910315341845,3.5590171265716473,0.4947356336724425,0.0651064220529047,0.01702799890471105
16.695833333333336,13.637327616665058,3.5527429686501346,0.4938384638601387,0.06498790650531482,0.016996990661571915
16.7,13.615581785275868,3.546479502737783,0.49294291392140355,0.06486960654403887,0.016966038811703298
16.70416666666667,13.593865634937806,3.5402267119228226,0.49204898098283306,0.06475152177439031,0.016935143250606015
16.708333333333332,13.572179141305352,3.5339845793160825,0.49115666217686765,0.06463365180233495,0.016904303873943444
16.712500000000002,13.550522280000715,3.5277530880509542,0.4902659546417885,0.0645159962344885,0.01687352057754083
16.71666666666667,13.528895026614165,3.521532221283419,0.48937685552172017,0.06439855467811527,0.01684279325738487
16.720833333333335,13.507297356704262,3.5153219621920284,0.4884893619666298,0.06428132674112597,0.0168121218096231
16.725,13.485729245798067,3.5091222939778994,0.48760347113232505,0.06416431203207575,0.016781506130563357
16.729166666666668,13.4641906693915,3.50293319986473,0.4867191801804581,0.0640475101601627,0.016750946116673295
16.733333333333334,13.442681602949477,3.4967546630987765,0.48583648627852083,0.0639309207352255,0.01672044166457976
16.7375,13.421202021906275,3.490586666948866,0.4849553865998492,0.06381454336774195,0.01668999267106834
16.741666666666667,13.399751901665738,3.484429194706393,0.4840758783236208,0.06369837766882697,0.016659599033082773
16.745833333333334,13.378331217601499,3.4782822296853007,0.4831979586348542,0.06358242325023042,0.01662926064772438
16.75,13.356939945057322,3.4721457552221078,0.4823216247244116,0.06346667972433577,0.01659897741225163
16.754166666666666,13.335578059347272,3.4660197546758753,0.4814468737889952,0.0633511467041577,0.016568749224079443
16.758333333333336,13.314245535756042,3.459904211428227,0.48057370303115043,0.06323582380334057,0.01653857598077881
16.7625,13.292942349539178,3.4537991088833437,0.479702109659265,0.0631207106361565,0.016508457580076165
16.76666666666667,13.271668475923306,3.447704430467945,0.4788320908875663,0.06300580681750319,0.016478393919852834
16.770833333333332,13.250423890106463,3.4416201596313125,0.47796364393612584,0.06289111196290254,0.016448384898144562
16.775000000000002,13.229208567258265,3.4355462798452607,0.4770967660308551,0.06277662568849819,0.016418430413140887
16.77916666666667,13.208022482520246,3.4294827746041596,0.47623145440350795,0.06266234761105424,0.016388530363184686
16.783333333333335,13.186865611006077,3.423429627424921,0.4753677062916804,0.062548277347953,0.016358684646771596
16.7875,13.165737927801779,3.4173868218469865,0.4745055189388084,0.06243441451719305,0.016328893162549433
16.791666666666668,13.144639407966089,3.4113543414323497,0.4736448895941713,0.06232075873738778,0.016299155809317737
16.795833333333334,13.123570012007029,3.405332169765527,0.47278581551288834,0.06220730962776291,0.016269472486027153
16.8,13.102529725710511,3.39932029045358,0.4719282939559209,0.06209406680815523,0.016239843091778953
16.804166666666667,13.081518526234074,3.3933186871261,0.4710723221900725,0.06198102989901038,0.01621026752582447
16.808333333333334,13.060536388461419,3.3873273434352003,0.47021789748798615,0.06186819852138085,0.016180745687564516
16.8125,13.039583287248622,3.3813462430555337,0.46936500725930536,0.06175557229692452,0.01615127747654894
16.816666666666666,13.018659197424261,3.3753753696842663,0.4685136489476611,0.061643150847902325,0.016121862792475974
16.820833333333336,12.99776409378975,3.369414707041099,0.46766382820569985,0.06153093379717677,0.016092501535191785
16.825,12.97689795111953,3.3634642388682523,0.4668155422879701,0.061418920768209886,0.016063193604689927
16.82916666666667,12.956060744161299,3.3575239489304582,0.4659687884543422,0.061307111385061085,0.01603393890111069
16.833333333333332,12.9352524476363,3.3515938210149794,0.46512356397001037,0.061195505272385896,0.016004737324740736
16.837500000000002,12.914473036239496,3.3456738389315808,0.46427986610548977,0.06108410205543342,0.015975588776012385
16.84166666666667,12.89372248463987,3.33976398651255,0.46343769213661906,0.06097290136004497,0.015946493677542493
16.845833333333335,12.873000767480647,3.3338642476126874,0.4625970393445595,0.060861902812651955,0.015917454997225446
16.85,12.852307859379481,3.3279746061092927,0.46175790501579284,0.06075110604027393,0.015888469192859953
16.854166666666668,12.831643734928797,3.3220950459021874,0.46092028644212496,0.06064051067051696,0.015859536168068452
16.858333333333334,12.811008368695912,3.3162255509136838,0.46008418092068243,0.06053011633157145,0.01583065582664171
16.8625,12.790401735223373,3.310366096232281,0.45924958575391484,0.06041992265221056,0.015801828072538507
16.866666666666667,12.769823809029166,3.304516669189455,0.45841649824959385,0.0603099292617882,0.015773052809885155
16.870833333333334,12.74927456460689,3.2986772583573116,0.4575849157208118,0.06020013579023696,0.015744329942975005
16.875,12.728753976426127,3.2928478477224195,0.45675483548598456,0.06009054186806667,0.015715659376268138
16.879166666666666,12.70826201893254,3.28702842129354,0.4559262548688485,0.059981147126362,0.01568704101439081
16.883333333333336,12.687798666548217,3.2812189631016446,0.4550991711984624,0.059871951196781056,0.01565847476213511
16.8875,12.66736389367188,3.2754194571999045,0.45427358180920724,0.05976295371155326,0.015629960524458503
16.89166666666667,12.646957674679077,3.269629887663679,0.4534494840407842,0.05965415430347736,0.015601498206483337
16.895833333333332,12.626579983922499,3.2638502385905377,0.45262687523821776,0.059545557159662525,0.015573087713496522
16.900000000000002,12.606230795732143,3.2580804941002297,0.4518057527518521,0.05943715943274603,0.015544728950948975
16.90416666666667,12.585910084415625,3.252320638334706,0.4509861139373543,0.059328958960615685,0.0155164218244553
16.908333333333335,12.565617824258371,3.24657065545811,0.45016795615571314,0.05922095538413838,0.015488166239793297
16.9125,12.545353989523845,3.2408305296567614,0.4493512767732368,0.05911314834480748,0.015459962102903489
16.916666666666668,12.525118554453845,3.235100245139183,0.4485360731615569,0.05900553748474156,0.015431809319888802
16.920833333333334,12.504911493268681,3.2293797861360662,0.44772234269762456,0.058898122446682535,0.015403707797014013
16.925,12.484732780167445,3.223669136900298,0.44691008276371325,0.05879090287399436,0.015375657440705405
16.929166666666667,12.464582389328266,3.2179682817069457,0.4460992907474177,0.05868387841066146,0.015347658157550308
16.933333333333334,12.444460294908492,3.212277204853245,0.4452899640416523,0.058577048701286924,0.015319709854296617
16.9375,12.424366471045003,3.2065958906586256,0.4444821000446541,0.05847041339109137,0.01529181243785246
16.941666666666666,12.40430089185437,3.2009243234646774,0.44367569615997954,0.058363972125911,0.015263965815285638
16.945833333333336,12.384263531433168,3.1952624876351763,0.44287074979650715,0.05825772455219637,0.015236169893823327
16.95,12.364254363858187,3.189610367556068,0.4420672583684364,0.05815167031701075,0.015208424580851566
16.95416666666667,12.344273363186623,3.1839679476354625,0.44126521929528617,0.058045809068028344,0.015180729783914791
16.958333333333332,12.32432050345641,3.1783352123036486,0.4404646300018977,0.05794014045353319,0.01515308541071553
16.962500000000002,12.304395758686363,3.1727121460130703,0.4396654879184312,0.05783466412241714,0.01512549136911381
16.96666666666667,12.284499102876497,3.1670987332383485,0.438867790480369,0.0577293797241787,0.015097947567126858
16.970833333333335,12.264630510008228,3.1614949584762653,0.43807153512851366,0.05762428690892137,0.015070453912928621
16.975,12.24478995404458,3.1559008062457545,0.43727671930898726,0.057519385327351846,0.015043010314849276
16.979166666666668,12.224977408930501,3.1503162610879256,0.43648334047323384,0.057414674630778956,0.015015616681374916
16.983333333333334,12.205192848593024,3.144741307566031,0.4356913960780161,0.057310154471111555,0.014988272921146985
16.9875,12.185436246941556,3.139175930265491,0.4349008835854184,0.057205824500857504,0.014960978942961962
16.991666666666667,12.165707557685064,3.1336201137938793,0.4341118004628457,0.05710168437312187,0.014933734655770876
16.995833333333334,12.146006769826144,3.1280738427809145,0.4333241441830212,0.05699773374160524,0.014906539968678831
17.0,12.126333860118894,3.122537101878478,0.43253791222399063,0.05689397226060254,0.014879394790944677
17.004166666666666,12.106688802310414,3.1170098757605893,0.43175310206911793,0.0567903995850011,0.014852299031980454
17.008333333333336,12.087071570129163,3.1114921491234244,0.430969711207088,0.05668701537027941,0.014825252601351082
17.0125,12.067482137285133,3.1059839066853066,0.4301877371319064,0.05658381927250553,0.014798255408773865
17.01666666666667,12.047920477470042,3.100485133186693,0.4294071773428969,0.05648081094833529,0.014771307364118007
17.020833333333332,12.028386564357612,3.0949958133901965,0.4286280293447051,0.05637799005501111,0.014744408377404311
17.025000000000002,12.008880371603702,3.08951593208056,0.4278502906472947,0.056275356250360106,0.01471755835880461
17.02916666666667,11.989401872846607,3.0840454740646726,0.4270739508224836,0.05617290919279286,0.014690757218641435
17.033333333333335,11.969951041707233,3.078584424171563,0.42629900581843716,0.05607064854130172,0.014664004867387547
17.0375,11.950527851789278,3.073132767252386,0.4255254614737935,0.055968573955459136,0.014637301215665458
17.041666666666668,11.931132276679532,3.067690488180443,0.42475331528275895,0.05586668509541643,0.014610646174247096
17.045833333333334,11.911764289948003,3.0622575718511555,0.42398256474439516,0.05576498162190186,0.014584039654053265
17.05,11.892423865148189,3.0568340031820878,0.42321320736262236,0.05566346319621943,0.014557481566153309
17.054166666666667,11.873110975817292,3.0514197671129284,0.4224452406462176,0.05556212948024723,0.014530971821764637
17.058333333333334,11.853825595476385,3.04601484860549,0.42167866210881344,0.05546098013643567,0.014504510332252234
17.0625,11.834567697630694,3.040619232643719,0.4209134692689018,0.0553600148278063,0.014478097009128357
17.066666666666666,11.815337255769744,3.0352329042336756,0.4201496596498291,0.05525923321794996,0.014451731764051966
17.070833333333336,11.79613424336764,3.0298558484035527,0.4193872307798001,0.05515863497102541,0.014425414508828397
17.075,11.776958633883249,3.0244880502036633,0.4186261801918767,0.055058219751757835,0.014399145155408887
17.07916666666667,11.757810400760382,3.0191294947064313,0.41786650542397563,0.05495798722543699,0.014372923615890102
17.083333333333332,11.738689517428098,3.013780167006409,0.4171082040188729,0.05485793705791608,0.0143467498025138
17.087500000000002,11.719595957300811,3.0084400522202546,0.4163512735241984,0.054758068915609796,0.014320623627666286
17.09166666666667,11.700529693778595,3.0031091354867487,0.41559571149244084,0.05465838246549315,0.014294545003878074
17.095833333333335,11.681490700247368,2.997787389365441,0.41484151548094544,0.05455887737509969,0.014268513843823424
17.1,11.662478950079064,2.992474797153431,0.4140886830519119,0.05445955331251994,0.014242530060319857
17.104166666666668,11.643494416631931,2.987171356811578,0.41333721177239885,0.05436040994640012,0.01421659356632782
17.108333333333334,11.624537073250657,2.9818770535176826,0.41258709921431924,0.05426144694594016,0.014190704274950153
17.1125,11.605606893266662,2.9765918724710874,0.41183834295444405,0.054162663980892624,0.014164862099431741
17.116666666666667,11.586703849998282,2.9713157988926713,0.4110909405744004,0.05406406072156094,0.014139066953159043
17.120833333333334,11.56782791675094,2.9660488180248334,0.4103448896606701,0.05396563683879765,0.014113318749659626
17.125,11.548979066817454,2.9607909151315197,0.4096001878045936,0.05386739200400338,0.014087617402601817
17.129166666666666,11.530157273478157,2.9555420754981894,0.4088568326023653,0.05376932588912471,0.014061962825794172
17.133333333333336,11.511362510001181,2.9503022844318414,0.40811482165503726,0.05367143816665312,0.014036354933185126
17.1375,11.49259474964265,2.9450715272609975,0.40737415256851756,0.053573728509623234,0.01401079363886254
17.14166666666667,11.473853965646859,2.9398497893357,0.40663482295356923,0.05347619659161109,0.0139852788570532
17.145833333333332,11.455140131246557,2.9346370560275203,0.40589683042581287,0.053378842086733005,0.013959810502122508
17.150000000000002,11.436453219663088,2.929433312729544,0.40516017260572335,0.05328166466964364,0.013934388488573916
17.15416666666667,11.417793204106669,2.9242385448563826,0.4044248471186328,0.05318466401553473,0.01390901273104861
17.158333333333335,11.399160057776585,2.9190527378441673,0.4036908515947294,0.053087839800133485,0.013883683144325022
17.1625,11.380553753861358,2.913875877150538,0.40295818366905545,0.05299119169970077,0.013858399643318359
17.166666666666668,11.361974265539043,2.9087079482546607,0.4022268409815113,0.052894719391030055,0.013833162143080268
17.170833333333334,11.343421565977362,2.9035489366572036,0.401496821176851,0.052798422551445345,0.013807970558798297
17.175,11.324895628333984,2.8983988278803556,0.4007681219046857,0.052702300858800115,0.013782824805795558
17.179166666666667,11.306396425756713,2.893257607467818,0.40004074081948227,0.05260635399147543,0.013757724799530248
17.183333333333334,11.287923931383673,2.8881252609847916,0.39931467558056183,0.05251058162837845,0.013732670455595175
17.1875,11.269478099204576,2.8830017740179974,0.3985899238521027,0.052414983448941105,0.013707661689717435
17.191666666666666,11.251058916821764,2.8778871321756485,0.3978664833031373,0.05231955913311818,0.013682698417757842
17.195833333333336,11.232666359968253,2.8727813210874755,0.39714435160755457,0.05222430836138614,0.01365778055571063
17.2,11.214300401657246,2.8676843264047096,0.39642352644409906,0.052129230814741453,0.013632908019702942
17.20416666666667,11.195961014891251,2.8625961338000763,0.39570400549636964,0.05203432617469882,0.013608080725994377
17.208333333333332,11.177648172662348,2.857516728967813,0.3949857864528215,0.05193959412329005,0.013583298590976657
17.212500000000002,11.159361847952283,2.8524460976236448,0.39426886700676445,0.05184503434306207,0.013558561531173062
17.21666666666667,11.141102013732754,2.8473842255048005,0.3935532448563641,0.05175064651707576,0.013533869463238125
17.220833333333335,11.122868642965551,2.842331098370009,0.3928389177046419,0.051656430328904296,0.013509222303957125
17.225,11.10466170860274,2.8372867019994823,0.3921258832594725,0.05156238546263132,0.013484619970245646
17.229166666666668,11.086481183586912,2.832251022194937,0.39141413923358803,0.05146851160284988,0.013460062379149209
17.233333333333334,11.068327040851301,2.8272240447795696,0.39070368334457367,0.05137480843466046,0.013435549447842761
17.2375,11.050199253320047,2.822205755598078,0.38999451331487134,0.05128127564366972,0.013411081093630308
17.241666666666667,11.032097793908354,2.817196140516646,0.3892866268717776,0.05118791291598888,0.013386657233944468
17.245833333333334,11.014022635522666,2.812195185422937,0.388580015539712,0.05109471993823193,0.013362277786345966
17.25,10.995973751060912,2.807202876226112,0.3878746741695591,0.051001696397514555,0.013337942668523351
17.254166666666666,10.977951113412635,2.802219198856805,0.38717060854054236,0.05090884198145211,0.013313651798292381
17.258333333333336,10.95995469545924,2.797244139267139,0.3864678163668297,0.050816156378158436,0.013289405093595753
17.2625,10.941984470074173,2.7922776834307226,0.38576629536703794,0.05072363927624418,0.013265202472502593
17.26666666666667,10.924040410123071,2.787319817342635,0.3850660432642308,0.05063129036481508,0.013241043853207977
17.270833333333332,10.906122488464028,2.782370527019442,0.38436705778592184,0.05053910933347079,0.01321692915403263
17.275000000000002,10.888230677947714,2.777429798499178,0.3836693366640713,0.05044709587230295,0.013192858293422345
17.27916666666667,10.870364951417628,2.7724976178413634,0.3829728776350888,0.050355249671893906,0.01316883118994768
17.283333333333335,10.852525281710268,2.76757397112699,0.3822776784398324,0.05026357042331517,0.013144847762303445
17.2875,10.834711641655293,2.762658844458515,0.38158373682360675,0.05017205781812554,0.013120907929308274
17.291666666666668,10.816924004075782,2.7577522239598795,0.3808910505361665,0.05008071154837006,0.013097011609904249
17.295833333333334,10.799162341788348,2.7528540957764824,0.38019961733171254,0.04998953130657799,0.013073158723156383
17.3,10.781426627603405,2.747964446075201,0.37950943496889533,0.049898516785761626,0.013049349188252275
17.304166666666667,10.763716834325326,2.7430832610443776,0.3788205012108132,0.04980766795900242,0.013025582924501625
17.308333333333334,10.746032934752613,2.7382105268938157,0.3781328138250109,0.04971698923927437,0.013001859851335788
17.3125,10.728374901678137,2.733346229854793,0.3774463705834834,0.04962647554513761,0.01297817988830741
17.316666666666666,10.710742707889288,2.7284903561800378,0.37676116926267167,0.049536126576239556,0.012954542955089892
17.320833333333336,10.69313632616821,2.7236428921437503,0.37607720764346564,0.04944594203275721,0.012930948971477072
17.325,10.675555729291958,2.718803824041592,0.3753944835112033,0.04935592161539571,0.01290739785738273
17.32916666666667,10.658000890032698,2.713973126895599,0.3747129946556691,0.04926606502538694,0.01288388998257761
17.333333333333332,10.640471781157924,2.7091507733980618,0.37403273887109706,0.04917637196448854,0.01286042716550025
17.337500000000002,10.622968375430602,2.704336772519295,0.3733537139561672,0.04908684213498234,0.012837007077790967
17.34166666666667,10.605490645609429,2.699531110573968,0.3726759177140085,0.04899747523967332,0.012813629641615287
17.345833333333335,10.58803856444897,2.6947337738974277,0.37199934795219786,0.048908270981888276,0.012790294779273743
17.35,10.570612104699856,2.689944748845689,0.37132400248275815,0.04881922906547437,0.012767002413201499
17.354166666666668,10.55321123910903,2.6851640217954484,0.370649879122162,0.048730349194798156,0.012743752465968074
17.358333333333334,10.535835940419847,2.6803915791440653,0.36997697569132776,0.048641631074744,0.012720544860276873
17.3625,10.518486181372367,2.67562740730958,0.36930529001562257,0.04855307441071308,0.01269737951896493
17.366666666666667,10.501161934703484,2.6708714927307,0.368634819924861,0.048464678908622036,0.01267425636500249
17.370833333333334,10.483863173147117,2.666123821866793,0.36796556325330426,0.048376444274901446,0.012651175321492644
17.375,10.466589869434454,2.6613843811979057,0.36729751783966214,0.04828837021649497,0.01262813631167102
17.379166666666666,10.449341996294072,2.656653157224739,0.3666306815270908,0.04820045644085772,0.012605139258905353
17.383333333333336,10.432119509238943,2.651930136468666,0.3659650521631945,0.04811270265595522,0.012582184086695198
17.3875,10.414922394139882,2.6472153054717213,0.3653006276000253,0.04802510857026212,0.012559270718671528
17.39166666666667,10.397750625967237,2.642508650796596,0.3646374056940812,0.047937673892760616,0.012536399078596359
17.395833333333332,10.380604177362173,2.6378101590266505,0.3639753843063091,0.04785039833293968,0.012513569090362461
17.400000000000002,10.36348302096233,2.633119816765892,0.3633145613021016,0.047763281600793274,0.012490780677992891
17.40416666666667,10.346387129402078,2.6284376106389966,0.3626549345512998,0.04767632340681951,0.012468033765640749
17.408333333333335,10.329316475312666,2.6237635272912927,0.36199650192819205,0.04758952346201919,0.01244532827758875
17.4125,10.312271031322343,2.6190975533887584,0.3613392613115124,0.04750288147789435,0.01242266413824884
17.416666666666668,10.295250770056622,2.6144396756180366,0.36068321058444414,0.04741639716644739,0.012400041272161934
17.420833333333334,10.278255664138362,2.6097898806864084,0.3600283476346156,0.047330070240179385,0.012377459603997448
17.425,10.261285686188014,2.6051481553218183,0.35937467035410403,0.04724390041208916,0.012354919058553014
17.429166666666667,10.244340808823772,2.6005144862728575,0.35872217663943273,0.047157887395671845,0.012332419560754105
17.433333333333334,10.2274210046617,2.595888860308758,0.3580708643915721,0.047072030904917496,0.01230996103565362
17.4375,10.210526246315993,2.591271264219411,0.3574207315159401,0.04698633065431015,0.012287543408431635
17.441666666666666,10.19365650639906,2.5866616848153416,0.35677177592240067,0.04690078635882613,0.012265166604394912
17.445833333333336,10.176811757521772,2.5820601089277284,0.35612399552526564,0.04681539773393318,0.012242830548976652
17.45,10.159991972293597,2.577466523408393,0.35547738824329367,0.04673016449558895,0.012220535167736087
17.45416666666667,10.143197123322748,2.57288091512979,0.35483195199968953,0.04664508636023968,0.012198280386358083
17.458333333333332,10.126427183216435,2.568303270985026,0.3541876847221059,0.04656016304481922,0.01217606613065288
17.462500000000002,10.10968212458095,2.563733577887839,0.3535445793979681,0.04647539426674734,0.012153892326555612
17.46666666666667,10.092961920021901,2.5591718227726084,0.35290262997306426,0.046390779743928835,0.012131758900126053
17.470833333333335,10.076266542144378,2.5546179925943537,0.35226184236347147,0.046306319194752116,0.012109665777548203
17.475,10.05959596355307,2.550072074328722,0.351622214485006,0.046222012338087766,0.012087612885129922
17.479166666666668,10.042950156852532,2.5455340549720056,0.3509837442575618,0.046137858893287594,0.012065600149302608
17.483333333333334,10.026329094647263,2.541003921541116,0.3503464296051074,0.04605385858018302,0.012043627496620787
17.4875,10.009732749541959,2.5364816610736107,0.34971026845568887,0.045970011119084116,0.012021694853761818
17.491666666666667,9.993161094141644,2.5319672606276726,0.34907525874142825,0.045886316230778164,0.011999802147525487
17.495833333333334,9.976614101051826,2.5274607072821076,0.3484413983985226,0.04580277363652827,0.011977949304833634
17.5,9.960091742878726,2.522961988136362,0.34780868536724685,0.04571938305807246,0.011956136252729862
17.504166666666666,9.94359399222939,2.5184710903104968,0.3471771175919501,0.045636144217621924,0.011934362918379083
17.508333333333336,9.92712082171192,2.5139880009452074,0.3465466930210587,0.045553056837860165,0.01191262922906725
17.5125,9.910672203935615,2.509512707201813,0.3459174096070754,0.04547012064194157,0.01189093511220095
17.51666666666667,9.894248111511121,2.5050451962622495,0.3452892653065772,0.04538733535348996,0.01186928049530703
17.520833333333332,9.87784851705067,2.5005854553290834,0.34466225808021916,0.045304700696597686,0.011847665306032281
17.525000000000002,9.861473393168172,2.496133471625494,0.3440363858927303,0.04522221639582394,0.011826089472143036
17.52916666666667,9.845122712479471,2.4916892323952866,0.34341164671291685,0.04513988217619385,0.011804552921524845
17.533333333333335,9.828796447602462,2.4872527249028837,0.342788038513661,0.04505769776319706,0.011783055582182119
17.5375,9.81249457115727,2.4828239364333213,0.3421655592719197,0.044975662882786274,0.011761597382237695
17.541666666666668,9.796217055766455,2.478402854292257,0.34154420696872684,0.04489377726137639,0.011740178249932601
17.545833333333334,9.779963874055133,2.473989465805957,0.34092397958919096,0.04481204062584276,0.011718798113625573
17.55,9.763734998651204,2.4695837583213054,0.3403048751224974,0.04473045270352031,0.011697456901792793
17.554166666666667,9.747530402185506,2.4651857192058,0.33968689156190723,0.04464901322220212,0.011676154543027478
17.558333333333334,9.731350057291955,2.460795335847545,0.3390700269047561,0.044567721910138004,0.011654890966039508
17.5625,9.715193936607774,2.4564125889635644,0.33845427915245696,0.04448657849603351,0.01163366609965513
17.566666666666666,9.69906201277361,2.4520374366608717,0.3378396463104965,0.04440558270904838,0.01161247987281651
17.570833333333336,9.682954258433757,2.4476698996410176,0.33722612638843874,0.04432473427879554,0.011591332214581456
17.575,9.666870646236312,2.4433099652951817,0.33661371739992285,0.04424403293533964,0.011570223054123028
17.57916666666667,9.650811130726536,2.438957621034216,0.3360024173626627,0.04416347840919577,0.011549152320729138
17.583333333333332,9.634775698514789,2.4346128542886634,0.33539222429844906,0.04408307043132839,0.011528119943802269
17.587500000000002,9.618764324511735,2.4302756525087377,0.3347831362331468,0.04400280873314976,0.011507125852859035
17.59166666666667,9.602776981299566,2.425946003164336,0.33417515119669755,0.04392269304651894,0.011486169977529883
17.595833333333335,9.586813641463154,2.4216238937450334,0.33356826722311805,0.04384272310374043,0.011465252247558724
17.6,9.570874277590226,2.4173093117600732,0.3329624823504996,0.04376289863756274,0.011444372592802517
17.604166666666668,9.554958862271537,2.413002244738383,0.33235779462101045,0.04368321938117739,0.011423530943230994
17.608333333333334,9.539067368100975,2.408702680228553,0.33175420208089257,0.043603685068217365,0.011402727228926221
17.6125,9.523199767675775,2.4044106057988546,0.33115170278046463,0.043524295432756065,0.011381961380082307
17.616666666666667,9.50735603359663,2.400126009037231,0.3305502947741203,0.04344505020930599,0.011361233327005017
17.620833333333334,9.491536138467835,2.395848877551285,0.32994997612032795,0.04336594913281724,0.011340543000111369
17.625,9.475740054897495,2.3915791989683006,0.32935074488163213,0.04328699193867659,0.011319890329929362
17.629166666666666,9.459967755497601,2.387316960935219,0.3287525991246516,0.043208178362705955,0.011299275247097531
17.633333333333336,9.444219212884256,2.3830621511186556,0.3281555369200815,0.04312950814116124,0.011278697682364645
17.6375,9.428494399677795,2.37881475720489,0.3275595563426915,0.043050981010731085,0.011258157566589341
17.64166666666667,9.412793288502906,2.374574766899861,0.3269646554713263,0.04297259670853543,0.01123765483073971
17.645833333333332,9.397115851988858,2.370342167929179,0.32637083238890663,0.04289435497212447,0.01121718940589303
17.650000000000002,9.381462062769572,2.366116948038105,0.325778085182427,0.042816255539477176,0.011196761223235305
17.65416666666667,9.36583189348384,2.361899094991572,0.3251864119429581,0.0427382981490002,0.011176370214060993
17.658333333333335,9.35022531677545,2.3576885965741714,0.32459581076564575,0.04266048253952652,0.011156016309772612
17.6625,9.33464230529332,2.3534854405901453,0.3240062797497097,0.04258280845031401,0.011135699441880337
17.666666666666668,9.319082831691695,2.3492896148634026,0.3234178169984463,0.04250527562104458,0.01111541954200173
17.670833333333334,9.303546868630242,2.3451011072375016,0.32283042061922534,0.04242788379182237,0.011095176541861288
17.675,9.288034388774278,2.34091990557566,0.3222440887234926,0.042350632703172936,0.011074970373290157
17.679166666666667,9.272545364794862,2.336745997760754,0.3216588154677429,0.042273522096041814,0.011054800968225751
17.683333333333334,9.257079769368948,2.332579371695302,0.3210745939778625,0.042196551711793054,0.011034668258711348
17.6875,9.241637575179592,2.3284200153014853,0.32049143043510403,0.04211972129220831,0.0110145721768958
17.691666666666666,9.226218754916038,2.3242679165211286,0.31990932293957125,0.04204303057948521,0.010994512655033113
17.695833333333336,9.210823281273917,2.320123063315711,0.319328269595098,0.041966479316236385,0.010974489625482137
17.7,9.195451126955398,2.3159854436663627,0.3187482685092469,0.04189006724548804,0.010954503020706186
17.70416666666667,9.180102264669298,2.311855045573853,0.31816931779330854,0.041813794110678607,0.010934552773272651
17.708333333333332,9.164776667131294,2.3077318570586094,0.31759141556230314,0.04173765965565772,0.010914638815852695
17.712500000000002,9.14947430706402,2.303615866160693,0.31701455993497857,0.04166166362468462,0.010894761081220838
17.71666666666667,9.134195157197269,2.2995070609398187,0.31643874903381275,0.04158580718042811,0.010874919502254646
17.720833333333335,9.11893919026812,2.2954054294753448,0.31586398098501184,0.04151009091712179,0.010855114011934352
17.725,9.10370637902107,2.291310959866264,0.31529025391850984,0.0414345124674902,0.010835344543342467
17.729166666666668,9.08849669620825,2.287223640231221,0.3147175659679707,0.04135907158068072,0.010815611029663483
17.733333333333334,9.073310114589498,2.283143458708491,0.31414591527078556,0.0412837680062814,0.010795913404183437
17.7375,9.05814660693258,2.2790704034559943,0.31357529996807526,0.04120860149432013,0.010776251600289628
17.741666666666667,9.043006146013319,2.2750044626512924,0.3130057182046892,0.041133571795263515,0.010756625551470222
17.745833333333334,9.02788870461571,2.2709456244915747,0.3124371681292043,0.041058678660015564,0.010737035191313858
17.75,9.012794255532151,2.2668938771936777,0.31186964789392724,0.04098392183991699,0.010717480453509363
17.754166666666666,8.997722771563511,2.2628492089940613,0.3113031556548919,0.040909301086743705,0.01069796127184532
17.758333333333336,8.982674225519348,2.258811608148829,0.31073768957186176,0.04083481615270611,0.010678477580209764
17.7625,8.967648590218042,2.2547810629337164,0.31017324780832856,0.0407604667904478,0.010659029312589802
17.76666666666667,8.952645838486916,2.2507575616440842,0.30960982853151137,0.040686252753044445,0.010639616403071218
17.770833333333332,8.937665943162447,2.2467410925949336,0.3090474299123592,0.040612173794002934,0.010620238785838194
17.775000000000002,8.922708857503551,2.242731644120887,0.3084860501255481,0.04053822966725995,0.010600896395172857
17.77916666666667,8.90777456959458,2.2387292045762015,0.30792568734948317,0.040464420127181225,0.010581589165454992
17.783333333333335,8.89286305461171,2.2347337623347627,0.3073663397662982,0.04039074492856026,0.010562317031161665
17.7875,8.877974285340308,2.2307453057900775,0.30680800556185384,0.04031720382661723,0.01054307992686682
17.791666666666668,8.863108234573552,2.2267638233552853,0.30625068292574076,0.04024379657699805,0.010523877787240996
17.795833333333334,8.848264875112498,2.2227893034585087,0.30569437005127637,0.04017052293577305,0.010504710547050877
17.8,8.833444179766262,2.218821689281865,0.30513906513550715,0.04009738265943616,0.010485578141159023
17.804166666666667,8.818646121352138,2.214861011627031,0.304584766379208,0.040024375504903696,0.010466480504523461
17.808333333333334,8.80387067269569,2.2109072589008143,0.3040314719868808,0.039951501229513145,0.010447417572197307
17.8125,8.789117806630957,2.206960419528665,0.30347918016675707,0.03987875959102237,0.010428389279328468
17.816666666666666,8.7743874960005,2.203020481954657,0.30292788913079494,0.03980615034760821,0.010409396027139951
17.820833333333336,8.759679713655611,2.199087434641501,0.3023775970946818,0.03973367325786566,0.01039043921504898
17.825,8.744994432456405,2.195161266070537,0.30182830227783325,0.039661328080806676,0.01037151693349428
17.82916666666667,8.730331625271923,2.1912419647417285,0.3012800029033914,0.03958911457585898,0.010352629119519017
17.833333333333332,8.715691264980336,2.1873295191736757,0.3007326971982282,0.03951703250286523,0.010333775710274122
17.837500000000002,8.701073324468998,2.183423917903597,0.3001863833929421,0.03944508162208163,0.01031495664301787
17.84166666666667,8.686477776634645,2.179525149487344,0.2996410597218606,0.03937326169417714,0.010296171855115683
17.845833333333335,8.67190459438348,2.175633202499392,0.29909672442303914,0.03930157248023222,0.010277421284039794
17.85,8.657353750631314,2.1717480655328356,0.29855337573826,0.03923001374173767,0.010258704867368915
17.854166666666668,8.642825218303717,2.1678697271994,0.29801101191303475,0.039158585240593846,0.010240022542788023
17.858333333333334,8.62831897033611,2.163998176129424,0.29746963119660164,0.039087286739109176,0.010221374248087967
17.8625,8.61383497967395,2.1601334009718762,0.29692923184192754,0.03901611799999942,0.010202759921165252
17.866666666666667,8.599373219272815,2.1562753903943443,0.29638981210570736,0.03894507878638645,0.010184179500021713
17.870833333333334,8.58493366209854,2.1524241330830276,0.2958513702483627,0.03887416886179703,0.010165632922764175
17.875,8.570516281127388,2.1485796177427554,0.29531390453404444,0.038803387990162024,0.010147120127604239
17.879166666666666,8.556121049346121,2.144741833096964,0.29477741323062984,0.038732735935815006,0.010128641052857905
17.883333333333336,8.541747939752184,2.1409107678877137,0.2942418946097247,0.038662212463491386,0.01011019563694533
17.8875,8.527396925353813,2.13708641087568,0.2937073469466629,0.03859181733832733,0.010091783818390524
17.89166666666667,8.513067979170145,2.1332687508401467,0.2931737685205048,0.0385215503258584,0.010073405535820996
17.895833333333332,8.498761074231405,2.129457776579021,0.2926411545461373,0.0384514111920189,0.010055060727967555
17.900000000000002,8.48447618357897,2.1256534769088136,0.2921094975006131,0.03838139970314033,0.010036749333663907
17.90416666666667,8.470213280265558,2.121855840664653,0.2915788037217836,0.038311515625950726,0.01001847129184645
17.908333333333335,8.455972337355334,2.1180648567002813,0.291049071477977,0.03824175872757332,0.010000226541553936
17.9125,8.441753327924012,2.114280513888041,0.29052029904092724,0.038172128775525435,0.009982015021927134
17.916666666666668,8.427556225059059,2.1105028011188955,0.28999248468577554,0.038102625537717594,0.009963836672208626
17.920833333333334,8.413381001859742,2.1067317073024077,0.2894656266910686,0.0380332487824522,0.009945691431742412
17.925,8.399227631437324,2.1029672213667507,0.2889397233387605,0.03796399827842267,0.009927579239973694
17.929166666666667,8.385096086915174,2.099209332258709,0.28841477291421125,0.03789487379471226,0.009909500036448539
17.933333333333334,8.370986341428868,2.0954580289436646,0.2878907737061866,0.037825875100792834,0.009891453760813552
17.9375,8.35689836812638,2.0917133004056114,0.28736772400685984,0.03775700196652409,0.009873440352815666
17.941666666666666,8.34283214016815,2.08797513564714,0.2868456221118092,0.037688254162152164,0.00985545975230174
17.945833333333336,8.328787630727263,2.0842435236894508,0.2863244663200201,0.03761963145830874,0.009837511899218354
17.95,8.314764812989564,2.080518453572345,0.28580425493388434,0.03755113362600995,0.009819596733611467
17.95416666666667,8.300763660153768,2.0767999143542193,0.28528498625919896,0.03748276043665512,0.009801714195626096
17.958333333333332,8.286784145431634,2.0730878951120797,0.28476665860516837,0.03741451166202596,0.009783864225506088
17.962500000000002,8.272826242048046,2.0693823849415227,0.2842492702844021,0.037346387074285156,0.009766046763593746
17.96666666666667,8.258889923241192,2.0656833729567485,0.2837328196129166,0.037278386445975614,0.009748261750329595
17.970833333333335,8.244975143511226,2.0619908482905576,0.2832173049101344,0.03721050955001917,0.009730509126252061
17.975,8.231081890830637,2.0583048000943385,0.2827027244988837,0.03714275615971548,0.009712788831997141
17.979166666666668,8.217210140575123,2.054625217538085,0.2821890767053993,0.037075126048741136,0.00969510080829818
17.983333333333334,8.203359865952537,2.050952089810378,0.28167635985932143,0.037007618991148294,0.009677444995985485
17.9875,8.18953104018269,2.0472854061183985,0.2811645722936971,0.03694023476136388,0.009659821335986113
17.991666666666667,8.175723636497445,2.04362515568792,0.2806537123449795,0.03687297313418837,0.00964222976932352
17.995833333333334,8.161937628140791,2.0399713277633036,0.2801437783530266,0.03680583388479456,0.009624670237117265
18.0,8.148172988369014,2.0363239116075103,0.2796347686611039,0.036738816788726834,0.00960714268058276
18.004166666666666,8.134429690450746,2.0326828965020813,0.2791266816158816,0.03667192162189968,0.009589647041030889
18.008333333333336,8.120707707667126,2.029048271747157,0.2786195155674366,0.03660514816059693,0.009572183259867806
18.0125,8.10700701331189,2.0254200266614646,0.2781132688692518,0.03653849618147052,0.009554751278594589
18.01666666666667,8.09332758069146,2.021798150582314,0.2776079398782154,0.03647196546153933,0.009537351038806915
18.020833333333332,8.079669383125106,2.0181826328656105,0.27710352695462237,0.03640555577818836,0.009519982482194836
18.025000000000002,8.066032393944994,2.0145734628858385,0.2766000284621724,0.03633926690916731,0.009502645550542406
18.02916666666667,8.05241658649635,2.0109706300360726,0.2760974427679721,0.03627309863258977,0.009485340185727435
18.033333333333335,8.038821934137548,2.007374163669127,0.27559576824253373,0.03620705072693206,0.009468066329721194
18.0375,8.025248410240206,2.003783916772416,0.27509500325977465,0.03614112297103197,0.009450823924588061
18.041666666666668,8.011695988189334,2.000199972648928,0.27459514619701897,0.036075315144088,0.009433612912485297
18.045833333333334,7.998164641383399,1.9966223206504055,0.27409619543499575,0.03600962702565793,0.009416433235662687
18.05,7.984654343234472,1.9930509501471338,0.27359814935784027,0.03594405839565799,0.009399284836462293
18.054166666666667,7.971165067168334,1.989485850527908,0.27310100635309387,0.03587860903436174,0.009382167657318136
18.058333333333334,7.957696786624551,1.9859270112000103,0.27260476481170265,0.035813278722398756,0.00936508164075587
18.0625,7.944249475056645,1.9823744215892047,0.2721094231280195,0.035748067240753925,0.009348026729392549
18.066666666666666,7.930823105932134,1.9788280711397033,0.2716149796998019,0.03568297437076595,0.009331002865936256
18.070833333333336,7.917417652732708,1.9752879493141589,0.2711214329282138,0.035617999894126624,0.009314009993185874
18.075,7.9040330889543124,1.9717540455936402,0.2706287812178249,0.035553143592879546,0.00929704805403075
18.07916666666667,7.890669388107227,1.968226349477608,0.2701370229766095,0.035488405249419014,0.00928011699145039
18.083333333333332,7.877326523716239,1.9647048504839097,0.2696461566159488,0.03542378464648912,0.00926321674851421
18.087500000000002,7.864004469320697,1.961189538148743,0.2691561805506284,0.03535928156718241,0.00924634726838117
18.09166666666667,7.850703198474659,1.9576804020266518,0.26866709319884025,0.03529489579493906,0.009229508494299538
18.095833333333335,7.837422684746993,1.9541774316905,0.2681788929821819,0.035230627113545646,0.009212700369606575
18.1,7.824162901721465,1.9506806167314488,0.26769157832565554,0.035166475307134,0.009195922837728202
18.104166666666668,7.810923822996893,1.9471899467589475,0.2672051476576702,0.035102440160180326,0.00917917584217877
18.108333333333334,7.797705422187208,1.9437054114007035,0.26671959941003875,0.03503852145750387,0.009162459326560691
18.1125,7.784507672921603,1.9402270003026725,0.2662349474144379,0.03497471898426606,0.009145773234564196
18.116666666666667,7.771330548844643,1.9367547031290355,0.26575114675828754,0.03491103252596934,0.009129117509967026
18.120833333333334,7.75817402361633,1.933288509562175,0.26526822320233057,0.03484746186845592,0.009112492096634095
18.125,7.745038070912277,1.929828409302666,0.2647861751613211,0.034784006797907024,0.009095896938517261
18.129166666666666,7.731922664423763,1.9263743920692453,0.26430500105340504,0.03472066950944467,0.00907933197965496
18.133333333333336,7.718827777857887,1.9229264475988026,0.26382469930011637,0.0346574483554933,0.009062797164171967
18.1375,7.7057533849376565,1.919484565646359,0.2633452683263708,0.03459434228980877,0.009046292436279066
18.14166666666667,7.692699459402089,1.9160487359850382,0.2628667065604591,0.034531351102879256,0.00902981774027274
18.145833333333332,7.679665975006353,1.9126189484060647,0.2623890124340432,0.03446847458556042,0.00901337302053494
18.150000000000002,7.666652905521838,1.909195192718726,0.2619121843821488,0.034405712529074116,0.008996958221532682
18.15416666666667,7.653660224736307,1.9057774587503702,0.26143622084316115,0.03434306472500785,0.008980573287817858
18.158333333333335,7.640687906453988,1.9023657363463773,0.2609611202588187,0.034280530965313624,0.008964218164026885
18.1625,7.62773592449566,1.898960015370138,0.2604868810742064,0.03421811104230701,0.008947892794880381
18.166666666666668,7.614804235931214,1.8955602857030462,0.2600135017377526,0.03415580474866644,0.008931597125182949
18.170833333333334,7.601892827878921,1.8921665372444643,0.2595409807012205,0.03409361187743202,0.008915331099822779
18.175,7.589001675982413,1.8887787599117183,0.2590693164197044,0.03403153222200485,0.00889909466377145
18.179166666666667,7.576130754054569,1.885396943640074,0.25859850735162365,0.03396956557614602,0.00888288776208357
18.183333333333334,7.563280035923596,1.8820210783827098,0.25812855195871603,0.03390771173397556,0.00886671033989648
18.1875,7.550449495433165,1.8786511541107105,0.25765944870603347,0.03384597048997182,0.008850562342430007
18.191666666666666,7.537639106442455,1.8752871608130388,0.25719119606193497,0.03378434163897022,0.008834443714986087
18.195833333333336,7.524848842826291,1.8719290884965212,0.25672379249808225,0.0337228249761626,0.008818354402948553
18.2,7.512078678475209,1.8685769271858295,0.25625723648943344,0.03366142029709622,0.008802294351782789
18.20416666666667,7.499328587295541,1.8652306669234544,0.25579152651423676,0.03360012739767271,0.008786263507035425
18.208333333333332,7.486598543209541,1.8618902977696972,0.25532666105402624,0.033538946074147404,0.008770261814334084
18.212500000000002,7.473888520155432,1.8585558098026391,0.2548626385936147,0.03347787612312816,0.008754289219387024
18.21666666666667,7.461198492087544,1.8552271931181339,0.2543994576210891,0.03341691734157467,0.008738345667982907
18.220833333333335,7.448528432976385,1.8519044378297826,0.25393711662780455,0.03335606952679746,0.008722431105990466
18.225,7.435878316808714,1.8485875340689104,0.25347561410837766,0.03329533247645685,0.008706545479358186
18.229166666666668,7.423248117587677,1.8452764719845578,0.2530149485606829,0.03323470598856231,0.00869068873411407
18.233333333333334,7.410637809332851,1.8419712417434515,0.2525551184858446,0.03317418986147122,0.008674860816365268
18.2375,7.39804736608038,1.838671833529993,0.2520961223882332,0.03311378389388824,0.008659061672297845
18.241666666666667,7.3854767618830515,1.8353782375462369,0.25163795877545875,0.03305348788486427,0.00864329124817645
18.245833333333334,7.372925970810357,1.8320904440118664,0.2511806261583646,0.03299330163379542,0.008627549490344007
18.25,7.360394966948647,1.8288084431641864,0.2507241230510232,0.0329332249404224,0.008611836345221469
18.254166666666666,7.347883724401158,1.8255322252580901,0.250268447970729,0.03287325760482921,0.008596151759307443
18.258333333333336,7.335392217288159,1.8222617805660521,0.24981359943799358,0.032813399427442595,0.008580495679177976
18.2625,7.322920419747021,1.8189970993781053,0.2493595759765403,0.032753650209030934,0.008564868051486214
18.26666666666667,7.310468305932282,1.8157381487729236,0.24890637611329705,0.03269400975070326,0.008549268822962084
18.270833333333332,7.298035850015808,1.812484928967803,0.24845399837839266,0.03263447785390859,0.00853369794041206
18.275000000000002,7.2856230261868005,1.8092374409898002,0.2480024413051493,0.03257505432043469,0.008518155350718794
18.27916666666667,7.273229808651964,1.8059956751014965,0.2475517034300784,0.03251573895240748,0.008502641000840878
18.283333333333335,7.260856171635564,1.8027596215809862,0.2471017832928742,0.03245653155228992,0.008487154837812524
18.2875,7.2485020893795,1.7995292707218429,0.24665267943640737,0.03239743192288108,0.008471696808743247
18.291666666666668,7.236167536143445,1.7963046128330877,0.24620439040672126,0.032338439867315376,0.00845626686081761
18.295833333333334,7.223852486204893,1.793085638239146,0.245756914753024,0.03227955518906148,0.008440864941294876
18.3,7.211556913859288,1.78987233727982,0.24531025102768442,0.032220777691921554,0.008425490997508769
18.304166666666667,7.1992807934200975,1.7866647003102494,0.24486439778622623,0.03216210718003029,0.008410145750297355
18.308333333333334,7.187024099218892,1.7834627177008688,0.24441935358732095,0.03210354345785385,0.008394830977240697
18.3125,7.174786805605477,1.7802663798373843,0.2439751169927843,0.03204508633018924,0.008379544121437963
18.316666666666666,7.162568886947931,1.7770756771207246,0.24353168656756843,0.03198673560216305,0.008364285131980998
18.320833333333336,7.150370317632758,1.7738905999670171,0.24308906087975812,0.03192849107923087,0.008349053958046367
18.325,7.138191072064938,1.7707111388075458,0.24264723850056422,0.03187035256717617,0.008333850548895063
18.32916666666667,7.126031124668019,1.7675372840887091,0.24220621586616928,0.031812319872109356,0.008318674853872228
18.333333333333332,7.113890449884251,1.7643690262720009,0.2417659823000734,0.03175439280046708,0.00830352682240697
18.337500000000002,7.101769022174613,1.7612063558339546,0.2413265470233415,0.03169657115901103,0.008288406404012013
18.34166666666667,7.0896668160189735,1.7580492632661235,0.24088790859865383,0.031638854754827264,0.00827331354828352
18.345833333333335,7.077583805916142,1.7548977390750384,0.24045006559147047,0.031581243395325184,0.008258248204900816
18.35,7.065519966383957,1.7517517737821662,0.24001301657002364,0.03152373688823654,0.008243210323626082
18.354166666666668,7.0534752719594165,1.7486113579238867,0.23957676010531115,0.03146633504161474,0.008228199854304188
18.358333333333334,7.041449697198719,1.7454764820514421,0.2391412947710865,0.031409037663833635,0.008213216746862343
18.3625,7.02944320116006,1.7423471367309147,0.2387066191438535,0.03135184456358692,0.008198260951309922
18.366666666666667,7.017455770816143,1.7392233125431837,0.2382727318028572,0.03129475554988699,0.008183332417738167
18.370833333333334,7.005487382327788,1.7361050000838862,0.23783963133007535,0.031237770432064067,0.008168431096319909
18.375,6.993538010259716,1.7329921899633918,0.23740731631021295,0.031180889019765415,0.008153556937309379
18.379166666666666,6.981607629194668,1.7298848728067535,0.23697578533069175,0.031124111122954188,0.008138709891041882
18.383333333333336,6.969696213733545,1.7267830392536845,0.23654503698164472,0.03106743655190876,0.008123889907933593
18.3875,6.9578037384954365,1.7236866799585158,0.23611506985590733,0.031010865117221707,0.008109096938481284
18.39166666666667,6.945930178117697,1.7205957855901566,0.23568588254900918,0.030954396629798778,0.008094330933262032
18.395833333333332,6.9340755072560585,1.7175103468320692,0.23525747365916783,0.03089803090085821,0.008079591842933042
18.400000000000002,6.922239700584655,1.714430354382221,0.23482984178727911,0.03084176774192957,0.0080648796182313
18.40416666666667,6.910422732796145,1.7113557989530577,0.23440298553691097,0.030785606964853055,0.0080501942099734
18.408333333333335,6.89862457860177,1.7082866712714666,0.2339769035142953,0.03072954838177847,0.008035535569055232
18.4125,6.886845212731404,1.7052229620787314,0.23355159432831893,0.030673591805164217,0.008020903646451737
18.416666666666668,6.875084609933682,1.70216466213051,0.23312705659051797,0.03061773704777664,0.00800629839321668
18.420833333333334,6.863342744976017,1.699111762196787,0.2327032889150681,0.030561983922688805,0.007991719760482345
18.425,6.851619592644728,1.6960642530618453,0.23228028991877808,0.030506332243279834,0.00797716769945933
18.429166666666667,6.839915127745091,1.69302212552423,0.23185805822108171,0.03045078182323388,0.007962642161436266
18.433333333333334,6.828229325101397,1.689985370396703,0.23143659244402923,0.030395332476539125,0.00794814309777954
18.4375,6.8165621595570745,1.6869539785062222,0.23101589121228097,0.030339984017487106,0.007933670459933095
18.441666666666666,6.8049136059747095,1.6839279406938912,0.23059595315309808,0.030284736260671498,0.007919224199418106
18.445833333333336,6.793283639236172,1.6809072478149352,0.230176776896336,0.030229589020987453,0.007904804267832785
18.45,6.781672234242668,1.6778918907386586,0.2297583610744365,0.030174542113630604,0.007890410616852098
18.45416666666667,6.770079365914797,1.674881860348407,0.2293407043224185,0.030119595354096005,0.00787604319822749
18.458333333333332,6.758505009192674,1.6718771475415415,0.2289238052778728,0.03006474855817748,0.007861701963786674
18.462500000000002,6.74694913903595,1.6688777432293886,0.22850766258095162,0.03001000154196643,0.007847386865433324
18.46666666666667,6.735411730423942,1.6658836383372178,0.22809227487436298,0.02995535412185117,0.007833097855146865
18.470833333333335,6.723892758355679,1.6628948238041996,0.2276776408033622,0.029900806114515878,0.007818834884982208
18.475,6.712392197849963,1.659911290583365,0.22726375901574314,0.02984635733693962,0.007804597907069444
18.479166666666668,6.700910023945489,1.6569330296415818,0.2268506281618323,0.029792007606395603,0.007790386873613672
18.483333333333334,6.689446211700872,1.653960031959505,0.2264382468944791,0.029737756740450087,0.007776201736894661
18.4875,6.678000736194764,1.6509922885315522,0.22602661386904999,0.029683604556961615,0.007762042449266657
18.491666666666667,6.666573572525911,1.648029790365863,0.22561572774341948,0.02962955087408006,0.007747908963158106
18.495833333333334,6.655164695813215,1.6450725284842593,0.22520558717796219,0.029575595510245564,0.007733801231071362
18.5,6.643774081195847,1.642120492899439,0.22479619083554636,0.02952173828418788,0.007719719205582502
18.504166666666666,6.632401703833275,1.6391736748308576,0.22438753738152428,0.0294679790149252,0.007705662839340997
18.508333333333336,6.621047538905386,1.636232066057077,0.22397962548372652,0.02941431752176342,0.007691632085069517
18.5125,6.609711561612541,1.633295657649282,0.2235724538124528,0.029360753624295195,0.0076776268955636405
18.51666666666667,6.598393747175632,1.6303644406920585,0.2231660210404642,0.029307287142398875,0.00766364722369159
18.520833333333332,6.587094070836204,1.6274384062833696,0.22276032584297653,0.02925391789623785,0.007649693022394027
18.525000000000002,6.575812507856472,1.624517545534504,0.22235536689765084,0.029200645706259337,0.007635764244683718
18.52916666666667,6.564549033519457,1.621601849570053,0.22195114288458753,0.029147470393193743,0.007621860843645361
18.533333333333335,6.553303623129027,1.618691309527867,0.22154765248631755,0.029094391778053577,0.007607982772435278
18.5375,6.542076252009964,1.6157859165590163,0.2211448943877941,0.029041409904914536,0.007594129984281159
18.541666666666668,6.530866895508076,1.6128856618277616,0.22074286727638637,0.028988526990409807,0.007580302432481838
18.545833333333334,6.519675528990233,1.6099905365115095,0.22034156984187014,0.028935740358348637,0.0075665000704070035
18.55,6.508502127844479,1.6071005318007843,0.21994100077642154,0.028883049833401366,0.007552722851496965
18.554166666666667,6.497346667480085,1.6042156388991855,0.21954115877460828,0.028830455240545068,0.0075389707292623995
18.558333333333334,6.486209108735854,1.6013358490233485,0.21914204253338168,0.028777956405062706,0.007525243657284057
18.5625,6.47508943879887,1.5984611534029187,0.2187436507520703,0.028725553152542584,0.007511541589212567
18.566666666666666,6.463987634509401,1.5955915432805008,0.21834598213237022,0.02867324530887733,0.0074978644787681145
18.570833333333336,6.452903671297571,1.5927270099116346,0.21794903537833915,0.02862103270026335,0.007484212279740247
18.575,6.44183752461359,1.589867544564754,0.21755280919638764,0.02856891515319994,0.007470584945987582
18.57916666666667,6.430789169927776,1.5870131385211432,0.21715730229527097,0.028516892494488456,0.007456982431437544
18.583333333333332,6.41975858273068,1.5841637830749125,0.21676251338608263,0.02846496455123173,0.007443404690086148
18.587500000000002,6.408745738533083,1.5813194695329504,0.21636844118224519,0.028413131150833097,0.007429851675997695
18.59166666666667,6.397750612866111,1.578480189214896,0.2159750843995036,0.028361392120995782,0.007416323343304555
18.595833333333335,6.386773181281259,1.5756459334530986,0.2155824417559171,0.028309747289722097,0.007402819646206902
18.6,6.375813419350453,1.5728166935925763,0.21519051197185063,0.02825819648531254,0.007389340538972428
18.604166666666668,6.364871302666137,1.5699924609909888,0.21479929376996879,0.028206739536365266,0.007375885975936142
18.608333333333334,6.353946806841295,1.567173227018591,0.21440878587522622,0.028155376271775053,0.0073624559115000555
18.6125,6.343039907509544,1.564358983058205,0.2140189870148611,0.028104106520732756,0.007349050300132972
18.616666666666667,6.3321505803251865,1.56154972050518,0.2136298959183872,0.028052930112724445,0.0073356690963702195
18.620833333333334,6.321278800963246,1.5587454307673498,0.2132415113175851,0.028001846877530538,0.007322312254813364
18.625,6.310424545119572,1.5559461052650094,0.21285383194649624,0.027950856645225283,0.007308979730130006
18.629166666666666,6.29958778851085,1.5531517354308622,0.2124668565414131,0.02789995924617566,0.007295671477053471
18.633333333333336,6.288768506874702,1.5503623127099984,0.21208058384087317,0.02784915451104094,0.007282387450382602
18.6375,6.277966675969737,1.5475778285598505,0.21169501258565046,0.02779844227077172,0.00726912760498148
18.64166666666667,6.267182271575583,1.5447982744501534,0.21131013899594706,0.02774782235660911,0.007255891895779145
18.645833333333332,6.2564152694929955,1.542023641862919,0.2109259612907571,0.027697294600084195,0.007242680277769397
18.650000000000002,6.245665645543871,1.539253922292386,0.21054248095958225,0.02764685883301698,0.007229492706010477
18.65416666666667,6.234933375571343,1.5364891072449944,0.21015969674352925,0.027596514887515876,0.007216329135624865
18.658333333333335,6.224218435439828,1.5337291882393462,0.20977760738577372,0.027546262595976784,0.0072031895217989994
18.6625,6.213520801035069,1.5309741568061603,0.20939621163155098,0.02749610179108229,0.007190073819783001
18.666666666666668,6.2028404482642365,1.5282240044882505,0.20901550822814874,0.027446032305801088,0.007176981984890468
18.670833333333334,6.192177353055938,1.5254787228404743,0.2086354959248968,0.027396053973386965,0.007163913972498159
18.675,6.181531491360327,1.5227383034297077,0.20825617347316008,0.027346166627378238,0.007150869738045794
18.679166666666667,6.170902839149136,1.5200027378348044,0.20787753962632924,0.027296370101596898,0.007137849237035774
18.683333333333334,6.1602913724157276,1.5172720176465533,0.2074995931398115,0.027246664230147793,0.007124852425032896
18.6875,6.149697067175194,1.514546134467654,0.2071223327710235,0.027197048847417964,0.007111879257664162
18.691666666666666,6.139119899464364,1.511825079912668,0.2067457572793808,0.02714752378807575,0.0070989296906184525
18.695833333333336,6.128559845341915,1.509108845607991,0.20636986542629118,0.02709808888707018,0.007086003679646331
18.7,6.118016880888405,1.5063974231918142,0.2059946559751449,0.027048743979630085,0.007073101180559758
18.70416666666667,6.107490982206324,1.5036908043140804,0.20562012769130594,0.026999488901263306,0.0070602221492318176
18.708333333333332,6.09698212542019,1.5009889806364607,0.20524627934210427,0.026950323487756063,0.007047366541596508
18.712500000000002,6.0864902866765656,1.498291943832304,0.20487310969682618,0.026901247575172014,0.007034534313648445
18.71666666666667,6.076015442144158,1.4955996855866116,0.20450061752670673,0.026852260999851624,0.007021725421442625
18.720833333333335,6.065557568013861,1.4929121975959965,0.20412880160492064,0.026803363598411383,0.007008939821094178
18.725,6.055116640498797,1.4902294715686404,0.20375766070657303,0.02675455520774287,0.006996177468778076
18.729166666666668,6.044692635834424,1.487551499224271,0.20338719360869228,0.026705835665012265,0.006983438320728925
18.733333333333334,6.034285530278541,1.4848782835259378,0.20301739909021968,0.026657204807659287,0.006970722333240658
18.7375,6.023895300111398,1.4822098184377532,0.20264827593200258,0.02660866247339665,0.006958029462666327
18.741666666666667,6.013521921635731,1.4795460840633208,0.2022798229167846,0.026560208500209237,0.006945359665417827
18.745833333333334,6.0031653711768085,1.4768870722346277,0.2019120388291969,0.026511842726353173,0.006932712897965613
18.75,5.992825625082533,1.4742327747963513,0.20154492245575079,0.026463564990355334,0.006920089116838506
18.754166666666666,5.982502646630606,1.4715831836058242,0.20117847258482746,0.026415375131012293,0.006907488278623365
18.758333333333336,5.9721964228289774,1.4689382905330168,0.20081268800667085,0.02636727298738979,0.006894910339964892
18.7625,5.961906931242784,1.4662980874605107,0.20044756751337853,0.026319258398821845,0.006882355257565351
18.76666666666667,5.951634148253112,1.4636625662834675,0.20008310989889222,0.026271331204909917,0.006869822988184287
18.770833333333332,5.941378050262614,1.4610317189096147,0.19971931395899079,0.026223491245522354,0.006857313488638332
18.775000000000002,5.931138613695514,1.4584055372592082,0.19935617849128,0.02617573836079335,0.006844826715800878
18.77916666666667,5.920915814997688,1.45578401326502,0.19899370229518537,0.02612807239112242,0.006832362626601875
18.783333333333335,5.910709630636698,1.4531671388723046,0.19863188417194272,0.026080493177173526,0.006819921178027563
18.7875,5.900520037101818,1.4505549060387746,0.19827072292458925,0.02603300055987422,0.006807502327120179
18.791666666666668,5.890347010904122,1.4479473067345823,0.19791021735795614,0.025985594380415075,0.006795106030977767
18.795833333333334,5.88019052857648,1.4453443329422841,0.19755036627865835,0.0259382744802487,0.00678273224675385
18.8,5.870050566673656,1.442745976656826,0.19719116849508753,0.025891040701089156,0.006770380931657239
18.804166666666667,5.859927101772326,1.4401522298855143,0.19683262281740269,0.025843892884911096,0.006758052042951739
18.808333333333334,5.849820110471106,1.4375630846479857,0.196474728057521,0.025796830873948955,0.006745745537955893
18.8125,5.839729569390652,1.434978532976193,0.19611748302911072,0.025749854510696307,0.006733461374042751
18.816666666666666,5.829655455173648,1.4323985669143688,0.19576088654758073,0.025702963637904933,0.006721199508639579
18.820833333333336,5.819597744484895,1.4298231785190099,0.1954049374300735,0.02565615809858421,0.00670895989922764
18.825,5.809556414011347,1.4272523598588478,0.19504963449545595,0.025609437736000284,0.006696742503341922
18.82916666666667,5.799531440462131,1.4246861030148212,0.19469497656430995,0.0255628023936752,0.006684547278570857
18.833333333333332,5.789522800568638,1.4221244000800588,0.19434096245892543,0.02551625191538632,0.006672374182556119
18.837500000000002,5.779530471084525,1.4195672431598445,0.19398759100329002,0.025469786145165377,0.00666022317299231
18.84166666666667,5.769554428785801,1.4170146243716017,0.19363486102308172,0.02542340492729784,0.006648094207626753
18.845833333333335,5.759594650470853,1.4144665358448643,0.19328277134565996,0.02537710810632209,0.006635987244259212
18.85,5.7496511129604775,1.411922969721247,0.19293132080005612,0.025330895527028583,0.0066239022407416255
18.854166666666668,5.739723793097968,1.4093839181544316,0.1925805082169665,0.025284767034459244,0.006611839154977884
18.858333333333334,5.729812667749118,1.4068493733101288,0.19223033242874213,0.02523872247390651,0.0065997979449235284
18.8625,5.7199177138023,1.4043193273660648,0.19188079226938126,0.025192761690912713,0.006587778568585548
18.866666666666667,5.7100389081684995,1.4017937725119514,0.19153188657452058,0.02514688453126926,0.006575780984022084
18.870833333333334,5.700176227781348,1.3992727009494574,0.1911836141814257,0.02510109084101577,0.006563805149342182
18.875,5.690329649597203,1.396756104892191,0.19083597392898413,0.025055380466439514,0.0065518510227055475
18.879166666666666,5.680499150595154,1.3942439765656682,0.19048896465769471,0.02500975325407439,0.006539918562322275
18.883333333333336,5.670684707777102,1.3917363082072929,0.190142585209661,0.024964209050700382,0.0065280077264526105
18.8875,5.660886298167798,1.389233092066332,0.18979683442858147,0.024918747703342688,0.006516118473406682
18.89166666666667,5.651103898814866,1.386734320403883,0.18945171115974072,0.024873369059270862,0.006504250761544236
18.895833333333332,5.641337486788893,1.3842399854928589,0.189107214250002,0.024828072965998284,0.006492407548250092
18.900000000000002,5.631587039183427,1.3817500796179554,0.18876334254779714,0.024782859271281103,0.006480587372158518
18.90416666666667,5.621852533115066,1.379264595075633,0.1884200949031193,0.02473772782311771,0.00646878874609612
18.908333333333335,5.612133945723487,1.3767835241740878,0.18807747016751372,0.02469267846974786,0.006457011630584355
18.9125,5.602431254171473,1.374306859233223,0.18773546719406858,0.02464771105965185,0.006445255986208749
18.916666666666668,5.592744435645004,1.371834592584635,0.18739408483740777,0.024602825441549896,0.006433521773618756
18.920833333333334,5.583073467353254,1.3693667165715735,0.18705332195368063,0.024558021464401194,0.006421808953527484
18.925,5.573418326528678,1.3669032235489325,0.18671317740055476,0.02451329897740331,0.006410117486711551
18.929166666666667,5.563778990427045,1.3644441058832133,0.18637365003720685,0.02446865782999134,0.006398447334010872
18.933333333333334,5.554155436327464,1.3619893559525043,0.18603473872431342,0.024424097871837056,0.006386798456328422
18.9375,5.544547641532472,1.3595389661464574,0.1856964423240437,0.024379618952848334,0.006375170814630089
18.941666666666666,5.534955583368037,1.357092928866258,0.1853587597000493,0.02433522092316815,0.0063635643699444305
18.945833333333336,5.525379239183634,1.3546512365246062,0.18502168971745703,0.024290903633174037,0.006351979083362497
18.95,5.515818574951561,1.3522138815456897,0.18468523124285974,0.02424666796425813,0.0063404149160376354
18.95416666666667,5.506273577384404,1.3497808563651543,0.18434939337423692,0.02420251422047587,0.006328871829185246
18.958333333333332,5.496744224836307,1.347352153430088,0.18401416829402295,0.024158440874213608,0.006317349784082648
18.962500000000002,5.487230494701123,1.3449277651989857,0.1836795520828312,0.02411444777900246,0.006305848742068807
18.96666666666667,5.477732364395268,1.3425076910323508,0.1833455436338754,0.024070534788629732,0.006294368664544199
18.970833333333335,5.468249811357739,1.3400919285624837,0.18301214184210574,0.02402670175713818,0.006282909512970573
18.975,5.458782813050139,1.3376804596276837,0.18267934560420218,0.023982948538825332,0.006271471248870742
18.979166666666668,5.449331346956735,1.3352732767830986,0.182347153818569,0.023939274988242977,0.0062600538338284245
18.983333333333334,5.439895390584465,1.332870372596184,0.18201556538532693,0.023895680960196345,0.0062486572294879915
18.9875,5.430474921463003,1.3304717396466965,0.18168457920630765,0.023852166309743673,0.006237281397554306
18.991666666666667,5.421069917144774,1.3280773705266773,0.18135419418504697,0.023808730892195405,0.006225926299792512
18.995833333333334,5.411680355204979,1.3256872578404273,0.18102440922677746,0.023765374563113572,0.00621459189802781
19.0,5.402306213241666,1.3233013942045035,0.1806952232384235,0.02372209717831126,0.006203278154145298
19.004166666666666,5.392947468875718,1.3209197722476924,0.18036663512859294,0.02367889859385178,0.006191985030089723
19.008333333333336,5.383604099750929,1.3185423846110016,0.180038643807572,0.02363577866604823,0.00618071248786533
19.0125,5.374276083534019,1.316169223947642,0.17971124818731826,0.023592737251462746,0.006169460489535628
19.01666666666667,5.364963397914655,1.3138002829230053,0.17938444718145333,0.0235497742069058,0.006158228997223183
19.020833333333332,5.355666020605523,1.3114355542146607,0.1790582397052578,0.023506889389435747,0.006147017973109459
19.025000000000002,5.34638392934232,1.3090750305123249,0.1787326246756631,0.023464082656357934,0.006135827379434558
19.02916666666667,5.3371171018838215,1.3067187045178574,0.1784076010112462,0.0234213538652243,0.006124657178497078
19.033333333333335,5.32786551601191,1.3043665689452413,0.1780831676322227,0.02337870287383262,0.006113507332653877
19.0375,5.3186291495315805,1.3020186165205612,0.1777593234604396,0.023336129540225785,0.006102377804319873
19.041666666666668,5.309407980271026,1.2996748399819977,0.17743606741936996,0.023293633722691345,0.006091268555967863
19.045833333333334,5.300201986081621,1.297335232079801,0.17711339843410506,0.0232512152797607,0.006080179550128294
19.05,5.291011144837995,1.2949997855762836,0.17679131543134904,0.02320887407020856,0.006069110749389091
19.054166666666667,5.281835434438047,1.292668493245802,0.17646981733941178,0.023166609953052295,0.0060580621163954474
19.058333333333334,5.272674832802976,1.2903413478747336,0.17614890308820177,0.023124422787551193,0.006047033613849599
19.0625,5.263529317877343,1.2880183422614746,0.1758285716092212,0.02308231243320599,0.006036025204510671
19.066666666666666,5.254398867629067,1.2856994692164085,0.1755088218355572,0.02304027874975804,0.0060250368511944215
19.070833333333336,5.245283460049494,1.2833847215619028,0.1751896527018774,0.022998321597188832,0.006014068516773093
19.075,5.236183073153417,1.281074092132289,0.17487106314442233,0.022956440835719284,0.006003120164175185
19.07916666666667,5.227097684979099,1.27876757377384,0.1745530521009985,0.022914636325809045,0.005992191756385241
19.083333333333332,5.218027273588336,1.2764651593447676,0.17423561851097302,0.022872907928155994,0.005981283256443684
19.087500000000002,5.208971817066459,1.2741668417151908,0.17391876131526568,0.022831255503695407,0.005970394627446569
19.09166666666667,5.199931293522401,1.271872613767135,0.17360247945634372,0.02278967891359951,0.005959525832545433
19.095833333333335,5.190905681088714,1.2695824683945067,0.17328677187821456,0.022748178019276755,0.005948676834947061
19.1,5.18189495792159,1.2672963985030774,0.17297163752641898,0.022706752682371083,0.005937847597913281
19.104166666666668,5.172899102200935,1.265014397010475,0.1726570753480255,0.02266540276476149,0.005927038084760795
19.108333333333334,5.163918092130358,1.2627364568461583,0.17234308429162273,0.022624128128561148,0.005916248258860941
19.1125,5.154951905937246,1.2604625709514092,0.1720296633073139,0.022582928636116984,0.0059054780836395185
19.116666666666667,5.146000521872775,1.2581927322793147,0.17171681134670963,0.02254180415000892,0.005894727522576588
19.120833333333334,5.1370639182119415,1.2559269337947438,0.17140452736292125,0.022500754533049176,0.0058839965392062385
19.125,5.128142073253628,1.2536651684743447,0.1710928103105551,0.022459779648281823,0.00587328509711643
19.129166666666666,5.119234965320588,1.2514074293065163,0.17078165914570476,0.0224188793589819,0.005862593159948758
19.133333333333336,5.110342572759533,1.2491537092914007,0.1704710728259458,0.02237805352865498,0.005851920691398275
19.1375,5.101464873941139,1.2469040014408648,0.17016105031032847,0.022337302021036436,0.005841267655213286
19.14166666666667,5.09260184726007,1.2446582987784804,0.16985159055937085,0.022296624700090733,0.005830634015195123
19.145833333333332,5.083753461043219,1.2424165943395167,0.16954269253505347,0.022256021430010972,0.005820019735197989
19.150000000000002,5.074919702043764,1.2401788811709142,0.16923435520081123,0.02221549207521801,0.0058094247791287135
19.15416666666667,5.0661005494969125,1.237945152331278,0.1689265775215283,0.02217503650036005,0.005798849110946577
19.158333333333335,5.057295981849632,1.2357154008908584,0.16861935846353085,0.02213465457031187,0.005788292694663113
19.1625,5.048505977572005,1.2334896199315302,0.1683126969945801,0.022094346150174145,0.005777755494341879
19.166666666666668,5.039730515157298,1.2312678025467867,0.16800659208386698,0.022054111105272958,0.005767237474098295
19.170833333333334,5.03096957312194,1.229049941841713,0.16770104270200414,0.02201394930115897,0.005756738598099402
19.175,5.02222313000558,1.2268360309329787,0.16739604782102058,0.021973860603606968,0.005746258830563698
19.179166666666667,5.0134911643711035,1.2246260629488197,0.1670916064143548,0.021933844878615088,0.005735798135760919
19.183333333333334,5.004773654804636,1.2224200310290168,0.16678771745684748,0.021893901992404183,0.005725356478011824
19.1875,4.996070579915603,1.2202179283248895,0.16648437992473622,0.021854031811417304,0.005714933821688034
19.191666666666666,4.987381918336712,1.21801974799927,0.1661815927956477,0.02181423420231885,0.005704530131211782
19.195833333333336,4.97870764872402,1.2158254832264954,0.16587935504859225,0.021774509031994148,0.005694145371055758
19.2,4.970047749756932,1.2136351274207957,0.1655776656639568,0.021734856167548697,0.005683779505742883
19.20416666666667,4.961402200138218,1.211448674161443,0.1652765236234979,0.021695275476307473,0.005673432499846098
19.208333333333332,4.952770978594069,1.20926611610846,0.1649759279103362,0.021655766825814427,0.0056631043179882065
19.212500000000002,4.94415406387408,1.207087446484307,0.16467587750894874,0.021616330083831712,0.005652794924841607
19.21666666666667,4.935551434751313,1.2049126585229184,0.16437637140516342,0.021576965118339137,0.005642504285128165
19.220833333333335,4.926963070022304,1.20274174546968,0.16407740858615202,0.02153767179753351,0.0056322323636189674
19.225,4.918388948507069,1.2005747005814098,0.16377898804042323,0.0214984499898279,0.005621979125134116
19.229166666666668,4.9098290490491685,1.1984115171263536,0.16348110875781713,0.021459299563851147,0.005611744534542567
19.233333333333334,4.901283350515691,1.196252188384158,0.16318376972949739,0.021420220388447084,0.005601528556761881
19.2375,4.892751831797312,1.1940967076458626,0.1628869699479458,0.021381212332673996,0.005591331156758067
19.241666666666667,4.8842344718082975,1.1919450682138832,0.16259070840695541,0.02134227526580395,0.005581152299545358
19.245833333333334,4.875731249486521,1.1897972634019907,0.16229498410162338,0.02130340905732208,0.005570991950185998
19.25,4.867242143793519,1.1876532865353049,0.1619997960283454,0.02126461357692608,0.00556085007379008
19.254166666666666,4.858767133714479,1.18551313095027,0.16170514318480825,0.02122588869452541,0.005550726635515301
19.258333333333336,4.850306198258291,1.1833767899946457,0.1614110245699839,0.021187234280240805,0.005540621600566792
19.2625,4.841859316457564,1.1812442570274906,0.16111744070596087,0.02114865020440356,0.005530534934196916
19.26666666666667,4.833426467368635,1.1791155254191399,0.16082440537845144,0.021110136337554826,0.005520466601705038
19.270833333333332,4.82500763007162,1.176990588551202,0.16053190227655328,0.02107169255044511,0.005510416568437365
19.275000000000002,4.816602783670413,1.1748694398165307,0.16023993043203752,0.021033318714033498,0.005500384799786706
19.27916666666667,4.808211907292728,1.1727520726192189,0.1599484888783478,0.020995014699487103,0.005490371261192302
19.283333333333335,4.799834980090126,1.1706384803745806,0.15965757665059624,0.020956780378180422,0.005480375918139624
19.2875,4.791471981238009,1.1685286565091295,0.15936719278555886,0.020918615621694593,0.005470398736160132
19.291666666666668,4.7831228899356875,1.166422594460574,0.15907733632167317,0.020880520301816897,0.005460439680831131
19.295833333333334,4.774787685406366,1.1643202876777918,0.15878800629903306,0.020842494290539988,0.005450498717775523
19.3,4.766466346897195,1.162221729620822,0.1584992017593861,0.020804537460061355,0.00544057581266164
19.304166666666667,4.758158853679287,1.1601269137608468,0.15821092174612927,0.02076664968278264,0.005430670931203029
19.308333333333334,4.749865185047725,1.1580358335801713,0.1579231653043048,0.02072883083130894,0.005420784039158236
19.3125,4.7415853203216205,1.1559484825722186,0.15763593148059737,0.020691080778448275,0.005410915102330644
19.316666666666666,4.733319238844095,1.153864854241502,0.15734921932332932,0.020653399397210837,0.00540106408656822
19.320833333333336,4.725066919982346,1.1517849421036201,0.1570630278824576,0.02061578656080843,0.00539123095776337
19.325,4.71682834312765,1.1497087396852372,0.15677735620956992,0.020578242142653833,0.0053814156818527
19.32916666666667,4.70860348769538,1.1476362405240632,0.15649220335788014,0.020540766016360044,0.00537161822481682
19.333333333333332,4.700392333125051,1.145567438168848,0.15620756838222594,0.0205033580557398,0.005361838552680162
19.337500000000002,4.692194858880321,1.1435023261793555,0.15592345033906357,0.020466018134804777,0.005352076631510752
19.34166666666667,4.684011035520919,1.1414408981263564,0.15563984828646513,0.020428746127765084,0.005342332427420038
19.345833333333335,4.6758408499669795,1.13938314759161,0.15535676128411458,0.02039154190902859,0.005332605906562673
19.35,4.667684282383434,1.1373290681678456,0.15507418839330317,0.02035440535320015,0.0053228970351363
19.354166666666668,4.659541312292039,1.1352786534587525,0.1547921286769271,0.020317336335081183,0.005313205779381393
19.358333333333334,4.6514119192378915,1.1332318970789579,0.15451058119948222,0.02028033472966883,0.005303532105581008
19.3625,4.64329608278948,1.13118879265402,0.1542295450270615,0.02024340201476419,0.005293875980060614
19.366666666666667,4.635193782538681,1.1291493338204064,0.15394901922735063,0.020206537035697417,0.0052842373691878945
19.370833333333334,4.627104998100764,1.1271135142254767,0.1536690028696241,0.020169739185948846,0.005274616239372506
19.375,4.619029709114436,1.125081327527476,0.15338949502474208,0.020133008343196323,0.00526501255706594
19.379166666666666,4.6109678952418225,1.1230527673955084,0.1531104947651458,0.020096344385331987,0.00525542628876126
19.383333333333336,4.60291953616851,1.1210278275095313,0.15283200116485454,0.020059747190461913,0.005245857400992947
19.3875,4.594884611603552,1.119006501560335,0.15255401329946167,0.02002321663690548,0.005236305860336679
19.39166666666667,4.586863101279472,1.1169887832495247,0.15227653024613022,0.019986752603194814,0.00522677163340912
19.395833333333332,4.578854984952299,1.114974666289513,0.1519995510835902,0.019950354968074367,0.00521725468686775
19.400000000000002,4.570860242401563,1.112964144403495,0.1517230748921338,0.019914023610500247,0.005207754987410622
19.40416666666667,4.562878853430329,1.1109572113254413,0.15144710075361234,0.01987775840963981,0.005198272501776207
19.408333333333335,4.554910797865202,1.108953860800079,0.15117162775143236,0.019841559244871083,0.005188807196743162
19.4125,4.546956055556331,1.106954086582872,0.1508966549705512,0.019805425995782135,0.005179359039130131
19.416666666666668,4.539014606377453,1.1049578824400146,0.1506221814974743,0.019769358542170747,0.005169927995795565
19.420833333333334,4.531086430225875,1.102965242148407,0.15034820642025043,0.01973335676404365,0.005160514033637491
19.425,4.523171507022514,1.100976159495647,0.15007472882846865,0.01969742054161618,0.005151117119593342
19.429166666666667,4.51526981671191,1.098990628280012,0.1498017478132543,0.01966154975531169,0.005141737220639741
19.433333333333334,4.5073813392622135,1.0970086413234543,0.14952926246726467,0.0196257442857609,0.005132374303792284
19.4375,4.499506054665243,1.0950301889365042,0.1492572718846864,0.019590004013801572,0.0051230283361053805
19.441666666666666,4.491643942936465,1.0930552690408109,0.14898577516123038,0.019554328820477772,0.005113699284672003
19.445833333333336,4.483794984115027,1.0910838754622174,0.14871477139412898,0.019518718587039508,0.005104387116623533
19.45,4.475959158263776,1.0891160020368695,0.14844425968213207,0.019483173194942114,0.005095091799129531
19.45416666666667,4.46813644546925,1.0871516426111911,0.1481742391255026,0.019447692525845668,0.005085813299397534
19.458333333333332,4.460326825841725,1.0851907910418757,0.1479047088260139,0.019412276461614596,0.005076551584672883
19.462500000000002,4.452530279515202,1.0832334411958595,0.14763566788694477,0.019376924884316984,0.005067306622238482
19.46666666666667,4.4447467866474435,1.0812795869503107,0.14736711541307657,0.019341637676224193,0.005058078379414632
19.470833333333335,4.4369763274199805,1.0793292221926072,0.14709905051068933,0.019306414719810237,0.00504886682355882
19.475,4.429218882038114,1.0773823408203178,0.14683147228755725,0.019271255897751218,0.005039671922065498
19.479166666666668,4.421474430730962,1.075438936741189,0.14656437985294604,0.01923616109292494,0.005030493642365917
19.483333333333334,4.413742953751439,1.0734990038731196,0.14629777231760802,0.01920113018841017,0.0050213324222935845
19.4875,4.406024431376297,1.07156253614415,0.14603164879377928,0.019166163067486315,0.005012191666424416
19.491666666666667,4.398318843906137,1.069629527492442,0.1457660083951756,0.019131259613632753,0.0050030675635265726
19.495833333333334,4.390626171665404,1.067699971866255,0.14550085023698808,0.019096419710528313,0.004993960083078501
19.5,4.382946395002433,1.0657738632239377,0.14523617343588055,0.01906164324205083,0.004984869194609714
19.504166666666666,4.375279494289434,1.0638511955339003,0.14497197710998444,0.019026930092276476,0.004975794867700609
19.508333333333336,4.367625449922533,1.0619319627746049,0.14470826037889625,0.018992280145479358,0.004966737071982343
19.5125,4.3599842423217785,1.0600161589345434,0.14444502236367315,0.01895769328613094,0.004957695777136691
19.51666666666667,4.3523558519311365,1.0581037780122162,0.14418226218682884,0.018923169398899424,0.0049486709528958625
19.520833333333332,4.344740259218547,1.0561948140161224,0.14391997897233086,0.018888708368649382,0.004939662569042404
19.525000000000002,4.337137444675894,1.054289260964733,0.1436581718455955,0.018854310080441073,0.0049306705954090075
19.52916666666667,4.329547388819059,1.0523871128864788,0.1433968399334852,0.01881997441953,0.004921695001878393
19.533333333333335,4.321970072187917,1.0504883638197318,0.14313598236430433,0.01878570127136637,0.004912735758383152
19.5375,4.314405465748398,1.0485930078127816,0.14287559826779483,0.01875149052159449,0.004903792834905586
19.541666666666668,4.306853558211475,1.046701038923827,0.14261568677513348,0.018717342056052327,0.004894866201477589
19.545833333333334,4.299314330822516,1.044812451220947,0.14235624701892727,0.018683255760770907,0.004885955828180465
19.55,4.291787764184957,1.0429272387820918,0.14209727813321016,0.01864923152197383,0.004877061685144813
19.554166666666667,4.284273838925632,1.0410453956950612,0.1418387792534393,0.018615269226076734,0.004868183742550366
19.558333333333334,4.276772535694752,1.0391669160574841,0.14158074951649047,0.01858136875968668,0.004859321970625829
19.5625,4.2692838351659494,1.0372917939768058,0.14132318806065572,0.018547530009601777,0.004850476339648763
19.566666666666666,4.261807718036261,1.035420023570264,0.14106609402563802,0.01851375286281046,0.004841646819945405
19.570833333333336,4.254344165026154,1.0335515989648765,0.14080946655254875,0.01848003720649113,0.00483283338189055
19.575,4.246893156879531,1.0316865142974203,0.14055330770586388,0.018446382928011533,0.004824035995907389
19.57916666666667,4.2394546743637225,1.029824763714411,0.14029761844870958,0.018412789914928195,0.004815254632467348
19.583333333333332,4.232028698269531,1.0279663413720912,0.14004239360824408,0.018379258054986008,0.004806489262089979
19.587500000000002,4.224615209411196,1.026111241436405,0.13978763234294544,0.018345787236117538,0.004797739855342764
19.59166666666667,4.217214188626444,1.0242594580829874,0.13953333381285893,0.018312377346442654,0.004789006382841013
19.595833333333335,4.209825616776476,1.0224109854971413,0.1392794971795942,0.01827902827426791,0.004780288815247695
19.6,4.20244947474597,1.020565817873818,0.13902612160632213,0.018245739908085964,0.004771587123273278
19.604166666666668,4.195085743443118,1.0187239494176075,0.13877320625777323,0.018212512136575196,0.004762901277675612
19.608333333333334,4.187734403799599,1.0168853743427084,0.138520750300234,0.018179344848599,0.004754231249259755
19.6125,4.18039543677062,1.0150500868729218,0.13826875290154506,0.018146237933205373,0.004745577008877842
19.616666666666667,4.173068823334914,1.0132180812416258,0.13801721323109842,0.01811319127962637,0.004736938527428941
19.620833333333334,4.16575454449473,1.0113893516917585,0.13776613045983443,0.018080204777277488,0.004728315775858879
19.625,4.15845258127588,1.0095638924758026,0.13751550376023988,0.018047278315757254,0.004719708725160128
19.629166666666666,4.15116291472771,1.007741697855764,0.1372653323063446,0.018014411784846567,0.004711117346371629
19.633333333333336,4.143885525923136,1.0059227621031575,0.13701561527371967,0.017981605074508272,0.004702541610578673
19.6375,4.136620395958648,1.0041070794989861,0.13676635183947444,0.017948858074886605,0.004693981488912736
19.64166666666667,4.1293675059543,1.0022946443337222,0.1365175411822535,0.017916170676306565,0.004685436952551319
19.645833333333332,4.1221268370537505,1.0004854509072938,0.13626918248223507,0.017883542769273533,0.004676907972717844
19.650000000000002,4.114898370424239,0.9986794935290604,0.13602127492112726,0.017850974244472597,0.00466839452068145
19.65416666666667,4.107682087256627,0.9968767665178007,0.13577381768216643,0.017818464992768134,0.004659896567756899
19.658333333333335,4.100477968765386,0.995077264201693,0.1355268099501143,0.017786014905203235,0.004651414085304393
19.6625,4.0932859961886034,0.9932809809182923,0.13528025091125473,0.017753623872999103,0.004642947044729438
19.666666666666668,4.086106150788018,0.9914879110756719,0.1350341397533923,0.01772129178755466,0.0046344954174827035
19.670833333333334,4.0789384138489915,0.989698049605424,0.1347884756658483,0.017689018540445862,0.004626059175059857
19.675,4.071782766680554,0.9879113902798059,0.13454325783945953,0.017656804023425305,0.004617638289001445
19.679166666666667,4.064639190615398,0.9861279274750586,0.13429848546657486,0.017624648128421624,0.004609232730892722
19.683333333333334,4.057507667009872,0.9843476555767325,0.1340541577410525,0.017592550747538908,0.004600842472363501
19.6875,4.050388177244022,0.9825705689796778,0.13381027385825822,0.0175605117730563,0.004592467485088035
19.691666666666666,4.043280702721568,0.9807966620880176,0.13356683301506167,0.017528531097427334,0.004584107740784831
19.695833333333336,4.036185224869938,0.9790259293151381,0.1333238344098348,0.01749660861327949,0.004575763211216533
19.7,4.029101725140275,0.9772583650836674,0.13308127724244886,0.01746474421341364,0.004567433868189772
19.70416666666667,4.022030185007418,0.9754939638254536,0.13283916071427118,0.01743293779080345,0.004559119683554986
19.708333333333332,4.014970585969955,0.9737327199815564,0.1325974840281638,0.017401189238594975,0.004550820629206327
19.712500000000002,4.007922909550192,0.9719746280022182,0.13235624638847965,0.017369498450105988,0.004542536677081458
19.71666666666667,4.000887137294194,0.9702196823468558,0.13211544700106087,0.01733786531882556,0.0045342677991614495
19.720833333333335,3.993863250771775,0.9684678774840382,0.13187508507323595,0.017306289738413482,0.00452601396747061
19.725,3.9868512315765083,0.9667192078914656,0.13163515981381638,0.017274771602699687,0.0045177751540763375
19.729166666666668,3.979851061325749,0.9649736680559599,0.13139567043309552,0.01724331080568382,0.00450955133108899
19.733333333333334,3.9728627216606247,0.963231252473438,0.13115661614284443,0.017211907241534586,0.004501342470661709
19.7375,3.9658861942460626,0.9614919556488996,0.13091799615631047,0.017180560804589337,0.004493148544990306
19.741666666666667,3.958921460770791,0.9597557720964095,0.1306798096882143,0.017149271389353463,0.004484969526313096
19.745833333333334,3.951968502947341,0.9580226963390739,0.13044205595474664,0.017118038890499843,0.004476805386910738
19.75,3.9450273025120732,0.9562927229090307,0.13020473417356704,0.017086863202868414,0.004468656099106128
19.754166666666666,3.9380978412251673,0.954565846347424,0.1299678435637997,0.017055744221465496,0.004460521635264199
19.758333333333336,3.9311800894063116,0.9528420612043925,0.1297313833460322,0.017024681841463392,0.004452401967791822
19.7625,3.9242740390254216,0.9511213620390493,0.1294953527423123,0.016993675958199804,0.004444297069137633
19.76666666666667,3.9173796722475522,0.9494037434194608,0.12925975097614506,0.016962726467177232,0.0044362069117918805
19.770833333333332,3.91049697089082,0.9476891999226353,0.12902457727249098,0.016931833541771038,0.004428131468286305
19.775000000000002,3.9036259167964134,0.9459777261344983,0.12878983085776258,0.01690099918431687,0.004420070711193955
19.77916666666667,3.896766491828619,0.9442693166498808,0.12855551095982248,0.016870220996950482,0.004412024613129079
19.783333333333335,3.889918677874821,0.9425639660724986,0.12832161680798068,0.01683949887737075,0.004403993146746954
19.7875,3.8830824568454783,0.9408616690149323,0.1280881476329913,0.016808832723452998,0.004395976284743729
19.791666666666668,3.876257810674167,0.9391624200986147,0.1278551026670511,0.01677822243324863,0.004387973999856314
19.795833333333334,3.869444721317544,0.9374662139538069,0.12762248114379565,0.01674766790498452,0.004379986264862192
19.8,3.8626431707553794,0.9357730452195863,0.12739028229829777,0.016717169037062673,0.0043720130525793
19.804166666666667,3.855853140990542,0.9340829085438257,0.12715850536706452,0.01668672572805967,0.004364054335865878
19.808333333333334,3.8490746140489986,0.9323957985831738,0.12692714958803422,0.01665633787672617,0.004356110087620296
19.8125,3.8423075719798345,0.9307117100030423,0.12669621420057467,0.01662600538198653,0.004348180280780951
19.816666666666666,3.835551996855233,0.9290306374775823,0.12646569844547959,0.016595728142938214,0.0043402648883260715
19.820833333333336,3.828807870770497,0.927352575689671,0.126235601564967,0.01656550605885142,0.004332363883273613
19.825,3.822075175844041,0.9256775193308935,0.12600592280267597,0.016535339029168584,0.004324477238681086
19.82916666666667,3.815353894217391,0.9240054631015203,0.12577666140366398,0.016505226953503815,0.0043166049276454075
19.833333333333332,3.8086440080552,0.9223364017104962,0.12554781661440495,0.01647516973164256,0.004308746923302774
19.837500000000002,3.8019454995452278,0.9206703298754164,0.12531938768278567,0.01644516726354101,0.004300903198828482
19.84166666666667,3.79525835089837,0.9190072423225133,0.12509137385810426,0.016415219449325693,0.004293073727436819
19.845833333333335,3.788582544348645,0.9173471337866372,0.12486377439106693,0.016385326189293017,0.004285258482380891
19.85,3.7819180621531867,0.9156899990112355,0.12463658853378524,0.016355487383908685,0.004277457436952472
19.854166666666668,3.7752648865922755,0.9140358327483407,0.12440981553977415,0.01632570293380737,0.00426967056448188
19.858333333333334,3.7686229999693066,0.9123846297585457,0.12418345466394863,0.016295972739792094,0.004261897838337802
19.8625,3.7619923846108203,0.910736384810993,0.12395750516262181,0.016266296702833888,0.004254139231927169
19.866666666666667,3.755373022866494,0.9090910926833531,0.12373196629350207,0.016236674724071233,0.0042463947186950025
19.870833333333334,3.748764897109133,0.9074487481618034,0.12350683731568993,0.016207106704809574,0.004238664272124253
19.875,3.742167989734696,0.9058093460410196,0.1232821174896765,0.016177592546520927,0.004230947865735679
19.879166666666666,3.7355822831622714,0.9041728811241471,0.12305780607733989,0.016148132150843306,0.00422324547308767
19.883333333333336,3.7290077598341043,0.9025393482227917,0.12283390234194322,0.01611872541958033,0.004215557067776126
19.8875,3.7224444022155865,0.9009087421569986,0.12261040468168384,0.016089372254700734,0.0042078826234343
19.89166666666667,3.7158921927952497,0.8992810577552317,0.12238731280695773,0.016060072558337808,0.004200222113732637
19.895833333333332,3.7093511140847912,0.8976562898543622,0.12216462633669739,0.01603082623278906,0.004192575512378652
19.900000000000002,3.70282114861905,0.8960344332996433,0.12194234453772304,0.01600163318051561,0.0041849427931167586
19.90416666666667,3.6963022789560327,0.8944154829446991,0.12172046667819764,0.015972493304141824,0.004177323929728142
19.908333333333335,3.689794487676903,0.8927994336515043,0.12149899202762379,0.01594340650645479,0.004169718896030604
19.9125,3.6832977573859784,0.8911862802903627,0.12127791985684036,0.0159143726904038,0.0041621276658784035
19.916666666666668,3.676812070710753,0.8895760177398966,0.12105724943802074,0.015885391759099976,0.004154550213162132
19.920833333333334,3.6703374103018755,0.8879686408870215,0.12083698004466896,0.01585646361581568,0.004146986511808543
19.925,3.6638737588331702,0.8863641446269345,0.12061711095161783,0.015827588163984153,0.004139436535780424
19.929166666666667,3.6574210990016343,0.884762523863094,0.12039764143502572,0.01579876530719897,0.004131900259076448
19.933333333333334,3.6509794135274283,0.8831637735071988,0.12017857077237346,0.015769994949213554,0.004124377655731
19.9375,3.6445486851539024,0.8815678884791768,0.11995989824246231,0.015741276993940782,0.0041168686998140705
19.941666666666666,3.638128896647571,0.8799748637071607,0.11974162312541027,0.015712611345452387,0.0041093733654310695
19.945833333333336,3.6317200307981397,0.8783846941274751,0.11952374470265012,0.015683997907978607,0.0041018916267227075
19.95,3.625322070418498,0.8767973824620072,0.11930626225692621,0.015655436585907657,0.004094423457864842
19.95416666666667,3.6189349983447077,0.8752129176206584,0.11908917507229139,0.015626927283785213,0.0040869688330683095
19.958333333333332,3.6125587974360345,0.8736312934043176,0.11887248243410505,0.015598469906314024,0.00407952772657881
19.962500000000002,3.6061934505749202,0.8720525047995253,0.11865618362902923,0.015570064358353343,0.004072100112676732
19.96666666666667,3.5998389406670106,0.8704765468012198,0.11844027794502682,0.015541710544918545,0.004064685965677027
19.970833333333335,3.593495250641144,0.8689034144127191,0.11822476467135835,0.015513408371180601,0.004057285259929054
19.975,3.5871623634242935,0.8673331026457016,0.11800964309857888,0.015485157742465571,0.0040498979698164175
19.979166666666668,3.5808402506529764,0.8657656065201986,0.11779491251853594,0.01545695856425423,0.004042524069756852
19.983333333333334,3.5745289057934033,0.8642009210645691,0.11758057222436585,0.01542881074218146,0.004035163534202037
19.9875,3.5682283118319593,0.8626390413154926,0.11736662151049183,0.015400714182035907,0.004027816337637484
19.991666666666667,3.561938451777489,0.8610799623179493,0.11715305967262069,0.015372668789759441,0.004020482454582373
19.995833333333334,3.555659308661278,0.8595236791252021,0.11693988600773979,0.01534467447144664,0.004013161859589396
20.0,3.5493908655370747,0.8579701867987878,0.11672709981411507,0.015316731133344419,0.004005854527244635
20.004166666666666,3.543133105481057,0.8564194804084935,0.11651470039128725,0.015288838681851448,0.003998560432167383
20.008333333333336,3.536886011591852,0.8548715550323475,0.11630268704006992,0.015260997023517762,0.003991279549010026
20.0125,3.5306495669905202,0.8533264057566013,0.1160910590625464,0.015233206065044257,0.003984011852457889
20.01666666666667,3.5244237548205444,0.8517840276757107,0.11587981576206653,0.015205465713282167,0.0039767573172290625
20.020833333333332,3.518208558247847,0.8502444158923268,0.11566895644324483,0.015177775875232695,0.003969515918074299
20.025000000000002,3.5120039604607562,0.848707565517273,0.1154584804119565,0.015150136458046401,0.003962287629776822
20.02916666666667,3.505809944670029,0.8471734716695359,0.11524838697533578,0.015122547369022856,0.003955072427152214
20.033333333333335,3.499626494108834,0.8456421294762462,0.1150386754417726,0.015095008515610126,0.003947870285048254
20.0375,3.493453592032736,0.8441135340726611,0.11482934512090942,0.015067519805404215,0.00394068117834476
20.041666666666668,3.4872912217197225,0.842587680602155,0.1146203953236394,0.015040081146148744,0.003933505081953464
20.045833333333334,3.48113936647016,0.8410645642161964,0.11441182536210256,0.015012692445734313,0.0039263419708178435
20.05,3.474998009606825,0.8395441800743377,0.11420363454968385,0.014985353612198162,0.003919191819912992
20.054166666666667,3.468867134474883,0.8380265233441991,0.1139958222010099,0.014958064553723633,0.003912054604245467
20.058333333333334,3.4627467244418737,0.8365115892014475,0.11378838763194611,0.014930825178639667,0.003904930298853123
20.0625,3.4566367628977344,0.8349993728297892,0.11358133015959443,0.014903635395420415,0.0038978188788049996
20.066666666666666,3.450537233254764,0.8334898694209457,0.11337464910228971,0.014876495112684652,0.0038907203192011393
20.070833333333336,3.444448118947646,0.831983074174646,0.11316834377959784,0.014849404239195417,0.0038836345951724677
20.075,3.438369403433433,0.8304789822986063,0.11296241351231241,0.014822362683859476,0.0038765632738010517
20.07916666666667,3.432301070191529,0.8289775890085129,0.11275685762245176,0.014795370355726815,0.0038695061220146818
20.083333333333332,3.426243102723713,0.8274788895280126,0.11255167543325682,0.014768427163990263,0.0038624618182841837
20.087500000000002,3.4201954845541067,0.82598287908869,0.11234686626918756,0.01474153301798491,0.0038554303391434524
20.09166666666667,3.4141581992291914,0.8244895529300575,0.11214242945592084,0.014714687827187704,0.0038484116611667975
20.095833333333335,3.408131230317796,0.8229989062995376,0.1119383643203474,0.014687891501216983,0.003841405760968815
20.1,3.402114561411081,0.8215109344524445,0.11173467019056872,0.014661143949831909,0.003834412615204264
20.104166666666668,3.3961081761225587,0.8200256326519747,0.11153134639589489,0.014634445082932124,0.0038274322005679893
20.108333333333334,3.3901120580880626,0.8185429961691835,0.11132839226684105,0.014607794810557139,0.003820464493794772
20.1125,3.384126190965764,0.8170630202829772,0.11112580713512535,0.014581193042885994,0.003813509471659246
20.116666666666667,3.378150558436161,0.8155857002800925,0.11092359033366575,0.014554639690236685,0.0038065671109757796
20.120833333333334,3.372185144202061,0.8141110314550809,0.11072174119657699,0.014528134663065708,0.003799637388598348
20.125,3.366229931988602,0.812639009110297,0.11052025905916855,0.014501677871967636,0.0037927202814204515
20.129166666666666,3.3602849055432196,0.8111696285558766,0.11031914325794094,0.01447526922767456,0.0037858157663749705
20.133333333333336,3.3543500486356703,0.8097028851097279,0.11011839313058364,0.014448908641055701,0.003778923820434086
20.1375,3.34842534505801,0.8082387740975118,0.10991800801597212,0.014422596023116891,0.0037720444206091517
20.14166666666667,3.3425107786245856,0.8067772908526253,0.10971798725416453,0.014396331285000058,0.003765177543950575
20.145833333333332,3.3366063331720532,0.8053184307161905,0.10951833018639986,0.01437011433798286,0.0037583231675477288
20.150000000000002,3.3307119925593467,0.8038621890370329,0.10931903615509411,0.014343945093478085,0.0037514812685288117
20.15416666666667,3.3248277406676934,0.8024085611716713,0.10912010450383838,0.01431782346303328,0.003744651824060764
20.158333333333335,3.318953561400605,0.8009575424843001,0.10892153457739569,0.014291749358330233,0.0037378348113491435
20.1625,3.3130894386838623,0.7995091283467706,0.10872332572169784,0.014265722691184453,0.0037310302076380055
20.166666666666668,3.30723535646553,0.7980633141385817,0.10852547728384346,0.014239743373544805,0.0037242379902098117
20.170833333333334,3.3013912987159304,0.7966200952468571,0.10832798861209428,0.014213811317492905,0.003717458136385296
20.175,3.29555724942766,0.7951794670663364,0.10813085905587312,0.014187926435242764,0.0037106906235233753
20.179166666666667,3.2897331926155795,0.7937414249993555,0.10793408796576076,0.014162088639140254,0.0037039354290210277
20.183333333333334,3.283919112316792,0.7923059644558302,0.10773767469349278,0.014136297841662598,0.0036971925303131703
20.1875,3.2781149925906674,0.7908730808532447,0.10754161859195767,0.014110553955418005,0.0036904619048725752
20.191666666666666,3.272320817518812,0.7894427696166307,0.10734591901519297,0.014084856893145054,0.0036837435302097222
20.195833333333336,3.266536570894438,0.7880150261785568,0.10715057530453086,0.014059206567712342,0.003677037383872725
20.2,3.2607622287341056,0.7865898459791104,0.10695558573686072,0.014033602892117976,0.0036703434434471978
20.20416666666667,3.25499778292035,0.7851672244658803,0.10676095072054202,0.01400804577948901,0.0036636616865561343
20.208333333333332,3.249243217596762,0.7837471570939457,0.10656666961336772,0.013982535143081124,0.003656992090859833
20.212500000000002,3.2434985169285753,0.7823296393258554,0.10637274177425728,0.013957070896278002,0.0036503346340557414
20.21666666666667,3.237763665102675,0.7809146666316161,0.10617916656325485,0.013931652952590967,0.0036436892938783803
20.220833333333335,3.232038646327582,0.7795022344886766,0.105985943341526,0.01390628122565847,0.003637056048099217
20.225,3.2263234448334295,0.7780923383819074,0.10579307147135461,0.013880955629245554,0.0036304348745265463
20.229166666666668,3.2206180448719826,0.7766849792805268,0.10560055031614071,0.013855676077243495,0.0036238257510054
20.233333333333334,3.2149224307165976,0.7752801507345048,0.10540837924039692,0.013830442483669212,0.0036172286554174114
20.2375,3.2092365866622354,0.7738778452713143,0.10521655760974624,0.013805254762664889,0.003610643565680728
20.241666666666667,3.2035604970254474,0.7724780584222308,0.10502508479091907,0.013780112828497452,0.003604070459749887
20.245833333333334,3.1978941461443484,0.7710807857261559,0.10483396015174978,0.013755016595558061,0.003597509315615694
20.25,3.192237518378637,0.7696860227296101,0.10464318306117489,0.013729965978361727,0.0035909601113051394
20.254166666666666,3.1865905981095564,0.768293764986712,0.10445275288922919,0.01370496089154674,0.0035844228248812556
20.258333333333336,3.180953369739909,0.7669040080591714,0.10426266900704392,0.013680001249874264,0.0035778974344430306
20.2625,3.175325817694036,0.765516747516272,0.1040729307868433,0.013655086968227845,0.003571383918125289
20.26666666666667,3.1697079264177983,0.764131978934857,0.10388353760194151,0.013630217961612892,0.003564882254098567
20.270833333333332,3.1640996803785923,0.7627496978993197,0.10369448882674075,0.013605394145156286,0.003558392420569026
20.275000000000002,3.1585010640653133,0.7613699000015844,0.10350578383672732,0.0135806154341058,0.0035519143957783144
20.27916666666667,3.1529120619883657,0.7599925808410982,0.10331742200846963,0.013555881743829736,0.003545448158003481
20.283333333333335,3.147332658679647,0.7586177360248146,0.10312940271961513,0.013531195031443824,0.0035389936855568516
20.2875,3.1417628386925287,0.7572453611671789,0.102941725348887,0.01350655492371509,0.003532550956785907
20.291666666666668,3.1362025866018675,0.7558754518901181,0.10275438927608221,0.013481959711428071,0.003526119950073201
20.295833333333334,3.1306518870039732,0.7545080038230229,0.1025673938820678,0.013457409312602647,0.0035197006438362115
20.3,3.12511072451662,0.7531430126027389,0.10238073854877869,0.013432903645396935,0.0035132930165272633
20.304166666666667,3.119579083779026,0.7517804738735502,0.10219442265921466,0.013408442628106879,0.0035068970466334013
20.308333333333334,3.1140569494518355,0.7504203832871642,0.10200844559743712,0.01338402617916578,0.00350051271267627
20.3125,3.1085443062171336,0.7490627365027038,0.10182280674856709,0.013359654217144027,0.003494139993212026
20.316666666666666,3.1030411387784085,0.7477075291866867,0.10163750549878141,0.013335326660748582,0.0034877788668311992
20.320833333333336,3.097547431860566,0.7463547570130171,0.1014525412353108,0.01331104342882269,0.003481429312158605
20.325,3.0920631702099124,0.7450044156629715,0.10126791334643659,0.013286804440345431,0.003475091307853223
20.32916666666667,3.0865883385941304,0.7436565008251806,0.10108362122148756,0.013262609614431297,0.0034687648326080776
20.333333333333332,3.081122921802297,0.7423110081956233,0.10089966425083803,0.01323845887032989,0.0034624498651501462
20.337500000000002,3.075666904644846,0.7409679334776053,0.10071604182590392,0.013214352127425421,0.003456146384240225
20.34166666666667,3.0702202719535827,0.7396272723817513,0.10053275333914084,0.013190289305236408,0.003449854368672837
20.345833333333335,3.0647830085816627,0.7382890206259903,0.10034979818404093,0.01316627032341525,0.003443573797276115
20.35,3.059355099403576,0.7369531739355379,0.1001671757551296,0.013142295101747775,0.003437304648911678
20.354166666666668,3.053936529315157,0.7356197280428898,0.09998488544796355,0.01311836356015297,0.0034310469024745414
20.358333333333334,3.048527283233551,0.7342886786878006,0.09980292665912709,0.013094475618682455,0.003424800536892983
20.3625,3.043127346097227,0.7329600216172768,0.09962129878622995,0.013070631197520185,0.0034185655311284517
20.366666666666667,3.03773670286596,0.7316337525855605,0.09944000122790425,0.013046830216982032,0.003412341864175448
20.370833333333334,3.03235533852081,0.7303098673541137,0.09925903338380121,0.013023072597515343,0.0034061295150614023
20.375,3.0269832380641364,0.7289883616916095,0.0990783946545892,0.012999358259698626,0.003399928462846586
20.379166666666666,3.0216203865195648,0.7276692313739133,0.09889808444195007,0.01297568712424108,0.0033937386866239737
20.383333333333336,3.0162667689319935,0.7263524721840741,0.09871810214857689,0.012952059111982267,0.003387560165519156
20.3875,3.0109223703675827,0.7250380799123084,0.09853844717817091,0.012928474143891693,0.00338139287869022
20.39166666666667,3.0055871759137327,0.7237260503559849,0.09835911893543849,0.012904932141068366,0.003375236805327622
20.395833333333332,3.0002611706790936,0.7224163793196163,0.09818011682608885,0.01288143302474051,0.003369091924654106
20.400000000000002,2.994944339793534,0.7211090626148393,0.09800144025683052,0.012857976716265044,0.00336295821592456
20.40416666666667,2.989636668408154,0.7198040960604064,0.09782308863536916,0.012834563137127301,0.0033568356584259356
20.408333333333335,2.9843381416952677,0.71850147548217,0.09764506137040448,0.012811192208940581,0.0033507242314771164
20.4125,2.9790487448483773,0.7172011967130675,0.09746735787162704,0.012787863853445732,0.0033446239144288075
20.416666666666668,2.9737684626837035,0.7159032555931112,0.09728997754971616,0.012764577992510826,0.003338534686663438
20.420833333333334,2.9684972754482635,0.7146076479693707,0.0971129198163363,0.012741334548130694,0.00333245652759503
20.425,2.963235173332474,0.7133143696959632,0.0969361840841349,0.012718133442426581,0.003326389416669105
20.429166666666667,2.9579821415967253,0.7120234166340387,0.09675976976673933,0.012694974597645762,0.003320333333362569
20.433333333333334,2.9527381655221707,0.710734784651763,0.09658367627875354,0.012671857936161067,0.0033142882571835846
20.4375,2.9475032304107427,0.7094484696243111,0.09640790303575625,0.012648783380470596,0.0033082541676714874
20.441666666666666,2.9422773215851117,0.7081644674338458,0.096232449454297,0.012625750853197237,0.0033022310443966457
20.445833333333336,2.9370604243886964,0.7068827739695106,0.09605731495189428,0.012602760277088327,0.0032962188669603738
20.45,2.9318525241856417,0.7056033851274137,0.0958824989470322,0.012579811575015261,0.003290217614994809
20.45416666666667,2.9266536063607944,0.704326296810612,0.09570800085915752,0.01255690466997302,0.0032842272681627943
20.458333333333332,2.921463656319716,0.7030515049291028,0.09553382010867739,0.012534039485079902,0.003278247806157784
20.462500000000002,2.9162826594886435,0.7017790053998048,0.09535995611695577,0.012511215943577004,0.0032722792087037118
20.46666666666667,2.9111106013144967,0.7005087941465482,0.09518640830631134,0.01248843396882792,0.0032663214555548976
20.470833333333335,2.905947467264857,0.6992408671000614,0.0950131761000143,0.012465693484318328,0.0032603745264959323
20.475,2.900793242827951,0.6979752201979534,0.09484025892228322,0.012442994413655527,0.0032544384013415495
20.479166666666668,2.8956479135126463,0.6967118493847053,0.09466765619828306,0.01242033668056816,0.003248513059936542
20.483333333333334,2.8905114648484287,0.6954507506116526,0.09449536735412135,0.012397720208905708,0.003242598482155624
20.4875,2.8853838823854026,0.6941919198369746,0.0943233918168462,0.012375144922638186,0.003236694647903341
20.491666666666667,2.88026515169427,0.6929353530256801,0.09415172901444305,0.012352610745855702,0.0032308015371139485
20.495833333333334,2.875155258366312,0.6916810461495919,0.09398037837583165,0.01233011760276805,0.0032249191297512923
20.5,2.870054188013391,0.6904289951873372,0.09380933933086384,0.012307665417704379,0.003219047405808718
20.504166666666666,2.864961926267924,0.6891791961243287,0.09363861131032002,0.012285254115112712,0.003213186345308937
20.508333333333336,2.859878458782879,0.6879316467511633,0.09346819374590691,0.012262883619559642,0.003207335928303936
20.5125,2.854803771231762,0.6866863440097436,0.09329808607025443,0.012240553855729884,0.0032014961348748516
20.51666666666667,2.849737849308594,0.6854432814423699,0.0931282877169127,0.012218264748425876,0.0031956669451318575
20.520833333333332,2.8446806787279137,0.6842024550700598,0.09295879812034971,0.012196016222567435,0.0031898483392140712
20.525000000000002,2.8396322452247498,0.6829638609206922,0.09278961671594792,0.012173808203191297,0.003184040297289416
20.52916666666667,2.8345925345546203,0.681727495029,0.09262074294000185,0.012151640615450784,0.003178242799554535
20.533333333333335,2.8295615324935177,0.6804933534365565,0.09245217622971516,0.012129513384615397,0.0031724558262346664
20.5375,2.824539224837883,0.6792614321917592,0.09228391602319752,0.012107426436070358,0.0031666793575835274
20.541666666666668,2.8195255974046187,0.6780317273498238,0.09211596175946236,0.012085379695316334,0.0031609133738832204
20.545833333333334,2.814520636031045,0.6768042349727643,0.09194831287842332,0.012063373087968923,0.0031551578554440993
20.55,2.8095243265749166,0.6755789511293876,0.09178096882089203,0.01204140653975835,0.0031494127826046797
20.554166666666667,2.804536654914393,0.6743558718952775,0.0916139290285751,0.012019479976529046,0.0031436781357315176
20.558333333333334,2.7995576069480244,0.6731349933527798,0.09144719294407097,0.011997593324239202,0.0031379538952190904
20.5625,2.7945871685947536,0.6719163115909959,0.09128076001086764,0.011975746508960486,0.0031322400414897024
20.566666666666666,2.7896253257938826,0.6706998227057639,0.09111462967333923,0.011953939456877517,0.0031265365549933543
20.570833333333336,2.7846720645050826,0.6694855227996512,0.09094880137674373,0.011932172094287586,0.003120843416207652
20.575,2.7797273707083683,0.6682734079819403,0.09078327456721987,0.01191044434760022,0.0031151606056376837
20.57916666666667,2.774791230404078,0.6670634743686135,0.09061804869178405,0.011888756143336747,0.0031094881038159013
20.583333333333332,2.7698636296128853,0.6658557180823456,0.09045312319832816,0.01186710740812998,0.0031038258913020328
20.587500000000002,2.764944554375756,0.6646501352524864,0.09028849753561602,0.011845498068723734,0.0030981739486829396
20.59166666666667,2.7600339907539606,0.6634467220150521,0.09012417115328106,0.011823928051972533,0.003092532256572534
20.595833333333335,2.7551319248290547,0.6622454745127117,0.08996014350182346,0.011802397284841155,0.003086900795611653
20.6,2.7502383427028527,0.6610463888947714,0.08979641403260682,0.011780905694404216,0.0030812795464679426
20.604166666666668,2.7453532304974377,0.6598494613171678,0.08963298219785609,0.011759453207845853,0.0030756684898357654
20.608333333333334,2.740476574355129,0.6586546879424503,0.08946984745065399,0.011738039752459245,0.003070067606436064
20.6125,2.7356083604384827,0.6574620649397717,0.08930700924493874,0.011716665255646293,0.0030644768770162717
20.616666666666667,2.7307485749302773,0.6562715884848752,0.08914446703550108,0.011695329644917195,0.003058896282350192
20.620833333333334,2.725897204033488,0.6550832547600794,0.08898222027798107,0.011674032847890021,0.00305332580323788
20.625,2.721054233971298,0.6538970599542708,0.08882026842886595,0.011652774792290396,0.0030477654205055514
20.629166666666666,2.716219650987059,0.6527130002628855,0.08865861094548652,0.011631555405951007,0.0030422151150054436
20.633333333333336,2.711393441344302,0.6515310718879013,0.08849724728601506,0.011610374616811314,0.0030366748676157298
20.6375,2.7065755908627516,0.650351271037824,0.08833617690946208,0.011589232352917093,0.003031144659240397
20.64166666666667,2.7017660822290477,0.6491735939276719,0.08817539927567332,0.011568128542420028,0.0030256244708091245
20.645833333333332,2.6969649054921327,0.6479980367789694,0.08801491384532753,0.01154706311357739,0.0030201142832771972
20.650000000000002,2.692172046982088,0.6468245958197278,0.08785472208733655,0.011526035994751552,0.0030146140776253646
20.65416666666667,2.687387493048816,0.6456532672844378,0.08769482863272314,0.011505047114409677,0.0030091238348597562
20.658333333333335,2.682611230062013,0.6444840474140556,0.08753522611886255,0.011484096401123288,0.003003643536011758
20.6625,2.677843244411142,0.6433169324559881,0.08737591401646039,0.01146318378356785,0.0029981731621378906
20.666666666666668,2.673083522505446,0.6421519186640846,0.08721689179711116,0.011442309190522434,0.002992714435658058
20.670833333333334,2.6683320507739,0.64098900229862,0.08705815893329508,0.011421472550869262,0.00298726567413691
20.675,2.663588815665224,0.6398281796262859,0.0868997148983762,0.01140067379359337,0.00298182683370819
20.679166666666667,2.6588538036478537,0.6386694469201772,0.08674155916659962,0.01137991284778219,0.002976397896303886
20.683333333333334,2.6541270012099187,0.6375128004597767,0.08658369121308866,0.011359189642625115,0.0029709788438867725
20.6875,2.6494083948592486,0.6363582365309478,0.08642611051384308,0.011338504107413204,0.00296556965845034
20.691666666666666,2.6446979711233314,0.6352057514259164,0.08626881654573575,0.011317856171538672,0.002960170322018685
20.695833333333336,2.639995716549322,0.6340553414432637,0.0861118087865108,0.011297245764494588,0.002954780816646435
20.7,2.635301617704015,0.6329070028879109,0.08595508671478085,0.011276672815874461,0.0029494011244186576
20.70416666666667,2.6306156611738247,0.6317607320711051,0.08579864981002419,0.011256137255371786,0.002944031227450756
20.708333333333332,2.625937833564786,0.6306165253104118,0.085642497552583,0.011235639012779748,0.002938671107888401
20.712500000000002,2.6212681215025193,0.6294743789296963,0.08548662942365999,0.01121517801799073,0.0029333207479074197
20.71666666666667,2.6166065116322326,0.628334289259117,0.08533104490531655,0.01119475420099601,0.0029279801297137273
20.720833333333335,2.6119529906186996,0.6271962526351099,0.08517574348047005,0.011174367491885313,0.0029226492355432245
20.725,2.607307545146237,0.6260602654003748,0.085020724632891,0.011154017820846407,0.0029173280476617017
20.729166666666668,2.602670161918705,0.6249263239038669,0.08486598784720105,0.011133705118164772,0.0029120165483647723
20.733333333333334,2.598040827659475,0.6237944245007798,0.08471153260887009,0.01111342931422312,0.0029067147199777514
20.7375,2.5934195291114284,0.6226645635525367,0.08455735840421395,0.011093190339501086,0.0029014225448555984
20.741666666666667,2.588806253036938,0.6215367374267771,0.0844034647203919,0.011072988124574792,0.0028961400053828077
20.745833333333334,2.584200986217841,0.620410942497341,0.08424985104540382,0.011052822600116434,0.002890867083973317
20.75,2.579603715455444,0.6192871751442625,0.08409651686808828,0.011032693696893943,0.0028856037630704363
20.754166666666666,2.5750144275704883,0.6181654317537507,0.08394346167811924,0.011012601345770527,0.002880350025146733
20.758333333333336,2.570433109403149,0.6170457087181828,0.08379068496600434,0.010992545477704348,0.0028751058527039654
20.7625,2.565859747813017,0.6159280024360891,0.08363818622308199,0.010972526023748078,0.002869871228272982
20.76666666666667,2.561294329679072,0.6148123093121393,0.08348596494151858,0.010952542915048498,0.002864646134413627
20.770833333333332,2.556736841899685,0.6136986257571331,0.0833340206143067,0.01093259608284617,0.0028594305537146644
20.775000000000002,2.5521872713925897,0.6125869481879846,0.08318235273526178,0.010912685458474953,0.0028542244687936725
20.77916666666667,2.5476456050948735,0.6114772730277127,0.08303096079902034,0.010892810973361686,0.0028490278622969696
20.783333333333335,2.543111829962967,0.6103695967054276,0.0828798443010371,0.010872972559025766,0.0028438407168995157
20.7875,2.5385859329726106,0.6092639161232621,0.08272900273758228,0.010853170147078725,0.002838663015304818
20.791666666666668,2.534067901118865,0.6081602293655621,0.08257843560573962,0.010833403669223909,0.002833494740244858
20.795833333333334,2.5295577214160714,0.6070585309284492,0.08242814240340325,0.01081367708620377,0.0028283358744799797
20.8,2.5250553808978555,0.605958817270193,0.0822781226292758,0.01079398644495207,0.0028231864007988204
20.804166666666667,2.5205608666171044,0.6048610848551748,0.08212837578286544,0.01077433167302565,0.0028180463020182124
20.808333333333334,2.5160741656459447,0.603765330153873,0.08197890136448344,0.010754712704856907,0.002812915560983083
20.8125,2.511595265075743,0.6026715496428567,0.08182969887524195,0.010735129474989913,0.00280779416056639
20.816666666666666,2.5071241520170733,0.6015797398047678,0.08168076781705096,0.01071558191808001,0.002802682083669003
20.820833333333336,2.5026608135997175,0.6004898971283135,0.08153210769261632,0.010696069968893588,0.002797579313219636
20.825,2.4982052369726433,0.5994020181082538,0.08138371800543706,0.010676593562307747,0.002792485832174751
20.82916666666667,2.4937574093039823,0.5983160992453862,0.08123559825980256,0.01065715263330996,0.0027874016235184588
20.833333333333332,2.4893173177810306,0.5972321370465397,0.08108774796079057,0.010637747116997838,0.0027823266702624466
20.837500000000002,2.4848849496102168,0.5961501280245565,0.08094016661426422,0.010618376948578739,0.002777260955445871
20.84166666666667,2.4804602920171,0.595070068698285,0.0807928537268698,0.010599042063369538,0.002772204462135283
20.845833333333335,2.476043332246351,0.5939919555925677,0.08064580880603434,0.010579742396796306,0.002767157173424531
20.85,2.4716340575617277,0.5929157852382243,0.08049903135996252,0.010560477884393932,0.002762119072434667
20.854166666666668,2.4672324552460787,0.591841554172047,0.08035252089763499,0.010541248461805944,0.0027570901423138697
20.858333333333334,2.462838511885705,0.5907692589367823,0.08020627692880511,0.010522054064784072,0.0027520703662373388
20.8625,2.4584522109862577,0.589698896081124,0.08006029896399693,0.010502894629188046,0.00274705972740722
20.866666666666667,2.4540735440899275,0.588630462159699,0.07991458651450255,0.01048377009098525,0.0027420582090525113
20.870833333333334,2.449702498545382,0.5875639537330539,0.07976913909237932,0.010464680386250378,0.002737065794428959
20.875,2.445339061720127,0.586499367367648,0.07962395621044788,0.010445625451165216,0.002732082466818997
20.879166666666666,2.4409832210004687,0.5854366996358351,0.07947903738228906,0.010426605222018234,0.002727108209531624
20.883333333333336,2.4366349637915192,0.5843759471158573,0.07933438212224184,0.010407619635204373,0.00272214300590234
20.8875,2.4322942775171663,0.5833171063918309,0.07918998994540068,0.010388668627224705,0.00271718683929305
20.89166666666667,2.4279611496200575,0.5822601740537325,0.07904586036761271,0.010369752134686073,0.0027122396930919575
20.895833333333332,2.4236355675615924,0.5812051466973912,0.07890199290547585,0.010350870094300892,0.002707301550713504
20.900000000000002,2.419317518821894,0.5801520209244728,0.07875838707633558,0.010332022442886736,0.0027023723955982505
20.90416666666667,2.415006990899803,0.5791007933424716,0.07861504239828301,0.01031320911736612,0.002697452211212811
20.908333333333335,2.4107039713128615,0.578051460564696,0.07847195839015213,0.010294430054766154,0.0026925409810497516
20.9125,2.4064084475972827,0.5770040192102561,0.07832913457151715,0.010275685192218205,0.002687638688627495
20.916666666666668,2.4021204073079545,0.575958465904056,0.07818657046269038,0.010256974466957676,0.0026827453174902488
20.920833333333334,2.397839838018403,0.5749147972767757,0.07804426558471918,0.010238297816323603,0.0026778608512078935
20.925,2.393566727320795,0.5738730099648652,0.07790221945938403,0.010219655177758434,0.0026729852733759166
20.929166666666667,2.3893010628259113,0.5728331006105296,0.07776043160919571,0.010201046488807684,0.002668118567615305
20.933333333333334,2.3850428321631254,0.5717950658617162,0.07761890155739257,0.010182471687119605,0.002663260717572458
20.9375,2.3807920229804025,0.570758902372107,0.07747762882793861,0.010163930710444944,0.0026584117069191095
20.941666666666666,2.3765486229442656,0.5697246068011005,0.07733661294552033,0.010145423496636568,0.0026535715193522188
20.945833333333336,2.372312619739796,0.5686921758138062,0.0771958534355447,0.010126949983649216,0.0026487401385939017
20.95,2.368084001070605,0.5676616060810292,0.07705534982413649,0.010108510109539172,0.002643917548391328
20.95416666666667,2.3638627546588196,0.5666328942792581,0.0769151016381355,0.010090103812463929,0.0026391037325166323
20.958333333333332,2.359648868245073,0.5656060370906555,0.07677510840509456,0.01007173103068195,0.0026342986747668307
20.962500000000002,2.3554423295884765,0.5645810312030435,0.0766353696532765,0.010053391702552286,0.002629502358963723
20.96666666666667,2.351243126466616,0.5635578733098939,0.076495884911652,0.010035085766534333,0.002624714768953811
20.970833333333335,2.3470512466755302,0.5625365601103163,0.07635665370989708,0.010016813161187505,0.0026199358886082077
20.975,2.342866678029685,0.5615170883090432,0.07621767557839013,0.009998573825170899,0.002615165701822538
20.979166666666668,2.338689408361978,0.5604994546164234,0.07607895004821008,0.00998036769724305,0.0026104041925168646
20.983333333333334,2.3345194255236983,0.5594836557484045,0.07594047665113325,0.009962194716261556,0.0026056513446355797
20.9875,2.3303567173845305,0.5584696884265256,0.0758022549196313,0.009944054821182834,0.002600907142147336
20.991666666666667,2.326201271832529,0.5574575493779037,0.07566428438686865,0.009925947951061793,0.0025961715690449444
20.995833333333334,2.3220530767740977,0.5564472353352199,0.07552656458669953,0.009907874045051487,0.0025914446093452804
21.0,2.3179121201339843,0.5554387430367123,0.07538909505366616,0.009889833042402894,0.0025867262470892103
21.004166666666666,2.3137783898552517,0.554432069226158,0.07525187532299557,0.00987182488246452,0.0025820164663414823
21.008333333333336,2.309651873899275,0.5534272106528672,0.07511490493059764,0.009853849504682159,0.002577315251190652
21.0125,2.3055325602457177,0.5524241640716684,0.07497818341306234,0.009835906848598575,0.0025726225857489924
21.01666666666667,2.30142043689251,0.5514229262428947,0.07484171030765696,0.009817996853853154,0.0025679384541523855
21.020833333333332,2.2973154918558483,0.5504234939323772,0.07470548515232425,0.009800119460181665,0.0025632628405602613
21.025000000000002,2.293217713170159,0.5494258639114271,0.07456950748567917,0.009782274607415882,0.0025585957291554807
21.02916666666667,2.289127088888101,0.5484300329568289,0.07443377684700699,0.009764462235483353,0.002553937104144266
21.033333333333335,2.2850436070805396,0.5474359978508263,0.07429829277626047,0.00974668228440705,0.0025492869497561036
21.0375,2.2809672558365275,0.546443755381109,0.07416305481405723,0.009728934694305046,0.0025446452502436473
21.041666666666668,2.2768980232632976,0.5454533023408045,0.07402806250167768,0.009711219405390274,0.002540011989882646
21.045833333333334,2.272835897486237,0.5444646355284619,0.07389331538106192,0.009693536357970137,0.0025353871529718323
21.05,2.2687808666488807,0.5434777517480439,0.07375881299480783,0.009675885492446289,0.0025307707238328534
21.054166666666667,2.2647329189128893,0.5424926478089138,0.07362455488616822,0.009658266749314281,0.0025261626868101714
21.058333333333334,2.260692042458029,0.5415093205258209,0.07349054059904817,0.00964068006916323,0.002521563026270967
21.0625,2.256658225482168,0.5405277667188936,0.07335676967800303,0.009623125392675595,0.0025169717266050676
21.066666666666666,2.252631456201243,0.5395479832136227,0.07322324166823525,0.009605602660626775,0.0025123887722248383
21.070833333333336,2.24861172284926,0.5385699703437518,0.07308995611559253,0.009588111813884885,0.0025078141475651074
21.075,2.24459901367827,0.5375937218015052,0.07295691256656492,0.00957065279341042,0.0025032478370830714
21.07916666666667,2.240593316958346,0.5366192343021476,0.0728241105682822,0.009553225540255905,0.0024986898252581983
21.083333333333332,2.2365946209775838,0.535646504699643,0.07269154966851184,0.009535829995565683,0.0024941400965921533
21.087500000000002,2.232602914042066,0.5346755298533772,0.07255922941565589,0.009518466100575508,0.002489598635608689
21.09166666666667,2.2286181844758635,0.5337063066281513,0.07242714935874904,0.009501133796612328,0.002485065426853577
21.095833333333335,2.22464042062101,0.5327388318941683,0.07229530904745585,0.00948383302509393,0.0024805404548945064
21.1,2.2206696108374815,0.531773102527021,0.07216370803206795,0.00946656372752862,0.0024760237043209904
21.104166666666668,2.2167057435031947,0.5308091154076854,0.07203235284036906,0.00944932584551498,0.0024715151597442895
21.108333333333334,2.2127488070139734,0.5298468674225038,0.07190124556197346,0.009432119320741493,0.0024670148057973065
21.1125,2.2087987897835464,0.5288863554631792,0.07177037686071873,0.009414944094986282,0.0024625226271345127
21.116666666666667,2.204855680243526,0.5279275764267617,0.07163974630138861,0.009397800110116808,0.0024580386084318484
21.120833333333334,2.200919466843385,0.5269705272156365,0.07150935344950655,0.009380687308089504,0.0024535627343866295
21.125,2.1969901380504573,0.5260152047375164,0.07137919787133401,0.009363605630949571,0.002449094989717473
21.129166666666666,2.1930676823498993,0.5250616059054262,0.07124927913386814,0.009346555020830552,0.002444635359164189
21.133333333333336,2.1891520882446955,0.5241097276376965,0.07111959680484026,0.009329535419954139,0.0024401838274877067
21.1375,2.1852433377164413,0.5231595668579501,0.07099015045271374,0.009312546770629808,0.002435740379469978
21.14166666666667,2.1813414248268383,0.52221112049509,0.0708609396466818,0.009295589015254494,0.002431304999913881
21.145833333333332,2.1774463386857854,0.5212643854832915,0.0707319639566661,0.009278662096312363,0.002426877673643147
21.150000000000002,2.1735580678529787,0.5203193587619879,0.0706032229533142,0.009261765956374403,0.002422458385502252
21.15416666666667,2.1696766009056168,0.5193760372758628,0.07047471620799813,0.009244900538098217,0.00241804712035634
21.158333333333335,2.1658019264383737,0.5184344179748374,0.07034644329281226,0.009228065784227666,0.002413643863091137
21.1625,2.1619340330633747,0.5174944978140578,0.07021840378057105,0.00921126163759255,0.002409248598612838
21.166666666666668,2.1580729094101945,0.5165562737538881,0.07009059724480772,0.009194488041108353,0.0024048613118480494
21.170833333333334,2.1542185441258206,0.5156197427598956,0.0699630232597717,0.009177744937775883,0.0024004819877436706
21.175,2.1503709258746517,0.5146849018028423,0.06983568140042716,0.009161032270681003,0.0023961106112668244
21.179166666666667,2.1465300433384717,0.5137517478586738,0.06970857124245082,0.009144349982994331,0.0023917471674047607
21.183333333333334,2.142695885216428,0.5128202779085049,0.06958169236222989,0.009127698017970885,0.0023873916411647584
21.1875,2.1388684402250258,0.5118904889386147,0.06945504433686057,0.009111076318949845,0.002383044017574053
21.191666666666666,2.1350476970980927,0.5109623779404292,0.06932862674414553,0.00909448482935417,0.002378704281679728
21.195833333333336,2.1312336445867808,0.5100359419105153,0.06920243916259244,0.009077923492690378,0.002374372418548641
21.2,2.127426271459535,0.509111177850568,0.06907648117141192,0.009061392252548189,0.0023700484132673297
21.20416666666667,2.1236255665020742,0.5081880827673978,0.06895075235051527,0.0090448910526002,0.002365732250941911
21.208333333333332,2.1198315185173855,0.5072666536729229,0.0688252522805131,0.009028419836601648,0.00236142391669801
21.212500000000002,2.1160441163256922,0.5063468875841548,0.06869998054271272,0.009011978548390028,0.0023571233956806536
21.21666666666667,2.112263348764445,0.5054287815231909,0.06857493671911685,0.008995567131884845,0.0023528306730541933
21.220833333333335,2.1084892046883046,0.5045123325172016,0.06845012039242127,0.008979185531087295,0.0023485457340022106
21.225,2.104721672969113,0.5035975375984176,0.06832553114601286,0.008962833690079917,0.00234426856372742
21.229166666666668,2.1009607424958916,0.5026843938041236,0.06820116856396803,0.008946511553026367,0.002339999147451598
21.233333333333334,2.0972064021748063,0.5017728981766416,0.06807703223105022,0.008930219064171024,0.0023357374704154697
21.2375,2.0934586409291644,0.5008630477633255,0.06795312173270848,0.00891395616783876,0.00233148351787864
21.241666666666667,2.089717447699391,0.4999548396165462,0.06782943665507536,0.008897722808434603,0.002327237275119495
21.245833333333334,2.0859828114430035,0.4990482707936816,0.06770597658496463,0.008881518930443397,0.002322998727435107
21.25,2.082254721134609,0.49814333835710745,0.06758274110986993,0.008865344478429576,0.0023187678601411573
21.254166666666666,2.0785331657658705,0.49724003937418293,0.06745972981796226,0.008849199397036767,0.002314545246915549
21.258333333333336,2.074818134345501,0.4963383709172432,0.0673369422980885,0.008833083630987568,0.0023103311158312553
21.2625,2.071109615899244,0.4954383300635871,0.0672143781397692,0.008816997125083203,0.002306124662723859
21.26666666666667,2.0674075994698433,0.4945399138954641,0.06709203693319661,0.008800939824203184,0.0023019258735951856
21.270833333333332,2.063712074117045,0.4936431195000675,0.06696991826923297,0.008784911673305078,0.0022977347344701415
21.275000000000002,2.0600230289175605,0.49274794396951926,0.06684802173940826,0.008768912617424135,0.0022935512313966093
21.27916666666667,2.056340452965063,0.4918543844008621,0.06672634693591857,0.008752942601673036,0.002289375350445407
21.283333333333335,2.0526643353701637,0.49096243789604765,0.06660489345162399,0.008737001571241552,0.0022852070777101955
21.2875,2.048994665260389,0.4900721015619236,0.06648366088004651,0.008721089471396234,0.002281046399307409
21.291666666666668,2.0453314317801747,0.4891833725102267,0.06636264881536856,0.008705206247480151,0.0022768933013761904
21.295833333333334,2.0416746240908337,0.4882962478575668,0.06624185685243039,0.008689351844912525,0.0022727477700783074
21.3,2.0380242313705517,0.48741072472542074,0.06612128458672879,0.00867352620918848,0.0022686097915980918
21.304166666666667,2.034380242814362,0.4865268002401187,0.0660009316144148,0.008657730620719053,0.0022644793521423632
21.308333333333334,2.0307426476341246,0.48564447153283247,0.06588079753229162,0.008641965433877784,0.0022603564379403466
21.3125,2.0271114350585187,0.4847637357395675,0.06576088193781315,0.00862622895471983,0.002256241035243618
21.316666666666666,2.023486594333012,0.48388459000114853,0.0656411844290815,0.008610521130809377,0.0022521331303260116
21.320833333333336,2.019868114719855,0.48300703146321133,0.0655217046048455,0.008594841909801337,0.002248032709483567
21.325,2.0162559854980584,0.48213105727619116,0.06540244206449854,0.008579191239441099,0.0022439397590344476
21.32916666666667,2.0126501959633667,0.4812566645953093,0.06528339640807648,0.008563569067564251,0.0022398542653188597
21.333333333333332,2.0090507354282576,0.4803838505805666,0.06516456723625619,0.008547975342096404,0.0022357762146989995
21.337500000000002,2.0054575932219065,0.47951261239672766,0.06504595415035294,0.008532410011052892,0.00223170559355896
21.34166666666667,2.0018707586901825,0.4786429472133141,0.0649275567523191,0.008516873022538582,0.002227642388304675
21.345833333333335,1.9982902211956224,0.47777485220459065,0.06480937464474175,0.008501364324747601,0.0022235865853638377
21.349999999999998,1.994715970117421,0.47690832998246496,0.06469140743084113,0.008485883865963132,0.0022195381711858364
21.354166666666668,1.9911479948513937,0.47604337456175333,0.06457365471446799,0.0084704315945571,0.0022154971322416598
21.358333333333334,1.9875862848099854,0.4751799812449524,0.06445611610010259,0.008455007458990027,0.002211463455023858
21.3625,1.984030829422236,0.4743181472345973,0.0643387911928521,0.00843961140781074,0.002207437126046446
21.36666666666667,1.9804816181337657,0.47345786973804005,0.06422167959844888,0.008424243389656139,0.002203418131844839
21.370833333333334,1.9769386404067624,0.4725991459674393,0.0641047809232486,0.008408903353250969,0.0021994064589757833
21.375,1.9734018857199478,0.4717419731397477,0.06398809477422782,0.008393591247407533,0.0021954020940172674
21.379166666666666,1.969871343568581,0.4708863484767058,0.06387162075898285,0.008378307021025527,0.0021914050235684744
21.383333333333336,1.9663470034644293,0.47003226920482943,0.0637553584857272,0.008363050623091759,0.0021874152342496937
21.387500000000003,1.9628288549357509,0.4691797325553997,0.06363930756328989,0.008347822002679904,0.0021834327127022496
21.391666666666666,1.959316887527281,0.46832873576445366,0.06352346760111352,0.008332621108950299,0.0021794574455884386
21.395833333333332,1.9558110908002004,0.46747927607277107,0.06340783820925185,0.008317447891149625,0.002175489419591433
21.400000000000002,1.9523114543321392,0.4666313507258689,0.06329241899836865,0.008302302298610774,0.002171528621415242
21.40416666666667,1.9488179677171455,0.46578495697398764,0.06317720957973526,0.008287184280752546,0.0021675750377846146
21.408333333333335,1.9453306205656682,0.4649400920720828,0.0630622095652287,0.008272093787079408,0.0021636286554449764
21.412499999999998,1.9418493982753124,0.46409675327981453,0.06294741856732995,0.008257030767181298,0.0021596894611623585
21.416666666666668,1.9383742925300473,0.4632549378615341,0.06283283619912139,0.008241995170733294,0.002155757441723311
21.420833333333334,1.9349052947824137,0.4624146430862798,0.06271846207428573,0.008226986947495494,0.002151832583934853
21.425,1.9314423946959505,0.4615758662277619,0.0626042958071035,0.008212006047312696,0.0021479148746243863
21.42916666666667,1.9279855819503005,0.46073860456435467,0.062490337012451186,0.008197052420114186,0.0021440043006396223
21.433333333333334,1.9245348462411949,0.4599028553790862,0.06237658530579957,0.008182126015913505,0.002140100848848521
21.4375,1.9210901772804205,0.4590686159596245,0.06226304030321108,0.00816722678480815,0.0021362045061391927
21.441666666666666,1.917651564795821,0.4582358835982733,0.06214970162133877,0.008152354676979433,0.0021323152594198602
21.445833333333336,1.914218998531264,0.45740465559195786,0.06203656887742379,0.008137509642692175,0.0021284330956187632
21.450000000000003,1.9107924682466235,0.45657492924221593,0.061923641689293554,0.008122691632294477,0.0021245580016840916
21.454166666666666,1.9073719637177675,0.45574670185518806,0.06181091967536001,0.008107900596217507,0.0021206899645839178
21.458333333333332,1.9039574747365209,0.454919970741604,0.0616984024546171,0.008093136484975193,0.0021168289713061074
21.462500000000002,1.9005489911106694,0.45409473321677785,0.061586089646639655,0.008078399249164075,0.0021129750088582713
21.46666666666667,1.8971465026639254,0.45327098660059467,0.06147398087158084,0.008063688839463002,0.0021091280642676776
21.470833333333335,1.8937499992359133,0.4524487282175004,0.06136207575017048,0.008049005206632917,0.002105288124581182
21.474999999999998,1.890359470682152,0.4516279553964929,0.06125037390371308,0.008034348301516628,0.0021014551768651613
21.479166666666668,1.8869749068740223,0.45080866547110854,0.06113887495408554,0.008019718075038495,0.0020976292082054205
21.483333333333334,1.883596297698769,0.4499908557794167,0.06102757852373585,0.008005114478204308,0.0020938102057071507
21.4875,1.880223633059467,0.4491745236640066,0.06091648423568068,0.007990537462100962,0.0020899981564948367
21.49166666666667,1.8768569028750057,0.4483596664719775,0.060805591713503616,0.007975986977896247,0.0020861930477121884
21.495833333333334,1.8734960970800745,0.44754628155492987,0.060694900581353226,0.007961462976838621,0.0020823948665220746
21.5,1.8701412056251265,0.4467343662689508,0.06058441046394074,0.007946965410256909,0.002078603600106431
21.504166666666666,1.8667922184763823,0.4459239179746103,0.06047412098653877,0.007932494229560143,0.002074819235666216
21.508333333333336,1.8634491256157966,0.4451149340369465,0.060364031774978906,0.00791804938623729,0.0020710417604213206
21.512500000000003,1.8601119170410432,0.4443074118254569,0.06025414245564992,0.007903630831856997,0.002067271161610497
21.516666666666666,1.8567805827654957,0.4435013487140891,0.060144452655495874,0.00788923851806739,0.002063507426491295
21.520833333333332,1.8534551128181995,0.4426967420812264,0.060034962002013754,0.007874872396595754,0.00205975054233997
21.525000000000002,1.850135497243868,0.44189358930968364,0.05992567012325223,0.007860532419248403,0.002056000496451437
21.52916666666667,1.8468217261028537,0.4410918877866933,0.05981657664780924,0.007846218537910371,0.0020522572761391806
21.533333333333335,1.8435137894711306,0.4402916349038956,0.05970768120483015,0.007831930704545183,0.0020485208687351856
21.537499999999998,1.8402116774402768,0.4394928280573304,0.059598983424005963,0.007817668871194642,0.002044791261589871
21.541666666666668,1.8369153801174456,0.438695464647422,0.05949048293557086,0.007803432989978519,0.002041068442072001
21.545833333333334,1.833624887625362,0.43789954207897513,0.05938217937030096,0.007789223013094411,0.002037352397568635
21.55,1.830340190102294,0.43710505776116115,0.059274072359511994,0.007775038892817434,0.00203364311548504
21.55416666666667,1.8270612777020332,0.43631200910750856,0.059166161535057396,0.007760880581500009,0.0020299405832446223
21.558333333333334,1.8237881405938823,0.4355203935358937,0.05905845491910357,0.0077467480315716285,0.0020262447882888604
21.5625,1.8205207689626177,0.43473020846852717,0.058950948768845636,0.007732641195538558,0.002022555718077214
21.566666666666666,1.817259153008496,0.4339414513319485,0.05884363821099435,0.007718560025983695,0.0020188733600870774
21.570833333333336,1.8140032829472168,0.43315411955701283,0.05873652288923806,0.007704504475566255,0.0020151977018136886
21.575000000000003,1.81075314900991,0.4323682105788816,0.05862960244789399,0.007690474497021561,0.0020115287307700645
21.579166666666666,1.8075087414431181,0.43158372183701305,0.05852287653190693,0.007676470043160814,0.00200786643448693
21.583333333333332,1.8042700505087619,0.43080065077514845,0.05841634478684722,0.007662491066870789,0.0020042108005126303
21.587500000000002,1.8010370664841464,0.4300189948413074,0.058310006858910024,0.00764853752111369,0.002000561816413082
21.59166666666667,1.7978097796619228,0.4292387514877739,0.05820386239491333,0.00763460935892685,0.0019969194697716853
21.595833333333335,1.7945881803500758,0.42845991817108736,0.05809791104229661,0.007620706533422512,0.0019932837481892547
21.599999999999998,1.7913722588719074,0.4276824923520325,0.057992152449119455,0.007606828997787592,0.001989654639283952
21.604166666666668,1.788162005566002,0.4269064714956265,0.05788658626405961,0.007592976705283387,0.0019860321306911953
21.608333333333334,1.7849574107862292,0.42613185307111384,0.05778121213641217,0.007579149609245427,0.001982416210063613
21.6125,1.7817584649017126,0.4253586345519523,0.05767602971608766,0.0075653476630831796,0.001978806865070955
21.61666666666667,1.7785651582968096,0.42458681341580407,0.057571038653610684,0.007551570820279808,0.001975204083400024
21.620833333333334,1.7753774813711005,0.4238163871445257,0.05746623860011851,0.007537819034391964,0.001971607852754605
21.625,1.7721954245393519,0.4230473532241553,0.05736162920735914,0.007524092259049488,0.0019680181608553804
21.629166666666666,1.769018978231519,0.4222797091449069,0.05725721012769054,0.007510390447955243,0.0019644349954398782
21.633333333333336,1.7658481328927138,0.42151345240115734,0.057152981014078647,0.007496713554884836,0.0019608583442623875
21.637500000000003,1.762682878983188,0.4207485804914363,0.05704894152009606,0.007483061533686378,0.0019572881950938852
21.641666666666666,1.7595232069783182,0.41998509091841746,0.056945091299920585,0.007469434338280269,0.0019537245357219724
21.645833333333332,1.7563691073685712,0.4192229811889046,0.05684143000833343,0.007455831922658892,0.0019501673539507813
21.650000000000002,1.7532205706595083,0.4184622488138266,0.05673795730071824,0.007442254240886472,0.0019466166376009304
21.65416666666667,1.7500775873717491,0.417702891308224,0.05663467283305929,0.007428701247098763,0.0019430723745094349
21.658333333333335,1.7469401480409579,0.4169449061912393,0.05653157626194004,0.007415172895502835,0.0019395345525296372
21.662499999999998,1.743808243217828,0.41618829098610827,0.05642866724454176,0.007401669140376854,0.00193600315953114
21.666666666666668,1.740681863468046,0.415433043220145,0.05632594543864168,0.0073881899360697615,0.0019324781833997171
21.670833333333334,1.737560999372298,0.4146791604247387,0.05622341050261207,0.0073747352370011465,0.0019289596120372642
21.675,1.7344456415262308,0.41392664013533853,0.056121062095418395,0.007361304997660937,0.0019254474333617135
21.67916666666667,1.7313357805404415,0.4131754798914451,0.05601889987661786,0.007347899172609176,0.0019219416353069595
21.683333333333334,1.7282314070404587,0.41242567723660034,0.05591692350635809,0.007334517716475793,0.0019184422058227968
21.6875,1.725132510602585,0.4116772297183751,0.05581513264537525,0.007321160583960313,0.0019149491328748285
21.691666666666666,1.7220390816444082,0.4109301348883629,0.05571352695499306,0.00730782772983171,0.001911462404444418
21.695833333333336,1.7189511119912078,0.4101843949344077,0.055612106097121076,0.007294519108928086,0.0019079820085285994
21.700000000000003,1.7158685923234365,0.40944001040098116,0.05551086973425315,0.00728123467615647,0.0019045079331400131
21.704166666666666,1.712791513336303,0.4086969718412505,0.05540981752946615,0.007267974386492584,0.0019010401663068321
21.708333333333332,1.7097198657397412,0.4079552768379349,0.05530894914641801,0.007254738194980544,0.0018975786960726772
21.712500000000002,1.7066536402584123,0.407214922977931,0.055208264249346876,0.007241526056732706,0.0018941235104965675
21.71666666666667,1.7035928276316663,0.40647590785230037,0.05510776250306922,0.00722833792692938,0.0018906745976528317
21.720833333333335,1.700537418613531,0.40573822905626183,0.05500744357297845,0.00721517376081859,0.00188723194563104
21.724999999999998,1.6974874039726924,0.4050018841891826,0.05490730712504354,0.007202033513715857,0.0018837955425359348
21.729166666666668,1.6944427744924624,0.4042668708545666,0.05480735282580709,0.007188917141003901,0.001880365376487344
21.733333333333334,1.69140352097078,0.4035331866600503,0.05470758034238452,0.00717582459813249,0.0018769414356201314
21.7375,1.6883696342201766,0.40280082921739024,0.05460798934246216,0.007162755840618138,0.0018735237080841065
21.74166666666667,1.685341105067761,0.402069796142455,0.05450857949429583,0.007149710824043885,0.0018701121820439606
21.745833333333334,1.682317924355202,0.4013400850552172,0.05440935046670947,0.007136689504059065,0.001866706845679194
21.75,1.679300082938695,0.40061169357974064,0.05431030192909329,0.007123691836379017,0.0018633076871840304
21.754166666666666,1.6762875716889638,0.3998846193441772,0.05421143355140286,0.007110717776784929,0.0018599146947673644
21.758333333333336,1.6732803814912263,0.3991588599807538,0.05411274500415719,0.007097767281123537,0.0018565278566526802
21.762500000000003,1.670278503245179,0.39843441312576416,0.05401423595843744,0.007084840305306908,0.0018531471610779748
21.766666666666666,1.6672819278649782,0.3977112764195618,0.05391590608588544,0.007071936805312202,0.001849772596295697
21.770833333333332,1.6642906462792113,0.39698944750654597,0.05381775505870185,0.007059056737181396,0.0018464041505726531
21.775000000000002,1.6613046494308927,0.3962689240351593,0.05371978254964525,0.007046200057021104,0.001843041812189962
21.77916666666667,1.658323928277432,0.3955497036578745,0.0536219882320303,0.007033366721002305,0.0018396855694429656
21.783333333333335,1.6553484737906201,0.3948317840311864,0.05352437177972632,0.007020556685360102,0.0018363354106411603
21.787499999999998,1.6523782769566084,0.3941151628156042,0.05342693286715591,0.007007769906393502,0.001832991324108128
21.791666666666668,1.6494133287758803,0.3933998376756387,0.053329671169293075,0.006995006340465118,0.0018296532981814501
21.795833333333334,1.6464536202632485,0.3926858062797984,0.053232586361662323,0.006982265944001023,0.001826321321212655
21.8,1.643499142447822,0.3919730663005773,0.053135678120336836,0.0069695486734904395,0.001822995381567134
21.80416666666667,1.640549886372991,0.391261615414447,0.05303894612193696,0.006956854485485521,0.0018196754676240699
21.808333333333334,1.6376058430964104,0.3905514513018479,0.05294239004362899,0.006944183336601137,0.0018163615677763687
21.8125,1.6346670036899646,0.3898425716471774,0.05284600956312314,0.006931535183514561,0.0018130536704305728
21.816666666666666,1.631733359239772,0.38913497413878595,0.052749804358672714,0.00691891197634382,0.0018097517640068114
21.820833333333336,1.628804900846148,0.38842865646896446,0.052653774109072286,0.006906311996151703,0.001806455836938713
21.825000000000003,1.6258816196235888,0.3877236163339361,0.0525579184936562,0.006893734959597886,0.001803165877673334
21.829166666666666,1.6229635067007582,0.3870198514338485,0.05246223719229724,0.006881180824920842,0.0017998818746710952
21.833333333333332,1.620050553220452,0.38631735947276125,0.052366729885404764,0.006868649550432388,0.0017966038164056897
21.837500000000002,1.6171427503395988,0.38561613815864193,0.05227139625392378,0.006856141094517567,0.0017933316913640342
21.84166666666667,1.6142400892292266,0.3849161852033538,0.052176235979333116,0.006843655415634409,0.001790065488046183
21.845833333333335,1.611342561074447,0.3842174983226475,0.05208124874364395,0.006831192472313758,0.0017868071021079014
21.849999999999998,1.608450157074439,0.38352007523615345,0.05198643422939853,0.006818752223159083,0.0017835549697166042
21.854166666666668,1.6055628684424155,0.38282391366736873,0.05189179211966818,0.0068063346268462475,0.0017803087761526168
21.858333333333334,1.602680686405624,0.3821290113436538,0.051797322098052524,0.006793939642123384,0.0017770685105611393
21.8625,1.5998036022053124,0.38143536599621974,0.05170302384867752,0.006781567227810664,0.0017738341621038633
21.86666666666667,1.596931607096715,0.38074297536012025,0.0516088970561941,0.006769217342800116,0.0017706057199589134
21.870833333333334,1.5940646923490323,0.3800518371742438,0.05151494140577682,0.006756889946055446,0.0017673831733207872
21.875,1.5912028492454031,0.37936194918130084,0.0514211565831219,0.006744584996611793,0.0017641665114002804
21.879166666666666,1.5883460690828997,0.37867330912782005,0.051327542274446414,0.0067323024535756205,0.0017609557234244452
21.883333333333336,1.5854943431724993,0.3779859147641359,0.05123409816648638,0.00672004227612448,0.0017577507986365126
21.887500000000003,1.582647662839063,0.377299763844381,0.051140823946495356,0.006707804423506818,0.0017545517262958362
21.891666666666666,1.5798060194213248,0.37661485412647716,0.05104771930224311,0.006695588855041809,0.0017513584956778318
21.895833333333332,1.576969404271854,0.37593118337212383,0.05095478392201361,0.00668339553011911,0.001748171096073901
21.900000000000002,1.5741378087570577,0.3752487493467936,0.05086201749460431,0.0066712244081987525,0.00174498951679139
21.90416666666667,1.5713112242571468,0.37456754981972007,0.05076941970932417,0.006659075448810893,0.0017418137471535153
21.908333333333335,1.5684896421661214,0.3738875825638898,0.050676990255992246,0.006646948611555645,0.0017386437764993017
21.912499999999998,1.5656730538917518,0.373208845356034,0.05058472882493637,0.006634843856102883,0.0017354795941835258
21.916666666666668,1.5628614508555487,0.3725313359766165,0.05049263510699122,0.006622761142192023,0.0017323211895766384
21.920833333333334,1.5600548244927608,0.37185505220982934,0.05040070879349747,0.006610700429631891,0.001729168552064725
21.925,1.5572531662523423,0.37117999184358086,0.050308949576299916,0.006598661678300498,0.001726021671049428
21.92916666666667,1.554456467596938,0.3705061526694874,0.05021735714774599,0.006586644848144842,0.0017228805359478872
21.933333333333334,1.5516647200028648,0.369833532482865,0.05012593120068454,0.00657464989918075,0.001719745136192684
21.9375,1.5488779149600815,0.36916212908271734,0.050034671428463774,0.006562676791492624,0.0017166154612317627
21.941666666666666,1.546096043972186,0.368491940271732,0.049943577524930505,0.006550725485233329,0.0017134915005283884
21.945833333333336,1.5433190985563845,0.3678229638562671,0.049852649184428235,0.006538795940623954,0.0017103732435610744
21.950000000000003,1.540547070243475,0.3671551976463447,0.049761886101795674,0.006526888117953637,0.0017072606798235203
21.954166666666666,1.537779950577829,0.36648863945564103,0.049671287972365544,0.00651500197757938,0.0017041537988245533
21.958333333333332,1.5350177311173614,0.36582328710147577,0.0495808544919625,0.006503137479925806,0.0017010525900880537
21.962500000000002,1.5322604036883747,0.36515913840480685,0.0494905853569024,0.006491294585485058,0.0016979570431529124
21.96666666666667,1.5295079604381332,0.3644961911902186,0.04940048026399029,0.006479473254816548,0.0016948671475729557
21.970833333333335,1.5267603922149022,0.3638344432859138,0.049310538910519126,0.006467673448546775,0.0016917828929168834
21.974999999999998,1.52401769063272,0.36317389252370513,0.04922076099426833,0.00645589512736916,0.0016887042687682154
21.979166666666668,1.521279847319106,0.36251453673900325,0.04913114621350192,0.006444138252043788,0.0016856312647252102
21.983333333333334,1.5185468539150573,0.36185637377081264,0.04904169426696764,0.006432402783397311,0.0016825638704008267
21.9875,1.51581870207502,0.3611994014617191,0.048952404853895036,0.006420688682322697,0.0016795020754226473
21.99166666666667,1.5130953834668706,0.360543617657882,0.04886327767399415,0.006408995909779048,0.0016764458694328184
21.995833333333334,1.5103768897719014,0.3598890202090259,0.04877431242745401,0.006397324426791435,0.0016733952420879923
22.0,1.5076632126847873,0.3592356069684283,0.048685508814940895,0.006385674194450647,0.0016703501830592504
22.004166666666666,1.5049543439135866,0.35858337579291577,0.048596866537597316,0.006374045173913078,0.001667310682032063
22.008333333333336,1.5022502751797067,0.3579323245428513,0.04850838529704022,0.006362437326400485,0.0016642767287062118
22.012500000000003,1.4995509982178914,0.3572824510821265,0.048420070484077156,0.006350850613199817,0.0016612483127957313
22.016666666666666,1.496856504776201,0.35663375327815333,0.04833191730063066,0.00633928499566303,0.0016582254240288512
22.020833333333332,1.4941667866159836,0.3559862290018521,0.048243924520916075,0.006327740435206846,0.001655208052147919
22.025000000000002,1.491481835511872,0.3553398761276467,0.0481560918533836,0.006316216893312643,0.0016521961869093587
22.02916666666667,1.4888016432517528,0.3546946925334533,0.04806841900700184,0.006304714331526205,0.001649189818083596
22.033333333333335,1.486126201636751,0.3540506761006716,0.04798090569125662,0.0062932327114575606,0.0016461889354549956
22.037499999999998,1.483455502481212,0.3534078247141764,0.04789355161614984,0.006281771994780787,0.0016431935288218084
22.041666666666668,1.4807895376126707,0.35276613680465135,0.047806356492197874,0.006270332143233776,0.0016402035879960909
22.045833333333334,1.4781282988718527,0.352125621228084,0.04771932003043085,0.0062589131186181245,0.0016372191028036645
22.05,1.4754717781126383,0.3514862649749602,0.047632441942391,0.006247514882798886,0.0016342400630840405
22.05416666666667,1.4728199672020494,0.3508480659590475,0.047545721940131604,0.006236137397704394,0.0016312664586903593
22.058333333333334,1.470172858020233,0.3502110220977488,0.04745915973621573,0.0062247806253260905,0.0016282982794893351
22.0625,1.4675304424604283,0.349575131312092,0.047372755043714604,0.006213444527718276,0.0016253355153611761
22.066666666666666,1.4648927124289661,0.34894039152672646,0.04728650757620703,0.006202129066997998,0.0016223781561995451
22.070833333333336,1.4622596598452384,0.3483068006699122,0.04720041704777764,0.006190834205344815,0.001619426191911482
22.075000000000003,1.4596312766416815,0.34767435667351315,0.04711448317301583,0.006179559905000608,0.001616479612417347
22.079166666666666,1.4570075547637573,0.3470430574729901,0.04702870566701453,0.006168306128269413,0.0016135384076507594
22.083333333333332,1.4543884861699263,0.3464129010073897,0.046943084245368624,0.006157072837517177,0.0016106025675585239
22.087500000000002,1.451774062831643,0.3457838852193415,0.04685761862417426,0.006145859995171638,0.001607672082100586
22.09166666666667,1.4491642767333253,0.34515600805504687,0.046772308520027166,0.006134667563722089,0.0016047469412499597
22.095833333333335,1.4465591198723387,0.3445292674642724,0.046687153650021615,0.0061234955057192,0.001601827134992666
22.099999999999998,1.4439585842589797,0.3439036614003424,0.04660215373174913,0.0061123437837748386,0.0015989126533276742
22.104166666666668,1.4413626619164446,0.3432791878201288,0.046517308483296924,0.006101212360561831,0.0015960034862668277
22.108333333333334,1.438771344880827,0.34265584468404725,0.046432617623247234,0.006090101198813843,0.0015930996238347989
22.1125,1.436184625201089,0.3420336299560466,0.046348080870675636,0.006079010261325141,0.0015902010560690184
22.11666666666667,1.4336024949390418,0.341412541603602,0.04626369794514995,0.006067939510950417,0.0015873077730196115
22.120833333333334,1.4310249461693316,0.3407925775977079,0.04617946856672903,0.006056888910604607,0.0015844197647493403
22.125,1.4284519709794077,0.34017373591286704,0.04609539245596116,0.006045858423262651,0.0015815370213335303
22.129166666666666,1.4258835614695198,0.33955601452708756,0.04601146933388335,0.006034848011959381,0.0015786595328600257
22.133333333333336,1.4233197097526902,0.3389394114218719,0.04592769892201976,0.006023857639789275,0.0015757872894291143
22.137500000000003,1.4207604079546925,0.33832392458220983,0.04584408094238048,0.0060128872699062785,0.0015729202811534699
22.141666666666666,1.4182056482140395,0.33770955199657193,0.04576061511746044,0.0060019368655236365,0.0015700584981580914
22.145833333333332,1.4156554226819507,0.33709629165689814,0.04567730117023766,0.005991006389913641,0.0015672019305802297
22.150000000000002,1.413109723522348,0.33648414155859496,0.0455941388241727,0.005980095806407521,0.001564350568569342
22.15416666666667,1.4105685429118306,0.3358730997005246,0.045511127803207,0.0059692050783952035,0.0015615044022870186
22.158333333333335,1.4080318730396522,0.3352631640849978,0.045428267831761654,0.005958334169325128,0.001558663421906925
22.162499999999998,1.4054997061077081,0.334654332717767,0.045345558634736306,0.005947483042704078,0.0015558276176147398
22.166666666666668,1.4029720343305048,0.3340466036080158,0.045262999937507556,0.005936651662096938,0.0015529969796080805
22.170833333333334,1.4004488499351553,0.3334399747683551,0.045180591465928184,0.005925839991126571,0.0015501714980964637
22.175,1.3979301451613504,0.33283444421481295,0.045098332946325606,0.005915047993473584,0.0015473511633012247
22.17916666666667,1.3954159122613417,0.33223000996682717,0.04501622410550066,0.005904275632876155,0.0015445359654554628
22.183333333333334,1.392906143499925,0.3316266700472384,0.04493426467072649,0.005893522873129839,0.0015417258948039786
22.1875,1.3904008311544096,0.3310244224822797,0.04485245436974688,0.005882789678087345,0.0015389209416032043
22.191666666666666,1.3878999675146169,0.3304232653015729,0.04477079293077561,0.005872076011658412,0.001536121096121153
22.195833333333336,1.3854035448828474,0.32982319653811776,0.04468928008249479,0.005861381837809564,0.0015333263486373512
22.200000000000003,1.3829115555738676,0.3292242142282854,0.04460791555405374,0.005850707120563945,0.0015305366894427744
22.204166666666666,1.38042399191489,0.328626316411811,0.044526699075067774,0.005840051824001127,0.0015277521088397914
22.208333333333332,1.3779408462455456,0.3280295011317831,0.044445630375616656,0.005829415912256878,0.0015249725971420867
22.212500000000002,1.3754621109178793,0.3274337664346404,0.04436470918624383,0.005818799349523043,0.0015221981446746193
22.21666666666667,1.3729877782963213,0.32683911037016083,0.044283935237954854,0.005808202100047308,0.0015194287417735464
22.220833333333335,1.370517840757668,0.3262455309914549,0.04420330826221622,0.005797624128133012,0.0015166643787861652
22.224999999999998,1.3680522906910675,0.32565302635495824,0.04412282799095417,0.0057870653981389845,0.0015139050460708523
22.229166666666668,1.3655911204979894,0.32506159452042144,0.04404249415655313,0.0057765258744792896,0.001511150733996992
22.233333333333334,1.3631343225922208,0.324471233550906,0.043962306491854966,0.005766005521623115,0.001508401432944929
22.2375,1.360681889456088,0.3238819415127743,0.04388226473015739,0.005755504304094538,0.0015056571333058961
22.24166666666667,1.3582338158783216,0.32329371647568234,0.04380236860521276,0.005745022186472343,0.0015029178254819546
22.245833333333334,1.3557900920577552,0.3227065565125724,0.043722617851227025,0.005734559133389836,0.0015001834998859343
22.25,1.3533507104620934,0.3221204596996632,0.043643012202857975,0.005724115109534622,0.0014974541469413595
22.254166666666666,1.3509156635713473,0.3215354241164454,0.043563551395214575,0.0057136900796484705,0.0014947297570824063
22.258333333333336,1.3484849438778006,0.32095144784567203,0.04348423516385547,0.005703284008527085,0.0014920103207538252
22.262500000000003,1.3460585438859989,0.32036852897335055,0.04340506324478761,0.005692896861019924,0.001489295828410885
22.266666666666666,1.34363645611273,0.3197866655887365,0.043326035374465305,0.00568252860203002,0.0014865862705193116
22.270833333333332,1.3412186730869957,0.31920585578432237,0.04324715128978846,0.005672179196513744,0.001483881637555214
22.275000000000002,1.3388051873500084,0.3186260976558346,0.04316841072810192,0.005661848609480686,0.0014811819200050407
22.27916666666667,1.3363959914551642,0.31804738930222265,0.043089813427193896,0.005651536805993413,0.0014784871083655053
22.283333333333335,1.3339910779680237,0.3174697288256521,0.04301135912529473,0.005641243751167298,0.0014757971931435264
22.287499999999998,1.3315904394662985,0.31689311433149736,0.042933047561075785,0.005630969410170329,0.0014731121648561682
22.291666666666668,1.3291940685398196,0.31631754392833167,0.0428548784736478,0.0056207137482228876,0.0014704320140305686
22.295833333333334,1.326801957790537,0.3157430157279229,0.042776851602560215,0.0056104767305976124,0.0014677567312038928
22.3,1.3244140998324894,0.31516952784522345,0.04269896668779956,0.0056002583226191765,0.0014650863069232585
22.30416666666667,1.3220304872917876,0.3145970783983629,0.04262122346978823,0.005590058489664098,0.0014624207317456785
22.308333333333334,1.3196511128065997,0.3140256655086412,0.04254362168938341,0.005579877197160561,0.0014597599962379998
22.3125,1.317275969027121,0.31345528730051797,0.0424661610878754,0.005569714410588189,0.001457104090976831
22.316666666666666,1.3149050486155711,0.31288594190160923,0.042388841406986955,0.005559570095477915,0.0014544530065484964
22.320833333333336,1.3125383442461664,0.31231762744267627,0.0423116623888716,0.0055494442174117455,0.0014518067335489628
22.325000000000003,1.3101758486051007,0.31175034205761915,0.042234623776112576,0.005539337161761948,0.0014491652625837795
22.329166666666666,1.307817554390533,0.3111840838834692,0.04215772531172158,0.005529249331337157,0.00144652858426802
22.333333333333332,1.305463454312556,0.3106188510603792,0.042080966739137186,0.005519179878171574,0.0014438966892262061
22.337500000000002,1.3031135410931936,0.3100546417316189,0.04200434780222418,0.005509128768785005,0.0014412695680922662
22.34166666666667,1.3007678074663722,0.3094914540435651,0.04192786824527187,0.0054990959697541805,0.0014386472115094577
22.345833333333335,1.2984262461779041,0.3089292861456943,0.04185152781299298,0.00548908144771261,0.0014360296101303101
22.349999999999998,1.296088849985473,0.30836813619057596,0.04177532625052247,0.005479085169350425,0.0014334167546165661
22.354166666666668,1.2937556116586015,0.30780800233386163,0.04169926330341596,0.005469107101414173,0.0014308086356391056
22.358333333333334,1.2914265239786529,0.3072488827342816,0.04162333871764893,0.00545914721070672,0.001428205243877902
22.3625,1.2891015797387977,0.30669077555363405,0.0415475522396152,0.005449205464087048,0.0014256065700219483
22.36666666666667,1.286780771744,0.30613367895677857,0.04147190361612574,0.005439281828470094,0.0014230126047691976
22.370833333333334,1.284464092811002,0.30557759111162835,0.041396392594407486,0.005429376270826608,0.0014204233388265045
22.375,1.2821515357682924,0.30502251018914045,0.041321018922101764,0.005419488758182937,0.0014178387629095492
22.379166666666666,1.2798430934561056,0.3044684343633118,0.041245782347263546,0.005409619257620933,0.0014152588677427945
22.383333333333336,1.2775387587263918,0.3039153618111683,0.04117068261835988,0.005399767736277747,0.0014126836440594124
22.387500000000003,1.275238524442801,0.30336329071275864,0.041095719484268656,0.005389934161345672,0.0014101130826012223
22.391666666666666,1.2729423834806677,0.3028122258262623,0.04102089269427755,0.005380118500071996,0.0014075471741186337
22.395833333333332,1.2706503287269804,0.3022621619667895,0.04094620199808231,0.005370320719758792,0.001404985909370571
22.400000000000002,1.2683623530803803,0.3017130946000196,0.04087164714578613,0.005360540787762822,0.0014024292791244303
22.40416666666667,1.2660784494511306,0.30116502192997513,0.04079722788789797,0.00535077867149533,0.0013998772741560042
22.408333333333335,1.263798610761102,0.300617942163824,0.040722943975331424,0.005341034338421888,0.0013973298852494218
22.412499999999998,1.2615228299437553,0.30007185351187327,0.040648795159403596,0.005331307756062249,0.001394787103197092
22.416666666666668,1.2592510999441138,0.29952675418756003,0.0405747811918334,0.0053215988919901305,0.0013922489187996265
22.420833333333334,1.2569834137187592,0.29898264240744776,0.04050090182474095,0.005311907713833129,0.0013897153228657963
22.425,1.2547197642358026,0.298439516391218,0.040427156810645855,0.005302234189272506,0.0013871863062124596
22.42916666666667,1.2524601444748695,0.29789737436166336,0.04035354590246614,0.0052925782860430365,0.0013846618596644981
22.433333333333334,1.2502045474270826,0.2973562145446814,0.04028006885351703,0.0052829399719328575,0.0013821419740547626
22.4375,1.2479529660950335,0.29681603516926636,0.04020672541750937,0.005273319214783264,0.0013796266402239955
22.441666666666666,1.245705393492779,0.2962768344675046,0.0401335153485489,0.005263715982488606,0.001377115849020787
22.445833333333336,1.2434618226458138,0.2957386106745662,0.04006043840113462,0.005254130242996085,0.0013746095913015023
22.450000000000003,1.2412222465910518,0.29520136202869884,0.03998749433015768,0.0052445619643056015,0.001372107857930221
22.454166666666666,1.2389866583768125,0.2946650867712214,0.03991468289090019,0.005235011114469608,0.0013696106397786774
22.458333333333332,1.2367550510627905,0.2941297831465145,0.03984200383903361,0.005225477661592889,0.0013671179277261886
22.462500000000002,1.2345274177200538,0.29359544940201776,0.039769457209780375,0.005215961573832479,0.0013646297126596073
22.46666666666667,1.232303751431013,0.2930620837882206,0.039697046412248416,0.005206462819397442,0.0013621459854732492
22.470833333333335,1.230084045289407,0.2925296845586554,0.039624767432548134,0.00519698136654873,0.0013596667370688337
22.474999999999998,1.2278682924002862,0.29199824996989227,0.03955262003099415,0.005187517183599028,0.0013571919583554239
22.479166666666668,1.2256564858799837,0.29146777828152903,0.03948060396831656,0.0051780702389125416,0.0013547216402493532
22.483333333333334,1.223448618856112,0.2909382677561886,0.039408719005660245,0.0051686405009049065,0.0013522557736741802
22.4875,1.2212446844675342,0.2904097166595092,0.0393369649045835,0.005159227938042978,0.001349794349560615
22.49166666666667,1.2190446758643492,0.289882123260139,0.039265341427056975,0.005149832518844682,0.00134733735884646
22.495833333333334,1.2168485862078722,0.2893554858297292,0.03919384833546265,0.0051404542118788565,0.0013448847924765492
22.5,1.21465640867061,0.2888298026429248,0.039122485392592415,0.005131092985765056,0.001342436641402677
22.504166666666666,1.2124681364362557,0.28830507197736227,0.039051252361647484,0.00512174880917344,0.0013399928965835512
22.508333333333336,1.2102837626996596,0.2877812921136594,0.038980149006236905,0.005112421650824576,0.0013375535489847182
22.512500000000003,1.2081032806668142,0.28725846133540944,0.03890917509037661,0.00510311147948929,0.0013351185895785073
22.516666666666666,1.2059266875055143,0.2867365779291752,0.038838330378488314,0.005093818263988499,0.0013326880093439677
22.520833333333332,1.2037539736915595,0.2862156401844796,0.038767614635398136,0.005084541973193025,0.0013302617992667963
22.525000000000002,1.2015851315054074,0.28569564639380207,0.03869702762633598,0.00507528257602348,0.001327839950339293
22.52916666666667,1.1994201542030707,0.28517659485257035,0.03862656911693409,0.005066040041450064,0.0013254224535602863
22.533333333333335,1.1972590350516823,0.2846584838591533,0.03855623887322604,0.005056814338492426,0.0013230092999350735
22.537499999999998,1.1951017673294806,0.28414131171485546,0.0384860366616457,0.005047605436219489,0.001320600480475363
22.541666666666668,1.1929483443257818,0.2836250767239073,0.03841596224902583,0.005038413303749263,0.0013181959861991977
22.545833333333334,1.1907987593409752,0.2831097771934623,0.038346015402597425,0.005029237910248735,0.0013157958081309133
22.55,1.1886530056864957,0.2825954114335878,0.03827619588998832,0.005020079224933669,0.0013133999373010617
22.55416666666667,1.186511076684809,0.28208197775725863,0.038206503479222144,0.005010937217068453,0.0013110083647463536
22.558333333333334,1.1843729656693944,0.2815694744803511,0.03813693793871733,0.005001811855965942,0.0013086210815095975
22.5625,1.1822386659847184,0.2810578999216337,0.038067499037285644,0.004992703110987259,0.0013062380786396277
22.566666666666666,1.180108170986229,0.280547252402764,0.03799818654413159,0.0049836109515416895,0.0013038593471912572
22.570833333333336,1.1779814740403305,0.28003753024827926,0.037929000228851026,0.004974535347086482,0.0013014848782252064
22.575000000000003,1.1758585685243657,0.2795287317855904,0.03785993986143002,0.004965476267126691,0.001299114662808041
22.579166666666666,1.1737394478266008,0.2790208553449759,0.037791005212243954,0.004956433681215024,0.0012967486920121148
22.583333333333332,1.1716241053461982,0.2785138992595723,0.037722196052056026,0.004947407558951644,0.0012943869569154943
22.587500000000002,1.1695125344932116,0.2780078618653715,0.03765351215201666,0.004938397869984056,0.0012920294486019155
22.59166666666667,1.167404728688558,0.27750274150121096,0.037584953283662084,0.0049294045840069176,0.0012896761581607085
22.595833333333335,1.165300681364005,0.2769985365087679,0.03751651921891326,0.004920427670761872,0.0012873270766867381
22.599999999999998,1.1632003859621507,0.27649524523255303,0.03744820973007491,0.004911467100037407,0.0012849847695556695
22.604166666666668,1.161103835936399,0.27599286601990164,0.037380024589834075,0.004902522841668644,0.00128264785498212
22.608333333333334,1.1590110247509544,0.27549139722096966,0.03731196357125949,0.004893594865537237,0.0012803152088600295
22.6125,1.1569219458807953,0.27499083718872525,0.03724402644780013,0.0048846831415711705,0.001277986823298844
22.61666666666667,1.1548365928116575,0.2744911842789422,0.03717621299328431,0.0048757876397446075,0.0012756626904194598
22.620833333333334,1.1527549590400175,0.27399243685019387,0.03710852298191843,0.004866908330077732,0.001273342802354178
22.625,1.150677038073067,0.27349459326384384,0.037040956188285824,0.00485804518263655,0.0012710271512466507
22.629166666666666,1.1486028234287073,0.27299765188404296,0.03697351238734591,0.004849198167532789,0.0012687157292518504
22.633333333333336,1.1465323086355228,0.2725016110777202,0.0369061913544329,0.004840367254923685,0.0012664085285360154
22.637500000000003,1.1444654872327642,0.27200646921457594,0.036838992865254716,0.004831552415011841,0.0012641055412766062
22.641666666666666,1.142402352770333,0.27151222466707636,0.03677191669589199,0.004822753618045064,0.0012618067596622629
22.645833333333332,1.1403428988087547,0.27101887581044415,0.03670496262279664,0.004813970834316172,0.00125951217589275
22.650000000000002,1.1382871189191734,0.270526421022655,0.03663813042279123,0.00480520403416288,0.0012572217821789277
22.65416666666667,1.1362350066833258,0.2700348586844288,0.03657141987306757,0.004796453187967608,0.0012549355707426942
22.658333333333335,1.1341865556935231,0.26954418717922296,0.03650483075118564,0.004787718266157317,0.0012526535338169438
22.662499999999998,1.1321417595526386,0.2690544048932268,0.036438362835072666,0.004778999239203365,0.0012503756636455263
22.666666666666668,1.1301006118740768,0.2685655102153522,0.03637201590302159,0.004770296077621301,0.0012481019524831884
22.670833333333334,1.1280631062817716,0.2680775015372298,0.036305789733690474,0.004761608751970756,0.0012458323925955452
22.675,1.1260292364101574,0.2675903772532009,0.03623968410610118,0.004752937232855253,0.001243566976259026
22.67916666666667,1.1239989959041539,0.2671041357603104,0.03617369879963815,0.0047442814909220395,0.0012413056957608296
22.683333333333334,1.1219723784191507,0.2666187754583006,0.03610783359404756,0.004735641496861945,0.001239048543398883
22.6875,1.1199493776209788,0.26613429474960293,0.0360420882694358,0.004727017221409173,0.0012367955114817848
22.691666666666666,1.1179299871859072,0.26565069203933367,0.0359764626062689,0.004718408635341199,0.001234546592328777
22.695833333333336,1.1159142008006155,0.2651679657352854,0.03591095638537104,0.004709815709478565,0.001232301778269687
22.700000000000003,1.1139020121621772,0.26468611424792055,0.035845569387923645,0.004701238414684735,0.0012300610616448886
22.704166666666666,1.1118934149780455,0.26420513599036527,0.03578030139546419,0.0046926767218659305,0.0012278244348052551
22.708333333333332,1.1098884029660236,0.2637250293784004,0.03571515218988495,0.004684130601970934,0.0012255918901121076
22.712500000000002,1.107886969854263,0.26324579283045824,0.03565012155343227,0.0046756000259909865,0.0012233634199371821
22.71666666666667,1.1058891093812342,0.2627674247676129,0.03558520926870516,0.00466708496495958,0.0012211390166625778
22.720833333333335,1.1038948152957113,0.26228992361357484,0.035520415118654294,0.004658585389952311,0.0012189186726807087
22.724999999999998,1.1019040813567569,0.26181328779468405,0.03545573888658095,0.00465010127208672,0.0012167023803942671
22.729166666666668,1.0999169013336945,0.2613375157399013,0.03539118035613565,0.004641632582522092,0.0012144901322161646
22.733333333333334,1.097933269006103,0.26086260588080495,0.03532673931131747,0.004633179292459358,0.0012122819205695025
22.7375,1.0959531781637915,0.2603885593126008,0.03526241553647263,0.0046247413731408836,0.0012100777378875173
22.74166666666667,1.0939766226067813,0.25991537688318805,0.035198208816293486,0.004616318795850322,0.0012078775766135377
22.745833333333334,1.0920035961452916,0.25944305234315934,0.03513411893581753,0.004607911531912452,0.0012056814292009418
22.75,1.090034092599711,0.2589715841440609,0.035070145680425914,0.004599519552692994,0.0012034892881131018
22.754166666666666,1.0880681058005945,0.2585009707401524,0.03500628883584284,0.004591142829598483,0.0012013011458233533
22.758333333333336,1.086105629588635,0.25803121058839834,0.034942548188134165,0.0045827813340760856,0.0011991169948149419
22.762500000000003,1.0841466578146486,0.25756230214846254,0.03487892352370635,0.004574435037613431,0.0011969368275809777
22.766666666666666,1.0821911843395569,0.257094243882703,0.034815414629305444,0.004566103911738473,0.0011947606366243958
22.770833333333332,1.0802392030343622,0.25662703425616346,0.03475202129201565,0.004557787928019274,0.0011925884144578975
22.775000000000002,1.0782907077801407,0.25616067173657076,0.03468874329925875,0.004549487058063912,0.0011904201536039236
22.77916666666667,1.0763456924680175,0.2556951547943265,0.03462558043879259,0.004541201273520267,0.0011882558465945974
22.783333333333335,1.0744041509991487,0.2552304819025017,0.03456253249871015,0.004532930546075878,0.0011860954859716805
22.787499999999998,1.0724660772847066,0.25476665153683103,0.03449959926743845,0.0045246748474577865,0.0011839390642865337
22.791666666666668,1.0705314652458533,0.25430366217570544,0.03443678053373717,0.00451643414943233,0.0011817865741000585
22.795833333333334,1.068600308813734,0.25384151230016816,0.03437407608669802,0.0045082084238050445,0.0011796380079826692
22.8,1.0666726019294515,0.25338020039390763,0.0343114857157433,0.0044999976424204575,0.001177493358514236
22.80416666666667,1.0647483385440502,0.2529197249432514,0.03424900921062486,0.004491801777161933,0.0011753526182840426
22.808333333333334,1.0628275126185,0.2524600844371607,0.034186646361423136,0.0044836207999515276,0.001173215779890745
22.8125,1.0609101181236686,0.2520012773672226,0.03412439695854567,0.004475454682749778,0.0011710828359423142
22.816666666666666,1.058996149040318,0.2515433022276468,0.03406226079272652,0.004467303397555601,0.0011689537790560071
22.820833333333336,1.0570855993590766,0.25108615751525787,0.034000237655024794,0.00445916691640609,0.0011668286018583114
22.825000000000003,1.0551784630804235,0.2506298417294892,0.03393832733682369,0.0044510452113763685,0.0011647072969849018
22.829166666666666,1.0532747342146727,0.2501743533723784,0.033876529629829406,0.004442938254579423,0.0011625898570805993
22.833333333333332,1.0513744067819464,0.24971969094855812,0.03381484432606978,0.004434846018165918,0.0011604762747993134
22.837500000000002,1.049477474812169,0.24926585296525394,0.03375327121789361,0.004426769617215857,0.001158366542804014
22.84166666666667,1.0475839323450424,0.24881283793227604,0.03369181009796925,0.004418708243453931,0.0011562606537666748
22.845833333333335,1.045693773430027,0.2483606443620136,0.03363046075928361,0.004410661557280398,0.0011541586003682323
22.849999999999998,1.0438069921263287,0.24790927076942937,0.033569222995141076,0.004402629531853086,0.0011520603752985406
22.854166666666668,1.0419235825028708,0.24745871567205172,0.033508096599162165,0.004394612140374608,0.0011499659712563186
22.858333333333334,1.0400435386382885,0.24700897758997148,0.033447081365282835,0.004386609356092274,0.0011478753809491182
22.8625,1.038166854620903,0.24656005504583392,0.033386177087753086,0.004378621152297935,0.0011457885970932698
22.86666666666667,1.0362935245487048,0.2461119465648334,0.03332538356113592,0.004370647502327849,0.0011437056124138391
22.870833333333334,1.0344235425293389,0.24566465067470783,0.03326470058030637,0.0043626883795625715,0.001141626419644585
22.875,1.032556902680076,0.24521816590573034,0.03320412794045001,0.00435474375742678,0.0011395510115279033
22.879166666666666,1.0306935991278103,0.24477249079070657,0.03314366543706236,0.004346813609389196,0.0011374793808147992
22.883333333333336,1.0288336350254141,0.2443276238649667,0.03308331286594747,0.004338897908962426,0.0011354115202648275
22.887500000000003,1.0269769981865668,0.24388356366635972,0.033023070023216874,0.004330996629702832,0.0011333474226460545
22.891666666666666,1.0251236806268853,0.24344030873524794,0.03296293670528859,0.004323109745210412,0.0011312870807350123
22.895833333333332,1.0232736765243498,0.24299785761449907,0.03290291270888569,0.004315237229128634,0.0011292304873166453
22.900000000000002,1.021426980066636,0.2425562088494833,0.03284299783103567,0.004307379055144355,0.0011271776351842785
22.90416666666667,1.0195835854510882,0.24211536098806488,0.03278319186906902,0.004299535196987662,0.001125128517139563
22.908333333333335,1.017743486884707,0.241675312580597,0.032723494620618215,0.004291705628431739,0.0011230831259924343
22.912499999999998,1.0159066785841306,0.24123606217991617,0.03266390588361666,0.004283890323292752,0.0011210414545610673
22.916666666666668,1.014073154775613,0.24079760834133412,0.03260442724494474,0.004276089255429684,0.0011190034956718236
22.920833333333334,1.012242909695016,0.24035994962263488,0.032545061486716244,0.004268302398744249,0.001116969242159219
22.925,1.0104159375877864,0.23992308458406666,0.03248580385995729,0.0042605297271807365,0.0011149386868658706
22.92916666666667,1.0085922327089385,0.2394870117883363,0.032426654167659746,0.0042527712147258775,0.0011129118226424516
22.933333333333334,1.0067717893230415,0.23905172980060407,0.032367612213147046,0.004245026835408732,0.00111088864234765
22.9375,1.0049546017041915,0.23861723718847525,0.03230867780007303,0.0042372965633005145,0.0011088691388481137
22.941666666666666,1.0031406641360092,0.23818353252199723,0.032249850732421335,0.004229580372514525,0.0011068533050184201
22.945833333333336,1.0013299709116126,0.23775061437365166,0.0321911308145042,0.004221878237205974,0.0011048411337410194
22.950000000000003,0.9995225163336023,0.23731848131834887,0.03213251785096156,0.004214190131571865,0.001102832617906194
22.954166666666666,0.9977182947140475,0.23688713193342212,0.032074011646760166,0.004206516029850872,0.0011008277504120137
22.958333333333332,0.9959173003744588,0.23645656479861993,0.032015612007192364,0.004198855906323171,0.0010988265241642838
22.962500000000002,0.9941195276457852,0.23602677849610276,0.03195731873787553,0.004191209735310365,0.0010968289320765102
22.96666666666667,0.9923249708683869,0.23559777161043524,0.031899131644750875,0.004183577491175313,0.0010948349670698483
22.970833333333335,0.990533624392022,0.2351695427285804,0.03184105053408249,0.004175959148322011,0.001092844622073058
22.974999999999998,0.98874548257583,0.23474209043989444,0.03178307521245653,0.0041683546811954715,0.0010908578900224613
22.979166666666668,0.986960539788307,0.2343154133361185,0.03172520548677996,0.004160764064281553,0.0010888747638618888
22.983333333333334,0.9851787904073009,0.23388951001137573,0.03166744116428001,0.004153187272106886,0.0010868952365426462
22.9875,0.9834002288199859,0.2334643790621632,0.03160978205250291,0.0041456242792387,0.0010849193010234626
22.99166666666667,0.9816248494228473,0.23304001908734648,0.03155222795931306,0.00413807506028471,0.0010829469502704457
22.995833333333334,0.9798526466216666,0.23261642868815413,0.031494778692892106,0.0041305395898929885,0.0010809781772570385
23.0,0.9780836148314956,0.23219360646816947,0.03143743406173774,0.0041230178427517986,0.001079012974963967
23.004166666666666,0.9763177484766532,0.2317715510333279,0.03138019387466309,0.004115509793589521,0.001077051336379207
23.008333333333336,0.9745550419906972,0.23135026099190856,0.031323057940795596,0.004108015417174482,0.0010750932544979293
23.012500000000003,0.972795489816412,0.23092973495452904,0.031266026069576,0.004100534688314836,0.0010731387223224594
23.016666666666666,0.9710390864057913,0.23050997153413982,0.031209098070757554,0.004093067581858437,0.0010711877328622318
23.020833333333332,0.9692858262200151,0.2300909693460162,0.031152273754404766,0.0040856140726926796,0.0010692402791337365
23.025000000000002,0.967535703729442,0.2296727270077552,0.031095552930892802,0.004078174135744416,0.0010672963541604884
23.02916666666667,0.9657887134135866,0.22925524313926773,0.03103893541090635,0.004070747745979793,0.0010653559509729716
23.033333333333335,0.9640448497611019,0.22883851636277297,0.030982421005438653,0.0040633348784041255,0.001063419062608598
23.037499999999998,0.9623041072697668,0.22842254530279293,0.030926009525790655,0.004055935508061775,0.0010614856821116619
23.041666666666668,0.9605664804464582,0.22800732858614425,0.030869700783569758,0.004048549610035992,0.0010595558025332892
23.045833333333334,0.9588319638071479,0.22759286484193542,0.03081349459068929,0.0040411771594488196,0.0010576294169314018
23.05,0.9571005518768763,0.2271791527015586,0.03075739075936728,0.004033818131460948,0.0010557065183706671
23.05416666666667,0.9553722391897383,0.22676619079868413,0.03070138910212555,0.004026472501271579,0.0010537870999224525
23.058333333333334,0.9536470202888666,0.22635397776925506,0.030645489431788835,0.004019140244118304,0.0010518711546647827
23.0625,0.9519248897264087,0.2259425122514793,0.03058969156148357,0.004011821335276945,0.0010499586756822874
23.066666666666666,0.9502058420635191,0.2255317928858261,0.030533995304637327,0.004004515750061471,0.001048049656066167
23.070833333333336,0.9484898718703366,0.22512181831501848,0.03047840047497757,0.003997223463823834,0.0010461440889141405
23.075000000000003,0.9467769737259679,0.22471258718402776,0.03042290688653081,0.003989944451953843,0.0010442419673304007
23.079166666666666,0.9450671422184723,0.22430409814006746,0.030367514353621672,0.003982678689879044,0.0010423432844255728
23.083333333333332,0.9433603719448377,0.22389634990776902,0.03031222269087172,0.00397542615306456,0.0010404480333166596
23.087500000000002,0.9416566575109737,0.223489348229315,0.030257031713198847,0.003968186817013001,0.0010385562071270088
23.09166666666667,0.9399559935316881,0.22308308495488327,0.030201941235816092,0.003960960657264303,0.0010366677989862615
23.095833333333335,0.9382583746306711,0.22267755874967207,0.030146951074230727,0.003953747649395612,0.0010347828020303054
23.099999999999998,0.9365637954404797,0.22227276828121548,0.0300920610442434,0.00394654776902115,0.0010329012094012348
23.104166666666668,0.934872250602514,0.2218687122193765,0.030037270961946857,0.003939360991792058,0.0010310230142472957
23.108333333333334,0.93318373476701,0.22146538923634423,0.029982580643725453,0.003932187293396314,0.0010291482097228536
23.1125,0.9314982425930161,0.22106279800662693,0.02992798990625388,0.003925026649558568,0.0010272767889883394
23.11666666666667,0.9298157687483769,0.22066093720704705,0.029873498566496293,0.0039178790360400164,0.001025408745210207
23.120833333333334,0.9281363079097193,0.22025980551673655,0.029819106441705417,0.003910744428638283,0.0010235440715608887
23.125,0.9264598547624261,0.2198594016171298,0.029764813349421344,0.0039036228031872535,0.0010216827612187433
23.129166666666666,0.9247864040006316,0.21945972419196094,0.02971061910747095,0.0038965141355569955,0.0010198248073680237
23.133333333333336,0.9231159503271962,0.21906077192725668,0.029656523533966694,0.0038894184016535906,0.0010179702031988202
23.137500000000003,0.9214484884536911,0.21866254351133174,0.0296025264473057,0.0038823355774190156,0.0010161189419070214
23.141666666666666,0.9197840131003838,0.21826503763478383,0.0295486276661689,0.0038752656388310164,0.001014271016694269
23.145833333333332,0.9181225189962127,0.2178682529904866,0.0294948270095198,0.0038682085619029492,0.0010124264207679032
23.150000000000002,0.9164640008787805,0.21747218827358702,0.02944112429660392,0.00386116432268369,0.0010105851473409331
23.15416666666667,0.9148084534943318,0.21707684218149836,0.029387519346947565,0.003854132897257479,0.00100874718963198
23.158333333333335,0.9131558715977364,0.2166822134138954,0.029334011980356952,0.0038471142617437946,0.0010069125408652356
23.162499999999998,0.9115062499524734,0.2162883006727094,0.029280602016917304,0.00384010839229723,0.0010050811942704197
23.166666666666668,0.909859583330608,0.21589510266212128,0.029227289276991652,0.003833115265107329,0.001003253143082725
23.170833333333334,0.9082158665127845,0.21550261808855872,0.029174073581220254,0.003826134856398507,0.0010014283805427854
23.175,0.9065750942882027,0.21511084566068953,0.029120954750519377,0.0038191671424298817,0.0009996068998966228
23.17916666666667,0.9049372614546016,0.21471978408941633,0.029067932606080413,0.0038122120994951566,0.000997788694395602
23.183333333333334,0.9033023628182454,0.21432943208787195,0.029015006969368977,0.0038052697039224945,0.0009959737572963906
23.1875,0.9016703931938966,0.21393978837141248,0.028962177662123736,0.003798339932074355,0.0009941620818609026
23.191666666666666,0.9000413474048132,0.21355085165761434,0.028909444506355776,0.0037914227603474083,0.0009923536613562676
23.195833333333336,0.8984152202827225,0.2131626206662675,0.028856807324347433,0.0037845181651723794,0.0009905484890547758
23.200000000000003,0.8967920066678039,0.21277509411937054,0.02880426593865137,0.003777626123013918,0.0009887465582338363
23.204166666666666,0.895171701408678,0.21238827074112576,0.028751820172089722,0.0037707466103704783,0.0009869478621759328
23.208333333333332,0.8935542993623783,0.21200214925793218,0.028699469847752852,0.0037638796037741578,0.000985152394168571
23.212500000000002,0.8919397953943466,0.211616728398383,0.028647214788998804,0.0037570250797906092,0.0009833601475042451
23.21666666666667,0.8903281843784092,0.21123200689325833,0.02859505481945207,0.0037501830150188844,0.0009815711154803847
23.220833333333335,0.8887194611967597,0.2108479834755205,0.028542989763002697,0.0037433533860913018,0.0009797852913993109
23.224999999999998,0.8871136207399458,0.2104646568803093,0.02849101944380541,0.0037365361696733335,0.0009780026685681942
23.229166666666668,0.8855106579068437,0.21008202584493463,0.028439143686278413,0.0037297313424634357,0.0009762232402990014
23.233333333333334,0.8839105676046516,0.20970008910887428,0.028387362315102777,0.003722938881192968,0.0009744469999084607
23.2375,0.8823133447488665,0.20931884541376644,0.028335675155221257,0.0037161587626260294,0.0009726739407180097
23.24166666666667,0.8807189842632681,0.20893829350340518,0.02828408203183739,0.0037093909635593355,0.0009709040560537529
23.245833333333334,0.8791274810799032,0.20855843212373554,0.028232582770414606,0.003702635460822094,0.0009691373392464166
23.25,0.877538843585551,0.20817926002284645,0.02818117719667502,0.0036958922312758484,0.0009673737836312971
23.254166666666666,0.8759530572100426,0.20780077595096808,0.028129865136598858,0.0036891612518143825,0.0009656133825482272
23.258333333333336,0.874370113790055,0.20742297866046464,0.02807864641642323,0.00368244249936357,0.0009638561293415223
23.262500000000003,0.8727900083095501,0.20704586690582996,0.02802752086264126,0.0036757359508812443,0.0009621020173599391
23.266666666666666,0.8712127357609151,0.2066694394436822,0.027976488302001182,0.0036690415833570754,0.0009603510399566292
23.270833333333332,0.8696382911449397,0.20629369503275724,0.02792554856150514,0.0036623593738124107,0.0009586031904890891
23.275000000000002,0.8680666694708122,0.20591863243390546,0.027874701468408595,0.0036556892993001885,0.0009568584623191248
23.27916666666667,0.8664978657560943,0.20554425041008528,0.027823946850219126,0.003649031336904777,0.0009551168488128
23.283333333333335,0.8649318750267097,0.20517054772635798,0.02777328453469554,0.0036423854637418498,0.0009533783433403911
23.287499999999998,0.8633686923169279,0.20479752314988298,0.027722714349846973,0.0036357516569582625,0.0009516429392763469
23.291666666666668,0.8618083126693429,0.20442517544991073,0.0276722361239317,0.003629129893731893,0.0009499106299992326
23.295833333333334,0.8602507311348669,0.2040535033977802,0.027621849685456525,0.0036225201512715536,0.0009481814088916972
23.3,0.8586959427727091,0.20368250576691155,0.027571554863175602,0.003615922406816831,0.0009464552693404211
23.30416666666667,0.8571439426503602,0.20331218133280166,0.027521351486089515,0.0036093366376379627,0.0009447322047360728
23.308333333333334,0.8555947258435781,0.20294252887301908,0.02747123938344441,0.003602762821035714,0.0009430122084732653
23.3125,0.8540482874363672,0.20257354716719694,0.02742121838473078,0.0035962009343412133,0.0009412952739505021
23.316666666666666,0.8525046225209714,0.20220523499703047,0.02737128831968289,0.003589650954915873,0.0009395813945701462
23.320833333333336,0.8509637261978518,0.20183759114626976,0.027321449018277547,0.003583112860151221,0.0009378705637383642
23.325000000000003,0.8494255935756728,0.20147061440071515,0.027271700310733234,0.003576586627468782,0.0009361627748650849
23.329166666666666,0.8478902197712882,0.20110430354821213,0.02722204202750919,0.003570072234319951,0.0009344580213639555
23.333333333333332,0.8463575999097186,0.20073865737864457,0.02717247399930427,0.0035635696581858365,0.0009327562966522889
23.337500000000002,0.8448277291241449,0.20037367468393194,0.02712299605705625,0.0035570788765771676,0.0009310575941510295
23.34166666666667,0.8433006025558879,0.2000093542580222,0.027073608031940716,0.0035505998670341404,0.0009293619072847005
23.345833333333335,0.841776215354392,0.19964569489688688,0.027024309755370148,0.003544132941398426,0.0009276692294813607
23.349999999999998,0.8402545626772123,0.19928269539851678,0.026975101058992996,0.0035376789036884668,0.0009259795541725617
23.354166666666668,0.8387356396899921,0.19892035456291418,0.026925981774692524,0.0035312366214781247,0.0009242946448876826
23.358333333333334,0.8372194415664571,0.19855867119209072,0.026876951734586183,0.0035248060732875433,0.0009226143597837738
23.3625,0.8357059634883927,0.19819764409006016,0.026828010771024428,0.0035183872376736702,0.0009209371353402999
23.36666666666667,0.8341952006456306,0.19783727206283355,0.026779158716589816,0.0035119800932301624,0.0009192629659003192
23.370833333333334,0.8326871482360338,0.19747755391841446,0.026730395404096108,0.003505584618587296,0.0009175918458157876
23.375,0.8311818014654748,0.19711848846679178,0.026681720666587114,0.0034992007924118385,0.000915923769447522
23.379166666666666,0.82967915554783,0.19676007451993738,0.02663313433733602,0.003492828593406996,0.0009142587311651828
23.383333333333336,0.8281792057049564,0.19640231089179863,0.026584636249844258,0.0034864680003122784,0.0009125967253472344
23.387500000000003,0.8266819471666794,0.19604519639829396,0.026536226237840584,0.003480118991903417,0.0009109377463809191
23.391666666666666,0.8251873751707763,0.1956887298573078,0.02648790413528017,0.0034737815469922636,0.000909281788662228
23.395833333333332,0.8236954849629554,0.19533291008868367,0.026439669776343457,0.003467455644426671,0.0009076288465958652
23.400000000000002,0.8222062717968505,0.19497773591422146,0.02639152299543548,0.0034611412630904345,0.0009059789145952273
23.40416666666667,0.8207197309339975,0.19462320615767026,0.02634346362718475,0.00345483838190316,0.0009043319870823684
23.408333333333335,0.8192358576438208,0.19426931964472374,0.02629549150644232,0.003448546979820181,0.0009026880584879699
23.412499999999998,0.8177546472036193,0.1939160752030153,0.026247606468280872,0.0034422670358324587,0.0009010471232513143
23.416666666666668,0.8162760948985444,0.19356347166211088,0.026199808347993573,0.0034359985289664618,0.000899409175820247
23.420833333333334,0.8148001960215931,0.19321150785350644,0.026152097197133777,0.0034297414382841035,0.0008977742106511582
23.425,0.8133269458735866,0.19286018261062074,0.026104481421855286,0.00342349574288262,0.0008961422222089454
23.42916666666667,0.8118563397631559,0.19250949476879078,0.026056952380910985,0.003417261421894475,0.0008945132049669858
23.433333333333334,0.8103883730067278,0.19215944782820826,0.026009509915805293,0.003411038454487273,0.0008928871534071076
23.4375,0.8089230409285031,0.19181003860175846,0.025962153868308385,0.003404826819863624,0.0008912640620195538
23.441666666666666,0.807460338860449,0.19146126365299984,0.025914884080455673,0.0033986264972610965,0.0008896439253029632
23.445833333333336,0.806000262142279,0.19111312183382928,0.025867700394546896,0.0033924374659520824,0.0008880267377643331
23.450000000000003,0.8045428061214378,0.19076561199815623,0.025820602653145414,0.0033862597052437124,0.0008864124939189906
23.454166666666666,0.8030879661530861,0.19041873300189868,0.02577359069907749,0.003380093194477757,0.0008848011882905666
23.458333333333332,0.8016357376000809,0.19007248370297683,0.025726664375431346,0.0033739379130305067,0.0008831928154109563
23.462500000000002,0.800186115832967,0.18972686296131103,0.025679823525556714,0.0033677938403127105,0.0008815873698203027
23.46666666666667,0.7987390962299569,0.18938186963881556,0.025633067993063884,0.0033616609557694504,0.0008799848460669579
23.470833333333335,0.7972946741769142,0.18903750259939453,0.02558639762182301,0.0033555392388800514,0.0008783852387074553
23.474999999999998,0.7958528450673429,0.18869376070893756,0.025539812255963388,0.003349428669157986,0.0008767885423064827
23.479166666666668,0.7944136043023617,0.18835064283531383,0.025493311739872532,0.003343329226150752,0.0008751947514368446
23.483333333333334,0.7929769472907001,0.18800814784836972,0.025446895918195694,0.003337240889439811,0.0008736038606794425
23.4875,0.791542869448676,0.18766627461992286,0.025400564635834934,0.0033311636386404654,0.000872015864623239
23.49166666666667,0.7901113662001805,0.1873250220237576,0.025354317737948412,0.0033250974534017653,0.0008704307578652299
23.495833333333334,0.7886824329766648,0.1869843889356213,0.02530815506994968,0.0033190423134064175,0.0008688485350104151
23.5,0.7872560652171189,0.18664437423321786,0.02526207647750675,0.003312998198370655,0.0008672691906717627
23.504166666666666,0.785832258368063,0.18630497679620556,0.025216081806541616,0.003306965088044186,0.0008656927194701895
23.508333333333336,0.7844110078835271,0.18596619550619103,0.025170170903229316,0.003300942962210064,0.0008641191160345242
23.512500000000003,0.7829923092250366,0.185628029246725,0.025124343613997246,0.0032949318006845947,0.0008625483750014792
23.516666666666666,0.781576157861599,0.18529047690329814,0.02507859978552442,0.003288931583317248,0.000860980491015623
23.520833333333332,0.7801625492696793,0.18495353736333495,0.025032939264740556,0.003282942289990526,0.0008594154587293429
23.525000000000002,0.778751478933197,0.18461720951619148,0.02498736189882561,0.003276963900619912,0.0008578532728028261
23.52916666666667,0.7773429423435013,0.18428149225314933,0.02494186753520882,0.003270996395153742,0.0008562939279040224
23.533333333333335,0.7759369349993595,0.18394638446741124,0.024896456021568016,0.003265039753573109,0.0008547374187086172
23.537499999999998,0.7745334524069402,0.18361188505409717,0.024851127205828907,0.0032590939558917753,0.0008531837399000025
23.541666666666668,0.7731324900797932,0.18327799291023805,0.024805880936164128,0.003253158982156046,0.0008516328861692403
23.545833333333334,0.7717340435388428,0.18294470693477352,0.02476071706099281,0.003247234812444709,0.0008500848522150436
23.55,0.7703381083123654,0.18261202602854587,0.024715635428979612,0.003241321426868912,0.0008485396327437395
23.55416666666667,0.7689446799359756,0.18227994909429585,0.024670635889034006,0.0032354188055720664,0.0008469972224692413
23.558333333333334,0.7675537539526122,0.1819484750366585,0.024625718290309597,0.003229526928729761,0.0008454576161130196
23.5625,0.7661653259125158,0.18161760276215702,0.02458088248220319,0.003223645776549631,0.0008439208084040674
23.566666666666666,0.7647793913732229,0.18128733117920048,0.024536128314354283,0.003217775329271301,0.0008423867940788785
23.570833333333336,0.7633959458995438,0.18095765919807785,0.024491455636644156,0.003211915567166262,0.000840855567881413
23.575000000000003,0.7620149850635486,0.18062858573095353,0.02444686429919517,0.003206066470537776,0.0008393271245630666
23.579166666666666,0.7606365044445524,0.18030010969186358,0.024402354152370034,0.003200228019720785,0.000837801458882646
23.583333333333332,0.759260499629094,0.17997222999670934,0.024357925046770916,0.0031944001950817875,0.0008362785656063287
23.587500000000002,0.75788696621093,0.1796449455632551,0.024313576833238905,0.0031885829770187763,0.0008347584395076459
23.59166666666667,0.7565158997910112,0.17931825531112233,0.02426930936285314,0.0031827763459611157,0.000833241075367445
23.595833333333335,0.7551472959774701,0.17899215816178507,0.02422512248693006,0.00317698028236945,0.000831726467973862
23.599999999999998,0.7537811503856061,0.17866665303856616,0.024181016057022716,0.0031711947667356047,0.0008302146121222921
23.604166666666668,0.7524174586378632,0.17834173886663088,0.024136989924919826,0.003165419779582473,0.0008287055026153549
23.608333333333334,0.7510562163638247,0.17801741457298473,0.024093043942645317,0.0031596553014639466,0.0008271991342628739
23.6125,0.7496974192001898,0.17769367908646738,0.024049177962457383,0.003153901312964794,0.0008256955018818397
23.61666666666667,0.7483410779029956,0.17737053133774855,0.024005391836847766,0.0031481577947005696,0.0008241946002963824
23.620833333333334,0.7469871773417486,0.17704797025932356,0.02396168541854106,0.003142424727317519,0.000822696424337743
23.625,0.7456357097474016,0.17672599478550757,0.023918058560493772,0.003136702091492457,0.0008212009688442382
23.629166666666666,0.7442866708062592,0.17640460385243306,0.02387451111589387,0.0031309898679327047,0.0008197082286612388
23.633333333333336,0.7429400562119384,0.17608379639804397,0.023831042938159807,0.003125288037375968,0.0008182181986411341
23.637500000000003,0.741595861665353,0.1757635713620912,0.023787653880939848,0.0031195965805902426,0.0008167308736433047
23.641666666666666,0.7402540828747028,0.17544392768612865,0.02374434379811136,0.0031139154783737227,0.0008152462485340926
23.645833333333332,0.7389147155554529,0.17512486431350727,0.023701112543779847,0.003108244711554676,0.0008137643181867658
23.650000000000002,0.7375777554303282,0.17480638018937233,0.023657959972278517,0.0031025842609913863,0.0008122850774814992
23.65416666666667,0.7362431982292941,0.1744884742606577,0.02361488593816733,0.0030969341075720246,0.0008108085213053362
23.658333333333335,0.7349110396895425,0.17417114547608162,0.023571890296232273,0.003091294232214561,0.0008093346445521626
23.662499999999998,0.7335812755554807,0.17385439278614231,0.023528972901484695,0.0030856646158666677,0.0008078634421226771
23.666666666666668,0.7322539015787096,0.1735382151431123,0.023486133609160315,0.0030800452395055985,0.0008063949089243556
23.670833333333334,0.7309289135180196,0.17322261150103554,0.023443372274718818,0.0030744360841381273,0.0008049290398714309
23.675,0.7296063071393707,0.17290758081572188,0.023400688753842856,0.0030688371308004244,0.0008034658298848572
23.67916666666667,0.7282860782158781,0.1725931220447426,0.02335808290243737,0.0030632483605579613,0.0008020052738922805
23.683333333333334,0.7269682225278019,0.17227923414742613,0.023315554576628903,0.003057669754505423,0.0008005473668280116
23.6875,0.7256527358625249,0.17196591608485232,0.023273103632764622,0.0030521012937665777,0.0007990921036329898
23.691666666666666,0.7243396140145486,0.17165316681984993,0.023230729927411868,0.003046542959494223,0.000797639479254762
23.695833333333336,0.7230288527854725,0.17134098531699046,0.02318843331735723,0.0030409947328700563,0.0007961894886474471
23.700000000000003,0.7217204479839816,0.17102937054258407,0.023146213659605817,0.0030354565951045847,0.0007947421267717082
23.704166666666666,0.7204143954258336,0.17071832146467547,0.023104070811380575,0.0030299285274370327,0.0007932973885947233
23.708333333333332,0.7191106909338395,0.1704078370530377,0.023062004630121317,0.003024410511135217,0.0007918552690901502
23.712500000000002,0.717809330337857,0.17009791627917,0.02302001497348429,0.0030189025274954882,0.0007904157632381055
23.71666666666667,0.7165103094747711,0.16978855811629145,0.022978101699341214,0.0030134045578426023,0.0007889788660251291
23.720833333333335,0.7152136241884821,0.16947976153933716,0.022936264665778586,0.003007916583529633,0.0007875445724441556
23.724999999999998,0.7139192703298916,0.16917152552495365,0.02289450373109697,0.003002438585937875,0.000786112877494486
23.729166666666668,0.7126272437568832,0.1688638490514933,0.02285281875381005,0.0029969705464767257,0.0007846837761817525
23.733333333333334,0.7113375403343172,0.16855673109901156,0.02281120959264419,0.0029915124465836156,0.0007832572635178964
23.7375,0.7100501559340104,0.16825017064926112,0.022769676106537455,0.002986064267723895,0.0007818333345211342
23.74166666666667,0.7087650864347234,0.16794416668568776,0.02272821815463894,0.0029806259913907314,0.0007804119842159275
23.745833333333334,0.7074823277221471,0.16763871819342582,0.02268683559630805,0.0029751975991050236,0.0007789932076329561
23.75,0.7062018756888848,0.1673338241592928,0.02264552829111357,0.002969779072415276,0.0007775769998090812
23.754166666666666,0.7049237262344441,0.1670294835717863,0.022604296098833156,0.002964370392897537,0.0007761633557873252
23.758333333333336,0.7036478752652195,0.1667256954210784,0.022563138879452476,0.002958971542155274,0.000774752270616836
23.762500000000003,0.7023743186944774,0.16642245869901146,0.022522056493164425,0.002953582501819285,0.000773343739352858
23.766666666666666,0.7011030524423447,0.16611977239909362,0.022481048800368456,0.0029482032535476026,0.0007719377570567051
23.770833333333332,0.6998340724357893,0.16581763551649326,0.02244011566166966,0.0029428337790253683,0.0007705343187957236
23.775000000000002,0.6985673746086124,0.16551604704803605,0.022399256937878257,0.002937474059964777,0.0007691334196432716
23.77916666666667,0.6973029549014315,0.16521500796130723,0.02235847249000867,0.002932124078104951,0.0007677350546786847
23.783333333333335,0.6960408092616653,0.16491451967036266,0.02231776217927884,0.002926783815211842,0.0007663392189872454
23.787499999999998,0.6947809336435223,0.16461457710908475,0.022277125867109494,0.0029214532530781492,0.0007649459076601566
23.791666666666668,0.6935233240079802,0.16431517928875405,0.02223656341512323,0.0029161323735231847,0.0007635551157945055
23.795833333333334,0.6922679763227809,0.16401632522239246,0.022196074685144025,0.0029108211583928206,0.0007621668384932415
23.8,0.69101488656241,0.16371801392475815,0.02215565953919632,0.0029055195895593597,0.000760781070865143
23.80416666666667,0.6897640507080847,0.1634202444123419,0.022115317839504288,0.0029002276489214465,0.0007593978080247861
23.808333333333334,0.6885154647477404,0.1631230157033635,0.02207504944849115,0.002894945318403972,0.0007580170450925192
23.8125,0.6872691246760115,0.16282632681776643,0.02203485422877824,0.0028896725799579513,0.0007566387771944244
23.816666666666666,0.686025026494225,0.16253017677721604,0.021994732043184504,0.002884409415560464,0.0007552629994622992
23.820833333333336,0.684783166210382,0.1622345646050942,0.021954682754725594,0.0028791558072145266,0.0007538897070336193
23.825000000000003,0.6835435398391432,0.16193948932649577,0.02191470622661316,0.002873911736949003,0.0007525188950515106
23.829166666666666,0.6823061434018174,0.16164494996822487,0.02187480232225413,0.0028686771868185103,0.0007511505586647215
23.833333333333332,0.6810709729263412,0.16135094555878984,0.02183497090524976,0.0028634521389032967,0.0007497846930275858
23.837500000000002,0.6798380244472737,0.16105747512840102,0.02179521183939521,0.0028582365753091797,0.0007484212933000034
23.84166666666667,0.6786072940057762,0.16076453770896582,0.021755524988678575,0.00285303047816742,0.0007470603546474035
23.845833333333335,0.6773787776495996,0.1604721323340847,0.02171591021728016,0.0028478338296346337,0.0007457018722407169
23.849999999999998,0.6761524714330717,0.16018025803904798,0.021676367389571818,0.002842646611892693,0.0007443458412563475
23.854166666666668,0.6749283714170778,0.1598889138608304,0.021636896370115986,0.0028374688071486115,0.0007429922568761364
23.858333333333334,0.6737064736690545,0.15959809883808915,0.021597497023665226,0.002832301060228009,0.0007416411142873414
23.8625,0.6724867742629695,0.1593078120111586,0.02155816921516127,0.002827143038882476,0.0007402924086826008
23.86666666666667,0.6712692692793101,0.15901805242204683,0.021518912809734326,0.0028219944112908187,0.0007389461352599056
23.870833333333334,0.6700539548050695,0.15872881911443182,0.021479727672702387,0.0028168551603372158,0.0007376022892225708
23.875,0.668840826933727,0.15844011113365652,0.02144061366957028,0.0028117252689358265,0.0007362608657792
23.879166666666666,0.6676298817652428,0.15815192752672652,0.021401570666029168,0.002806604720030747,0.0007349218601436644
23.883333333333336,0.6664211154060381,0.15786426734230508,0.021362598527955662,0.0028014934965959123,0.0007335852675350672
23.887500000000003,0.665214523968982,0.15757712963070933,0.021323697121411092,0.002796391581635021,0.0007322510831777147
23.891666666666666,0.6640101035733786,0.15729051344390685,0.021284866312640788,0.0027912989581814667,0.0007309193023010889
23.895833333333332,0.6628078503449484,0.15700441783551033,0.021246105968073182,0.002786215609298235,0.0007295899201398111
23.900000000000002,0.661607760415821,0.1567188418607756,0.02120741595431927,0.0027811415180778653,0.0007282629319336217
23.90416666666667,0.6604098299245167,0.1564337845765963,0.02116879613817177,0.0027760766676423465,0.0007269383329273436
23.908333333333335,0.6592140550159324,0.15614924504150057,0.021130246386604306,0.0027710210411430462,0.0007256161183708544
23.912499999999998,0.6580204318413304,0.15586522231564706,0.021091766566770802,0.0027659746217606413,0.0007242962835190585
23.916666666666668,0.6568289565583174,0.15558171546082009,0.021053356546004487,0.0027609373927050145,0.0007229788236318506
23.920833333333334,0.6556396253308392,0.15529872354042723,0.021015016191817434,0.002755909337215216,0.000721663733974095
23.925,0.6544524343291609,0.1550162456194945,0.02097674537189964,0.002750890438559358,0.0007203510098155905
23.92916666666667,0.6532673797298544,0.15473428076466245,0.020938550117212584,0.0027458806800345474,0.0007190406464310417
23.933333333333334,0.6520844577157852,0.15445282804418273,0.020900426215195087,0.002740880044966813,0.0007177326391000301
23.9375,0.6509036644760927,0.15417188652791275,0.020862371731330747,0.0027358885167110053,0.0007164269831069793
23.941666666666666,0.6497249962061855,0.1538914552873138,0.020824386538814646,0.0027309060786507512,0.0007151236737411339
23.945833333333336,0.6485484491077196,0.15361153339544573,0.020786470511060823,0.0027259327141983592,0.0007138227062965236
23.950000000000003,0.6473740193885875,0.15333211992696336,0.02074862352170177,0.002720968406794743,0.0007125240760719345
23.954166666666666,0.6462017032629047,0.153053213958113,0.020710845444587855,0.002716013139909354,0.0007112277783708822
23.958333333333332,0.6450314969509902,0.15277481456672687,0.02067313615378664,0.0027110668970400757,0.000709933808501574
23.962500000000002,0.6438633966793601,0.15249692083222166,0.02063549552358254,0.0027061296617131875,0.0007086421617768903
23.96666666666667,0.6426973986807089,0.15221953183559284,0.02059792342847607,0.002701201417483259,0.0007073528335143466
23.970833333333335,0.6415334991938954,0.15194264665941115,0.020560419743183355,0.002696282147933082,0.0007060658190360677
23.974999999999998,0.6403716944639315,0.15166626438781913,0.02052298434263557,0.002691371836673596,0.0007047811136687566
23.979166666666668,0.6392119807419618,0.15139038410652586,0.020485617101978226,0.002686470467343793,0.0007034987127436615
23.983333333333334,0.6380543687897723,0.15111500490280488,0.020448317896570832,0.0026815780236106685,0.0007022186115965528
23.9875,0.6368988444434527,0.15084012586548892,0.02041108660198619,0.0026766944891691256,0.0007009408055676887
23.99166666666667,0.6357454007589914,0.1505657460849666,0.020373923094009823,0.0026718198477419025,0.0006996652900017862
23.995833333333334,0.6345940340322856,0.15029186465317834,0.0203368272486395,0.002666954083079499,0.0006983920602479934
24.0,0.6334447405655552,0.15001848066361162,0.020299798942084453,0.0026620971789600802,0.000697121111659853
24.004166666666666,0.632297516667338,0.14974559321129866,0.0202628380507651,0.0026572491191894296,0.0006958524395952821
24.008333333333336,0.6311523586524718,0.1494732013928113,0.020225944451312265,0.0026524098876008536,0.0006945860394165363
24.012500000000003,0.6300092628420826,0.14920130430625744,0.020189118020566697,0.0026475794680551035,0.0006933219064901811
24.016666666666666,0.6288682255635736,0.1489299010512774,0.020152358635578516,0.0026427578444403106,0.0006920600361870643
24.020833333333332,0.6277292431506076,0.14865899072903863,0.020115666173606477,0.002637945000671883,0.0006908004238822793
24.025000000000002,0.6265923119431008,0.14838857244223372,0.020079040512117657,0.0026331409206924623,0.000689543064955145
24.02916666666667,0.6254574282872072,0.1481186452950754,0.02004248152878673,0.002628345588471823,0.0006882879547891699
24.033333333333335,0.6243245885353049,0.14784920839329263,0.020005989101495425,0.0026235589880068046,0.0006870350887720238
24.037499999999998,0.6231937890459861,0.14758026084412706,0.019969563108331995,0.002618781103321236,0.000685784462295509
24.041666666666668,0.6220650261840385,0.14731180175632813,0.019933203427590515,0.002614011918465837,0.0006845360707555257
24.045833333333334,0.6209382963204408,0.14704383024015047,0.01989690993777051,0.002609251417518176,0.0006832899095520499
24.05,0.6198135958323452,0.14677634540734932,0.01986068251757626,0.0026044995845825696,0.0006820459740890985
24.05416666666667,0.6186909211030649,0.1465093463711764,0.019824521045916275,0.0025997564037900105,0.0006808042597747004
24.058333333333334,0.6175702685220635,0.1462428322463767,0.019788425401902728,0.002595021859298095,0.0006795647620208692
24.0625,0.6164516344849377,0.14597680214918296,0.019752395464850775,0.0025902959352909257,0.0006783274762435662
24.066666666666666,0.6153350153934103,0.14571125519731382,0.019716431114278184,0.0025855786159790675,0.0006770923978626806
24.070833333333336,0.614220407655315,0.14544619050996863,0.019680532229904638,0.0025808698855994453,0.0006758595223019931
24.075000000000003,0.6131078076845837,0.1451816072078238,0.01964469869165119,0.002576169728415276,0.0006746288449891474
24.079166666666666,0.6119972119012337,0.14491750441302903,0.01960893037963974,0.0025714781287159935,0.000673400361355623
24.083333333333332,0.6108886167313532,0.14465388124920242,0.019573227174192298,0.002566795070817152,0.0006721740668366991
24.087500000000002,0.609782018607093,0.1443907368414282,0.019537588955830652,0.0025621205390603807,0.0006709499568714325
24.09166666666667,0.6086774139666509,0.1441280703162516,0.019502015605275674,0.002557454517813285,0.0006697280269026231
24.095833333333335,0.6075747992542593,0.14386588080167528,0.01946650700344675,0.0025527969914693723,0.0006685082723767857
24.099999999999998,0.6064741709201739,0.14360416742715562,0.01943106303146127,0.0025481479444479853,0.0006672906887441209
24.104166666666668,0.6053755254206562,0.14334292932359766,0.019395683570633888,0.0025435073611941982,0.0006660752714584806
24.108333333333334,0.6042788592179684,0.143082165623353,0.019360368502476223,0.0025388752261787753,0.0006648627183871018
24.1125,0.6031841687803552,0.1428218754602144,0.019325117708696087,0.002534251523898068,0.0006636535859563791
24.11666666666667,0.6020914505820332,0.14256205796941265,0.019289931071196992,0.0025296362388739497,0.0006624466512861994
24.120833333333334,0.6010007011031784,0.14230271228761238,0.01925480847207761,0.0025250293556537354,0.0006612419103646118
24.125,0.5999119168299096,0.14204383755290736,0.019219749793631027,0.002520430858810093,0.0006600393591864302
24.129166666666666,0.5988250942542824,0.14178543792458803,0.019184754918344447,0.0025158407329409866,0.0006588389937532204
24.133333333333336,0.5977402298742722,0.14152750790628307,0.01914982372889843,0.0025112589626695896,0.0006576408100732732
24.137500000000003,0.5966573201937622,0.14127004652176117,0.01911495610816639,0.002506685532644203,0.0006564448041615856
24.141666666666666,0.5955763617225321,0.1410130529213426,0.019080151939214064,0.0025021204275381902,0.0006552509720398413
24.145833333333332,0.594497350976241,0.1407565262568452,0.01904541110529875,0.002497563632049875,0.0006540593097363842
24.150000000000002,0.5934202844764214,0.14050046568158278,0.019010733489869026,0.0024930151309024984,0.0006528698132862058
24.15416666666667,0.5923451587504616,0.14024487035036073,0.018976118976563986,0.0024884749088441177,0.0006516824787309188
24.158333333333335,0.5912719703315951,0.13998973941947265,0.018941567449212732,0.002483942950647537,0.000650497302118738
24.162499999999998,0.5902007157588882,0.13973507204669744,0.01890707879183383,0.002479419241110234,0.0006493142795044603
24.166666666666668,0.5891313915772232,0.13948086739129456,0.018872652888634593,0.002474903765054261,0.000648133406949439
24.170833333333334,0.5880639943372923,0.13922712461400244,0.018838289624010754,0.0024703965073262003,0.0006469546805215702
24.175,0.5869985205955807,0.13897384287703396,0.018803988882545714,0.0024658974527970675,0.0006457780962952682
24.17916666666667,0.5859349669143545,0.13872102134407316,0.01876975054901004,0.0024614065863622354,0.000644603650351444
24.183333333333334,0.5848733298616504,0.13846865918027246,0.01873557450836094,0.002456923892941365,0.0006434313387774872
24.1875,0.5838136060112563,0.13821675555224755,0.018701460645741505,0.0024524493574783084,0.0006422611576672393
24.191666666666666,0.5827557919427079,0.13796530962807624,0.0186674088464804,0.0024479829649410594,0.0006410931031209811
24.195833333333336,0.5816998842412697,0.13771432057729371,0.018633418996091132,0.0024435247003216577,0.0006399271712454062
24.200000000000003,0.5806458794979246,0.13746378757088917,0.01859949098027152,0.0024390745486361177,0.0006387633581536019
24.204166666666666,0.5795937743093613,0.13721370978130318,0.018565624684903175,0.0024346324949243523,0.0006376016599650293
24.208333333333332,0.5785435652779579,0.1369640863824226,0.018531819996050764,0.0024301985242500823,0.0006364420728054974
24.212500000000002,0.577495249011776,0.13671491654957932,0.018498076799961672,0.002425772621700781,0.0006352845928071504
24.21666666666667,0.5764488221245428,0.13646619945954552,0.018464394983065287,0.002421354772387584,0.000634129216108441
24.220833333333335,0.5754042812356407,0.13621793429053036,0.018430774431972465,0.0024169449614452137,0.0006329759388541113
24.224999999999998,0.5743616229700945,0.1359701202221773,0.01839721503347501,0.002412543174031907,0.0006318247571951733
24.229166666666668,0.5733208439585551,0.13572275643555917,0.018363716674544932,0.0024081493953293192,0.0006306756672888828
24.233333333333334,0.5722819408372932,0.13547584211317662,0.01833027924233414,0.002403763610542477,0.000629528665298726
24.2375,0.5712449102481824,0.13522937643895352,0.018296902624173664,0.002399385804899678,0.0006283837473943941
24.24166666666667,0.5702097488386872,0.13498335859823393,0.018263586707573207,0.0023950159636524243,0.0006272409097517634
24.245833333333334,0.5691764532618521,0.13473778777777892,0.018230331380220535,0.002390654072075343,0.0006261001485528755
24.25,0.5681450201762835,0.13449266316576192,0.018197136529980784,0.002386300115466098,0.0006249614599859123
24.254166666666666,0.5671154462461452,0.13424798395176715,0.01816400204489616,0.002381954079145332,0.0006238248402451813
24.258333333333336,0.5660877281411397,0.13400374932678508,0.01813092781318516,0.00237761594845658,0.0006226902855310909
24.262500000000003,0.5650618625364974,0.13375995848320918,0.018097913723242064,0.0023732857087661883,0.0006215577920501309
24.266666666666666,0.5640378461129656,0.13351661061483294,0.0180649596636364,0.002368963345463249,0.0006204273560148521
24.270833333333332,0.5630156755567897,0.13327370491684526,0.01803206552311225,0.002364648843959498,0.0006192989736438406
24.275000000000002,0.5619953475597093,0.1330312405858287,0.017999231190587866,0.0023603421896892687,0.000618172641161705
24.27916666666667,0.5609768588189393,0.13278921681975492,0.01796645655515498,0.002356043368109398,0.0006170483547990504
24.283333333333335,0.5599602060371597,0.13254763281798176,0.01793374150607827,0.00235175236469915,0.0006159261107924587
24.287499999999998,0.5589453859225032,0.13230648778124987,0.017901085932794804,0.0023474691649601476,0.0006148059053844685
24.291666666666668,0.5579323951885379,0.1320657809116782,0.017868489724913363,0.002343193754416271,0.0006136877348235504
24.295833333333334,0.5569212305542625,0.1318255114127625,0.017835952772214055,0.0023389261186136114,0.0006125715953640927
24.3,0.5559118887440879,0.13158567848937053,0.017803474964647632,0.0023346662431203797,0.000611457483266376
24.30416666666667,0.5549043664878265,0.131346281347739,0.017771056192334943,0.002330414113526825,0.0006103453947965535
24.308333333333334,0.5538986605206798,0.1311073191954706,0.017738696345566386,0.0023261697154451683,0.0006092353262266313
24.3125,0.5528947675832222,0.13086879124152925,0.01770639531480122,0.0023219330345095063,0.000608127273834443
24.316666666666666,0.5518926844213949,0.13063069669623847,0.0176741529906672,0.002317704056375758,0.0006070212339036357
24.320833333333336,0.5508924077864876,0.13039303477127687,0.01764196926395988,0.0023134827667215755,0.0006059172027236451
24.325000000000003,0.5498939344351288,0.13015580467967497,0.017609844025642044,0.002309269151246262,0.0006048151765896746
24.329166666666666,0.5488972611292726,0.12991900563581207,0.01757777716684322,0.00230506319567071,0.0006037151518026768
24.333333333333332,0.5479023846361825,0.1296826368554119,0.017545768578858933,0.0023008648857372974,0.0006026171246693277
24.337500000000002,0.5469093017284253,0.12944669755554053,0.01751381815315037,0.002296674207209843,0.0006015210915020123
24.34166666666667,0.5459180091838538,0.12921118695460218,0.017481925781343652,0.0022924911458735053,0.0006004270486187998
24.345833333333335,0.5449285037855953,0.12897610427233588,0.01745009135522932,0.002288315687534718,0.0005993349923434241
24.349999999999998,0.5439407958868882,0.1287414487298125,0.017418314766761776,0.0022841478180211077,0.0005982449190052628
24.354166666666668,0.5429548724559307,0.1285072195494301,0.01738659590805862,0.002279987523181408,0.000597156824939313
24.358333333333334,0.5419707273564907,0.1282734159549122,0.017354934671400226,0.0022758347888854006,0.0005960707064861774
24.3625,0.5409883574116094,0.12804003717130338,0.017323330949229096,0.0022716896010238287,0.0005949865599920377
24.36666666666667,0.5400077594497825,0.12780708242496602,0.017291784634149286,0.002267552035260149,0.0005939043818086368
24.370833333333334,0.5390289303049488,0.12757455094357711,0.01726029561892589,0.002263422656207322,0.0005928241682932572
24.375,0.5380518668164749,0.12734244195612407,0.017228863796484323,0.0022593008030731363,0.0005917459158086962
24.379166666666666,0.537076565829151,0.1271107546929025,0.01719748905990997,0.002255186462143491,0.0005906696207232528
24.383333333333336,0.5361030241931742,0.1268794883855122,0.017166171302447474,0.0022510796197272973,0.000589595279410701
24.387500000000003,0.5351312387641396,0.1266486422668535,0.017134910417500204,0.0022469802621564103,0.0005885228882502713
24.391666666666666,0.5341612064030286,0.12641821557112448,0.01710370629862971,0.002242888375785569,0.0005874524436266299
24.395833333333332,0.5331929239761943,0.12618820753381652,0.017072558839555035,0.002238803946992304,0.0005863839419298542
24.400000000000002,0.5322263883553564,0.12595861739171224,0.017041467934152336,0.002234726962176901,0.000585317379555418
24.40416666666667,0.5312615964175859,0.12572944438288117,0.01701043347645419,0.0022306574077623096,0.0005842527529041673
24.408333333333335,0.5302985450452937,0.12550068774667664,0.01697945536064905,0.0022265952701940833,0.0005831900583822987
24.412499999999998,0.5293372311262219,0.1252723467237325,0.016948533481080726,0.0022225405359403098,0.0005821292924013421
24.416666666666668,0.5283776515534274,0.1250444205559589,0.01691766773224765,0.0022184931914915294,0.0005810704513781332
24.420833333333334,0.527419803225277,0.12481690848654009,0.016886858008802554,0.002214453223360689,0.0005800135317348005
24.425,0.526463683045432,0.12458980975993031,0.016856104205551725,0.002210420618083057,0.00057895852989874
24.42916666666667,0.525509287922838,0.12436312362185054,0.016825406217454493,0.002206395362216158,0.0005779054423025952
24.433333333333334,0.5245566147717144,0.12413684931928519,0.016794766509005247,0.0022023774423397123,0.0005768542653842371
24.4375,0.523605660511539,0.12391098610047789,0.01676418494627056,0.0021983668450555422,0.0005758049955867396
24.441666666666666,0.5226564220670438,0.12368553321492946,0.01673365905856951,0.0021943635569875355,0.0005747576293583651
24.445833333333336,0.5217088963681977,0.12346048991339358,0.016703188744461278,0.0021903675647815556,0.0005737121631525389
24.450000000000003,0.520763080350198,0.12323585544787355,0.016672773902683215,0.00218637885510538,0.0005726685934278297
24.454166666666666,0.5198189709534594,0.12301162907161918,0.016642414432150417,0.0021823974146486336,0.0005716269166479296
24.458333333333332,0.5188765651235984,0.12278781003912244,0.01661211023195513,0.002178423230122701,0.0005705871292816299
24.462500000000002,0.5179358598114285,0.12256439760611536,0.016581861201366524,0.002174456288260688,0.0005695492278028053
24.46666666666667,0.5169968519729446,0.12234139102956586,0.01655166723983006,0.002170496575817332,0.0005685132086903896
24.470833333333335,0.5160595385693131,0.12211878956767444,0.016521528246967107,0.0021665440795689372,0.0005674790684283564
24.474999999999998,0.5151239165668612,0.12189659593560923,0.016491444122574507,0.002162598786313313,0.0005664468035056978
24.479166666666668,0.5141899829370615,0.12167480816741524,0.016461414766623977,0.002158660682869685,0.0005654164104164009
24.483333333333334,0.5132577346565269,0.12145342354456302,0.016431440079261877,0.0021547297560786534,0.0005643878856594327
24.4875,0.5123271687069958,0.12123244133565013,0.016401519960808606,0.002150805992802105,0.0005633612257387148
24.49166666666667,0.5113982820753209,0.12101186081055586,0.016371654311758185,0.0021468893799231523,0.0005623364271631037
24.495833333333334,0.5104710717534594,0.1207916812404382,0.016341843032777827,0.0021429799043460648,0.0005613134864463717
24.5,0.5095455347384578,0.12057190189773018,0.01631208602470737,0.002139077552996186,0.0005602924001071806
24.504166666666666,0.508621668032446,0.12035252205613793,0.016282383188559006,0.002135182312819887,0.0005592731646690683
24.508333333333336,0.5076994686426232,0.12013354099063682,0.016252734425516696,0.0021312941707844852,0.0005582557766604235
24.512500000000003,0.5067789335812459,0.11991495797746855,0.01622313963693575,0.0021274131138781754,0.0005572402326144654
24.516666666666666,0.5058600598656191,0.11969677229413847,0.016193598724342412,0.0021235391291099665,0.0005562265290692247
24.520833333333332,0.5049428445180805,0.1194789832194113,0.016164111589433258,0.0021196722035095963,0.0005552146625675173
24.525000000000002,0.5040272845659949,0.11926159003330988,0.01613467813407496,0.0021158123241274873,0.0005542046296569318
24.52916666666667,0.5031133770417391,0.1190445920171107,0.01610529826030368,0.002111959478034661,0.0005531964268898023
24.533333333333335,0.5022011189826919,0.11882798845334161,0.01607597187032465,0.0021081136523226733,0.0005521900508231902
24.537499999999998,0.5012905074312233,0.11861177862577842,0.016046698866511784,0.0021042748341035516,0.0005511854980188635
24.541666666666668,0.5003815394346798,0.11839596181944133,0.01601747915140703,0.0021004430105097047,0.0005501827650432719
24.545833333333334,0.49947421204537834,0.11818053732059308,0.015988312627720186,0.002096618168693883,0.0005491818484675326
24.55,0.4985685223205917,0.11796550441673503,0.01595919919832824,0.0020928002958290905,0.0005481827448674056
24.55416666666667,0.4976644673225378,0.1177508623966042,0.015930138766275012,0.002088989379108524,0.0005471854508232725
24.558333333333334,0.4967620441183697,0.11753661055017074,0.015901131234770688,0.002085185405745503,0.0005461899629201183
24.5625,0.49586124978016016,0.11732274816863358,0.015872176507191263,0.0020813883629733857,0.0005451962777475057
24.566666666666666,0.4949620813848959,0.11710927454441887,0.015843274487078264,0.002077598238045529,0.0005442043918995599
24.570833333333336,0.4940645360144633,0.11689618897117618,0.015814425078138176,0.0020738150182351986,0.0005432143019749448
24.575000000000003,0.4931686107556372,0.1166834907437755,0.01578562818424201,0.002070038690835505,0.0005422260045768426
24.579166666666666,0.4922743027000711,0.11647117915830438,0.015756883709424893,0.00206626924315934,0.0005412394963129339
24.583333333333332,0.49138160894428146,0.11625925351206408,0.01572819155788548,0.0020625066625392908,0.0005402547737953728
24.587500000000002,0.4904905265896432,0.1160477131035677,0.015699551633985686,0.002058750936327596,0.0005392718336407725
24.59166666666667,0.48960105274237314,0.1158365572325365,0.015670963842250116,0.0020550020518960597,0.0005382906724701803
24.595833333333335,0.4887131845135212,0.11562578519989672,0.015642428087365625,0.0020512599966359857,0.000537311286909057
24.599999999999998,0.4878269190189586,0.11541539630777692,0.01561394427418091,0.002047524757958116,0.0005363336735872586
24.604166666666668,0.48694225337936375,0.11520538985950414,0.015585512307705931,0.002043796323292542,0.0005353578291390098
24.608333333333334,0.4860591847202166,0.11499576515960186,0.015557132093111617,0.002040074680088663,0.0005343837502028906
24.6125,0.4851777101717829,0.11478652151378642,0.015528803535729338,0.002036359815815098,0.0005334114334218105
24.61666666666667,0.4842978268691046,0.11457765822896385,0.015500526541050427,0.002032651717959623,0.0005324408754429888
24.620833333333334,0.483419531951989,0.11436917461322725,0.015472301014725798,0.002028950374029107,0.0005314720729179356
24.625,0.4825428225649939,0.11416106997585275,0.01544412686256534,0.0020252557715494234,0.0005305050225024256
24.629166666666666,0.4816676958574221,0.11395334362729784,0.015416003990537656,0.0020215678980654087,0.0005295397208564842
24.633333333333336,0.48079414898330564,0.11374599487919727,0.015387932304769501,0.002017886741140776,0.0005285761646443628
24.637500000000003,0.47992217910139656,0.11353902304436043,0.015359911711545333,0.00201421228835805,0.0005276143505345181
24.641666666666666,0.47905178337515586,0.11333242743676833,0.015331942117306912,0.002010544527318504,0.0005266542751995932
24.645833333333332,0.4781829589727381,0.11312620737156974,0.015304023428652704,0.0020068834456420715,0.000525695935316392
24.650000000000002,0.47731570306698695,0.11292036216507945,0.01527615555233762,0.002003229030967304,0.0005247393275658649
24.65416666666667,0.47645001283541866,0.11271489113477433,0.01524833839527244,0.0019995812709512856,0.0005237844486330837
24.658333333333335,0.47558588546021285,0.11250979359929036,0.015220571864523386,0.0019959401532695683,0.0005228312952072219
24.662499999999998,0.47472331812820207,0.11230506887842014,0.015192855867311695,0.001992305665616106,0.0005218798639815348
24.666666666666668,0.47386230803085533,0.1121007162931084,0.015165190311013056,0.00198867779570317,0.0005209301516533346
24.670833333333334,0.473002852364275,0.11189673516545079,0.015137575103157323,0.0019850565312613047,0.0005199821549239756
24.675,0.4721449483291792,0.11169312481868966,0.01511001015142794,0.001981441860039244,0.0005190358704988294
24.67916666666667,0.471288593130893,0.11148988457721125,0.015082495363661524,0.001977833769803841,0.0005180912950872653
24.683333333333334,0.4704337839793378,0.11128701376654289,0.01505503064784745,0.001974232248340011,0.0005171484254026298
24.6875,0.46958051808901585,0.11108451171334903,0.015027615912127246,0.00197063728345064,0.0005162072581622224
24.691666666666666,0.468728792679005,0.11088237774542956,0.015000251064794346,0.0019670488629565434,0.0005152677900872809
24.695833333333336,0.4678786049729434,0.11068061119171575,0.014972936014293512,0.0019634669746963797,0.0005143300179029556
24.700000000000003,0.46702995219901944,0.11047921138226749,0.014945670669220392,0.001959891606526585,0.0005133939383382903
24.704166666666666,0.46618283158996127,0.11027817764827054,0.01491845493832112,0.0019563227463213102,0.0005124595481262029
24.708333333333332,0.4653372403830215,0.1100775093220323,0.014891288730491718,0.0019527603819723353,0.0005115268440034586
24.712500000000002,0.46449317581997224,0.10987720573698044,0.014864171954777843,0.001949204501389022,0.0005105958227106576
24.71666666666667,0.46365064813515716,0.10967726622765868,0.014837104520374195,0.001945655092498233,0.0005096664809922084
24.720833333333335,0.46280964510175165,0.10947769012972404,0.014810086336624098,0.0019421121432442643,0.0005087388155963087
24.724999999999998,0.4619701612313303,0.10927847677994404,0.014783117313019092,0.00193857564158878,0.0005078128232749255
24.729166666666668,0.46113219380167303,0.10907962551619271,0.014756197359198326,0.0019350455755107305,0.0005068885007837706
24.733333333333334,0.4602957400952537,0.10888113567744882,0.014729326384948307,0.0019315219330063036,0.0005059658448822849
24.7375,0.4594607973992264,0.10868300660379204,0.014702504300202328,0.0019280047020888427,0.0005050448523336142
24.74166666666667,0.4586273630054162,0.1084852376364,0.014675731015040022,0.0019244938707887798,0.0005041255199045893
24.745833333333334,0.45779543421030977,0.10828782811754549,0.014649006439686967,0.0019209894271535728,0.0005032078443657062
24.75,0.45696500831504283,0.10809077739059253,0.014622330484514081,0.0019174913592476179,0.0005022918224911009
24.754166666666666,0.4561360826253942,0.10789408479999463,0.01459570306003737,0.0019139996551522064,0.000501377451058535
24.758333333333336,0.4553086544517733,0.10769774969129076,0.014569124076917347,0.0019105143029654408,0.0005004647268493708
24.762500000000003,0.4544827211092105,0.1075017714111026,0.014542593445958596,0.001907035290802167,0.000499553646648551
24.766666666666666,0.4536582799173484,0.10730614930713184,0.014516111078109371,0.001903562606793912,0.0004986442072445797
24.770833333333332,0.45283532820042766,0.10711088272815582,0.014489676884460996,0.0019000962390887974,0.0004977364054294966
24.775000000000002,0.45201386328728294,0.10691597102402625,0.014463290776247612,0.001896636175851496,0.0004968302379988631
24.77916666666667,0.4511938825113292,0.10672141354566497,0.01443695266484559,0.0018931824052631453,0.0004959257017517367
24.783333333333335,0.45037538321055226,0.10652720964506127,0.014410662461773109,0.001889734915521283,0.0004950227934906516
24.787499999999998,0.44955836272750055,0.10633335867526894,0.014384420078689735,0.0018862936948397834,0.0004941215100215988
24.791666666666668,0.4487428184092701,0.10613985999040239,0.01435822542739584,0.0018828587314487714,0.000493221848154001
24.795833333333334,0.44792874760750173,0.10594671294563486,0.014332078419832334,0.0018794300135945767,0.0004923238047006982
24.8,0.4471161476783659,0.10575391689719457,0.014305978968080089,0.0018760075295396516,0.0004914273764779226
24.80416666666667,0.44630501598255445,0.10556147120236183,0.014279926984359507,0.0018725912675625028,0.0004905325603052787
24.808333333333334,0.44549534988527156,0.10536937521946613,0.014253922381030114,0.001869181215957629,0.0004896393530057235
24.8125,0.44468714675621934,0.10517762830788227,0.014227965070589968,0.001865777363035435,0.0004887477514055425
24.816666666666666,0.44388040396959444,0.10498622982802869,0.014202054965675379,0.0018623796971221867,0.0004878577523343327
24.820833333333336,0.44307511890407353,0.10479517914136333,0.014176191979060369,0.0018589882065599276,0.0004869693526249805
24.825000000000003,0.4422712889428044,0.10460447561038103,0.014150376023656201,0.0018556028797064113,0.00048608254911363974
24.829166666666666,0.44146891147339734,0.10441411859861043,0.014124607012510986,0.0018522237049350384,0.0004851973386397129
24.833333333333332,0.44066798388791084,0.1042241074706103,0.014098884858809111,0.0018488506706347714,0.0004843137180458261
24.837500000000002,0.43986850358284774,0.1040344415919676,0.014073209475870945,0.0018454837652100897,0.00048343168417781405
24.84166666666667,0.4390704679591408,0.10384512032929362,0.014047580777152265,0.0018421229770809054,0.0004825512338846955
24.845833333333335,0.4382738744221447,0.1036561430502211,0.01402199867624385,0.001838768294682497,0.0004816723640186529
24.849999999999998,0.43747872038162555,0.10346750912340139,0.013996463086871047,0.0018354197064654435,0.00048079507143501346
24.854166666666668,0.43668500325174864,0.10327921791850064,0.013970973922893202,0.0018320772008955434,0.0004799193529922234
24.858333333333334,0.4358927204510733,0.10309126880619789,0.013945531098303357,0.001828740766453768,0.0004790452055518335
24.8625,0.4351018694025391,0.10290366115818111,0.013920134527227717,0.0018254103916361744,0.000478172813298723
24.86666666666667,0.4343124475334569,0.10271639881562658,0.01389478412392521,0.001822086064953842,0.0004773027632336698
24.870833333333334,0.4335244522755,0.10252947921842168,0.013869479802787042,0.00181876777493281,0.00047643429691563555
24.875,0.43273788106469036,0.10234289951278276,0.013844221478336152,0.0018154555101139878,0.000475567411474211
24.879166666666666,0.43195273134139406,0.10215665908117397,0.013819009065226925,0.0018121492590531154,0.00047470210404359446
24.883333333333336,0.43116900055030755,0.10197075730713448,0.013793842478244611,0.0018088490103206727,0.0004738383717625706
24.887500000000003,0.43038668614044895,0.10178519357527613,0.01376872163230491,0.0018055547525018209,0.0004729762117744948
24.891666666666666,0.4296057855651483,0.10159996727128098,0.013743646442453553,0.0018022664741963316,0.00047211562122727806
24.895833333333332,0.4288262962820349,0.1014150777818978,0.013718616823865708,0.001798984164018507,0.00047125659727336697
24.900000000000002,0.4280482157530319,0.10123052449494076,0.013693632691845726,0.0017957078105971301,0.0004703991370697325
24.90416666666667,0.4272715414443431,0.10104630679928588,0.013668693961826548,0.0017924374025753847,0.00046954323777784993
24.908333333333335,0.4264962708264437,0.10086242408486872,0.013643800549369298,0.0017891729286107878,0.00046868889656368363
24.912499999999998,0.4257224013740716,0.10067887574268179,0.013618952370162845,0.0017859143773751235,0.00046783611059767117
24.916666666666668,0.4249499305662131,0.10049566116477122,0.013594149340023242,0.0017826617375543616,0.00046698487705470337
24.920833333333334,0.4241788558860991,0.1003127797442354,0.013569391374893434,0.0017794149978486102,0.00046613519311411363
24.925,0.42340917482119106,0.10013023087522131,0.0135446783908427,0.00177617414697203,0.00046528705595965726
24.92916666666667,0.422640884863172,0.09994801395292235,0.013520010304066224,0.0017729391736527734,0.00046444046277949684
24.933333333333334,0.42187398350793703,0.09976612837357571,0.013495387030884657,0.0017697100666329143,0.00046359541076618563
24.9375,0.4211084682555809,0.09958457353445899,0.013470809298243042,0.001766486814668368,0.0004627518971166481
24.941666666666666,0.42034433661039217,0.09940334883388889,0.01344627856526296,0.0017632694065288434,0.0004619099190321694
24.945833333333336,0.41958158608084034,0.09922245367121761,0.013421792503833262,0.0017600578309977584,0.0004610694737183744
24.950000000000003,0.4188202141795662,0.09904188744683047,0.013397351032636753,0.0017568520768721763,0.0004602305583852125
24.954166666666666,0.4180602184233736,0.09886164956214351,0.013372954070496896,0.0017536521329627392,0.00045939317024694236
24.958333333333332,0.4173015963332151,0.09868173941960004,0.013348601536377312,0.0017504579880935859,0.00045855730652211185
24.962500000000002,0.4165443454341876,0.0985021564226691,0.013324293349381563,0.0017472696311023029,0.00045772296443354646
24.96666666666667,0.41578846325551905,0.0983228999758423,0.013300029428752667,0.0017440870508398426,0.0004568901412083301
24.970833333333335,0.41503394733055876,0.09814396948463114,0.013275809693872728,0.001740910236170458,0.0004560588340777887
24.974999999999998,0.4142807951967691,0.09796536435556455,0.013251634064262593,0.001737740026334332,0.0004552290402774755
24.979166666666668,0.4135290043957113,0.09778708399618562,0.013227502459581354,0.0017345759978633197,0.00045440075704715054
24.983333333333334,0.41277857247304084,0.09760912781505017,0.01320341479962613,0.001731417738222496,0.00045357398163076943
24.9875,0.41202949697849467,0.09743149522172316,0.013179371004331574,0.001728265236852859,0.0004527487112764642
24.99166666666667,0.41128177546588096,0.09725418562677639,0.013155370993769512,0.0017251184832124474,0.00045192494323652684
24.995833333333334,0.41053540549307094,0.09707719844178596,0.0131314146881486,0.0017219774667762923,0.000451102674767394
25.0,0.409790384621985,0.09690053307932894,0.013107502007813819,0.0017188421770363462,0.00045028190312962764
25.004166666666666,0.409046710418588,0.09672418895298189,0.01308363287324626,0.0017157126035014505,0.0004494626255879029
25.008333333333336,0.40830438045287565,0.09654816547731743,0.013059807205062635,0.0017125887356972654,0.00044864483941098896
25.012500000000003,0.4075633922988659,0.09637246206790179,0.013036024924014919,0.0017094705631662188,0.00044782854187173297
25.016666666666666,0.40682374353458917,0.09619707814129237,0.01301228595098999,0.001706358075467454,0.00044701373024704486
25.020833333333332,0.40608543174207556,0.0960220131150344,0.012988590207009147,0.0017032512621767638,0.0004462004018178772
25.025000000000002,0.40534845450734913,0.09584726640765934,0.012964937613227869,0.0017001501128865518,0.00044538855386921434
25.02916666666667,0.4046128094204157,0.09567283743868162,0.012941328090935355,0.0016970546172057675,0.0004445781836900516
25.033333333333335,0.4038784940752528,0.09549872562859604,0.012917761561554138,0.0016939647647598519,0.000443769288573381
25.037499999999998,0.40314550606980104,0.0953249303988755,0.012894237946639749,0.0016908805451906885,0.000442961865816175
25.041666666666668,0.40241384300595,0.09515145117196751,0.01287075716788021,0.0016878019481565327,0.00044215591271936597
25.045833333333334,0.40168350248953444,0.09497828737129262,0.012847319147095833,0.0016847289633319786,0.0004413514265878363
25.05,0.40095448213032003,0.09480543842124117,0.012823923806238703,0.0016816615804078898,0.0004405484047303976
25.05416666666667,0.40022677954199465,0.09463290374717082,0.01280057106739235,0.0016785997890913465,0.0004397468444597756
25.058333333333334,0.39950039234215906,0.09446068277540402,0.01277726085277137,0.001675543579105597,0.0004389467430925941
25.0625,0.3987753181523136,0.09428877493322468,0.012753993084720935,0.0016724929401899862,0.0004381480979493554
25.066666666666666,0.39805155459785346,0.0941171796488767,0.012730767685716597,0.0016694478620999235,0.00043735090635442915
25.070833333333336,0.397329099308055,0.09394589635156049,0.01270758457836377,0.0016664083346068109,0.0004365551656360322
25.075000000000003,0.396607949916067,0.09377492447143065,0.012684443685397376,0.001663374347497996,0.0004357608731262133
25.079166666666666,0.39588810405890085,0.0936042634395934,0.012661344929681512,0.0016603458905767154,0.00043496802616083726
25.083333333333332,0.39516957175721884,0.09343391268810324,0.012638288234208926,0.0016573229536620303,0.00043417662207956525
25.087500000000002,0.3944523415559038,0.0932638716499615,0.012615273522100824,0.0016543055265887895,0.00043338665822584353
25.09166666666667,0.3937364085512744,0.0930941397591129,0.01259230071660636,0.001651293599207562,0.00043259813194688356
25.095833333333335,0.39302177041283,0.09292471645044306,0.012569369741102296,0.0016482871613845839,0.00043181104059364644
25.099999999999998,0.392308424814102,0.09275560115977617,0.012546480519092624,0.0016452862030017096,0.00043102538152082717
25.104166666666668,0.3915963694326426,0.09258679332387151,0.012523632974208103,0.00164229071395634,0.00043024115208683525
25.108333333333334,0.39088560195002103,0.092418292380422,0.01250082703020601,0.0016393006841613905,0.0004294583496537828
25.1125,0.3901761200518107,0.09225009776805078,0.012478062610969667,0.00163631610354522,0.000428676971587465
25.11666666666667,0.38946792142758246,0.09208220892630872,0.012455339640508083,0.001633336962051583,0.00042789701525734476
25.120833333333334,0.3887610037708954,0.09191462529567213,0.012432658042955583,0.0016303632496395735,0.0004271184780365368
25.125,0.38805536477928587,0.09174734631753918,0.01241001774257134,0.0016273949562835594,0.0004263413573017878
25.129166666666666,0.3873510021542631,0.09158037143422858,0.012387418663739139,0.0016244320719731476,0.0004255656504334653
25.133333333333336,0.3866479136012972,0.09141370008897602,0.012364860730966883,0.001621474586713114,0.0004247913548155376
25.137500000000003,0.3859460968298114,0.09124733172593186,0.01234234386888625,0.0016185224905233542,0.0004240184678355586
25.141666666666666,0.38524554955317386,0.0910812657901586,0.01231986800225232,0.0016155757734388296,0.0004232469868846519
25.145833333333332,0.3845462694886863,0.09091550172762757,0.012297433055943104,0.0016126344255095002,0.00042247690935749086
25.150000000000002,0.38384825435757913,0.09075003898521733,0.01227503895495931,0.00160969843680029,0.00042170823265228743
25.15416666666667,0.38315150188500036,0.0905848770107104,0.012252685624423845,0.0016067677973910174,0.00042094095417077285
25.158333333333335,0.382456009800007,0.09042001525279067,0.01223037298958148,0.001603842497376345,0.0004201750713181809
25.162499999999998,0.3817617758355577,0.0902554531610411,0.012208100975798471,0.0016009225268657267,0.00041941058150323337
25.166666666666668,0.3810687977285003,0.09009119018594024,0.01218586950856209,0.0015980078759833406,0.00041864748213811976
25.170833333333334,0.380377073219568,0.0899272257788608,0.012163678513480379,0.0015950985348680525,0.000417885770638486
25.175,0.37968660005336785,0.08976355939206612,0.012141527916281682,0.0015921944936733497,0.00041712544442341475
25.17916666666667,0.378997375978372,0.08960019047870796,0.012119417642814278,0.001589295742567287,0.0004163665009154097
25.183333333333334,0.37830939874691066,0.0894371184928238,0.01209734761904602,0.0015864022717324373,0.00041560893754038
25.1875,0.37762266611515927,0.08927434288933365,0.012075317771063859,0.001583514071365821,0.00041485275172762037
25.191666666666666,0.3769371758431352,0.08911186312403843,0.012053328025073607,0.0015806311316788734,0.0004140979409098001
25.195833333333336,0.37625292569468544,0.08894967865361664,0.012031378307399452,0.0015777534428973743,0.00041334450252294286
25.200000000000003,0.3755699134374789,0.08878778893562186,0.012009468544483606,0.0015748809952613972,0.00041259243400641103
25.204166666666666,0.3748881368429984,0.08862619342848044,0.011987598662885937,0.0015720137790252585,0.0004118417328028907
25.208333333333332,0.3742075936865283,0.08846489159148789,0.011965768589283507,0.0015691517844574486,0.0004110923963583712
25.212500000000002,0.37352828174715147,0.08830388288480759,0.011943978250470305,0.001566295001840595,0.0004103444221221344
25.21666666666667,0.37285019880773623,0.0881431667694673,0.011922227573356793,0.001563443421471397,0.00040959780754673406
25.220833333333335,0.3721733426549294,0.08798274270735672,0.011900516484969533,0.0015605970336605736,0.0004088525500879811
25.224999999999998,0.3714977110791477,0.08782261016122503,0.011878844912450838,0.0015577558287328095,0.00040810864720492736
25.229166666666668,0.37082330187456614,0.08766276859467761,0.011857212783058284,0.0015549197970266889,0.0004073660963598464
25.233333333333334,0.37015011283911375,0.08750321747217436,0.011835620024164476,0.0015520889288946596,0.00040662489501822144
25.2375,0.3694781417744619,0.08734395625902651,0.011814066563256563,0.0015492632147029663,0.00040588504064872634
25.24166666666667,0.36880738648601646,0.08718498442139398,0.011792552327935886,0.001546442644831596,0.0004051465307232092
25.245833333333334,0.3681378447829095,0.08702630142628308,0.011771077245917612,0.0015436272096742293,0.0004044093627166773
25.25,0.3674695144779877,0.08686790674154307,0.011749641245030265,0.00154081689963817,0.0004036735341072775
25.254166666666666,0.36680239338780796,0.08670979983586467,0.011728244253215477,0.0015380117051443118,0.0004029390423762842
25.258333333333336,0.3661364793326258,0.08655198504347156,0.011706886198527508,0.001535211616627069,0.0004022058850080799
25.262500000000003,0.36547177013638765,0.08639445938552649,0.0116855670091329,0.0015324166245343233,0.0004014740594901397
25.266666666666666,0.36480826362672203,0.0862372202358233,0.011664286613310098,0.001529626719327377,0.0004007435633130156
25.270833333333332,0.36414595763492863,0.08608026707341973,0.011643044939448993,0.001526841891480879,0.0004000143939703168
25.275000000000002,0.3634848499959737,0.08592359937828628,0.011621841916050661,0.001524062131482794,0.0003992865489586982
25.27916666666667,0.36282493854847836,0.08576721663130328,0.011600677471726903,0.001521287429834331,0.0003985600257778405
25.283333333333335,0.3621662211347105,0.08561111831425885,0.01157955153519987,0.0015185177770498945,0.000397834821930435
25.287499999999998,0.3615086956005769,0.08545530390984687,0.011558464035301723,0.0015157531636570305,0.0003971109349221675
25.291666666666668,0.36085235979561153,0.08529977290166416,0.011537414900974124,0.0015129935801963612,0.0003963883622616993
25.295833333333334,0.3601972115729712,0.08514452477420922,0.011516404061268035,0.0015102390172215465,0.00039566710146065465
25.3,0.35954324878942395,0.08498955901287955,0.011495431445343197,0.0015074894652992166,0.000394947150033602
25.30416666666667,0.3588904693053407,0.08483487510396935,0.011474496982467818,0.0015047449150089236,0.000394228505498038
25.308333333333334,0.35823887098468765,0.08468047253466775,0.011453600602018162,0.0015020053569430843,0.00039351116537437173
25.3125,0.3575884516950145,0.08452635079305579,0.011432742233478115,0.0014992707817069182,0.0003927951271859055
25.316666666666666,0.35693920930745,0.08437250936810536,0.011411921806438918,0.001496541179918406,0.0003920803884588227
25.320833333333336,0.3562911416966903,0.0842189477496762,0.011391139250598701,0.0014938165422082263,0.0003913669467221687
25.325000000000003,0.35564424674099093,0.084065665428514,0.011370394495762123,0.0014910968592197022,0.00039065479950783444
25.329166666666666,0.3549985223221589,0.08391266189624828,0.01134968747184,0.0014883821216087488,0.00038994394435054206
25.333333333333332,0.354353966325541,0.08375993664538965,0.011329018108848841,0.0014856723200438067,0.0003892343787878239
25.337500000000002,0.35371057664001915,0.08360748916932853,0.011308386336910607,0.0014829674452058053,0.00038852610036001195
25.34166666666667,0.3530683511579992,0.0834553189623322,0.011287792086252219,0.0014802674877880952,0.0003878191066102174
25.345833333333335,0.35242728777540255,0.0833034255195431,0.011267235287205215,0.0014775724384963969,0.00038711339508431576
25.349999999999998,0.3517873843916585,0.08315180833697645,0.011246715870205384,0.0014748822880487488,0.00038640896333093036
25.354166666666668,0.35114863890969217,0.08300046691151755,0.011226233765792291,0.0014721970271754396,0.0003857058089014137
25.358333333333334,0.3505110492359202,0.08284940074092062,0.011205788904609017,0.001469516646618971,0.00038500392934983496
25.3625,0.3498746132802396,0.08269860932380592,0.01118538121740171,0.0014668411371339925,0.00038430332223296135
25.36666666666667,0.34923932895601895,0.08254809215965762,0.011165010635019217,0.0014641704894872475,0.00038360398511024104
25.370833333333334,0.348605194180091,0.082397848748822,0.011144677088412703,0.0014615046944575234,0.000382905915543789
25.375,0.34797220687274083,0.08224787859250433,0.011124380508635208,0.0014588437428355808,0.00038220911109836667
25.379166666666666,0.3473403649577014,0.08209818119276795,0.011104120826841372,0.0014561876254241225,0.0003815135693413701
25.383333333333336,0.34670966636214184,0.08194875605253109,0.011083897974286985,0.0014535363330377199,0.0003808192878428109
25.387500000000003,0.3460801090166597,0.08179960267556524,0.011063711882328608,0.0014508898565027666,0.0003801262641753004
25.391666666666666,0.34545169085527266,0.08165072056649277,0.011043562482423231,0.0014482481866574222,0.00037943449591403374
25.395833333333332,0.344824409815407,0.08150210923078426,0.011023449706127769,0.0014456113143515488,0.00037874398063677053
25.400000000000002,0.34419826383789337,0.08135376817475728,0.011003373485098854,0.0014429792304466711,0.0003780547159238235
25.40416666666667,0.34357325086695467,0.08120569690557355,0.010983333751092329,0.0014403519258159117,0.00037736669935803786
25.408333333333335,0.3429493688501986,0.08105789493123684,0.010963330435962907,0.0014377293913439375,0.00037667992852477686
25.412499999999998,0.3423266157386092,0.08091036176059106,0.010943363471663798,0.0014351116179269082,0.00037599440101190564
25.416666666666668,0.34170498948653566,0.08076309690331727,0.010923432790246242,0.0014324985964724107,0.0003753101144097714
25.420833333333334,0.3410844880516874,0.08061609986993261,0.010903538323859265,0.0014298903178994193,0.00037462706631119193
25.425,0.34046510939512287,0.0804693701717874,0.010883680004749196,0.0014272867731382314,0.0003739452543114364
25.42916666666667,0.3398468514812411,0.08032290732106308,0.01086385776525931,0.0014246879531304144,0.00037326467600820915
25.433333333333334,0.3392297122777743,0.08017671083077023,0.010844071537829472,0.001422093848828753,0.00037258532900163397
25.4375,0.33861368975577555,0.08003078021474573,0.010824321254995658,0.0014195044511971845,0.0003719072108942354
25.441666666666666,0.33799878188961496,0.0798851149876515,0.010804606871085407,0.001416919751210758,0.00037123031929092596
25.445833333333336,0.3373849866569675,0.07973971466497173,0.010784931194288997,0.001414339739855573,0.0003705546517989873
25.450000000000003,0.3367723133898916,0.07959457876301078,0.010765291360570934,0.0014117644081287205,0.0003698802060280542
25.454166666666666,0.33616075166890336,0.0794497067988912,0.010745687304579647,0.001409193747038238,0.00036920697959009905
25.458333333333332,0.3355502971986428,0.07930509829055087,0.010726118961073986,0.0014066277476030367,0.00036853497009941254
25.462500000000002,0.33494094798556917,0.07916075275674178,0.010706586264923042,0.0014040664008528685,0.0003678641751725912
25.46666666666667,0.3343327020396037,0.07901666971702725,0.010687089151105734,0.0014015096978282576,0.0003671945924285187
25.470833333333335,0.33372555737412263,0.07887284869177978,0.010667627554710526,0.0013989576295804476,0.0003665262194883497
25.474999999999998,0.3331195120059499,0.07872928920217917,0.01064820141093512,0.001396410187171351,0.00036585905397549417
25.479166666666668,0.33251456395534756,0.07858599077020957,0.010628810655086062,0.0013938673616734816,0.0003651930935155983
25.483333333333334,0.3319107112460111,0.07844295291865828,0.010609455222578544,0.0013913291441699177,0.00036452833573653203
25.4875,0.33130795190506024,0.07830017517111298,0.010590135048936019,0.0013887955257542348,0.0003638647782683703
25.49166666666667,0.3307062839630314,0.07815765705195965,0.010570850069789878,0.0013862664975304534,0.0003632024187433768
25.495833333333334,0.3301057054538708,0.07801539808638049,0.010551600220879188,0.001383742050612988,0.0003625412547959886
25.5,0.32950621441492434,0.07787339780035123,0.010532385438050254,0.0013812221761265802,0.00036188128406279655
25.504166666666666,0.3289078088869337,0.07773165572063971,0.010513205657256471,0.0013787068652062594,0.00036122250418253347
25.508333333333336,0.32831048691402637,0.07759017137480329,0.010494060814557882,0.0013761961089972785,0.0003605649127960548
25.512500000000003,0.32771424654370856,0.07744894429118655,0.010474950846120913,0.0013736898986550618,0.0003599085075463225
25.516666666666666,0.3271190858268581,0.0773079739989195,0.010455875688218048,0.0013711882253451505,0.00035925328607839
25.520833333333332,0.3265250028177145,0.0771672600279146,0.010436835277227463,0.001368691080243138,0.0003585992460393823
25.525000000000002,0.32593199557387503,0.07702680190886559,0.010417829549632811,0.0013661984545346331,0.0003579463850784842
25.52916666666667,0.3253400621562844,0.07688659917324463,0.010398858442022816,0.0013637103394151906,0.0003572947008469208
25.533333333333335,0.3247492006292282,0.07674665135330029,0.010379921891091005,0.0013612267260902627,0.00035664419099794216
25.537499999999998,0.3241594090603254,0.07660695798205555,0.010361019833635382,0.0013587476057751436,0.0003559948531868069
25.541666666666668,0.32357068552051865,0.07646751859330492,0.010342152206558054,0.0013562729696949063,0.0003553466850707636
25.545833333333334,0.32298302808407015,0.0763283327216132,0.010323318946865017,0.0013538028090843614,0.00035469968430903846
25.55,0.3223964348285516,0.07618939990231272,0.010304519991665763,0.0013513371151879937,0.00035405384856281567
25.55416666666667,0.32181090383483735,0.07605071967150127,0.010285755278172999,0.0013488758792599078,0.00035340917549522204
25.558333333333334,0.3212264331870971,0.07591229156604004,0.010267024743702328,0.0013464190925637771,0.00035276566277131147
25.5625,0.32064302097278613,0.07577411512355083,0.010248328325671859,0.0013439667463727787,0.00035212330805804503
25.566666666666666,0.3200606652826413,0.07563618988241483,0.010229665961602024,0.001341518831969552,0.0003514821090242795
25.570833333333336,0.3194793642106706,0.07549851538176972,0.010211037589115162,0.0013390753406461351,0.00035084206334074755
25.575000000000003,0.31889911585414676,0.07536109116150776,0.010192443145935233,0.001336636263703913,0.0003502031686800423
25.579166666666666,0.3183199183135999,0.07522391676227366,0.010173882569887518,0.0013342018948119417,0.0003495654227166019
25.583333333333332,0.3177417696928073,0.07508699172546177,0.010155355798898223,0.0013317729496759793,0.0003489288231266894
25.587500000000002,0.31716466809878985,0.07495031559321487,0.010136862770994279,0.001329348430836608,0.0003482933675883813
25.59166666666667,0.31658861164180185,0.07481388790842132,0.010118403424302959,0.0013269283301777786,0.00034765905378154833
25.595833333333335,0.31601359843532373,0.0746777082147131,0.010099977697051555,0.0013245126395967765,0.0003470258793878391
25.600000000000005,0.3154396265960546,0.07454177605646348,0.010081585527567088,0.0013221013510041795,0.00034639384209066436
25.604166666666668,0.3148666942439059,0.07440609097878512,0.010063226854275999,0.0013196944563238216,0.0003457629395751806
25.608333333333334,0.3142947995019898,0.0742706525275272,0.010044901615703747,0.0013172919474927402,0.0003451331695282718
25.6125,0.3137239404966169,0.07413546024927417,0.01002660975047462,0.0013148938164611545,0.0003445045296385361
25.61666666666667,0.31315411535728516,0.07400051369134296,0.01000835119731135,0.0013125000551924102,0.00034387704236714893
25.620833333333337,0.31258532221667334,0.07386581240178088,0.009990125895034774,0.001310110655662946,0.0003432514710369475
25.625,0.3120175592106336,0.07373135592936363,0.009971933782563596,0.001307725609862253,0.0003426270416832405
25.629166666666666,0.31145082447818195,0.07359714382359255,0.009953774798913946,0.0013053449097928252,0.000342003752218079
25.633333333333336,0.3108851161614937,0.07346317563469325,0.009935648883199191,0.0013029685474701337,0.00034138160055650847
25.637500000000003,0.3103204324058942,0.0733294509136129,0.00991755597462956,0.0013005965149225766,0.00034076058461655315
25.64166666666667,0.30975677135985075,0.07319596921201807,0.00989949601251182,0.0012982288041914407,0.00034014070231920454
25.645833333333332,0.30919413117496675,0.07306273008229285,0.009881468936248998,0.0012958654073308646,0.00033952195158840895
25.650000000000002,0.3086325100059708,0.07292973717528081,0.009863474685339971,0.001293506316407786,0.0003389043303510523
25.65416666666667,0.30807190601071316,0.07279698771736937,0.00984551319937928,0.0012911515235019195,0.0003382878365369512
25.658333333333335,0.3075123173501555,0.07266447974897895,0.009827584418056728,0.0012888010207057026,0.00033767246807883835
25.662500000000005,0.3069537421883642,0.07253221283100186,0.00980968828115708,0.0012864548001242611,0.0003370582229123493
25.666666666666668,0.30639617869250263,0.0724001865251049,0.009791824728559778,0.0012841128538753686,0.00033644509897601136
25.670833333333334,0.30583962503282197,0.07226840039372687,0.009773993700238529,0.0012817751740893972,0.00033583309421122835
25.675,0.3052840793826569,0.07213685400007779,0.009756195136261116,0.0012794417529092927,0.0003352222065622708
25.67916666666667,0.3047295399184152,0.07200554690813628,0.009738428976789004,0.0012771125824905221,0.000334612433976262
25.683333333333337,0.3041760048195713,0.07187447868264803,0.00972069516207704,0.0012747876550010387,0.00033400377440316495
25.6875,0.303623472268659,0.07174364888912402,0.009702993632473152,0.0012724669626212406,0.00033339622579577077
25.691666666666666,0.30307194045126135,0.0716130570938381,0.009685324328417958,0.0012701504975439239,0.00033278978610968337
25.695833333333336,0.3025214075560067,0.0714827028638261,0.009667687190444571,0.0012678382519742534,0.0003321844533033104
25.700000000000003,0.30197187177455903,0.07135258576688341,0.009650082159178196,0.0012655302181297167,0.00033158022533784847
25.70416666666667,0.3014233313016103,0.0712227053715632,0.009632509175335832,0.001263226388240081,0.0003309771001772705
25.708333333333332,0.3008757843348741,0.07109306124717482,0.009614968179725986,0.001260926754547361,0.00033037507578831426
25.712500000000002,0.30032922907507514,0.07096365296378138,0.009597459113248266,0.0012586313093057623,0.0003297741501404665
25.71666666666667,0.29978366372594534,0.07083448009219874,0.00957998191689319,0.001256340044781662,0.0003291743212059547
25.720833333333335,0.29923908649421405,0.07070554220399311,0.009562536531741779,0.0012540529532535532,0.00032857558695973164
25.725000000000005,0.2986954955896008,0.07057683887147945,0.009545122898965279,0.00125177002701201,0.000327977945379463
25.729166666666668,0.2981528892248083,0.07044836966771963,0.009527740959824846,0.0012494912583596494,0.00032738139444551565
25.733333333333334,0.2976112656155125,0.07032013416652012,0.009510390655671159,0.0012472166396110796,0.0003267859321409423
25.7375,0.29707062298035875,0.07019213194243105,0.009493071927944217,0.0012449461630928745,0.0003261915564514729
25.74166666666667,0.29653095954095127,0.07006436257074365,0.009475784718172953,0.001242679821143526,0.0003255982653654989
25.745833333333337,0.29599227352184665,0.06993682562748879,0.009458528967974923,0.0012404176061134018,0.0003250060568740616
25.75,0.2954545631505466,0.06980952068943506,0.00944130461905602,0.001238159510364711,0.00032441492897083984
25.754166666666666,0.29491782665748806,0.06968244733408652,0.009424111613210074,0.0012359055262714524,0.00032382487965213505
25.758333333333336,0.29438206227603897,0.06955560513968163,0.009406949892318649,0.0012336556462193887,0.000323235906916862
25.762500000000003,0.2938472682424885,0.06942899368519098,0.009389819398350657,0.001231409862605996,0.0003226480087665342
25.76666666666667,0.2933134427960398,0.0693026125503154,0.009372720073362062,0.0012291681678404272,0.0003220611832052508
25.770833333333332,0.29278058417880337,0.06917646131548445,0.009355651859495561,0.0012269305543434724,0.0003214754282396857
25.775000000000002,0.2922486906357864,0.0690505395618539,0.00933861469898022,0.0012246970145475095,0.00032089074187907136
25.77916666666667,0.2917177604148895,0.06892484687130483,0.009321608534131248,0.0012224675408964785,0.00032030712213519067
25.783333333333335,0.2911877917668962,0.06879938282644121,0.009304633307349623,0.0012202421258458306,0.0003197245670223613
25.787500000000005,0.29065878294546593,0.06867414701058816,0.009287688961121782,0.0012180207618624915,0.0003191430745574237
25.791666666666668,0.2901307322071274,0.0685491390077903,0.009270775438019319,0.0012158034414248224,0.00031856264275972895
25.795833333333334,0.2896036378112682,0.06842435840280935,0.009253892680698612,0.0012135901570225686,0.0003179832696511238
25.8,0.28907749802013083,0.06829980478112313,0.009237040631900598,0.0012113809011568373,0.00031740495325594176
25.80416666666667,0.28855231109880297,0.06817547772892321,0.009220219234450395,0.0012091756663400433,0.0003168276916009874
25.808333333333337,0.28802807531521013,0.06805137683311316,0.009203428431256998,0.0012069744450958744,0.0003162514827155252
25.8125,0.2875047889401089,0.06792750168130685,0.00918666816531298,0.0012047772299592517,0.00031567632463126634
25.816666666666666,0.28698246031857283,0.06780385186182612,0.00916993837969411,0.001202584013476278,0.00031510221538235447
25.820833333333336,0.2864610802177341,0.06768042696369972,0.009153239017559128,0.001200394788204216,0.0003145291530053563
25.825000000000003,0.28594064494159965,0.06755722657666104,0.00913657002214938,0.001198209546711434,0.00031395713553924646
25.82916666666667,0.28542115278599484,0.06743425029114622,0.009119931336788494,0.0011960282815773697,0.0003133861610253957
25.833333333333332,0.28490260204971507,0.06731149769829259,0.009103322904882107,0.001193850985392494,0.0003128162275075585
25.837500000000002,0.28438499103451664,0.06718896838993631,0.009086744669917452,0.0011916776507582567,0.0003122473330318579
25.84166666666667,0.2838683180451137,0.06706666195861125,0.009070196575463162,0.0011895082702870637,0.0003116794756467767
25.845833333333335,0.28335258138916924,0.0669445779975467,0.009053678565168883,0.001187342836602227,0.00031111265340314225
25.850000000000005,0.28283777937728904,0.06682271610066566,0.009037190582764964,0.0011851813423379245,0.00031054686435411446
25.854166666666668,0.28232391032301585,0.06670107586258309,0.009020732572062179,0.001183023780139164,0.0003099821065551735
25.858333333333334,0.28181097254282017,0.0665796568786036,0.00900430447695131,0.0011808701426617321,0.0003094183780641048
25.8625,0.2812989643560969,0.06645845874472038,0.008987906241402957,0.0011787204225721685,0.00030885567694099
25.86666666666667,0.2807878840851572,0.06633748105761285,0.008971537809467155,0.0011765746125477154,0.000308294001248192
25.870833333333337,0.28027773005522155,0.066216723414645,0.00895519912527305,0.0011744327052762807,0.0003077333490503424
25.875,0.2797685005944143,0.0660961854138636,0.008938890133028631,0.0011722946934563999,0.00030717371841433003
25.879166666666666,0.2792601940337545,0.06597586665399592,0.00892261077702031,0.0011701605697971833,0.00030661510740928534
25.883333333333336,0.2787528087071527,0.06585576673444865,0.008906361001612746,0.0011680303270182944,0.0003060575141065716
25.887500000000003,0.27824634295140227,0.06573588525530555,0.008890140751248424,0.001165903957849896,0.0003055009365797697
25.89166666666667,0.27774079510617294,0.06561622181732572,0.008873949970447383,0.0011637814550326138,0.00030494537290466617
25.895833333333332,0.27723616351400526,0.06549677602194198,0.008857788603806899,0.0011616628113174992,0.00030439082115924095
25.900000000000002,0.27673244652030116,0.06537754747125842,0.008841656596001104,0.0011595480194659781,0.00030383727942365235
25.90416666666667,0.2762296424733212,0.06525853576804938,0.008825553891780776,0.0011574370722498245,0.00030328474578022785
25.908333333333335,0.2757277497241755,0.06513974051575715,0.008809480435972957,0.0011553299624511113,0.00030273321831344953
25.912500000000005,0.2752267666268176,0.0650211613184902,0.008793436173480634,0.0011532266828621722,0.0003021826951099411
25.916666666666668,0.2747266915380385,0.06490279778102151,0.00877742104928247,0.0011511272262855635,0.00030163317425845656
25.920833333333334,0.27422752281745777,0.06478464950878618,0.008761435008432385,0.001149031585534014,0.00030108465384986473
25.925,0.2737292588275202,0.06466671610788044,0.008745477996059367,0.0011469397534303993,0.0003005371319771404
25.92916666666667,0.2732318979334872,0.06454899718505924,0.008729549957367083,0.0011448517228076912,0.000299990606735349
25.933333333333337,0.27273543850343046,0.06443149234773463,0.00871365083763356,0.0011427674865089191,0.00029944507622163454
25.9375,0.2722398789082261,0.06431420120397388,0.008697780582210919,0.0011406870373871347,0.0002989005385352079
25.941666666666666,0.27174521752154546,0.06419712336249737,0.008681939136524952,0.0011386103683053586,0.00029835699177733105
25.945833333333336,0.2712514527198524,0.06408025843267734,0.008666126446074942,0.0011365374721365568,0.0002978144340513086
25.950000000000003,0.27075858288239396,0.06396360602453563,0.008650345519996374,0.0011344683417635886,0.00029727286346247254
25.95416666666667,0.2702666063911945,0.06384716574874197,0.008634594348912615,0.00113240297007917,0.0002967322781181696
25.958333333333332,0.2697755216310495,0.06373093721661224,0.00861887189198715,0.001130341349985836,0.0002961926761277504
25.962500000000002,0.269285326989517,0.06361492004010616,0.008603178096812693,0.0011282834743958886,0.0002956540556025526
25.96666666666667,0.268796020856914,0.06349911383182623,0.00858751291106835,0.0011262293362313722,0.00029511641465589377
25.970833333333335,0.2683076016263078,0.06338351820501534,0.008571876282519274,0.0011241789284240243,0.00029457975140305463
25.975000000000005,0.2678200676935098,0.06326813277355513,0.008556268159016424,0.0011221322439152355,0.0002940440639612683
25.979166666666668,0.2673334174570696,0.06315295715196421,0.008540688488496305,0.001120089275656013,0.00029350935044970665
25.983333333333334,0.26684764931826616,0.06303799095539588,0.008525137218980641,0.0011180500166069296,0.00029297560898946693
25.9875,0.2663627616811041,0.06292323379963705,0.008509614298576215,0.0011160144597380992,0.0002924428377035618
25.99166666666667,0.2658787529523056,0.06280868530110584,0.00849411967547453,0.0011139825980291233,0.00029191103471690384
25.995833333333337,0.2653956215413036,0.06269434507685,0.008478653297951555,0.0011119544244690585,0.00029138019815629426
26.0,0.2649133658602362,0.06258021274454506,0.008463215114367489,0.0011099299320563721,0.0002908503261504106
26.004166666666666,0.2644319843239377,0.062466287922492106,0.008447805073166415,0.001107909113798898,0.00029032141682979124
26.008333333333336,0.2639514753499353,0.062352570229616586,0.008432423122876143,0.0011058919627138066,0.00028979346832682686
26.012500000000003,0.26347183735844004,0.06223905928546613,0.008417069212107876,0.0011038784718275557,0.0002892664787757449
26.01666666666667,0.26299306877234113,0.06212575471020871,0.008401743289555955,0.0011018686341758544,0.0002887404463125976
26.020833333333332,0.26251516801719965,0.06201265612463098,0.00838644530399762,0.001099862442803621,0.00028821536907525027
26.025000000000002,0.2620381335212397,0.061899763150135935,0.008371175204292668,0.0010978598907649389,0.0002876912452033656
26.02916666666667,0.26156196371534546,0.06178707540874189,0.008355932939383286,0.0010958609711230233,0.00028716807283839496
26.033333333333335,0.26108665703305156,0.061674592523080045,0.008340718458293733,0.0010938656769501785,0.0002866458501235634
26.037500000000005,0.2606122119105378,0.061562314116392826,0.008325531710130077,0.001091874001327754,0.00028612457520385684
26.041666666666668,0.26013862678662286,0.06145024299355222,0.008310372644079946,0.0010898859373461097,0.0002856042462260113
26.045833333333334,0.2596659001027553,0.061338376784258186,0.008295241209412203,0.0010879014781045655,0.0002850848613384964
26.05,0.2591940303030103,0.061226714117876065,0.008280137355476775,0.001085920616711374,0.00028456641869150707
26.05416666666667,0.25872301583408097,0.06111525462428399,0.008265061031704324,0.0010839433462836716,0.0002840489164369484
26.058333333333337,0.25825285514527235,0.061003997934012726,0.00825001218760599,0.00108196965994744,0.00028353235272842326
26.0625,0.2577835466884949,0.060892943678244195,0.008234990772773157,0.0010799995508374682,0.0002830167257212205
26.066666666666666,0.2573150889182561,0.0607820914888094,0.008219996736877101,0.0010780330120973027,0.00028250203357229985
26.070833333333336,0.25684748029165716,0.060671440998187644,0.008205030029668839,0.0010760700368792212,0.0002819882744402824
26.075000000000003,0.2563807192683839,0.06056099183950447,0.008190090600978785,0.0010741106183441828,0.00028147544648543624
26.07916666666667,0.2559148043107008,0.06045074364653013,0.00817517840071652,0.0010721547496617893,0.00028096354786966355
26.083333333333332,0.255449733883445,0.06034069605367825,0.008160293378870519,0.0010702024240102485,0.0002804525767564891
26.087500000000002,0.2549855064540176,0.06023084869600376,0.008145435485507831,0.0010682536345763233,0.00027994253131104517
26.09166666666667,0.2545221204923799,0.06012120120920194,0.008130604670773917,0.0010663083745553045,0.00027943340970006206
26.095833333333335,0.254059574471045,0.060011753229606515,0.008115800884892305,0.0010643666371509635,0.0002789252100918534
26.100000000000005,0.25359786686507174,0.059902504394188115,0.008101024078164352,0.0010624284155755117,0.00027841793065630337
26.104166666666668,0.25313699615205826,0.059793454340552915,0.008086274200968989,0.0010604937030495643,0.0002779115695648558
26.108333333333334,0.2526769608121336,0.05968460270694046,0.008071551203762389,0.0010585624928020894,0.0002774061249904981
26.1125,0.252217759327954,0.05957594913222291,0.008056855037077804,0.001056634778070381,0.00027690159510775227
26.11666666666667,0.2517593901846944,0.059467493255902976,0.008042185651525235,0.0010547105521000115,0.0002763979780926603
26.120833333333337,0.2513018518700423,0.05935923471811251,0.00802754299779117,0.0010527898081447908,0.00027589527212277154
26.125,0.25084514287419146,0.05925117315961094,0.008012927026638342,0.0010508725394667306,0.000275393475377131
26.129166666666666,0.25038926168983344,0.05914330822178337,0.00799833768890541,0.0010489587393359933,0.0002748925860362641
26.133333333333336,0.24993420681215403,0.059035639546639575,0.007983774935506767,0.0010470484010308655,0.0002743926022821677
26.137500000000003,0.24947997673882438,0.05892816677681214,0.007969238717432228,0.0010451415178377096,0.0002738935222982946
26.14166666666667,0.24902656996999536,0.05882088955555483,0.007954728985746774,0.0010432380830509233,0.00027339534426954197
26.145833333333332,0.24857398500829075,0.05871380752674129,0.007940245691590304,0.0010413380899729034,0.0002728980663822391
26.150000000000002,0.24812222035879933,0.058606920334862866,0.007925788786177296,0.0010394415319139965,0.000272401686824132
26.15416666666667,0.24767127452907076,0.058500227625027885,0.007911358220796647,0.0010375484021924702,0.0002719062037843749
26.158333333333335,0.24722114602910725,0.05839372904295951,0.007896953946811348,0.0010356586941344661,0.00027141161545351453
26.162500000000005,0.24677183337135722,0.058287424234994334,0.007882575915658219,0.0010337724010739593,0.0002709179200234784
26.166666666666668,0.24632333507070944,0.05818131284808094,0.007868224078847663,0.0010318895163527206,0.00027042511568756264
26.170833333333334,0.24587564964448422,0.05807539452977782,0.00785389838796335,0.0010300100333202698,0.0002699332006404171
26.175,0.24542877561242976,0.05796966892825257,0.007839598794662034,0.0010281339453338451,0.00026944217307803574
26.17916666666667,0.2449827114967137,0.057864135692279835,0.007825325250673216,0.0010262612457583556,0.00026895203119774207
26.183333333333337,0.24453746471563512,0.05775879447123981,0.007811077707798921,0.0010243919279663428,0.0002684627731981768
26.1875,0.24409302711878392,0.057653644915116854,0.007796856117913415,0.0010225267415435938,0.0002679743972792857
26.191666666666666,0.24364939553542642,0.05754868667449741,0.007782660432962904,0.0010206651527930762,0.00026748690164230476
26.195833333333336,0.24320656850949965,0.057443919400569185,0.007768490604965343,0.0010188069539108723,0.0002670002844897509
26.200000000000003,0.24276454458748262,0.05733934274511908,0.007754346586010121,0.0010169521386996817,0.00026651454402540684
26.20416666666667,0.24232332231839096,0.057234956360531726,0.007740228328257802,0.0010151007009727502,0.0002660296784543093
26.208333333333332,0.24188290025377165,0.057130759899788074,0.007726135783939875,0.0010132526345538438,0.00026554568598273655
26.212500000000002,0.24144327694769546,0.05702675301646333,0.007712068905358431,0.0010114079332772098,0.00026506256481819345
26.21666666666667,0.24100445095675424,0.05692293536472614,0.00769802764488599,0.0010095665909875605,0.0002645803131694026
26.220833333333335,0.24056642084005256,0.05681930659933645,0.007684011954965165,0.001007728601540034,0.00026409892924628896
26.225000000000005,0.2401291851592035,0.05671586637564417,0.0076700217881084205,0.0010058939588001652,0.00026361841125996756
26.229166666666668,0.2396927424783224,0.056612614349587656,0.007656057096897822,0.001004062656643862,0.00026313875742273185
26.233333333333334,0.2392570913640198,0.056509550177691714,0.0076421178339847,0.0010022346889573632,0.00026265996594803894
26.2375,0.23882223038539838,0.056406673517066686,0.007628203952089485,0.0010004100496372236,0.0002621820350504992
26.24166666666667,0.2383881581140452,0.05630398402540647,0.007614315404001376,0.0009985887325902742,0.0002617049629458625
26.245833333333337,0.23795487312402658,0.056201481360987016,0.007600452142578091,0.000996770731733596,0.00026122874785100564
26.25,0.23752237399188286,0.056099165182664903,0.007586614120745618,0.0009949560409944912,0.00026075338798391975
26.254166666666666,0.23709065929662065,0.05599703514987534,0.007572801291497884,0.0009931446543104453,0.00026027888156369635
26.258333333333336,0.23665972761970971,0.05589509092263123,0.007559013607896585,0.00099133656562911,0.00025980522681051714
26.262500000000003,0.23622957754507595,0.05579333216152118,0.007545251023070856,0.0009895317689082642,0.0002593324219456395
26.26666666666667,0.2358002076590955,0.05569175852770804,0.007531513490217021,0.0009877302581157885,0.0002588604651913841
26.270833333333332,0.23537161655058977,0.055590369682927424,0.007517800962598349,0.0009859320272296347,0.000258389354771123
26.275000000000002,0.23494380281081764,0.05548916528948576,0.007504113393544709,0.000984137070237789,0.00025791908890926505
26.27916666666667,0.2345167650334729,0.05538814501025934,0.007490450736452419,0.0009823453811382543,0.00025744966583124553
26.283333333333335,0.23409050181467614,0.05528730850869228,0.0074768129447839015,0.0009805569539390136,0.0002569810837635122
26.287500000000005,0.23366501175296975,0.05518665544879515,0.007463199972067448,0.0009787717826579992,0.0002565133409335128
26.291666666666668,0.2332402934493126,0.055086185495143436,0.007449611771896946,0.000976989861323068,0.0002560464355696828
26.295833333333334,0.23281634550707248,0.05498589831287558,0.007436048297931572,0.0009752111839719618,0.0002555803659014308
26.3,0.23239316653202302,0.05488579356769206,0.007422509503895619,0.0009734357446522898,0.0002551151301591288
26.30416666666667,0.23197075513233623,0.054785870925853374,0.0074089953435781475,0.0009716635374214913,0.0002546507265740977
26.308333333333337,0.23154910991857697,0.054686130054178606,0.007395505770832757,0.0009698945563468073,0.00025418715337859467
26.3125,0.23112822950369805,0.054586570620043934,0.007382040739577327,0.0009681287955052534,0.00025372440880580164
26.316666666666666,0.23070811250303236,0.05448719229138062,0.007368600203793689,0.0009663662489835811,0.00025326249108980974
26.320833333333336,0.23028875753428993,0.05438799473667418,0.007355184117527451,0.0009646069108782601,0.0002528013984656105
26.325000000000003,0.22987016321755036,0.0542889776249623,0.0073417924348876794,0.0009628507752954419,0.00025234112916908033
26.32916666666667,0.22945232817525754,0.05419014062583336,0.007328425110046636,0.0009610978363509295,0.00025188168143696905
26.333333333333332,0.22903525103221442,0.05409148340942506,0.007315082097239533,0.0009593480881701519,0.00025142305350688737
26.337500000000002,0.22861893041557546,0.05399300564642236,0.007301763350764215,0.000957601524888125,0.000250965243617292
26.34166666666667,0.22820336495484325,0.05389470700805658,0.007288468824980966,0.000955858140649434,0.00025050825000747634
26.345833333333335,0.22778855328186165,0.053796587166103374,0.007275198474312197,0.000954117929608196,0.00025005207091755564
26.350000000000005,0.22737449403080978,0.05369864579288134,0.007261952253242193,0.0009523808859280312,0.00024959670458845473
26.354166666666668,0.2269611858381972,0.05360088256125046,0.007248730116316859,0.0009506470037820365,0.0002491421492618959
26.358333333333334,0.22654862734285608,0.053503297144610204,0.007235532018143391,0.0009489162773527471,0.00024868840318038426
26.3625,0.22613681718593837,0.05340588921689851,0.0072223579133901105,0.0009471887008321168,0.00024823546458719795
26.36666666666667,0.2257257540109082,0.05330865845258989,0.00720920775678613,0.0009454642684214844,0.00024778333172637354
26.370833333333337,0.2253154364635363,0.05321160452669388,0.007196081503121104,0.0009437429743315412,0.00024733200284269365
26.375,0.22490586319189537,0.053114727114753645,0.007182979107244981,0.0009420248127823064,0.0002468828365205629
26.379166666666666,0.2244970328463517,0.05301802589284391,0.007169900524067673,0.0009403097780030881,0.0002464347087130193
26.383333333333336,0.22408894407956287,0.05292150053757014,0.007156845708558882,0.0009385978642324653,0.0002459874067808992
26.387500000000003,0.2236815955464696,0.052825150726066444,0.0071438146157477775,0.0009368890657182511,0.0002455409292049563
26.39166666666667,0.22327498590429093,0.05272897613599417,0.00713080720072274,0.0009351833767174637,0.00024509527446771594
26.395833333333332,0.22286911381251862,0.052632976445540436,0.0071178234186311095,0.0009334807914962981,0.00024465044105346465
26.400000000000002,0.22246397793290984,0.052537151333416104,0.00710486322467887,0.0009317813043300909,0.00024420642744823817
26.40416666666667,0.2220595769294839,0.052441500478854916,0.007091926574130459,0.0009300849095032997,0.0002437632321398133
26.408333333333335,0.22165590946851485,0.05234602356161145,0.0070790134223084515,0.0009283916013094672,0.0002433208536176963
26.412500000000005,0.221252974218526,0.05225072026195966,0.007066123724593309,0.0009267013740511916,0.00024287929037311207
26.416666666666668,0.22085076985028507,0.05215559026069146,0.007053257436423121,0.0009250142220401005,0.0002424385408989949
26.420833333333334,0.22044929503679608,0.052060633239114654,0.0070404145132932855,0.0009233301395968117,0.00024199860368997542
26.425,0.22004854845329666,0.051965848879052104,0.007027594910756339,0.0009216491210509169,0.0002415594772423737
26.42916666666667,0.21964852877725038,0.051871236862839655,0.007014798584421611,0.0009199711607409424,0.00024112116005418606
26.433333333333337,0.21924923468834165,0.051776799652949394,0.007002025489954995,0.0009182962530143212,0.0002406836506250759
26.4375,0.21885066486847,0.051682535038615945,0.006989275583078685,0.0009166243922273672,0.0002402469474563631
26.441666666666666,0.21845281800174296,0.051588441978019095,0.006976548819570853,0.0009149555727452354,0.00023981104905101207
26.445833333333336,0.2180556927744729,0.05149452015906052,0.006963845155265475,0.0009132897889419042,0.0002393759539136237
26.450000000000003,0.2176592878751694,0.051400769270189446,0.006951164546051997,0.0009116270352001392,0.0002389416605504234
26.45416666666667,0.21726360199453396,0.05130718900040143,0.0069385069478750975,0.0009099673059114631,0.00023850816746925096
26.458333333333332,0.2168686338254548,0.05121377903923708,0.006925872316734424,0.0009083105954761297,0.00023807547317955042
26.462500000000002,0.2164743820629993,0.05112053907678027,0.006913260608684274,0.0009066568983030859,0.00023764357619235788
26.46666666666667,0.21608084540441075,0.05102746880365756,0.006900671779833422,0.000905006208809952,0.00023721247502029392
26.470833333333335,0.21568802254910124,0.05093456791103619,0.006888105786344782,0.0009033585214229869,0.00023678216817755088
26.475000000000005,0.2152959121986458,0.05084183609062313,0.006875562584435166,0.0009017138305770571,0.00023635265417988355
26.479166666666668,0.21490451305677777,0.0507492730346636,0.0068630421303750334,0.0009000721307156114,0.00023592393154459835
26.483333333333334,0.21451382382938053,0.05065687843593946,0.006850544380488161,0.0008984334162906427,0.0002354959987905415
26.4875,0.21412384322448508,0.050564651987768355,0.00683806929115147,0.000896797681762668,0.00023506885443809125
26.49166666666667,0.2137345699522621,0.0504725933840021,0.0068256168187946975,0.0008951649216006932,0.0002346424970091457
26.495833333333337,0.21334600272501686,0.05038070231902533,0.0068131869199001445,0.0008935351302821844,0.00023421692502711237
26.5,0.2129581402571839,0.050288978487754335,0.006800779551002434,0.0008919083022930397,0.00023379213701689867
26.504166666666666,0.21257098126531943,0.050197421585635206,0.006788394668688176,0.0008902844321275514,0.00023336813150489927
26.508333333333336,0.21218452446809818,0.050106031308643245,0.006776032229595788,0.0008886635142883885,0.00023294490701898852
26.512500000000003,0.21179876858630617,0.050014807353281024,0.006763692190415185,0.0008870455432865592,0.00023252246208850817
26.51666666666667,0.21141371234283513,0.049923749416577366,0.006751374507887516,0.0008854305136413824,0.00023210079524425739
26.520833333333332,0.2110293544626772,0.04983285719608589,0.006739079138804913,0.0008838184198804597,0.00023167990501848253
26.525000000000002,0.21064569367291786,0.04974213038988341,0.006726806040010171,0.0008822092565396389,0.0002312597899448649
26.52916666666667,0.21026272870273208,0.049651568696569115,0.006714555168396568,0.0008806030181629946,0.00023084044855851358
26.533333333333335,0.20988045828337748,0.04956117181526287,0.006702326480907541,0.0008789996993027913,0.0002304218793959522
26.537500000000005,0.20949888114818882,0.04947093944560392,0.006690123717729675,0.0008773992945194558,0.00023000408099510956
26.541666666666668,0.20911799603257233,0.049380871287749706,0.0066779442953843575,0.0008758017983815481,0.00022958705189530962
26.545833333333334,0.2087378016739989,0.049290967042374054,0.006665787075201933,0.0008742072054657256,0.0002291707906372588
26.55,0.20835830473495848,0.049201226410666495,0.006653652016494921,0.0008726155103567225,0.00022875529576303868
26.55416666666667,0.20797949796760137,0.04911164909433045,0.0066415390786421285,0.0008710267076473152,0.00022834056581609347
26.558333333333337,0.20760137863996006,0.049022234795582084,0.00662944822108844,0.0008694407919382923,0.00022792659934122003
26.5625,0.2072239455084945,0.048932983217148944,0.00661737940334465,0.0008678577578384265,0.00022751339488455793
26.566666666666666,0.2068471973318384,0.04884389406226828,0.006605332584987184,0.0008662775999644388,0.00022710095099357712
26.570833333333336,0.2064711328707967,0.04875496703468634,0.006593307725657985,0.0008647003129409794,0.00022668926621707006
26.575000000000003,0.20609575088833898,0.048666201838656525,0.006581304785064257,0.0008631258914005894,0.00022627833910513972
26.57916666666667,0.2057210501495948,0.0485775981789382,0.006569323722978268,0.0008615543299836736,0.00022586816820918944
26.583333333333332,0.20534702942184938,0.04848915576079547,0.006557364499237158,0.0008599856233384732,0.0002254587520819128
26.587500000000002,0.20497368747453654,0.04840087428999538,0.0065454270737426885,0.0008584197661210275,0.00022505008927728123
26.59166666666667,0.20460102307923678,0.04831275347280723,0.0065335114064611136,0.0008568567529951552,0.0002246421783505369
26.595833333333335,0.2042290350096702,0.04822479301600077,0.006521617457422917,0.0008552965786324177,0.00022423501785817963
26.600000000000005,0.20385772204169214,0.04813699262684501,0.0065097451867226295,0.0008537392377120915,0.00022382860635795736
26.604166666666668,0.20348708295328863,0.04804935201310693,0.006497894554518635,0.0008521847249211391,0.0002234229424088561
26.608333333333334,0.20311711652456965,0.047961870883049776,0.00648606552103291,0.0008506330349541731,0.00022301802457108742
26.6125,0.2027478215377667,0.04787454894543226,0.006474258046550896,0.0008490841625134359,0.000222613851406081
26.61666666666667,0.2023791967772263,0.047787385909506895,0.006462472091421255,0.0008475381023087638,0.00022221042147647205
26.620833333333337,0.20201124102940526,0.047700381485018636,0.006450707616055662,0.0008459948490575585,0.0002218077333460916
26.625,0.20164395308286615,0.04761353538220381,0.006438964580928624,0.0008444543974847591,0.00022140578557995616
26.629166666666666,0.2012773317282708,0.047526847311788155,0.00642724294657722,0.0008429167423228056,0.00022100457674425575
26.633333333333336,0.20091137575837764,0.04744031698498624,0.0064155426736009725,0.0008413818783116186,0.00022060410540634598
26.637500000000003,0.2005460839680352,0.04735394411349965,0.006403863722661598,0.000839849800198564,0.0002202043701347358
26.64166666666667,0.20018145515417757,0.047267728409515763,0.006392206054482805,0.0008383205027384231,0.0002198053694990774
26.645833333333332,0.19981748811581965,0.04718166958570649,0.0063805696298501096,0.0008367939806933662,0.0002194071020701565
26.650000000000002,0.19945418165405077,0.04709576735522657,0.006368954409610574,0.0008352702288329152,0.0002190095664198796
26.65416666666667,0.19909153457203208,0.04701002143171273,0.006357360354672692,0.0008337492419339235,0.00021861276112126663
26.658333333333335,0.19872954567498988,0.046924431529282044,0.006345787426006114,0.0008322310147805403,0.00021821668474843856
26.662500000000005,0.19836821377021124,0.04683899736253065,0.00633423558464147,0.0008307155421641822,0.00021782133587660725
26.666666666666668,0.19800753766703924,0.04675371864653249,0.006322704791670173,0.000829202818883505,0.00021742671308206557
26.670833333333334,0.19764751617686646,0.04666859509683757,0.006311195008244154,0.0008276928397443662,0.0002170328149421751
26.675,0.19728814811313244,0.04658362642947125,0.006299706195575759,0.0008261855995598071,0.00021663964003535834
26.67916666666667,0.1969294322913171,0.04649881236093244,0.006288238314937461,0.0008246810931500153,0.0002162471869410866
26.683333333333337,0.19657136752893617,0.046414152608192406,0.006276791327661696,0.000823179315342296,0.00021585545423986955
26.6875,0.19621395264553662,0.0463296468886935,0.0062653651951406555,0.0008216802609710449,0.00021546444051324587
26.691666666666666,0.19585718646269018,0.04624529492034741,0.006253959878826033,0.0008201839248777112,0.00021507414434377027
26.695833333333336,0.19550106780399046,0.04616109642153445,0.006242575340228902,0.0008186903019107774,0.0002146845643150063
26.700000000000003,0.19514559549504673,0.04607705111110178,0.006231211540919451,0.0008171993869257237,0.00021429569901151372
26.70416666666667,0.19479076836347928,0.04599315870836217,0.006219868442526803,0.0008157111747849992,0.0002139075470188386
26.708333333333332,0.19443658523891463,0.04590941893309272,0.006208546006738814,0.0008142256603579942,0.00021352010692350342
26.712500000000002,0.1940830449529793,0.04582583150553324,0.006197244195301826,0.0008127428385210029,0.00021313337731299458
26.71666666666667,0.1937301463392969,0.04574239614638534,0.0061859629700205246,0.0008112627041572049,0.00021274735677575488
26.720833333333335,0.19337788823348184,0.04565911257681079,0.006174702292757701,0.000809785252156627,0.00021236204390117093
26.725000000000005,0.19302626947313453,0.045575980518430266,0.006163462125434049,0.0008083104774161167,0.00021197743727956338
26.729166666666668,0.19267528889783714,0.04549299969332204,0.006152242430027976,0.0008068383748393131,0.00021159353550217713
26.733333333333334,0.19232494534914654,0.04541016982402033,0.0061410431685753495,0.0008053689393366104,0.00021121033716116824
26.7375,0.19197523767059213,0.045327490633514496,0.006129864303169367,0.0008039021658251387,0.0002108278408495972
26.74166666666667,0.1916261647076692,0.045244961845247275,0.006118705795960296,0.0008024380492287273,0.00021044604516141574
26.745833333333337,0.19127772530783416,0.04516258318311362,0.006107567609155292,0.0008009765844778755,0.00021006494869145765
26.75,0.19092991832050032,0.04508035437145934,0.006096449705018197,0.0007995177665097266,0.00020968455003542798
26.754166666666666,0.19058274259703095,0.04499827513507946,0.006085352045869292,0.000798061590268029,0.00020930484778989143
26.758333333333336,0.190236196990737,0.04491634519921743,0.0060742745940851614,0.0007966080507031181,0.00020892584055226407
26.762500000000003,0.18989028035687025,0.0448345642895634,0.006063217312098447,0.0007951571427718795,0.0002085475269208014
26.76666666666667,0.1895449915526191,0.044752932132252905,0.0060521801623976456,0.0007937088614377197,0.0002081699054945883
26.770833333333332,0.1892003294371037,0.04467144845386572,0.006041163107526919,0.0007922632016705396,0.00020779297487352868
26.775000000000002,0.1888562928713694,0.04459011298142407,0.006030166110085849,0.0007908201584466972,0.00020741673365833377
26.77916666666667,0.18851288071838446,0.044508925442391864,0.006019189132729297,0.0007893797267489873,0.0002070411804505139
26.783333333333335,0.18817009184303313,0.044427885564672975,0.006008232138167153,0.000787941901566606,0.00020666631385236637
26.787500000000005,0.1878279251121113,0.04434699307661,0.005997295089164143,0.0007865066778951223,0.00020629213246696557
26.791666666666668,0.18748637939432197,0.04426624770698299,0.005986377948539641,0.0007850742453429654,0.00020591863489815266
26.795833333333334,0.18714545356026832,0.04418564918500775,0.00597548067916741,0.000783644788437338,0.00020554581975052369
26.8,0.18680514648245167,0.04410519724033505,0.005964603243975469,0.0007822179345689608,0.0002051736856294215
26.80416666666667,0.1864654570352645,0.04402489160304888,0.005953745605945851,0.0007807936789956966,0.00020480223114092353
26.808333333333337,0.18612638409498602,0.043944732003665256,0.005942907728114395,0.0007793720169834829,0.000204431454891832
26.8125,0.18578792653977771,0.043864718173130895,0.005932089573570567,0.0007779529438063106,0.00020406135548966362
26.816666666666666,0.18545008324967655,0.04378484984282155,0.0059212911054571955,0.0007765364547461927,0.00020369193154263766
26.820833333333336,0.18511285310659262,0.043705126744541224,0.0059105122869703534,0.000775122545093152,0.0002033231816596676
26.825000000000003,0.18477623499430243,0.04362555231087412,0.005899753081359089,0.0007737112101451902,0.00020295510445034963
26.82916666666667,0.1844402277984443,0.043546123540105355,0.005889013451925248,0.0007723024452082663,0.00020258769852495191
26.833333333333332,0.18410483040651404,0.04346683937272846,0.00587829336202327,0.0007708962455962746,0.00020222096249440506
26.837500000000002,0.18377004170785818,0.04338769954550714,0.005867592775059939,0.0007694926066310152,0.00020185489497028962
26.84166666666667,0.18343586059367126,0.043308703795660014,0.005856911654494257,0.0007680915236421794,0.0002014894945648286
26.845833333333335,0.18310228595698966,0.04322985186085898,0.005846249963837184,0.0007666929919673204,0.00020112475989087465
26.850000000000005,0.18276931669268673,0.04315114347922817,0.00583560766665145,0.000765297006951831,0.00020076068956190055
26.854166666666668,0.18243695169746835,0.043072578389342774,0.005824984726551356,0.000763903563948922,0.00020039728219198901
26.858333333333334,0.18210518986986612,0.04299415633022759,0.005814381107202528,0.0007625126583195917,0.00020003453639582053
26.8625,0.18177403011023527,0.04291587704135626,0.005803796772321785,0.0007611242854326132,0.00019967245078866523
26.86666666666667,0.18144347132074765,0.04283774026264977,0.005793231685676879,0.0007597384406645032,0.00019931102398637113
26.870833333333337,0.18111351240538726,0.04275974573447535,0.005782685811086308,0.0007583551193995004,0.0001989502546053538
26.875,0.18078415226994593,0.04268189319764533,0.005772159112419128,0.0007569743170295448,0.00019859014126258624
26.879166666666666,0.18045538982201648,0.042604182393415645,0.005761651553594684,0.0007555960289542452,0.00019823068257558712
26.883333333333336,0.18012722397099012,0.04252661306348509,0.005751163098582499,0.0007542202505808689,0.00019787187716241246
26.887500000000003,0.17979965362805025,0.04244918494999387,0.005740693711402005,0.0007528469773243078,0.00019751372364164356
26.89166666666667,0.1794726777061674,0.0423718977955224,0.005730243356122357,0.0007514762046070601,0.0001971562206323771
26.895833333333332,0.17914629512009494,0.04229475134309024,0.005719811996862239,0.0007501079278592057,0.00019679936675421494
26.900000000000002,0.17882050478636274,0.042217745336154584,0.0057093995977896125,0.000748742142518378,0.0001964431606272521
26.90416666666667,0.17849530562327398,0.0421408795186095,0.005699006123121585,0.000747378844029749,0.0001960876008720686
26.908333333333335,0.17817069655089915,0.04206415363478448,0.005688631537124152,0.0007460180278460001,0.00019573268610971765
26.912500000000005,0.17784667649107122,0.04198756742944329,0.005678275804112013,0.0007446596894272995,0.00019537841496171526
26.916666666666668,0.17752325141600894,0.0419111206477828,0.005667938888448368,0.000743303824241281,0.00019502478605003037
26.920833333333334,0.1772004148865107,0.041834813035431566,0.005657620754544675,0.0007419504277630137,0.00019467179799707268
26.925,0.1768781645512645,0.04175864433844906,0.005647321366860513,0.0007405994954749876,0.00019431944942568474
26.92916666666667,0.1765564993486562,0.041682614303324164,0.005637040689903329,0.0007392510228670852,0.0001939677389591298
26.933333333333337,0.17623541821893182,0.041606722676974045,0.005626778688228248,0.0007379050054365577,0.00019361666522108145
26.9375,0.17591492010419327,0.04153096920674306,0.005616535326437872,0.0007365614386880044,0.0001932662268356141
26.941666666666666,0.17559500394839292,0.041455353640401225,0.005606310569182043,0.0007352203181333427,0.00019291642242719065
26.945833333333336,0.17527566869733135,0.041379875726143496,0.005596104381157699,0.0007338816392917934,0.00019256725062065415
26.950000000000003,0.17495691329865176,0.04130453521258827,0.005585916727108619,0.0007325453976898516,0.00019221871004121627
26.95416666666667,0.17463873670183577,0.04122933184877624,0.005575747571825241,0.0007312115888612644,0.0001918707993144467
26.958333333333332,0.1743211378581998,0.04115426538416934,0.005565596880144458,0.000729880208347009,0.0001915235170662636
26.962500000000002,0.1740041157208891,0.041079335568649136,0.005555464616949376,0.0007285512516952634,0.00019117686192292113
26.96666666666667,0.17368766924487591,0.041004542152516206,0.0055453507471691765,0.0007272247144613915,0.0001908308325110014
26.970833333333335,0.17337179738695344,0.040929884886488556,0.0055352552357788585,0.0007259005922079133,0.00019048542745740273
26.975000000000005,0.173056499105732,0.040855363521700536,0.005525178047799057,0.0007245788805044845,0.00019014064538932935
26.979166666666668,0.17274177336163538,0.04078097780970173,0.0055151191482958415,0.000723259574927872,0.0001897964849342812
26.983333333333334,0.1724276191168947,0.0407067275024554,0.005505078502380469,0.000721942671061927,0.00018945294472004227
26.9875,0.17211403533554656,0.040632612352337824,0.005495056075209249,0.0007206281644975685,0.00018911002337467203
26.99166666666667,0.17180102098342726,0.040558632112136735,0.005485051831983287,0.0007193160508327546,0.00018876771952649367
26.995833333333337,0.17148857502816886,0.040484786535050256,0.005475065737948301,0.0007180063256724607,0.0001884260318040842
27.0,0.17117669643919514,0.04041107537468574,0.00546509775839442,0.000716698984628657,0.00018808495883626387
27.004166666666666,0.17086538418771618,0.04033749838505823,0.005455147858655936,0.0007153940233202795,0.00018774449925208463
27.008333333333336,0.1705546372467259,0.04026405532058981,0.005445216004111172,0.000714091437373215,0.0001874046516808216
27.012500000000003,0.17024445459099646,0.0401907459361081,0.005435302160182229,0.0007127912224202716,0.00018706541475196144
27.01666666666667,0.16993483519707453,0.04011756998684504,0.005425406292334788,0.0007114933741011575,0.000186726787095192
27.020833333333332,0.1696257780432771,0.04004452722843587,0.005415528366077924,0.0007101978880624576,0.0001863887673403922
27.025000000000002,0.16931728210968586,0.03997161741691756,0.005405668346963857,0.0007089047599576057,0.0001860513541176203
27.02916666666667,0.16900934637814502,0.039898840308728124,0.005395826200587804,0.0007076139854468685,0.0001857145460571055
27.033333333333335,0.16870196983225577,0.039826195660705103,0.005386001892587741,0.0007063255601973168,0.00018537834178923595
27.037500000000005,0.16839515145737205,0.03975368323008441,0.005376195388644206,0.0007050394798828032,0.0001850427399445488
27.041666666666668,0.16808889024059698,0.0396813027744993,0.0053664066544801044,0.0007037557401839406,0.0001847077391537201
27.045833333333334,0.16778318517077687,0.03960905405197873,0.00535663565586046,0.0007024743367880724,0.00018437333804755253
27.05,0.16747803523849916,0.039536936820946784,0.005346882358592277,0.0007011952653892576,0.00018403953525696773
27.05416666666667,0.16717343943608684,0.03946495084022102,0.005337146728524296,0.0006999185216882417,0.00018370632941299371
27.058333333333337,0.16686939675759427,0.03939309586901147,0.005327428731546788,0.000698644101392435,0.00018337371914675532
27.0625,0.16656590619880352,0.03932137166691947,0.0053177283335913775,0.0006973720002158897,0.00018304170308946382
27.066666666666666,0.16626296675721844,0.03924977799393611,0.005308045500630779,0.0006961022138792717,0.00018271027987240486
27.070833333333336,0.1659605774320627,0.039178314610441585,0.005298380198678671,0.0006948347381098444,0.00018237944812693062
27.075000000000003,0.1656587372242739,0.03910698127720368,0.005288732393789435,0.0006935695686414408,0.00018204920648444756
27.07916666666667,0.16535744513649983,0.039035777755376574,0.005279102052057972,0.0006923067012144405,0.00018171955357640626
27.083333333333332,0.16505670017309437,0.03896470380649982,0.005269489139619504,0.0006910461315757481,0.00018139048803429163
27.087500000000002,0.16475650134011194,0.03889375919249675,0.005259893622649326,0.0006897878554787638,0.00018106200848961063
27.09166666666667,0.16445684764530524,0.03882294367567382,0.005250315467362668,0.0006885318686833683,0.00018073411357388434
27.095833333333335,0.16415773809811957,0.03875225701871907,0.005240754640014446,0.0006872781669558939,0.0001804068019186357
27.100000000000005,0.16385917170968894,0.03868169898470101,0.0052312111068990716,0.0006860267460691024,0.00018008007215537968
27.104166666666668,0.16356114749283215,0.03861126933706748,0.005221684834350253,0.0006847776018021626,0.00017975392291561296
27.108333333333334,0.16326366446204693,0.03854096783964418,0.0052121757887407475,0.0006835307299406215,0.00017942835283080226
27.1125,0.16296672163350814,0.03847079425663393,0.005202683936482227,0.0006822861262763896,0.0001791033605323757
27.11666666666667,0.1626703180250615,0.03840074835261516,0.005193209244025027,0.0006810437866077108,0.00017877894465171123
27.120833333333337,0.16237445265622036,0.03833082989254076,0.005183751677857948,0.000679803706739141,0.00017845510382012635
27.125,0.16207912454816117,0.038261038641737036,0.005174314646321316,0.000678565882481526,0.00017813183666886794
27.129166666666666,0.16178433272371814,0.03819137436590212,0.005164895695387364,0.0006773303096519727,0.00017780914182910057
27.133333333333336,0.16149007620738096,0.038121836831105316,0.005155493900861091,0.0006760969840738319,0.00017748701793189806
27.137500000000003,0.16119635402528906,0.038052425803785546,0.005146109231310287,0.000674865901576673,0.00017716546360823146
27.14166666666667,0.16090316520522774,0.037983141050750235,0.0051367416553556745,0.0006736370579962579,0.00017684447748895913
27.145833333333332,0.16061050877662425,0.037913982339174215,0.005127391141670766,0.0006724104491745218,0.00017652405820481654
27.150000000000002,0.16031838377054217,0.0378449494365982,0.005118057658981684,0.0006711860709595427,0.00017620420438640448
27.15416666666667,0.16002678921967897,0.03777604211092806,0.005108741176067062,0.0006699639192055265,0.00017588491466418048
27.158333333333335,0.15973572415836057,0.03770726013043333,0.005099441661757862,0.0006687439897727781,0.00017556618766844726
27.162500000000005,0.15944518762253743,0.03763860326374607,0.005090159084937224,0.0006675262785276791,0.0001752480220293424
27.166666666666668,0.15915517864978038,0.03757007127985975,0.005080893414540337,0.0006663107813426658,0.00017493041637682807
27.170833333333334,0.15886569627927521,0.037501663948127775,0.005071644619554243,0.0006650974940962005,0.0001746133693406797
27.175,0.1585767395518204,0.03743338103826272,0.0050624126690177445,0.0006638864126727552,0.00017429687955047702
27.17916666666667,0.15828830750982112,0.03736522232033481,0.00505319753202122,0.0006626775329627836,0.0001739809456355925
27.183333333333337,0.15800039919728595,0.037297187564770864,0.005043999177706479,0.000661470850862699,0.00017366556622518117
27.1875,0.15771301365982224,0.03722927654235312,0.005034817575266627,0.0006602663622748513,0.00017335073994817062
27.191666666666666,0.15742614994463108,0.03716148902421775,0.005025652693945871,0.000659064063107499,0.00017303646543324886
27.195833333333336,0.15713980710050457,0.03709382478185414,0.005016504503039425,0.0006578639492747933,0.00017272274130885617
27.200000000000003,0.15685398417782048,0.037026283587103366,0.005007372971893333,0.0006566660166967489,0.00017240956620317324
27.20416666666667,0.15656868022853812,0.03695886521215708,0.004998258069904319,0.0006554702612992227,0.00017209693874411096
27.208333333333332,0.15628389430619458,0.03689156942955639,0.004989159766519648,0.000654276679013891,0.00017178485755930018
27.212500000000002,0.155999625465899,0.036824396012190376,0.0049800780312369355,0.0006530852657782208,0.00017147332127608023
27.21666666666667,0.15571587276433024,0.03675734473329533,0.00497101283360406,0.0006518960175354541,0.00017116232852149024
27.220833333333335,0.15543263525973136,0.03669041536645328,0.004961964143218973,0.0006507089302345799,0.0001708518779222573
27.225000000000005,0.1551499120119057,0.03662360768559082,0.004952931929729554,0.0006495239998303105,0.00017054196810478635
27.229166666666668,0.15486770208221276,0.036556921464978076,0.004943916162833475,0.0006483412222830611,0.00017023259769515024
27.233333333333334,0.1545860045335627,0.03649035647922711,0.004934916812278007,0.0006471605935589195,0.00016992376531907764
27.2375,0.15430481843041421,0.03642391250329126,0.004925933847859936,0.0006459821096296314,0.0001696154696019447
27.24166666666667,0.15402414283876859,0.03635758931246358,0.004916967239425364,0.0006448057664725712,0.00016930770916876342
27.245833333333337,0.15374397682616597,0.036291386682375755,0.004908016956869577,0.0006436315600707205,0.00016900048264417128
27.25,0.15346431946168143,0.036225304388997,0.004899082970136893,0.0006424594864126445,0.00016869378865242104
27.254166666666666,0.15318516981591918,0.0361593422086325,0.004890165249220491,0.0006412895414924648,0.00016838762581736924
27.258333333333336,0.1529065269610104,0.036093499917922725,0.004881263764162301,0.0006401217213098427,0.00016808199276246755
27.262500000000003,0.15262838997060782,0.036027777293841906,0.004872378485052828,0.0006389560218699511,0.00016777688811075097
27.26666666666667,0.15235075791988129,0.03596217411369692,0.004863509382031001,0.0006377924391834521,0.00016747231048482763
27.270833333333332,0.15207362988551423,0.03589669015512616,0.004854656425284043,0.0006366309692664744,0.00016716825850686894
27.275000000000002,0.151797004945698,0.03583132519609805,0.004845819585047271,0.0006354716081405848,0.00016686473079859747
27.27916666666667,0.15152088218012943,0.035766079014910336,0.004836998831604017,0.0006343143518327735,0.00016656172598127859
27.283333333333335,0.15124526685761427,0.03570095357661797,0.004828194135285425,0.0006331591963754235,0.00016625924267570867
27.287500000000005,0.15097015332020533,0.03563595077540988,0.0048194054664703195,0.0006320061378062899,0.0001659572795022051
27.291666666666668,0.15069553955975734,0.035571066332083366,0.004810632795585064,0.0006308551721684772,0.00016565583508059586
27.295833333333334,0.15042142467029196,0.03550630003083316,0.0048018760931033706,0.0006297062955104105,0.000165354908030208
27.3,0.15014780774742176,0.0354416516562244,0.004793135329546206,0.0006285595038858198,0.0001650544969698589
27.30416666666667,0.14987468788834538,0.03537712099319135,0.004784410475481607,0.0006274147933537118,0.00016475460051784476
27.308333333333337,0.14960206419184427,0.03531270782703653,0.004775701501524537,0.0006262721599783466,0.0001644552172919303
27.3125,0.1493299357582792,0.035248411943429744,0.004767008378336745,0.0006251315998292168,0.00016415634590933854
27.316666666666666,0.14905830168958514,0.03518423312840685,0.00475833107662658,0.0006239931089810178,0.00016385798498673923
27.320833333333336,0.14878716108926993,0.035120171168369206,0.0047496695671488945,0.0006228566835136325,0.00016356013314024027
27.325000000000003,0.14851651306240887,0.03505622585008237,0.004741023820704861,0.0006217223195121024,0.00016326278898537577
27.32916666666667,0.1482463567156416,0.03499239696067521,0.004732393808141824,0.0006205900130666065,0.00016296595113709616
27.333333333333332,0.14797669115716866,0.034928684287638984,0.004723779500353168,0.0006194597602724366,0.00016266961820975793
27.337500000000002,0.14770751549674668,0.03486508761882609,0.00471518086827812,0.0006183315572299713,0.00016237378881711183
27.34166666666667,0.14743882884568632,0.03480160674244944,0.004706597882901666,0.000617205400044659,0.00016207846157229432
27.345833333333335,0.1471706303168475,0.034738241447081306,0.004698030515254356,0.0006160812848269886,0.00016178363508781608
27.350000000000005,0.146902919024636,0.034674991521652286,0.004689478736412165,0.0006149592076924688,0.00016148930797555143
27.354166666666668,0.1466356940850003,0.0346118567554505,0.0046809425174963535,0.0006138391647616046,0.0001611954788467286
27.358333333333334,0.14636895461542615,0.0345488369381202,0.0046724218296732775,0.0006127211521598693,0.00016090214631191764
27.3625,0.14610269973493517,0.03448593185966133,0.004663916644154299,0.000611605166017689,0.00016060930898102214
27.36666666666667,0.14583692856407984,0.0344231413104282,0.0046554269321955905,0.0006104912024704127,0.00016031696546326736
27.370833333333337,0.14557164022494012,0.03436046508112856,0.004646952665098002,0.0006093792576582916,0.00016002511436718987
27.375,0.14530683384111992,0.03429790296282273,0.004638493814206917,0.0006082693277264553,0.0001597337543006281
27.379166666666666,0.14504250853774237,0.034235454746922266,0.004630050350912065,0.0006071614088248851,0.00015944288387070968
27.383333333333336,0.14477866344144802,0.03417312022518949,0.004621622246647424,0.0006060554971083962,0.00015915250168384344
27.387500000000003,0.14451529768038968,0.034110899189736144,0.004613209472891042,0.0006049515887366108,0.00015886366472219382
27.39166666666667,0.1442524103842293,0.03404879143302253,0.0046048120011648866,0.0006038496798739343,0.00015857687619701046
27.395833333333332,0.14399000068413442,0.03398679674785653,0.004596429803034708,0.0006027497666895341,0.0001582906164420997
27.400000000000002,0.14372806771277336,0.03392491492739243,0.0045880628501098536,0.0006016422522029467,0.0001580048844453399
27.40416666666667,0.14346661060431332,0.03386314576513029,0.004579711114043169,0.0006005470831970407,0.0001577196791956356
27.408333333333335,0.14320562849441557,0.03380148905491468,0.004571374566530816,0.0005994539010700072,0.0001574349996829096
27.412500000000005,0.14294512052023192,0.033739944590933824,0.004563053179312126,0.0005983627023755813,0.0001571508448980965
27.416666666666668,0.14268508582040143,0.0336785121677186,0.004554746924169463,0.0005972734836707801,0.00015686721383313603
27.420833333333334,0.14242552353504556,0.03361719158014134,0.004546455772928036,0.0005961862415158977,0.0001565841054809652
27.425,0.14216643280576624,0.03355598262341526,0.004538179697455805,0.000595100972474512,0.00015630151883551342
27.42916666666667,0.14190781277564085,0.03349488509309318,0.004529918669663289,0.0005940176731134802,0.00015601945289169412
27.433333333333337,0.14164966258921913,0.03343389878506657,0.004521672661503429,0.0005929363400029402,0.00015573790664539873
27.4375,0.14139198139251963,0.033373023495564744,0.00451344164497145,0.000591856969716311,0.0001554568790934899
27.441666666666666,0.14113476833302474,0.03331225902115346,0.004505225592104668,0.0005907795588302893,0.00015517636923379342
27.445833333333336,0.140878022559679,0.033251605158734474,0.004497024474982397,0.0005897041039248555,0.00015489637606509355
27.450000000000003,0.14062174322288404,0.0331910617055442,0.004488838265725763,0.0005886306015832687,0.00015461689858712474
27.45416666666667,0.14036592947449536,0.03313062845915282,0.004480666936497564,0.0005875590483920694,0.00015433793580056534
27.458333333333332,0.14011058046781882,0.033070305217463396,0.004472510459502125,0.0005864894409410792,0.0001540594867070309
27.462500000000002,0.1398556953576058,0.03301009177871055,0.0044643688069851166,0.0005854217758233964,0.00015378155030906633
27.46666666666667,0.1396012733000514,0.03294998794145994,0.004456241951233454,0.0005843560496354043,0.00015350412561014094
27.470833333333335,0.13934731345278936,0.03288999350460698,0.004448129864575114,0.0005832922589767644,0.00015322721161464026
27.475000000000005,0.1390938149748888,0.032830108267375945,0.004440032519378996,0.0005822304004504191,0.0001529508073278596
27.479166666666668,0.13884077702685096,0.03277033202931901,0.004431949888054773,0.0005811704706625927,0.00015267491175599785
27.483333333333334,0.1385881987706041,0.03271066459031507,0.0044238819430527125,0.0005801124662227857,0.00015239952390614902
27.4875,0.1383360793695017,0.032651105750569065,0.004415828656863578,0.0005790563837437836,0.00015212464278629745
27.49166666666667,0.13808441798831764,0.032591655310610805,0.004407790002018443,0.0005780022198416502,0.0001518502674053101
27.495833333333337,0.13783321379324265,0.03253231307129403,0.004399765951088548,0.0005769499711357304,0.0001515763967729296
27.5,0.13758246595188117,0.032473078833795466,0.0043917564766851646,0.0005758996342486508,0.00015130302989976787
27.504166666666666,0.13733217363324626,0.032413952399613595,0.0043837615514594015,0.0005748512058063144,0.00015103016579729838
27.508333333333336,0.1370823360077578,0.03235493357056808,0.004375781148102113,0.0005738046824379088,0.00015075780347785096
27.512500000000003,0.13683295224723765,0.032296022148798516,0.0043678152393437164,0.0005727600607758999,0.00015048594195460373
27.51666666666667,0.13658402152490615,0.03223721793676346,0.0043598637979540425,0.0005717173374560357,0.0001502145802415768
27.520833333333332,0.13633554301537884,0.03217852073723958,0.004351926796742199,0.0005706765091173442,0.00014994371735362562
27.525000000000002,0.13608751589466153,0.032119930353320364,0.004344004208556386,0.0005696375724021312,0.00014967335230643304
27.52916666666667,0.13583993934014849,0.03206144658841557,0.004336096006283796,0.0005686005239559863,0.00014940348411650442
27.533333333333335,0.13559281253061745,0.03200306924624993,0.004328202162850429,0.0005675653604277786,0.00014913411180115943
27.537500000000005,0.13534613464622622,0.03194479813086225,0.0043203226512209545,0.0005665320784696571,0.0001488652343785257
27.541666666666668,0.13509990486850945,0.03188663304660454,0.004312457444398562,0.000565500674737053,0.00014859685086753233
27.545833333333334,0.1348541223803737,0.03182857379814066,0.004304606515424788,0.0005644711458886743,0.0001483289602879018
27.55,0.1346087863660954,0.03177062019044583,0.004296769837379404,0.0005634434885865129,0.0001480615616601451
27.55416666666667,0.13436389601131615,0.031712772028805354,0.004288947383380246,0.0005624176994958399,0.0001477946540055536
27.558333333333337,0.1341194505030393,0.031655029118813655,0.0042811391265830615,0.0005613937752852068,0.00014752823634619263
27.5625,0.13387544902962642,0.03159739126637343,0.004273345040181371,0.0005603717126264473,0.00014726230770489512
27.566666666666666,0.13363189078079277,0.031539858277694365,0.004265565097406289,0.0005593515081946714,0.00014699686710525323
27.570833333333336,0.13338877494760487,0.0314824299592925,0.004257799271526414,0.0005583331586682736,0.0001467319135716138
27.575000000000003,0.1331461007224762,0.03142510611798909,0.0042500475358476595,0.000557316660728927,0.00014646744612907003
27.57916666666667,0.13290386729916348,0.03136788656090959,0.004242309863713099,0.0005563020110615861,0.0001462034638034552
27.583333333333332,0.13266207387276327,0.031310771095482755,0.004234586228502828,0.0005552892063544858,0.00014593996562133597
27.587500000000002,0.13242071963970728,0.03125375952943945,0.004226876603633784,0.0005542782432991393,0.00014567695061000463
27.59166666666667,0.13217980379776034,0.031196851670811994,0.0042191809625596426,0.0005532691185903428,0.00014541441779747388
27.595833333333335,0.13193932554601553,0.03114004732793294,0.004211499278770634,0.0005522618289261725,0.00014515236621246894
27.600000000000005,0.13169928408489096,0.03108334630943414,0.004203831525793404,0.0005512563710079843,0.00014489079488442112
27.604166666666668,0.13145967861612598,0.031026748424245867,0.004196177677190871,0.000550252741540416,0.00014462970284346115
27.608333333333334,0.131220508342777,0.030970253481595524,0.004188537706562038,0.0005492509372313828,0.00014436908912041134
27.6125,0.1309817724692148,0.030913861291007056,0.004180911587541902,0.0005482509547920835,0.00014410895274678055
27.61666666666667,0.13074347020112018,0.030857571662299733,0.00417329929380126,0.0005472527909369962,0.00014384929275475624
27.620833333333337,0.13050560074548045,0.03080138440558721,0.0041657007990465724,0.0005462564423838793,0.0001435901081771977
27.625,0.13026816331058594,0.030745299331276635,0.004158116077019824,0.0005452619058537732,0.00014333139804763003
27.629166666666666,0.13003115710602536,0.030689316250067333,0.0041505451014983335,0.0005442691780709948,0.00014307316140023578
27.633333333333336,0.12979458134268365,0.030633434972950298,0.004142987846294657,0.0005432782557631456,0.00014281539726984996
27.637500000000003,0.12955843523273716,0.03057765531120689,0.004135444285256407,0.000542289135661106,0.0001425581046919524
27.64166666666667,0.12932271798965048,0.03052197707640797,0.0041279143922661075,0.0005413018144990364,0.00014230128270266085
27.645833333333332,0.12908742882817265,0.030466400080412896,0.00412039814124105,0.0005403162890143797,0.0001420449303387245
27.650000000000002,0.12885257233545516,0.030410924135368368,0.004112895506133114,0.0005393325559478552,0.0001417890466375166
27.65416666666667,0.1286181435866892,0.03035554905370778,0.004105406460928666,0.0005383506120434666,0.00014153363063702839
27.658333333333335,0.12838414087801123,0.03030027464815,0.004097930979648376,0.0005373704540484963,0.00014127868137586214
27.662500000000005,0.12815056343648906,0.03024510073169842,0.0040904690363470705,0.0005363920787135076,0.00014102419789322417
27.666666666666668,0.1279174104905491,0.03019002711764009,0.004083020605113603,0.0005354154827923452,0.00014077017922891821
27.670833333333334,0.12768468126997218,0.03013505361954441,0.004075585660070653,0.0005344406630421311,0.00014051662442333791
27.675,0.12745237500589196,0.030080180051262576,0.0040681641753746445,0.0005334676162232706,0.00014026353251746126
27.67916666666667,0.1272204909307909,0.030025406226926343,0.004060756125215546,0.0005324963390994491,0.0001400109025528431
27.683333333333337,0.12698902827849703,0.02997073196094707,0.00405336148381674,0.0005315268284376316,0.00013975873357160827
27.6875,0.12675798628418133,0.029916157068014808,0.0040459802254348785,0.0005305590810080656,0.00013950702461644536
27.691666666666666,0.12652736418435342,0.029861681363097112,0.004038612324359694,0.000529593093584275,0.00013925577473059852
27.695833333333336,0.12629716121685983,0.029807304661438352,0.004031257754913906,0.0005286288629430678,0.0001390049829578626
27.700000000000003,0.12606737662088002,0.029753026778558542,0.004023916491453034,0.0005276663858645311,0.00013875464834257515
27.70416666666667,0.1258380096369234,0.029698847530252398,0.004016588508365257,0.0005267056591320328,0.0001385047699296099
27.708333333333332,0.12560905950682624,0.029644766732588413,0.004009273780071272,0.0005257466795322223,0.0001382553467643701
27.712500000000002,0.1253805254737478,0.029590784201907607,0.004001974562753317,0.0005247894438550257,0.00013800637789278085
27.71666666666667,0.12515240678216846,0.029536899754822956,0.003994689157128261,0.0005238339488936537,0.00013775786236128393
27.720833333333335,0.12492470267788557,0.029483113208218142,0.003987417014173744,0.0005228801914445954,0.00013750979921682975
27.725000000000005,0.12469741240801059,0.029429424379246588,0.0039801581096862385,0.000521928168307621,0.00013726218750687093
27.729166666666668,0.12447053522096622,0.02937583308533061,0.003972912419504002,0.0005209778762857822,0.00013701502627935577
27.733333333333334,0.12424407036648213,0.029322339144160138,0.003965679919506935,0.0005200293121854075,0.0001367683145827204
27.7375,0.1240180170955933,0.029268942373692097,0.0039584605856165115,0.0005190824728161094,0.00013652205146588356
27.74166666666667,0.12379237466063592,0.029215642592149225,0.003951254393795636,0.0005181373549907799,0.00013627623597823877
27.745833333333337,0.1235671423152445,0.029162444929812643,0.003944061320048531,0.0005171939555255913,0.00013603086716964773
27.75,0.12334231931434884,0.02910934489634777,0.003936881340420632,0.0005162522712399971,0.00013578594409043395
27.754166666666666,0.12311790491416998,0.029056341542487797,0.003929714430998445,0.0005153122989567287,0.0001355414657913746
27.758333333333336,0.12289389837221844,0.029003434691916734,0.003922560567909475,0.0005143740355018007,0.00013529743132369572
27.762500000000003,0.12267029894729009,0.028950624168624532,0.003915419727322076,0.0005134374777045071,0.00013505383973906395
27.76666666666667,0.1224471058994633,0.028897909796906377,0.00390829188544535,0.0005125026223974226,0.00013481069008958036
27.770833333333332,0.12222431849009593,0.02884529140136191,0.003901177018529041,0.0005115694664164034,0.0001345679814277736
27.775000000000002,0.1220019359818212,0.028792768806894263,0.0038940751028633796,0.0005106380066005826,0.00013432571280659226
27.77916666666667,0.12177995763854607,0.02874034183870961,0.0038869861147790234,0.0005097082397923772,0.00013408388327939966
27.783333333333335,0.12155838272544701,0.028688010322316146,0.003879910030646908,0.0005087801628374837,0.00013384249189996592
27.787500000000005,0.12133721050896706,0.02863577408352336,0.0038728468268781407,0.0005078537725848789,0.00013360153772246138
27.791666666666668,0.12111644025681308,0.0285836329484413,0.003865796479923889,0.0005069290658868211,0.00013336101980145022
27.795833333333334,0.12089607123795132,0.028531586743479616,0.0038587589662752424,0.0005060060395988458,0.0001331209371918825
27.8,0.12067610272260611,0.028479635295347024,0.0038517342624631353,0.0005050846905797727,0.000132881288949089
27.80416666666667,0.12045653398225524,0.028427778431050394,0.0038447223450582078,0.0005041650156916998,0.00013264207412877333
27.808333333333337,0.12023736428962747,0.02837601597789396,0.003837723190670696,0.0005032470118000068,0.00013240329178700546
27.8125,0.12001859291869944,0.02832434776347862,0.0038307367759503213,0.0005023306757733537,0.00013216494098021515
27.816666666666666,0.11980021914469142,0.028272773615700915,0.0038237630775861523,0.0005014160044836789,0.00013192702076518409
27.820833333333336,0.1195822422440658,0.028221293362752572,0.003816802072306527,0.0005005029948062038,0.00013168953019904062
27.825000000000003,0.1193646614945228,0.028169906833119547,0.003809853736878916,0.0004995916436194291,0.00013145246833925215
27.82916666666667,0.11914747617499763,0.02811861385558125,0.0038029180481098067,0.0004986819478051362,0.00013121583424361832
27.833333333333332,0.11893068556565761,0.02806741425920982,0.003795994982844603,0.0004977739042483882,0.00013097962697026459
27.837500000000002,0.11871428894789796,0.028016307873369145,0.003789084517967475,0.0004968675098375249,0.00013074384557763442
27.84166666666667,0.11849828560433998,0.027965294527714398,0.0037821866304012922,0.0004959627614641703,0.0001305084891244841
27.845833333333335,0.1182826748188272,0.027914374052191014,0.0037753012971074758,0.0004950596560232276,0.00013027355666987472
27.850000000000005,0.11806745587642223,0.027863546277034013,0.003768428495085897,0.0004941581904128803,0.0001300390472731658
27.854166666666668,0.11785262806340384,0.027812811032767216,0.003761568201374759,0.0004932583615345934,0.00012980495999400876
27.858333333333334,0.11763819066726308,0.027762168150202274,0.003754720393050465,0.0004923601662931096,0.00012957129389233897
27.8625,0.11742414297670123,0.027711617460438206,0.0037478850472275364,0.0004914636015964548,0.00012933804802837067
27.86666666666667,0.1172104842816258,0.027661158794860398,0.0037410621410584764,0.0004905686643559341,0.00012910522146258887
27.870833333333337,0.11699721387314771,0.02761079198513987,0.0037342516517336554,0.0004896753514861339,0.00012887281325574322
27.875,0.11678433104357827,0.027560516863232562,0.0037274535564812113,0.0004887836599049212,0.00012864082246884118
27.879166666666666,0.11657183508642509,0.0275103332613783,0.0037206678325668974,0.00048789358653344067,0.0001284092481631401
27.883333333333336,0.11635972529639022,0.027460241012100393,0.003713894457294018,0.0004870051282961209,0.0001281780894001424
27.887500000000003,0.11614800096936623,0.027410239948204584,0.003707133408003278,0.0004861182821206692,0.0001279473452415873
27.89166666666667,0.11593666140243314,0.027360329902778337,0.003700384662072678,0.0004852330449380739,0.0001277170147494445
27.895833333333332,0.11572570589385568,0.02731051070919011,0.003693648196917411,0.00048434941368260447,0.0001274870969859077
27.900000000000002,0.11551513374307887,0.027260782201088376,0.0036869239899897095,0.00048346738529180796,0.00012725759101338654
27.90416666666667,0.11530494425072654,0.027211144212401107,0.0036802120187787815,0.0004825869567065148,0.0001270284958945016
27.908333333333335,0.11509513671859711,0.027161596577334846,0.0036735122608106603,0.000481708124870835,0.0001267998106920765
27.912500000000005,0.1148857104496607,0.027112139130373927,0.003666824693648105,0.00048083088673215874,0.00012657153446913122
27.916666666666668,0.11467666474805614,0.02706277170627977,0.003660149294890485,0.0004799552392411579,0.00012634366628887575
27.920833333333334,0.11446799891908699,0.02701349414008987,0.003653486042173636,0.000479081179351782,0.00012611620521470226
27.925,0.11425971226921956,0.026964306267117346,0.0036468349131697983,0.0004782087040212634,0.00012588915031017965
27.92916666666667,0.11405180410607911,0.026915207922949932,0.003640195885587458,0.00047733781021011454,0.000125662500639046
27.933333333333337,0.11384427373844666,0.026866198943449264,0.0036335689371712557,0.00047646849488212786,0.00012543625526520178
27.9375,0.11363712047625614,0.026817279164750147,0.0036269540457018637,0.00047560075500437734,0.00012521041325270354
27.941666666666666,0.11343034363059047,0.02676844842325953,0.0036203511889958484,0.0004747345875472147,0.0001249849736657559
27.945833333333336,0.11322394251367943,0.026719706555656086,0.0036137603449056042,0.00047386998948427476,0.00012475993556870638
27.950000000000003,0.11301791643889585,0.026671053398889196,0.0036071814913191972,0.000473006957792472,0.00012453529802603766
27.95416666666667,0.11281226472075263,0.026622488790178207,0.0036006146061602715,0.00047214548945200116,0.00012431106010236086
27.958333333333332,0.11260698667489981,0.026574012567011716,0.003594059667387929,0.00047128558144633867,0.0001240872208624091
27.962500000000002,0.11240208161812026,0.02652562456714658,0.003587516652996593,0.00047042723076223824,0.0001238637793710298
27.96666666666667,0.11219754886832832,0.026477324628607444,0.0035809855410159352,0.00046957043438973695,0.00012364073469317918
27.970833333333335,0.11199338774456537,0.02642911258968574,0.00357446630951073,0.00046871518932215157,0.00012341808589391462
27.975000000000005,0.11178959756699695,0.026380988288938964,0.003567958936580747,0.0004678614925560792,0.0001231958320383881
27.979166666666668,0.11158617765691,0.02633295156518995,0.003561463400360645,0.00046700934109139834,0.00012297397219183953
27.983333333333334,0.11138312733670858,0.026285002257525864,0.003554979679019829,0.000466158731931265,0.00012275250541958916
27.9875,0.11118044592991216,0.026237140205297747,0.0035485077507623713,0.0004653096620821185,0.0001225314307870321
27.99166666666667,0.11097813276115162,0.026189365248119524,0.0035420475938268787,0.00046446212855367786,0.00012231074735963066
27.995833333333337,0.11077618715616612,0.026141677225867264,0.0035355991864863758,0.0004636161283589422,0.00012209045420290773
28.0,0.11057460844180039,0.026094075978678445,0.0035291625070482027,0.00046277165851419256,0.00012187055038244017
28.004166666666666,0.11037339594600047,0.02604656134695098,0.0035227375338538645,0.00046192902982022775,0.00012165103496385128
28.008333333333336,0.110172548997812,0.025999133171342732,0.0035163242452789685,0.0004610883136127148,0.00012143190701280518
28.012500000000003,0.10997206692737614,0.02595179129277055,0.003509922619733074,0.00046024913366259806,0.00012121316559499921
28.01666666666667,0.10977195372332221,0.025904535552409482,0.003503532635659586,0.00045941148713931674,0.00012099480977615738
28.020833333333332,0.10957220510302934,0.025857365791692094,0.0034971542715356487,0.0004585753712161292,0.00012077683862202372
28.025000000000002,0.10937281962218126,0.025810281852307465,0.003490787505872,0.000457740783070109,0.0001205592511983546
28.02916666666667,0.10917379662150348,0.02576328357620071,0.0034844323172129005,0.00045690771988215096,0.00012034204657091334
28.033333333333335,0.10897513544288089,0.025716370805572004,0.00347808868413599,0.00045607617883696675,0.00012012522380546259
28.037500000000005,0.10877683542935564,0.025669543382875828,0.0034717565852521773,0.0004552461571230864,0.00011990878196775749
28.041666666666668,0.10857889592512412,0.02562280115082025,0.003465435999205538,0.000454417651932859,0.00011969272012353939
28.045833333333334,0.10838131627553373,0.025576143952365935,0.0034591269046731644,0.00045359066046244886,0.00011947703733852799
28.05,0.10818409582708147,0.025529571630725695,0.0034528292803650985,0.0004527651799118416,0.00011926173267841594
28.05416666666667,0.10798723392741007,0.025483084029363442,0.003446543105024184,0.00045194120748483983,0.00011904680520886119
28.058333333333337,0.10779072992530582,0.025436680991993504,0.0034402683574259615,0.0004511187403890641,0.00011883225399548037
28.0625,0.1075945831706959,0.025390362362579903,0.003434005016378561,0.0004502977758359544,0.00011861807810384218
28.066666666666666,0.10739879301464476,0.025344127985335304,0.0034277530607225554,0.00044947831104076607,0.00011840427659945983
28.070833333333336,0.10720335880935279,0.025297977704720618,0.0034215124693308904,0.0004486603432225751,0.00011819084854778551
28.075000000000003,0.10700827990815277,0.025251911365443958,0.0034152832211087406,0.0004478438696042749,0.00011797779301420259
28.07916666666667,0.10681355566550713,0.02520592881245991,0.0034090652949934036,0.0004470288874125769,0.0001177651090640193
28.083333333333332,0.10661918543700587,0.02516002989096886,0.003402858669954189,0.0004462153938780119,0.00011755279576246196
28.087500000000002,0.1064251685793625,0.025114214446415928,0.0033966633249922734,0.0004454033862349258,0.00011734085217466732
28.09166666666667,0.10623150445041299,0.025068482324490517,0.003390479239140636,0.0004445928617214857,0.00011712927736567724
28.095833333333335,0.10603819240911203,0.025022833371125385,0.0033843063914639044,0.0004437838175796754,0.00011691807040043079
28.100000000000005,0.10584523181553052,0.024977267432495818,0.0033781447610582585,0.00044297625105529746,0.00011670723034375787
28.104166666666668,0.10565262203085309,0.02493178435501896,0.00337199432705131,0.0004421701593979732,0.00011649675626037258
28.108333333333334,0.10546036241737451,0.024886383985352808,0.00336585506860197,0.00044136553986113934,0.00011628664721486542
28.1125,0.10526845233849833,0.024841066170395748,0.003359726964900371,0.0004405623897020535,0.000116076902271698
28.11666666666667,0.10507689115873323,0.02479583075728553,0.0033536099951677243,0.00043976070618179086,0.00011586752049519529
28.120833333333337,0.10488567824369051,0.02475067759339859,0.00334750413865621,0.0004389604865652442,0.00011565850094953902
28.125,0.10469481296008167,0.024705606526349275,0.0033414093746488736,0.0004381617281211257,0.00011544984269876115
28.129166666666666,0.10450429467571475,0.024660617403988873,0.003335325682459483,0.00043736442812196305,0.00011524154480673617
28.133333333333336,0.10431412275949287,0.024615710074405155,0.003329253041432448,0.0004365685838441046,0.00011503360633717556
28.137500000000003,0.10412429658141081,0.024570884385921334,0.003323191430942687,0.0004357741925677159,0.00011482602635362032
28.14166666666667,0.1039348155125524,0.024526140187095393,0.0033171408303955133,0.0004349812515767808,0.0001146188039194342
28.145833333333332,0.10374567892508797,0.02448147732671931,0.0033111012192265253,0.0004341897581591024,0.00011441193809779717
28.150000000000002,0.10355688619227083,0.024436895653818104,0.003305072576901472,0.00043339970960629885,0.0001142054279516978
28.15416666666667,0.1033684366884359,0.024392395017649338,0.0032990548829161703,0.0004326111032138093,0.00011399927254392772
28.158333333333335,0.10318032978899601,0.024347975267702125,0.003293048116796367,0.0004318239362808903,0.00011379347093707403
28.162500000000005,0.10299256487043956,0.024303636253696418,0.003287052258097633,0.0004310382061106162,0.0001135880221935126
28.166666666666668,0.10280514131032781,0.024259377825582264,0.003281067286405249,0.00043025391000988094,0.00011338292537540166
28.170833333333334,0.10261805848729144,0.024215199833538814,0.0032750931813340664,0.0004294710452893933,0.000113178179544674
28.175,0.10243131578102915,0.02417110212797387,0.003269129922528435,0.0004286896092636835,0.0001129737837630315
28.17916666666667,0.10224491257230398,0.024127084559522855,0.003263177489662059,0.00042790959925109853,0.00011276973709193751
28.183333333333337,0.10205884824294087,0.02408314697904813,0.0032572358624378857,0.0004271310125738038,0.00011256603859261031
28.1875,0.1018731221758241,0.024039289237638227,0.003251305020588006,0.0004263538465577836,0.00011236268732601642
28.191666666666666,0.1016877337548938,0.02399551118660687,0.003245384943873501,0.0004255780985328378,0.00011215968235286294
28.195833333333336,0.10150268236514455,0.023951812677492513,0.003239475612084376,0.00042480376583258714,0.00011195702273359228
28.200000000000003,0.10131796739262153,0.023908193562057332,0.003233577005039416,0.00042403084579446955,0.00011175470752837419
28.20416666666667,0.10113358822441838,0.023864655439885207,0.003227689102586077,0.0004232593357597412,0.00011155273579709943
28.208333333333332,0.10094954424867447,0.023821199194938494,0.0032218118846003767,0.000422489233073477,0.00011135110659937298
28.212500000000002,0.1007658348545715,0.023777822069813492,0.003215945330986756,0.0004217205350845675,0.00011114981899450655
28.21666666666667,0.10058245943233174,0.02373452392036003,0.0032100894216779995,0.0004209532391457245,0.00011094887204151302
28.220833333333335,0.10039941737321487,0.02369130460268056,0.0032042441366350993,0.0004201873426134764,0.00011074826479909883
28.225000000000005,0.10021670806951517,0.023648163973129587,0.0031984094558471414,0.00041942284284817013,0.0001105479963256573
28.229166666666668,0.10003433091455918,0.023605101888313093,0.003192585359331201,0.00041865973721397155,0.00011034806567926209
28.233333333333334,0.09985228530270211,0.023562118205087683,0.0031867718271321997,0.00041789802307886194,0.00011014847191765956
28.2375,0.09967057062932624,0.023519212780560246,0.0031809688393228284,0.00041713769781464357,0.0001099492140982634
28.24166666666667,0.0994891862908376,0.023476385472087132,0.0031751763760034094,0.0004163787587969359,0.00010975029127814671
28.245833333333337,0.09930813168466328,0.02343363613727358,0.0031693944173017876,0.00041562120340517635,0.00010955170251403556
28.25,0.099127406209249,0.023390964633973072,0.0031636229433732177,0.0004148650290226215,0.00010935344686230257
28.254166666666666,0.09894700926405557,0.023348370820286582,0.0031578619344002274,0.0004141102330363438,0.00010915552337895886
28.258333333333336,0.09876694024955734,0.02330585455456218,0.0031521113705925406,0.0004133568128372359,0.00010895793111964893
28.262500000000003,0.09858719856723874,0.0232634156953942,0.0031463712321869357,0.000412604765820008,0.00010876066913964283
28.26666666666667,0.09840778361959175,0.023221054101622687,0.003140641499447136,0.0004118540893831884,0.00010856373649382964
28.270833333333332,0.09822869481011338,0.023178769632332775,0.0031349221526637064,0.00041110478092912456,0.00010836713223671075
28.275000000000002,0.09804993154330208,0.02313656214685388,0.003129213172153905,0.00041035683786397933,0.00010817085542239244
28.27916666666667,0.09787149322465628,0.02309443150475934,0.003123514538261611,0.00040961025759773625,0.0001079749051045802
28.283333333333335,0.09769337926067098,0.0230523775658656,0.0031178262313571858,0.0004088650375441964,0.00010777928033657115
28.287500000000005,0.09751558905883508,0.023010400190231598,0.0031121482318373596,0.00040812117512097865,0.00010758398017124735
28.291666666666668,0.09733812202762884,0.02296849923815822,0.003106480520125127,0.0004073786677495212,0.00010738900366106945
28.295833333333334,0.09716097757652054,0.022926674570187412,0.003100823076669604,0.00040663751285507774,0.00010719434985806878
28.3,0.09698415511596478,0.022884926047101906,0.0030951772940220708,0.00040589770786672244,0.00010700001781384206
28.30416666666667,0.09680765405739909,0.022843253529924324,0.0030895420760905833,0.0004051592502173472,0.00010680600657954356
28.308333333333337,0.09663147381324139,0.022801656879916626,0.003083917118960351,0.0004044221373436618,0.00010661231520587864
28.3125,0.09645561379688736,0.022760135958579526,0.0030783024039379497,0.0004036863666861948,0.00010641894274309718
28.316666666666666,0.09628007342270706,0.022718690627651646,0.0030726979123615636,0.0004029519356892909,0.00010622588824098586
28.320833333333336,0.09610485210604333,0.022677320749109144,0.003067103625600929,0.000402218841801115,0.00010603315074886267
28.325000000000003,0.0959299492632084,0.022636026185164977,0.0030615195250572125,0.00040148708247364956,0.00010584072931556927
28.32916666666667,0.09575536431148118,0.02259480679826821,0.0030559455921629237,0.0004007566551626951,0.00010564862298946443
28.333333333333332,0.09558109666910487,0.022553662451103473,0.0030503818083818324,0.00040002755732787126,0.00010545683081841744
28.337500000000002,0.09540714575528343,0.022512593006590146,0.0030448281552088448,0.0003992997864326131,0.00010526535184980037
28.34166666666667,0.09523351099018001,0.02247159832788198,0.00303928461416995,0.00039857333994417653,0.00010507418513048279
28.345833333333335,0.09506019179491353,0.022430678278366298,0.0030337511668220986,0.00039784821533363457,0.00010488332970682386
28.350000000000005,0.09488718759155602,0.022389832721663398,0.0030282277947531184,0.00039712441007587853,0.00010469278462466586
28.354166666666668,0.09471449780313025,0.022349061521625923,0.0030227144795816267,0.00039640192164961877,0.00010450254892932766
28.358333333333334,0.09454212185360614,0.022308364542338123,0.0030172112029569083,0.0003956807475373811,0.00010431262166559698
28.3625,0.09437005916789921,0.02226774164811542,0.0030117179465588635,0.0003949608852255121,0.00010412300187772499
28.36666666666667,0.09419830917186717,0.02222719270350363,0.0030062346920978855,0.0003942423322041756,0.00010393368860941847
28.370833333333337,0.09402687129230727,0.022186717573278347,0.0030007614213147763,0.00039352508596735377,0.00010374468090383347
28.375,0.09385574495695391,0.022146316122444373,0.0029952981159806578,0.00039280914401284737,0.00010355597780356858
28.379166666666666,0.093684929594475,0.022105988216234895,0.002989844757896849,0.00039209450384227325,0.00010336757835065728
28.383333333333336,0.09351442868673211,0.02206573372011111,0.0029844013288948218,0.0003913811629610686,0.00010317948158656252
28.387500000000003,0.09334423849894259,0.02202555249976143,0.0029789678108360653,0.00039066911887848796,0.0001029916865521689
28.39166666666667,0.09317435780499152,0.02198544442110086,0.002973544185612014,0.00038995836910760416,0.00010280419228777637
28.395833333333332,0.09300478604265736,0.02194540935027044,0.00296813043514395,0.00038924891116530897,0.00010261699783309331
28.400000000000002,0.09283552265070771,0.021905447153636404,0.0029627265413828905,0.0003885407425723096,0.00010243010222722922
28.40416666666667,0.09266656706889824,0.021865557697789827,0.002957332486309527,0.0003878338608531342,0.00010224559769231241
28.408333333333335,0.09249791873796942,0.021825740849545812,0.002951948251934108,0.0003871282635361281,0.00010206153097006347
28.412500000000005,0.09232957709964447,0.02178599647594287,0.0029465738202963552,0.0003864239481534549,0.00010187779814353472
28.416666666666668,0.09216154159662722,0.02174632444424239,0.00294120917346537,0.00038572091224109667,0.0001016943985748477
28.420833333333334,0.09199381167259903,0.021706724621927753,0.0029358542935395185,0.00038501915333885193,0.00010151133162701034
28.425,0.09182638677221751,0.021667196876704,0.0029305091626463764,0.0003843186689903391,0.00010132859666391487
28.42916666666667,0.09165926634111361,0.02162774107649703,0.002925173762942606,0.0003836194567429945,0.00010114619305033307
28.433333333333337,0.09149244982588926,0.02158835708945298,0.002919848076613871,0.00038292151414807214,0.00010096412015191288
28.4375,0.09132593667411541,0.02154904478393766,0.0029145320858747522,0.00038222483876064527,0.00010078237733517493
28.441666666666666,0.09115972633432887,0.02150980402853571,0.002909225772968623,0.00038152942813960274,0.00010060096396750798
28.445833333333336,0.09099381825603102,0.021470634692050246,0.002903929120167596,0.00038083527984765405,0.00010041987941716642
28.450000000000003,0.09082821188968493,0.021431536643502055,0.0028986421097724055,0.0003801423914513259,0.00010023912305326589
28.45416666666667,0.09066290668671302,0.021392509752129,0.0028933647241123185,0.0003794507605209633,0.0001000586942457796
28.458333333333332,0.09049790209949513,0.021353553887385402,0.0028880969455450465,0.00037876038463073006,9.987859236553514e-05
28.462500000000002,0.09033319758136518,0.021314668918941276,0.0028828387564566295,0.0003780712613586059,9.969881678420961e-05
28.46666666666667,0.09016879258661013,0.021275854716681905,0.0028775901392613765,0.0003773833882863909,9.951936687432743e-05
28.470833333333335,0.09000468657046691,0.021237111150707075,0.002872351076401749,0.0003766967629997026,9.93402420092557e-05
28.475000000000005,0.08984087898912024,0.021198438091330457,0.002867121550348273,0.00037601138308797653,9.916144156320075e-05
28.479166666666668,0.0896773692997004,0.02115983540907901,0.0028619015435994506,0.00037532724614446755,9.898296491120468e-05
28.483333333333334,0.0895141569602803,0.021121302974692197,0.002856691038681643,0.00037464434976624574,9.880481142914074e-05
28.4875,0.08935124142987425,0.02108284065912159,0.0028514900181490143,0.0003739626915542021,9.862698049371102e-05
28.49166666666667,0.08918862216843469,0.02104444833353005,0.0028462984645834088,0.00037328226911304495,9.844947148244181e-05
28.495833333333337,0.08902629863685033,0.02100612586929118,0.00284111636059427,0.0003726030800513006,9.827228377368022e-05
28.5,0.08886427029694384,0.020967873137988674,0.0028359436888185465,0.00037192512198131426,9.809541674659061e-05
28.504166666666666,0.08870253661146876,0.020929690011415533,0.0028307804319205802,0.00037124839251924716,9.79188697811501e-05
28.508333333333336,0.08854109704410837,0.02089157636157371,0.002825626572592044,0.00037057288928508074,9.774264225814611e-05
28.512500000000003,0.08837995105947259,0.020853532060673283,0.002820482093551826,0.00036989860990261427,9.756673355917192e-05
28.51666666666667,0.08821909812309578,0.02081555698113184,0.0028153469775459403,0.00036922555199946446,9.739114306662302e-05
28.520833333333332,0.08805853770143461,0.020777650995573924,0.0028102212073474434,0.00036855371320706755,9.721587016369378e-05
28.525000000000002,0.08789826926186511,0.0207398139768302,0.0028051047657563105,0.0003678830911606753,9.704091423437286e-05
28.52916666666667,0.08773829227268133,0.020702045797937087,0.002799997635599383,0.0003672136834993601,9.686627466344079e-05
28.533333333333335,0.08757860620309227,0.020664346332135947,0.0027948997997302477,0.00036654548786601145,9.669195083646546e-05
28.537500000000005,0.08741921052321974,0.020626715452872504,0.0027898112410291507,0.0003658785019073374,9.651794213979844e-05
28.541666666666668,0.08726010470409626,0.02058915303379623,0.002784731942402908,0.0003652127232738645,9.634424796057191e-05
28.545833333333334,0.08710128821766203,0.02055165894875954,0.0027796618867847902,0.0003645481496199354,9.617086768669373e-05
28.55,0.08694276053676353,0.020514233071817437,0.0027746010571344615,0.00036388477860371305,9.599780070684522e-05
28.55416666666667,0.08678452113515066,0.02047687527722668,0.0027695494364378664,0.00036322260788717805,9.582504641047652e-05
28.558333333333337,0.08662656948747444,0.020439585439445202,0.002764507007707138,0.00036256163513612855,9.565260418780322e-05
28.5625,0.08646890506928498,0.020402363433131513,0.00275947375398051,0.0003619018580201823,9.548047342980277e-05
28.566666666666666,0.08631152735702832,0.02036520913314389,0.0027544496583222053,0.0003612432742127725,9.530865352821003e-05
28.570833333333336,0.08615443582804522,0.020328122414540014,0.0027494347038223683,0.000360585881391153,9.51371438755148e-05
28.575000000000003,0.0859976299605682,0.020291103152576137,0.002744428873596957,0.00035992967723639467,9.496594386495724e-05
28.57916666666667,0.08584110923371924,0.020254151222706508,0.0027394321507876493,0.0003592746594333869,9.479505289052455e-05
28.583333333333332,0.08568487312750768,0.020217266500582774,0.002734444518561755,0.00035862082567083783,9.462447034694726e-05
28.587500000000002,0.08552892112282728,0.020180448862053176,0.0027294659601121043,0.0003579681736412714,9.445419562969489e-05
28.59166666666667,0.08537325270145482,0.02014369818316216,0.002724496458656982,0.00035731670104103224,9.428422813497342e-05
28.595833333333335,0.08521786734604712,0.020107014340149585,0.0027195359974400146,0.00035666640557028206,9.411456725972078e-05
28.600000000000005,0.08506276454013886,0.020070397209450117,0.0027145845597300808,0.00035601728493300084,9.394521240160337e-05
28.604166666666668,0.08490794376814048,0.02003384666769264,0.0027096421288212266,0.00035536933683698736,9.377616295901258e-05
28.608333333333334,0.0847534045153351,0.01999736259169945,0.0027047086880325434,0.00035472255899385643,9.360741833106036e-05
28.6125,0.08459914626787723,0.019960944858485877,0.0026997842207081143,0.00035407694911904317,9.343897791757647e-05
28.61666666666667,0.08444516851278985,0.019924593345259475,0.002694868710216892,0.00035343250493180013,9.327084111910435e-05
28.620833333333337,0.08429147073796202,0.019888307929419435,0.0026899621399526148,0.00035278922415519804,9.310300733689737e-05
28.625,0.08413805243214702,0.01985208848855597,0.0026850644933337194,0.0003521471045161264,9.293547597291542e-05
28.629166666666666,0.08398491308495915,0.019815934900449538,0.0026801757538032172,0.0003515061437452907,9.27682464298205e-05
28.633333333333336,0.08383205218687236,0.01977984704307045,0.0026752959048286454,0.00035086633957721685,9.260131811097403e-05
28.637500000000003,0.08367946922921747,0.01974382479457806,0.0026704249299019417,0.00035022768975024796,9.243469042043257e-05
28.64166666666667,0.08352716370417981,0.019707868033320166,0.00266556281253936,0.00034959019200654553,9.226836276294417e-05
28.645833333333332,0.08337513510479716,0.019671976637832433,0.002660709536281382,0.00034895384409208984,9.210233454394495e-05
28.650000000000002,0.0832233829249567,0.01963615048683759,0.002655865084692602,0.000348318643756677,9.193660516955465e-05
28.65416666666667,0.08307190665939368,0.019600389459245006,0.0026510294413616647,0.00034768458875392367,9.177117404657403e-05
28.658333333333335,0.08292070580368849,0.019564693434149943,0.00264620258990115,0.00034705167684126367,9.160604058248048e-05
28.662500000000005,0.0827697798542644,0.019529062290832924,0.0026413845139474854,0.00034641990577994925,9.144120418542445e-05
28.666666666666668,0.08261912830838551,0.019493498785435912,0.002636575197160856,0.00034578927333505125,9.1276664264226e-05
28.670833333333334,0.08246875066415361,0.019458000278893557,0.002631774623225094,0.0003451597772754567,9.111242022837035e-05
28.675,0.08231864642050703,0.019422566413052633,0.0026269827758476083,0.0003445314153738728,9.094847148800524e-05
28.67916666666667,0.08216881507721742,0.019387197070183253,0.00262219963875928,0.0003439041854068243,9.078481745393664e-05
28.683333333333337,0.08201925613488781,0.019351892132760666,0.002617425195714365,0.00034327808515465387,9.06214575376251e-05
28.6875,0.08186996909495031,0.019316651483464772,0.0026126594304904122,0.0003426531124015232,9.045839115118229e-05
28.691666666666666,0.08172095345966317,0.01928147500517944,0.0026079023268881438,0.00034202926493541,9.029561770736661e-05
28.695833333333336,0.08157220873210937,0.019246362580992202,0.0026031538687313963,0.00034140654054811223,9.013313661958056e-05
28.700000000000003,0.08142373441619374,0.019211314094193552,0.0025984140398670045,0.00034078493703524536,8.997094730186631e-05
28.70416666666667,0.08127553001664077,0.019176329428276486,0.002593682824164713,0.00034016445219624264,8.980904916890225e-05
28.708333333333332,0.08112759503899235,0.01914140846693599,0.0025889602055170885,0.0003395450838343566,8.96474416359994e-05
28.712500000000002,0.08097992898960482,0.019106551094068305,0.002584246167839403,0.00033892682975665556,8.948612411909703e-05
28.71666666666667,0.08083253137564775,0.019071757193770734,0.002579540695069575,0.00033830968777402845,8.932509603476005e-05
28.720833333333335,0.08068540170510083,0.01903702665034084,0.002574843771168052,0.00033769372169687427,8.916435680017461e-05
28.725000000000005,0.08053853948675166,0.01900235934827602,0.0025701553801177244,0.0003370792908669002,8.90039058331446e-05
28.729166666666668,0.08039194423019375,0.018967755172273004,0.002565475505923832,0.00033646597606023387,8.884374255208807e-05
28.733333333333334,0.08024561544582337,0.018933214007227146,0.0025608041326138564,0.0003358537752020444,8.868386637603288e-05
28.7375,0.08009955264483833,0.018898735738232125,0.0025561412442374537,0.00033524268622170216,8.852427672461411e-05
28.74166666666667,0.07995375533923488,0.01886432025057928,0.0025514868248663414,0.000334632707052775,8.836497301806956e-05
28.745833333333337,0.07980822304180561,0.018829967429757098,0.002546840858594211,0.00033402383563303014,8.820595467723631e-05
28.75,0.07966295878881735,0.018795677161450714,0.002542203329536637,0.00033341606990443387,8.804722112354716e-05
28.754166666666666,0.07951795932571337,0.018761449331541252,0.002537574221830963,0.00033280940781314934,8.788877177902632e-05
28.758333333333336,0.07937322361250106,0.018727283826105477,0.002532953519636243,0.00033220384730954093,8.773060606628662e-05
28.762500000000003,0.07922875116981029,0.01869318053141516,0.00252834120713312,0.0003315993863481703,8.757272340852527e-05
28.76666666666667,0.07908454151911538,0.018659139333936543,0.002523737268523745,0.0003309960228877988,8.741512322952031e-05
28.770833333333332,0.07894059418273354,0.018625160120329866,0.002519141688031682,0.0003303937548913866,8.725780495362696e-05
28.775000000000002,0.07879690868382186,0.01859124277744868,0.002514554449901797,0.00032979258032609103,8.710076800577339e-05
28.77916666666667,0.07865348454637656,0.018557387192339528,0.002509975538400195,0.00032919249716326993,8.694401181145803e-05
28.783333333333335,0.07851032129523026,0.018523593252241267,0.002505404937814106,0.00032859350337847954,8.678753579674514e-05
28.787500000000005,0.07836741845605008,0.018489860844584594,0.002500842632451794,0.0003279955969514746,8.663133938826138e-05
28.791666666666668,0.07822477555533597,0.01845618985699151,0.0024962886066424725,0.0003273987758662096,8.647542201319211e-05
28.795833333333334,0.07808239212041791,0.018422580177274675,0.002491742844736184,0.00032680303811083564,8.631978309927726e-05
28.8,0.07794026767945492,0.018389031693437082,0.002487205331103745,0.00032620838167770477,8.616442207480848e-05
28.80416666666667,0.0777984017614325,0.018355544293671366,0.002482676050136626,0.0003256148045633669,8.600933836862482e-05
28.808333333333337,0.07765679389616073,0.018322117866359337,0.002478154986246864,0.00032502230476857095,8.585453141010922e-05
28.8125,0.07751544361427239,0.01828875230007144,0.002473642123866977,0.0003244308802982653,8.570000062918497e-05
28.816666666666666,0.07737435044722044,0.01825544748356612,0.0024691374474498434,0.000323840529161595,8.554574545631135e-05
28.820833333333336,0.07723351392727687,0.01822220330578949,0.002464640941468646,0.00032325124937190603,8.539176532248102e-05
28.825000000000003,0.07709293358753022,0.018189019655874644,0.0024601525904167547,0.00032266303894674215,8.523805965921547e-05
28.82916666666667,0.07695260896188352,0.018155896423141166,0.0024556723788076358,0.0003220758959078466,8.508462789856168e-05
28.833333333333332,0.07681253958505266,0.018122833497094645,0.0024512002911747676,0.0003214898182811615,8.493146947308856e-05
28.837500000000002,0.07667272499256361,0.01808983076742598,0.0024467363120715246,0.00032090480409682575,8.477858381588245e-05
28.84166666666667,0.07653316472075154,0.018056888124011072,0.0024422804260711114,0.0003203208513891794,8.462597036054464e-05
28.845833333333335,0.07639385830675798,0.018024005456910144,0.002437832617766453,0.0003197379581967604,8.447362854118687e-05
28.850000000000005,0.0762548052885292,0.017991182656367254,0.0024333928717701053,0.0003191561225623055,8.432155779242786e-05
28.854166666666668,0.07611600520481422,0.017958419612809782,0.002428961172714163,0.00031857534253275095,8.416975754938973e-05
28.858333333333334,0.07597745759516226,0.017925716216847763,0.00242453750525015,0.0003179956161592298,8.401822724769372e-05
28.8625,0.0758391619999216,0.017893072359273576,0.002420121854048954,0.00031741694149707594,8.386696632345744e-05
28.86666666666667,0.07570111796023714,0.017860487931061247,0.0024157142038007118,0.00031683931660582117,8.371597421329054e-05
28.870833333333337,0.07556332501804834,0.017827962823365965,0.002411314539214724,0.00031626273954919645,8.356525035429113e-05
28.875,0.07542578271608753,0.0177954969275236,0.0024069228450193597,0.0003156872083951317,8.341479418404241e-05
28.879166666666666,0.07528849059787725,0.017763090135049994,0.0024025391059619514,0.0003151127212157541,8.326460514060808e-05
28.883333333333336,0.07515144820772915,0.01773074233764066,0.002398163306808725,0.00031453927608739147,8.311468266252981e-05
28.887500000000003,0.07501465509074143,0.017698453427170118,0.0023937967682576373,0.0003139668710905695,8.296502618882286e-05
28.89166666666667,0.07487811079279702,0.017666223295691376,0.002389438419760406,0.00031339550431001313,8.281563515897251e-05
28.895833333333332,0.07474181486056163,0.01763405183543544,0.00238508801277587,0.00031282517383464636,8.266650901293061e-05
28.900000000000002,0.07460576684148122,0.01760193893881065,0.0023807455328419104,0.0003122558777575904,8.251764719111111e-05
28.90416666666667,0.07446996628378097,0.017569884498402348,0.0023764109655204377,0.0003116876141761667,8.236904913438746e-05
28.908333333333335,0.07433441273646253,0.01753788840697219,0.0023720842963972947,0.0003111203811918952,8.222071428408824e-05
28.912500000000005,0.07419910574930239,0.01750595055745769,0.002367765511082186,0.0003105541769104946,8.207264208199354e-05
28.916666666666668,0.07406404487284973,0.017474070842971687,0.0023634545952086142,0.000309988999441883,8.192483197033159e-05
28.920833333333334,0.07392922965842418,0.017442249156801672,0.002359151534433782,0.00030942484690017535,8.177728339177433e-05
28.925,0.07379465965811442,0.017410485392409487,0.0023548563144385457,0.0003088617174036873,8.162999578943466e-05
28.92916666666667,0.0736603344247758,0.017378779443430626,0.0023505689209273265,0.0003082996090749327,8.148296860686216e-05
28.933333333333337,0.07352625351202836,0.017347131203673767,0.0023462893396280424,0.0003077385200406242,8.133620128803954e-05
28.9375,0.0733924164742551,0.017315540567120247,0.002342017556292029,0.0003071784484316738,8.118969327737904e-05
28.941666666666666,0.0732588228665992,0.017284007427923413,0.002337753556693958,0.00030661939238319055,8.104344401971827e-05
28.945833333333336,0.07312547224496314,0.017252531680408256,0.002333497326631785,0.0003060613500344838,8.089745296031732e-05
28.950000000000003,0.07299236416600599,0.017221113219070796,0.0023292488519266585,0.00030550431952906164,8.075171954485446e-05
28.95416666666667,0.07285949818714159,0.017189751938577556,0.0023250081184228505,0.00030494829901463037,8.060624321942269e-05
28.958333333333332,0.07272687386653669,0.017158447733765042,0.0023207751119876862,0.0003043932866430963,8.046102343052609e-05
28.962500000000002,0.07259449076310834,0.017127200499639113,0.0023165498185114533,0.000303839280570562,8.031605962507556e-05
28.96666666666667,0.07246234843652287,0.017096010131374628,0.0023123322239073534,0.00030328627895733124,8.017135125038605e-05
28.970833333333335,0.07233044644719319,0.017064876524314772,0.0023081223141114106,0.0003027342799679058,8.002689775417231e-05
28.975000000000005,0.07219878435627711,0.017033799573970596,0.002303920075082402,0.0003021832817709861,7.98826985845453e-05
28.979166666666668,0.07206736172567521,0.017002779176020465,0.00229972549280179,0.0003016332825394721,7.973875319000857e-05
28.983333333333334,0.07193617811802856,0.016971815226309417,0.002295538553273625,0.0003010842804504607,7.959506101945411e-05
28.9875,0.07180523309671745,0.016940907620848846,0.0022913592425245054,0.0003005362736852494,7.945162152215947e-05
28.99166666666667,0.07167452622585882,0.016910056255815802,0.0022871875466034786,0.00029998926042933393,7.930843414778349e-05
28.995833333333337,0.07154405707030444,0.016879261027552522,0.002283023451581977,0.00029944323887240876,7.916549834636277e-05
29.0,0.071413825195639,0.016848521832565896,0.0022788669435537447,0.00029889820720836784,7.902281356830816e-05
29.004166666666666,0.07128383016817769,0.01681783856752685,0.002274718008634748,0.00029835416363530195,7.888037926440031e-05
29.008333333333336,0.07115407155496481,0.016787211129269956,0.002270576632963126,0.0002978111063555025,7.873819488578715e-05
29.012500000000003,0.0710245489237715,0.01675663941479281,0.0022664428026991034,0.0002972690335754593,7.85962598839793e-05
29.01666666666667,0.07089526184309365,0.016726123321255525,0.002262316504024911,0.00029672794350586067,7.845457371084678e-05
29.020833333333332,0.0707662098821502,0.016695662745980198,0.0022581977231447294,0.0002961878343615945,7.831313581861534e-05
29.025000000000002,0.07063739261088044,0.016665257586450287,0.0022540864462845833,0.0002956487043617456,7.817194565986208e-05
29.02916666666667,0.07050880959994305,0.016634907740310248,0.002249982659692308,0.0002951105517295994,7.803100268751289e-05
29.033333333333335,0.07038046042071332,0.016604613105364895,0.0022458863496374448,0.0002945733746926395,7.789030635483802e-05
29.037500000000005,0.07025234464528145,0.016574373579578874,0.00224179750241118,0.00029403717148254824,7.774985611544849e-05
29.041666666666668,0.07012446184645071,0.016544189061076183,0.002237716104326273,0.0002935019403352076,7.76096514232927e-05
29.045833333333334,0.06999681159773477,0.016514059448139485,0.002233642141716961,0.0002929676794906961,7.746969173265194e-05
29.05,0.06986939347335659,0.016483984639209796,0.0022295756009389186,0.0002924343871932932,7.732997649813778e-05
29.05416666666667,0.06974220704824591,0.01645396453288582,0.002225516468369157,0.00029190206169147655,7.71905051746877e-05
29.058333333333337,0.06961525189803738,0.016423999027923422,0.0022214647304059647,0.00029137070123792254,7.705127721756157e-05
29.0625,0.06948852759906865,0.016394088023235154,0.0022174203734688282,0.00029084030408950667,7.691229208233802e-05
29.066666666666666,0.06936203372837788,0.016364231417889584,0.0022133833839983455,0.0002903108685073019,7.677354922491028e-05
29.070833333333336,0.06923576986370253,0.016334429111110958,0.0022093537484561792,0.0002897823927565814,7.663504810148333e-05
29.075000000000003,0.0691097355834769,0.01630468100227853,0.002205331453324962,0.0002892548751068169,7.649678816856957e-05
29.07916666666667,0.06898393046683013,0.016274986990926082,0.002201316485108227,0.00028872831383167856,7.635876888298536e-05
29.083333333333332,0.06885835409358446,0.01624534697674139,0.002197308830330342,0.00028820270720903606,7.62209897018474e-05
29.087500000000002,0.06873300604425268,0.0162157608595656,0.0021933084755364133,0.0002876780535209561,7.608345008256845e-05
29.09166666666667,0.06860788590003689,0.016186228539392857,0.0021893154072922384,0.00028715435105370593,7.594614948285464e-05
29.095833333333335,0.06848299324282597,0.016156749916369666,0.0021853296121842193,0.00028663159809775126,7.5809087360701e-05
29.100000000000005,0.06835832765519384,0.016127324890794367,0.0021813510768192873,0.0002861097929477559,7.56722631743881e-05
29.104166666666668,0.0682338887203974,0.016097953363116667,0.002177379787824834,0.000285588933902584,7.553567638247836e-05
29.108333333333334,0.06810967602237415,0.016068635233936944,0.002173415731848625,0.0002850690192652958,7.539932644381184e-05
29.1125,0.06798568914574098,0.016039370404005934,0.002169458895558743,0.00028455004734315273,7.526321281750346e-05
29.11666666666667,0.06786193178123755,0.016010158774224053,0.002165509265643507,0.00028403201644761414,7.51273349629387e-05
29.120833333333337,0.0677384002388682,0.0159810002456409,0.0021615668288113912,0.00028351492489433826,7.499169233976989e-05
29.125,0.06761509347388134,0.015951895909592822,0.002157631571790967,0.00028299877100318276,7.4856284407913e-05
29.129166666666666,0.06749201107761758,0.015922846023070158,0.002153703481330801,0.00028248355309820226,7.472111062754306e-05
29.133333333333336,0.0673691526421314,0.01589384904414216,0.002149782544199414,0.00028196926950765173,7.458617045909148e-05
29.137500000000003,0.06724651776018889,0.01586490487638135,0.0021458687471851874,0.00028145591856398465,7.445146336324177e-05
29.14166666666667,0.06712410602526615,0.015836013423526567,0.0021419620770962914,0.0002809434986038533,7.4316988800926e-05
29.145833333333332,0.06700191703154765,0.015807174589482567,0.00213806252076062,0.0002804320079681092,7.418274623332115e-05
29.150000000000002,0.06687995037392377,0.015778388278319438,0.0021341700650256944,0.00027992144500180074,7.404873512184502e-05
29.15416666666667,0.06675820564799008,0.015749654394272353,0.002130284696758619,0.0002794118080541771,7.391495492815325e-05
29.158333333333335,0.06663668245004477,0.015720972841741003,0.002126406402845988,0.0002789030954786858,7.378140511413506e-05
29.162500000000005,0.06651538037708718,0.015692343525289167,0.0021225351701938144,0.00027839530563297284,7.364808514190988e-05
29.166666666666668,0.06639429902681608,0.01566376634964433,0.002118670985727465,0.00027788843687888355,7.351499447382354e-05
29.170833333333334,0.06627343799762732,0.015635241219697074,0.0021148138363915638,0.00027738248758246063,7.33821325724442e-05
29.175,0.06615279688861296,0.015606768040500851,0.002110963709149947,0.00027687745611394715,7.324949890055944e-05
29.17916666666667,0.06603237529955883,0.01557834671727141,0.0021071205909855696,0.0002763733408477844,7.311709292117203e-05
29.183333333333337,0.06591217283094301,0.015549977155386377,0.002103284468900438,0.0002758701401626125,7.298491409749632e-05
29.1875,0.0657921890839341,0.015521659260384835,0.0020994553299155394,0.00027536785244127056,7.285296189295477e-05
29.191666666666666,0.06567242366038892,0.015493392937966765,0.0020956331610707487,0.0002748664760707954,7.27212357711736e-05
29.195833333333336,0.06555287616285155,0.0154651780939928,0.0020918179494247824,0.0002743660094424239,7.258973519598004e-05
29.200000000000003,0.06543354619455098,0.015437014634483626,0.002088009682055106,0.0002738664509515913,7.245845963139801e-05
29.20416666666667,0.06531443335939954,0.0154089024656196,0.002084208346057867,0.0002733677989979317,7.232740854164465e-05
29.208333333333332,0.06519553726199118,0.015380841493740312,0.0020804139285478212,0.0002728700519852784,7.21965813911266e-05
29.212500000000002,0.06507685750759919,0.015352831625344038,0.0020766264166582424,0.00027237320832166186,7.206597764443598e-05
29.21666666666667,0.06495839370217517,0.01532487276708746,0.002072845797540878,0.00027187726641931306,7.19355967663473e-05
29.220833333333335,0.06484014545234684,0.015296964825785115,0.002069072058365853,0.0002713822246946612,7.180543822181338e-05
29.225000000000005,0.06472211236541625,0.015269107708408978,0.0020653051863216013,0.0002708880815683342,7.167550147596177e-05
29.229166666666668,0.06460429404935822,0.015241301322088046,0.002061545168614799,0.0002703948354651594,7.154578599409112e-05
29.233333333333334,0.06448669011281803,0.01521354557410776,0.002057791992470267,0.00026990248481416123,7.141629124166701e-05
29.2375,0.06436930016511037,0.015185840371909759,0.0020540456451309318,0.0002694110280485645,7.128701668431899e-05
29.24166666666667,0.06425212381621712,0.01515818562309133,0.002050306113857724,0.0002689204636057925,7.115796178783657e-05
29.245833333333337,0.0641351606767856,0.015130581235404944,0.002046573385929517,0.00026843078992746703,7.102912601816535e-05
29.25,0.06401841035812704,0.015103027116757891,0.0020428474486430515,0.00026794200545940936,7.090050884140368e-05
29.254166666666666,0.0639018724722142,0.015075523175211693,0.002039128289312848,0.00026745410865163796,7.077210972379829e-05
29.258333333333336,0.06378554663168036,0.015048069318981835,0.0020354158952711567,0.0002669670979583715,7.064392813174162e-05
29.262500000000003,0.06366943244981711,0.015020665456437213,0.002031710253867866,0.00026648097183802724,7.051596353176734e-05
29.26666666666667,0.06355352954057258,0.014993311496099728,0.002028011352470434,0.00026599572875322095,7.038821539054696e-05
29.270833333333332,0.06343783751854988,0.014966007346643842,0.002024319178463819,0.0002655113671707679,7.026068317488616e-05
29.275000000000002,0.06332235599900479,0.014938752916896034,0.002020633719250385,0.0002650278855616804,7.013336635172069e-05
29.27916666666667,0.06320708459784467,0.014911548115834544,0.002016954962249858,0.00026454528240117117,7.000626438811332e-05
29.283333333333335,0.06309202293162637,0.014884392852588779,0.002013282894899231,0.0002640635561686513,6.987937675124981e-05
29.287500000000005,0.0629771706175543,0.014857287036438932,0.0020096175046526972,0.00026358270534773063,6.975270290843516e-05
29.291666666666668,0.062862527273479,0.014830230576815548,0.002005958778981577,0.00026310272842621825,6.962624232709017e-05
29.295833333333334,0.06274809251789477,0.014803223383298963,0.0020023067053742305,0.0002626236238961205,6.94999944747472e-05
29.3,0.06263386596993865,0.014776265365619039,0.001998661271336007,0.0002621453902536441,6.937395881904723e-05
29.30416666666667,0.06251984724938815,0.014749356433654612,0.0019950224643891525,0.000261668025999194,6.924813482773562e-05
29.308333333333337,0.06240603597665956,0.014722496497433053,0.0019913902720727432,0.0002611915296373739,6.91225219686587e-05
29.3125,0.062292431772806356,0.01469568546712988,0.001987764681942612,0.0002607158996769871,6.899711970976007e-05
29.316666666666666,0.06217903425951686,0.01466892325306817,0.001984145681571263,0.0002602411346310337,6.887192751907635e-05
29.320833333333336,0.062065843059113245,0.01464220976571832,0.0019805332585478156,0.00025976723301671437,6.874694486473442e-05
29.325000000000003,0.061952857794549315,0.01461554491569746,0.001976927400477919,0.00025929419335542805,6.86221712149471e-05
29.32916666666667,0.06184007808940869,0.014588928613769057,0.00197332809498368,0.00025882201417277246,6.849760603800964e-05
29.333333333333332,0.061727503567903276,0.014562360770842477,0.0019697353297035954,0.00025835069399854463,6.837324880229607e-05
29.337500000000002,0.061615133854871,0.014535841297972443,0.0019661490922924575,0.0002578802313667388,6.824909897625513e-05
29.34166666666667,0.06150296857577472,0.014509370106358766,0.0019625693704213086,0.0002574106248155495,6.812515602840725e-05
29.345833333333335,0.0613910073566999,0.01448294710734578,0.001958996151777347,0.0002569418728873697,6.800141942734037e-05
29.350000000000005,0.06127924982435313,0.014456572212421913,0.0019554294240638616,0.00025647397412879104,6.787788864170635e-05
29.354166666666668,0.061167695606060286,0.014430245333219297,0.0019518691750001565,0.00025600692709060446,6.775456314021751e-05
29.358333333333334,0.061056344329764346,0.014403966381513186,0.0019483153923214658,0.0002555407303277981,6.763144239164224e-05
29.3625,0.06094519562402435,0.014377735269221705,0.0019447680637789,0.0002550753823995606,6.750852586480231e-05
29.36666666666667,0.060834249118013065,0.014351551908405261,0.0019412271771393583,0.0002546108818692787,6.738581302856844e-05
29.370833333333337,0.060723504441515475,0.014325416211266167,0.0019376927201854566,0.00025414722730453807,6.72633033518569e-05
29.375,0.06061296122492692,0.014299328090148191,0.0019341646807154585,0.0002536844172771236,6.714099630362586e-05
29.379166666666666,0.060502619099251,0.014273287457536017,0.0019306430465431865,0.0002532224503630173,6.701889135287121e-05
29.383333333333336,0.06039247769609844,0.014247294226054969,0.0019271278054979692,0.0002527613251424018,6.689698796862364e-05
29.387500000000003,0.06028253664768488,0.014221348308470438,0.0019236189454245524,0.0002523010401996579,6.677528561994444e-05
29.39166666666667,0.06017279558682912,0.014195449617687494,0.0019201164541830307,0.0002518415941233651,6.665378377592193e-05
29.395833333333332,0.060063254146951586,0.014169598066750447,0.0019166203196487749,0.0002513829855063021,6.653248190566791e-05
29.400000000000002,0.05995391196207196,0.014143793568842296,0.001913130529712343,0.00025092521294544517,6.641137947831342e-05
29.40416666666667,0.0598447686668082,0.01411803603728446,0.0019096470722794316,0.00025046827504197075,6.629047596300583e-05
29.408333333333335,0.05973582389637427,0.014092325385536206,0.0019061699352707824,0.0002500121704012534,6.616977082890465e-05
29.412500000000005,0.059627077286578414,0.01406666152719426,0.001902699106622116,0.0002495568976328668,6.6049263545178e-05
29.416666666666668,0.059518528473821566,0.014041044375992358,0.0018992345742840588,0.0002491024553505836,6.592944470422527e-05
29.420833333333334,0.05941017709509507,0.014015473845800706,0.0018957763262220553,0.00024864884217237385,6.581033325626978e-05
29.425,0.05930202278797964,0.013989949850625715,0.0018923243504163155,0.000248196056720408,6.569143514001501e-05
29.42916666666667,0.05919406519064303,0.013964472304609427,0.001888878634861728,0.0002477440976210546,6.557274997138311e-05
29.433333333333337,0.059086303941838496,0.013939041122029094,0.0018854391675677863,0.0002472929635048812,6.54542773669724e-05
29.4375,0.058978738680903,0.013913656217296792,0.0018820059365585232,0.0002468426530066545,6.53360169440551e-05
29.441666666666666,0.058871369047755064,0.013888317504958829,0.0018785789298724153,0.00024639278172377665,6.521796832057467e-05
29.445833333333336,0.05876419468289363,0.013863024899695486,0.0018751581355623374,0.0002459436363124311,6.510013111514414e-05
29.450000000000003,0.05865721522739588,0.013837778316320467,0.0018717435416954714,0.0002454953003836009,6.49825049470434e-05
29.45416666666667,0.05855043032291546,0.013812577669780472,0.0018683351363532345,0.00024504777249405324,6.486508943621704e-05
29.458333333333332,0.058443839611680974,0.013787422875154777,0.0018649329076312112,0.000244601051204391,6.474788420327208e-05
29.462500000000002,0.0583374427364936,0.013762313847654695,0.0018615368436390627,0.0002441551350790509,6.463088886947533e-05
29.46666666666667,0.05823123934072606,0.01373725050262328,0.001858146932500475,0.0002437100226863064,6.451410305675173e-05
29.470833333333335,0.05812522906832044,0.013712232755534794,0.0018547631623530728,0.00024326571259826585,6.439752638768161e-05
29.475000000000005,0.058019411563786386,0.013687260521994251,0.0018513855591209358,0.0002428222033908728,6.428115848549856e-05
29.479166666666668,0.05791378647219958,0.013662333717737054,0.0018480140845904725,0.0002423794936439066,6.41649989740872e-05
29.483333333333334,0.057808353439199406,0.013637452258628386,0.0018446487219583362,0.00024193758194098052,6.404904747798038e-05
29.4875,0.05770311211098791,0.013612616060662986,0.001841289459796257,0.0002414964668695446,6.393330362235775e-05
29.49166666666667,0.05759806213432755,0.013587825039964536,0.0018379362866988388,0.00024105614702088344,6.381776703304282e-05
29.495833333333337,0.05749320315653954,0.013563079112785295,0.0018345891912835638,0.0002406166209901173,6.370243733650095e-05
29.5,0.05738853482550213,0.013538378195505655,0.0018312481621907961,0.00024017788737620195,6.3587314159837e-05
29.504166666666666,0.057284056789648465,0.013513722204633595,0.001827913188083768,0.0002397399447819271,6.347239713079276e-05
29.508333333333336,0.057179768697965414,0.013489111056804386,0.0018245842576486019,0.00023930279181391922,6.335768587774521e-05
29.512500000000003,0.057075670199991366,0.013464544668780078,0.0018212613595942975,0.00023886642708263956,6.324318002970384e-05
29.51666666666667,0.05697176094581455,0.013440022957449024,0.0018179444826527354,0.00023843084920238466,6.312887921630849e-05
29.520833333333332,0.05686804058607139,0.013415545839825512,0.0018146336155786815,0.000237996056791287,6.301478306782714e-05
29.525000000000002,0.05676450877194426,0.013391113233049201,0.0018113287471497722,0.00023756204847131258,6.290089121515309e-05
29.52916666666667,0.056661165155160384,0.013366725054384817,0.0018080298661665374,0.00023712882286826446,6.278720328980352e-05
29.533333333333335,0.05655800938798961,0.013342381221221618,0.0018047369614523875,0.0002366963786117804,6.267371892391662e-05
29.537500000000005,0.056455041123242726,0.013318081651072993,0.001801450021853616,0.00023626471433533334,6.256043775024946e-05
29.541666666666668,0.056352264820949946,0.013293826261576004,0.0017981690362394037,0.00023583382867623225,6.24473594021758e-05
29.545833333333334,0.056249676733269714,0.013269614970490872,0.0017948939935018067,0.00023540372027561974,6.233448351368332e-05
29.55,0.05614727535930772,0.013245447695700671,0.0017916248825557762,0.00023497438777847515,6.222180971937209e-05
29.55416666666667,0.05604506035910001,0.013221324355210791,0.0017883616923391483,0.00023454582983361283,6.210933765445176e-05
29.558333333333337,0.05594303139327092,0.013197244867148503,0.0017851044118126417,0.00023411804509368224,6.199706695473936e-05
29.5625,0.05584118812303161,0.013173209149762563,0.0017818530299598696,0.00023369103221516875,6.188499725665722e-05
29.566666666666666,0.05573953021017817,0.013149217121422646,0.0017786075357873192,0.00023326478985839146,6.177312819723011e-05
29.570833333333336,0.05563805731709074,0.01312526870061906,0.0017753679183243785,0.00023283931668750625,6.166145941408374e-05
29.575000000000003,0.055536769106731616,0.01310136380596221,0.00177213416662332,0.0002324146113705039,6.154999054544195e-05
29.57916666666667,0.05543566524264376,0.013077502356182168,0.0017689062697593052,0.00023199067257921049,6.143872123012455e-05
29.583333333333332,0.055334745388949516,0.013053684270128256,0.0017656842943136646,0.0002315674989892876,6.132765110754512e-05
29.587500000000002,0.05523400921034851,0.013029913043819365,0.001762468211987865,0.00023114508928023114,6.121677981770831e-05
29.59166666666667,0.05513345637211702,0.013006185235703302,0.001759257970090856,0.00023072344213537324,6.110610700120818e-05
29.595833333333335,0.0550330865401058,0.012982500666319346,0.0017560535588745335,0.00023030255624188121,6.099563229922554e-05
29.600000000000005,0.054932899380738844,0.012958859256840337,0.001752854968639811,0.00022988243029075755,6.0885355353525696e-05
29.604166666666668,0.05483289456101191,0.012935260928571978,0.0017496621897366187,0.0002294630629768405,6.077527580645626e-05
29.608333333333334,0.05473307174849058,0.012911705602952354,0.001746475212563893,0.00022904445299880223,6.066539330094444e-05
29.6125,0.05463343061130947,0.012888193201551696,0.0017432940275695955,0.00022862659905915154,6.055570748049552e-05
29.61666666666667,0.05453397081817019,0.012864723646071887,0.001740118625250697,0.00022820949986423217,6.0446217989189935e-05
29.620833333333337,0.054434692038340005,0.012841296858346112,0.001736948996153181,0.00022779315412422305,6.033692447168123e-05
29.625,0.05433559394165046,0.012817912760338489,0.001733785130872049,0.00022737756055313892,6.022782657319383e-05
29.629166666666666,0.054236676198495384,0.012794571274143587,0.0017306270200512996,0.00022696271786882844,6.01189239395203e-05
29.633333333333336,0.054137938479830026,0.01277127232198621,0.0017274746543839566,0.0002265486247929769,6.001021621701975e-05
29.637500000000003,0.0540393804571692,0.012748015826220874,0.0017243280246120483,0.00022613528005110446,5.9901703052615116e-05
29.64166666666667,0.053941001802585764,0.012724801709331476,0.0017211871215266144,0.0002257226823725666,5.9793384093790886e-05
29.645833333333332,0.053842802188709356,0.01270162989393093,0.0017180519359677046,0.00022531083049055452,5.968525898859105e-05
29.650000000000002,0.0537447812887243,0.012678500302760664,0.001714922458824368,0.00022489972314209336,5.957732738561626e-05
29.65416666666667,0.053646938776368905,0.012655412858690408,0.0017117986810346716,0.00022448935906804483,5.946958893402223e-05
29.658333333333335,0.05354927432593341,0.012632367484717704,0.0017086805935856851,0.0002240797370131057,5.936204328351711e-05
29.662500000000005,0.053451787612258626,0.012609364103967529,0.0017055681875134863,0.00022367085572580776,5.9254690084359114e-05
29.666666666666668,0.05335447831073455,0.012586402639691954,0.0017024614539031596,0.00022326271395851883,5.914752898735454e-05
29.670833333333334,0.05325734609729841,0.012563483015269643,0.001699360383888785,0.0002228553104674404,5.904055964385484e-05
29.675,0.05316039064843379,0.01254060515420564,0.0016962649686534583,0.00022244864401261083,5.893378170575515e-05
29.67916666666667,0.053063611641168726,0.01251776898013086,0.0016931751994292733,0.00022204271335790325,5.8827194825491505e-05
29.683333333333337,0.052967008753074286,0.012494974416801748,0.0016900910674973295,0.00022163751727102599,5.872079865603864e-05
29.6875,0.05287058166226313,0.012472221388099903,0.0016870125641877307,0.00022123305452352322,5.8614592850907856e-05
29.691666666666666,0.05277433004738772,0.012449509818031603,0.0016839396326096998,0.00022082932389077303,5.850857706414422e-05
29.695833333333336,0.05267825358763922,0.012426839630727568,0.0016808722237741244,0.0002204263241519902,5.840275095032499e-05
29.700000000000003,0.052582351962745785,0.012404210750442471,0.001677810399381084,0.00022002405409022428,5.829711416455687e-05
29.70416666666667,0.052486624852971016,0.012381623101554584,0.001674754149847945,0.0002196225124923602,5.8191666362473846e-05
29.708333333333332,0.05239107193911267,0.012359076608565413,0.0016717034656142057,0.00021922169814911867,5.808640720023498e-05
29.712500000000002,0.052295692902500565,0.012336571196099223,0.0016686583371414866,0.00021882160985505416,5.7981336334521675e-05
29.71666666666667,0.05220048742499593,0.01231410678890278,0.0016656187549135453,0.00021842224640855785,5.787645342253608e-05
29.720833333333335,0.05210545518898926,0.01229168331184489,0.0016625847094362683,0.00021802360661185588,5.777175812199832e-05
29.725000000000005,0.05201059587739908,0.012269300689916026,0.0016595561912376674,0.00021762568927100962,5.766725009114437e-05
29.729166666666668,0.051915909173670435,0.012246958848227978,0.0016565331908678905,0.0002172284931959161,5.7562928988723786e-05
29.733333333333334,0.051821394761772985,0.012224657712013347,0.0016535156988992006,0.0002168320172003065,5.745879447399709e-05
29.7375,0.0517270523262002,0.012202397206625346,0.0016505037059260023,0.0002164362601017484,5.735484620673402e-05
29.74166666666667,0.0516328815519673,0.012180177257537275,0.001647497202564823,0.00021604122072164445,5.725108384721093e-05
29.745833333333337,0.05153888212461002,0.012157997790342179,0.00164449617945432,0.0002156468978852324,5.714750705620848e-05
29.75,0.05144505373018304,0.0121358587307525,0.0016415006272552809,0.00021525329042158584,5.704411549500951e-05
29.754166666666666,0.051351396055258146,0.012113760004599575,0.0016385105366506106,0.0002148603971636123,5.694090882539637e-05
29.758333333333336,0.05125790878692337,0.0120917015378334,0.0016355258983453526,0.00021446821694805603,5.683788670964921e-05
29.762500000000003,0.051164591612781,0.012069683256522155,0.0016325467030666745,0.00021407674861549598,5.673504881054323e-05
29.76666666666667,0.05107144422094626,0.012047705086851842,0.0016295729415638702,0.00021368599101034654,5.663239479134663e-05
29.770833333333332,0.050978466300045794,0.012025766955125918,0.0016266046046083647,0.00021329594298085763,5.652992431581827e-05
29.775000000000002,0.05088565753921583,0.012003868787764816,0.001623641682993699,0.00021290660337911334,5.6427637048205054e-05
29.77916666666667,0.050793017628101296,0.011982010511305707,0.0016206841675355517,0.00021251797106103436,5.6325532653240234e-05
29.783333333333335,0.050700546256853864,0.011960192052402023,0.0016177320490717247,0.00021213004488637605,5.622361079614076e-05
29.787500000000005,0.05060824311613052,0.011938413337823082,0.0016147853184621452,0.00021174282371872938,5.612187114260495e-05
29.791666666666668,0.05051610789709223,0.011916674294453738,0.0016118439665888705,0.00021135630642552075,5.602031335881052e-05
29.795833333333334,0.05042414029140198,0.011894974849293891,0.0016089079843560736,0.0002109704918780107,5.5918937111411665e-05
29.8,0.05033233999122389,0.011873314929458265,0.0016059773520195938,0.00021058537895129632,5.58177420675375e-05
29.80416666666667,0.05024070668922131,0.011851694462175903,0.0016030520029970251,0.0002102009665243096,5.57167278947894e-05
29.808333333333337,0.05014924007855536,0.01183011337478982,0.0016001319856406115,0.00020981725347981776,5.5615894261238684e-05
29.8125,0.05005793985288365,0.011808571594756642,0.001597217290287868,0.0002094342387044239,5.551524083542454e-05
29.816666666666666,0.04996680570635818,0.011787069049646109,0.0015943079072824572,0.00020905192108856488,5.541476728635126e-05
29.820833333333336,0.049875837333624634,0.011765605667140865,0.0015914038269742125,0.00020867029952651437,5.5314473283486586e-05
29.825000000000003,0.049785034429820324,0.011744181375035941,0.0015885050397191223,0.00020828937291638073,5.521435849675904e-05
29.82916666666667,0.049694396690572865,0.011722796101238424,0.0015856115358793357,0.0002079091401601078,5.511442259655566e-05
29.833333333333332,0.04960392381199873,0.011701449773767074,0.001582723305823166,0.00020752960016347493,5.501466525371993e-05
29.837500000000002,0.04951361549070137,0.011680142320751857,0.0015798403399250747,0.0002071507518360957,5.491508613954892e-05
29.84166666666667,0.04942347142377025,0.011658873670433698,0.0015769626285656966,0.00020677259409142008,5.481568492579178e-05
29.845833333333335,0.04933349130877904,0.011637643751163997,0.0015740901621318227,0.00020639512584673305,5.47164612846469e-05
29.850000000000005,0.049243674843784106,0.011616452491404278,0.0015712229310164058,0.00020601834602315474,5.461741488875984e-05
29.854166666666668,0.04915402172732316,0.01159529981972582,0.0015683609256185631,0.00020564225354564115,5.4518545411221065e-05
29.858333333333334,0.04906453165841335,0.011574185664809172,0.001565504136343563,0.0002052668473429822,5.4419852525563214e-05
29.8625,0.048975204336550324,0.011553109955443926,0.0015626525536028475,0.00020489212634780443,5.432133590575955e-05
29.86666666666667,0.048886039461706346,0.011532072620528218,0.0015598061678140157,0.0002045180894965692,5.4222995226221154e-05
29.870833333333337,0.04879703673432891,0.011511073589068386,0.00155696496940083,0.0002041447357295732,5.412483016179477e-05
29.875,0.04870819585533926,0.011490112790178593,0.0015541289487932194,0.00020377206399094884,5.4026840387760616e-05
29.879166666666666,0.04861951652613057,0.011469190153080351,0.0015512980964272642,0.00020340007322866254,5.3929025579829675e-05
29.883333333333336,0.04853099844856696,0.011448305607102284,0.0015484724027452195,0.00020302876239451734,5.383138541414207e-05
29.887500000000003,0.048442641324981654,0.011427459081679648,0.0015456518581955002,0.00020265813044415107,5.373391956726428e-05
29.89166666666667,0.04835444485817554,0.011406650506353954,0.0015428364532326835,0.00020228817633703684,5.3636627716187005e-05
29.895833333333332,0.04826640875141575,0.011385879810772631,0.0015400261783175156,0.00020191889903648354,5.353950953832301e-05
29.900000000000002,0.048178532708433766,0.011365146924688528,0.001537221023916896,0.00020155029750963414,5.344256471150432e-05
29.90416666666667,0.04809081643342455,0.011344451777959674,0.0015344209805038984,0.000201182370727468,5.334579291398063e-05
29.908333333333335,0.04800325963104457,0.011323794300548804,0.0015316260385577585,0.00020081511766479958,5.324919382441662e-05
29.912500000000005,0.04791586200641042,0.011303174422522995,0.0015288361982504026,0.0002004485373002784,5.3152767121889715e-05
29.916666666666668,0.047828623265097445,0.011282592074053301,0.0015260514428125785,0.00020008262861638982,5.3056512485887896e-05
29.920833333333334,0.04774154311313779,0.01126204718541428,0.0015232717618912119,0.0001997173905994533,5.296042959630703e-05
29.925,0.047654621257019504,0.011241539686983743,0.001520497146083081,0.0001993528222396247,5.2864518133449185e-05
29.92916666666667,0.047567857403684646,0.01122106950924228,0.0015177275859933506,0.00019898892253089482,5.2768777778019893e-05
29.933333333333337,0.047481251260527886,0.011200636582772903,0.0015149630722355726,0.00019862569047108972,5.267320821112607e-05
29.9375,0.047394802535395054,0.011180240838260667,0.0015122035954316924,0.00019826312506187135,5.2577809114273704e-05
29.941666666666666,0.047308510936581276,0.011159882206492208,0.001509449146212034,0.00019790122530873548,5.248258016936522e-05
29.945833333333336,0.047222376172830025,0.011139560618355493,0.0015066997152153197,0.00019753999022101455,5.238752105869777e-05
29.950000000000003,0.047136397953331285,0.011119276004839347,0.0015039552930886586,0.0001971794188118758,5.2292631464960596e-05
29.95416666666667,0.047050575987720056,0.011099028297033072,0.0015012158704875496,0.0001968195100983218,5.2197911071232754e-05
29.958333333333332,0.046964909986075005,0.011078817426126113,0.0014984814380758834,0.00019646026310119082,5.210335956098101e-05
29.962500000000002,0.046879399658916576,0.01105864332340755,0.0014957519865259317,0.00019610167684515527,5.2008976618057116e-05
29.96666666666667,0.04679404923220106,0.011038505920265885,0.0014930275065183664,0.0001957437503587239,5.1914761926696064e-05
29.970833333333335,0.04670885569686082,0.011018405148188535,0.0014903079887422452,0.00019538648267424059,5.1820715171513504e-05
29.975000000000005,0.04662381722407869,0.010998340938761486,0.0014875934238950165,0.00019502987282788423,5.172683603750344e-05
29.979166666666668,0.046538933531296886,0.010978313223668927,0.0014848838026825227,0.00019467391985966974,5.163312421003616e-05
29.983333333333334,0.04645420433644903,0.010958321934692773,0.0014821791158189876,0.00019431862281344588,5.153957937485542e-05
29.9875,0.04636962935795953,0.010938367003712418,0.0014794793540270348,0.00019396398073689787,5.144620121807684e-05
29.99166666666667,0.046285208314741956,0.010918448362704255,0.0014767845080376762,0.0001936099926815461,5.135298942618525e-05
29.995833333333337,0.04620094092619788,0.01089856594374132,0.0014740945685903153,0.00019325665770274597,5.1259943686032304e-05
